cell_id,centro_x_m,centro_y_m,anio,mes,anio_mes,alos_elevacion_m_mean,alos_pendiente_grados_mean,alos_northness_mean,alos_eastness_mean,ghsl_distancia_asentamiento_m_mean,osm_distancia_vias_m_mean,alos_elevacion_m_coverage,ghsl_distancia_asentamiento_m_coverage,osm_distancia_vias_m_coverage
LJ500_R108_C065,693750,9555250,2019,1,2019-01,2608.83,32.12,-0.4848,-0.8746,,,0.5391,0,0
LJ500_R109_C088,705250,9555750,2019,1,2019-01,2662.52,32.8,0.2588,-0.3936,2263.4,2341.75,0.98,1,1
LJ500_R119_C079,700750,9560750,2019,1,2019-01,2115.91,17.82,0.7681,-0.3348,89.91,123.83,1,1,1
LJ500_R122_C070,696250,9562250,2019,1,2019-01,2147.39,5.9213,0.1833,0.5344,8,77.66,1,1,1
LJ500_R125_C065,693750,9563750,2019,1,2019-01,2306.59,16.23,-0.3146,0.9013,519.8,140,0.98,1,1
LJ500_R131_C053,687750,9566750,2019,1,2019-01,1857.8,21.06,0.1985,-0.6097,1253.97,718.41,0.98,1,1
LJ500_R132_C080,701250,9567250,2019,1,2019-01,2633.64,23.79,0.5886,0.4698,1349.1,267.51,0.98,1,1
LJ500_R138_C087,704750,9570250,2019,1,2019-01,2135.26,33.65,0.3321,-0.708,520.85,1649.83,1,1,1
LJ500_R142_C071,696750,9572250,2019,1,2019-01,2116.51,26.49,-0.1667,0.1456,119.12,285.97,0.9604,1,1
LJ500_R145_C054,688250,9573750,2019,1,2019-01,2843.37,16.76,-0.4861,0.103,1841.2,1633.03,0.98,1,1
LJ500_R147_C083,702750,9574750,2019,1,2019-01,2315.88,21.17,-0.5859,0.1455,541.56,1299.06,0.98,1,1
LJ500_R156_C028,675250,9579250,2019,1,2019-01,2312.5,31.55,-0.2856,-0.5531,2283.58,1587.48,1,1,1
LJ500_R156_C067,694750,9579250,2019,1,2019-01,2329.91,32.93,-0.2221,-0.6634,190.49,504.31,1,1,1
LJ500_R156_C079,700750,9579250,2019,1,2019-01,2863.93,23.4,-0.5845,-0.0295,2424.87,4385.2,1,1,1
LJ500_R157_C009,665750,9579750,2019,1,2019-01,1194.66,24.24,0.4562,0.415,272.1,1131.02,0.98,1,1
LJ500_R158_C065,693750,9580250,2019,1,2019-01,2368.29,33.75,-0.3608,0.7344,654.7,265.1,0.98,1,1
LJ500_R160_C074,698250,9581250,2019,1,2019-01,2563.93,21.97,0.0816,-0.5437,1840.78,3751,0.9604,1,1
LJ500_R161_C066,694250,9581750,2019,1,2019-01,2182.48,26.29,-0.0873,-0.1268,123.12,99.83,1,1,1
LJ500_R164_C043,682750,9583250,2019,1,2019-01,3056.29,24.94,0.0987,-0.2925,1203.99,115.31,1,1,1
LJ500_R164_C059,690750,9583250,2019,1,2019-01,3105,18.29,-0.7924,-0.5136,2202.73,1700.59,0.98,1,1
LJ500_R166_C072,697250,9584250,2019,1,2019-01,2703.72,23.69,-0.1855,-0.6705,3258.83,3426.37,0.98,1,1
LJ500_R167_C067,694750,9584750,2019,1,2019-01,2436.62,24.15,0.376,-0.4321,1786.06,1277.5,1,1,1
LJ500_R168_C045,683750,9585250,2019,1,2019-01,3119.59,16.2,0.1488,0.3374,2527.85,1693.09,1,1,1
LJ500_R173_C033,677750,9587750,2019,1,2019-01,3118.72,20.57,0.0846,0.4514,3964.85,4393.18,1,1,1
LJ500_R178_C063,692750,9590250,2019,1,2019-01,2701.84,14.62,-0.4474,-0.7489,2144.76,200,0.98,1,1
LJ500_R179_C046,684250,9590750,2019,1,2019-01,3463.75,23.67,-0.3683,0.7856,5199.04,3309.08,1,1,1
LJ500_R180_C071,696750,9591250,2019,1,2019-01,2990.12,23.96,-0.7064,-0.2605,4703.19,4260.28,0.98,1,1
LJ500_R183_C039,680750,9592750,2019,1,2019-01,3643.62,16.63,-0.2761,-0.6396,2614.73,6072.03,0.9185,0.7282,0.7282
LJ500_R184_C039,680750,9593250,2019,1,2019-01,3647.59,23.61,0.46,-0.4402,2517,6330.27,0.7082,1,1
LJ500_R184_C066,694250,9593250,2019,1,2019-01,3154.7,13.68,0.0763,-0.6214,1745.45,1739.66,0.9716,0.9972,0.9972
LJ500_R108_C065,693750,9555250,2019,2,2019-02,2608.83,32.12,-0.4848,-0.8746,,,0.5391,0,0
LJ500_R109_C088,705250,9555750,2019,2,2019-02,2662.52,32.8,0.2588,-0.3936,2263.4,2341.75,0.98,1,1
LJ500_R119_C079,700750,9560750,2019,2,2019-02,2115.91,17.82,0.7681,-0.3348,89.91,123.83,1,1,1
LJ500_R122_C070,696250,9562250,2019,2,2019-02,2147.39,5.9213,0.1833,0.5344,8,77.66,1,1,1
LJ500_R125_C065,693750,9563750,2019,2,2019-02,2306.59,16.23,-0.3146,0.9013,519.8,140,0.98,1,1
LJ500_R131_C053,687750,9566750,2019,2,2019-02,1857.8,21.06,0.1985,-0.6097,1253.97,718.41,0.98,1,1
LJ500_R132_C080,701250,9567250,2019,2,2019-02,2633.64,23.79,0.5886,0.4698,1349.1,267.51,0.98,1,1
LJ500_R138_C087,704750,9570250,2019,2,2019-02,2135.26,33.65,0.3321,-0.708,520.85,1649.83,1,1,1
LJ500_R142_C071,696750,9572250,2019,2,2019-02,2116.51,26.49,-0.1667,0.1456,119.12,285.97,0.9604,1,1
LJ500_R145_C054,688250,9573750,2019,2,2019-02,2843.37,16.76,-0.4861,0.103,1841.2,1633.03,0.98,1,1
LJ500_R147_C083,702750,9574750,2019,2,2019-02,2315.88,21.17,-0.5859,0.1455,541.56,1299.06,0.98,1,1
LJ500_R156_C028,675250,9579250,2019,2,2019-02,2312.5,31.55,-0.2856,-0.5531,2283.58,1587.48,1,1,1
LJ500_R156_C067,694750,9579250,2019,2,2019-02,2329.91,32.93,-0.2221,-0.6634,190.49,504.31,1,1,1
LJ500_R156_C079,700750,9579250,2019,2,2019-02,2863.93,23.4,-0.5845,-0.0295,2424.87,4385.2,1,1,1
LJ500_R157_C009,665750,9579750,2019,2,2019-02,1194.66,24.24,0.4562,0.415,272.1,1131.02,0.98,1,1
LJ500_R158_C065,693750,9580250,2019,2,2019-02,2368.29,33.75,-0.3608,0.7344,654.7,265.1,0.98,1,1
LJ500_R160_C074,698250,9581250,2019,2,2019-02,2563.93,21.97,0.0816,-0.5437,1840.78,3751,0.9604,1,1
LJ500_R161_C066,694250,9581750,2019,2,2019-02,2182.48,26.29,-0.0873,-0.1268,123.12,99.83,1,1,1
LJ500_R164_C043,682750,9583250,2019,2,2019-02,3056.29,24.94,0.0987,-0.2925,1203.99,115.31,1,1,1
LJ500_R164_C059,690750,9583250,2019,2,2019-02,3105,18.29,-0.7924,-0.5136,2202.73,1700.59,0.98,1,1
LJ500_R166_C072,697250,9584250,2019,2,2019-02,2703.72,23.69,-0.1855,-0.6705,3258.83,3426.37,0.98,1,1
LJ500_R167_C067,694750,9584750,2019,2,2019-02,2436.62,24.15,0.376,-0.4321,1786.06,1277.5,1,1,1
LJ500_R168_C045,683750,9585250,2019,2,2019-02,3119.59,16.2,0.1488,0.3374,2527.85,1693.09,1,1,1
LJ500_R173_C033,677750,9587750,2019,2,2019-02,3118.72,20.57,0.0846,0.4514,3964.85,4393.18,1,1,1
LJ500_R178_C063,692750,9590250,2019,2,2019-02,2701.84,14.62,-0.4474,-0.7489,2144.76,200,0.98,1,1
LJ500_R179_C046,684250,9590750,2019,2,2019-02,3463.75,23.67,-0.3683,0.7856,5199.04,3309.08,1,1,1
LJ500_R180_C071,696750,9591250,2019,2,2019-02,2990.12,23.96,-0.7064,-0.2605,4703.19,4260.28,0.98,1,1
LJ500_R183_C039,680750,9592750,2019,2,2019-02,3643.62,16.63,-0.2761,-0.6396,2614.73,6072.03,0.9185,0.7282,0.7282
LJ500_R184_C039,680750,9593250,2019,2,2019-02,3647.59,23.61,0.46,-0.4402,2517,6330.27,0.7082,1,1
LJ500_R184_C066,694250,9593250,2019,2,2019-02,3154.7,13.68,0.0763,-0.6214,1745.45,1739.66,0.9716,0.9972,0.9972
LJ500_R108_C065,693750,9555250,2019,3,2019-03,2608.83,32.12,-0.4848,-0.8746,,,0.5391,0,0
LJ500_R109_C088,705250,9555750,2019,3,2019-03,2662.52,32.8,0.2588,-0.3936,2263.4,2341.75,0.98,1,1
LJ500_R119_C079,700750,9560750,2019,3,2019-03,2115.91,17.82,0.7681,-0.3348,89.91,123.83,1,1,1
LJ500_R122_C070,696250,9562250,2019,3,2019-03,2147.39,5.9213,0.1833,0.5344,8,77.66,1,1,1
LJ500_R125_C065,693750,9563750,2019,3,2019-03,2306.59,16.23,-0.3146,0.9013,519.8,140,0.98,1,1
LJ500_R131_C053,687750,9566750,2019,3,2019-03,1857.8,21.06,0.1985,-0.6097,1253.97,718.41,0.98,1,1
LJ500_R132_C080,701250,9567250,2019,3,2019-03,2633.64,23.79,0.5886,0.4698,1349.1,267.51,0.98,1,1
LJ500_R138_C087,704750,9570250,2019,3,2019-03,2135.26,33.65,0.3321,-0.708,520.85,1649.83,1,1,1
LJ500_R142_C071,696750,9572250,2019,3,2019-03,2116.51,26.49,-0.1667,0.1456,119.12,285.97,0.9604,1,1
LJ500_R145_C054,688250,9573750,2019,3,2019-03,2843.37,16.76,-0.4861,0.103,1841.2,1633.03,0.98,1,1
LJ500_R147_C083,702750,9574750,2019,3,2019-03,2315.88,21.17,-0.5859,0.1455,541.56,1299.06,0.98,1,1
LJ500_R156_C028,675250,9579250,2019,3,2019-03,2312.5,31.55,-0.2856,-0.5531,2283.58,1587.48,1,1,1
LJ500_R156_C067,694750,9579250,2019,3,2019-03,2329.91,32.93,-0.2221,-0.6634,190.49,504.31,1,1,1
LJ500_R156_C079,700750,9579250,2019,3,2019-03,2863.93,23.4,-0.5845,-0.0295,2424.87,4385.2,1,1,1
LJ500_R157_C009,665750,9579750,2019,3,2019-03,1194.66,24.24,0.4562,0.415,272.1,1131.02,0.98,1,1
LJ500_R158_C065,693750,9580250,2019,3,2019-03,2368.29,33.75,-0.3608,0.7344,654.7,265.1,0.98,1,1
LJ500_R160_C074,698250,9581250,2019,3,2019-03,2563.93,21.97,0.0816,-0.5437,1840.78,3751,0.9604,1,1
LJ500_R161_C066,694250,9581750,2019,3,2019-03,2182.48,26.29,-0.0873,-0.1268,123.12,99.83,1,1,1
LJ500_R164_C043,682750,9583250,2019,3,2019-03,3056.29,24.94,0.0987,-0.2925,1203.99,115.31,1,1,1
LJ500_R164_C059,690750,9583250,2019,3,2019-03,3105,18.29,-0.7924,-0.5136,2202.73,1700.59,0.98,1,1
LJ500_R166_C072,697250,9584250,2019,3,2019-03,2703.72,23.69,-0.1855,-0.6705,3258.83,3426.37,0.98,1,1
LJ500_R167_C067,694750,9584750,2019,3,2019-03,2436.62,24.15,0.376,-0.4321,1786.06,1277.5,1,1,1
LJ500_R168_C045,683750,9585250,2019,3,2019-03,3119.59,16.2,0.1488,0.3374,2527.85,1693.09,1,1,1
LJ500_R173_C033,677750,9587750,2019,3,2019-03,3118.72,20.57,0.0846,0.4514,3964.85,4393.18,1,1,1
LJ500_R178_C063,692750,9590250,2019,3,2019-03,2701.84,14.62,-0.4474,-0.7489,2144.76,200,0.98,1,1
LJ500_R179_C046,684250,9590750,2019,3,2019-03,3463.75,23.67,-0.3683,0.7856,5199.04,3309.08,1,1,1
LJ500_R180_C071,696750,9591250,2019,3,2019-03,2990.12,23.96,-0.7064,-0.2605,4703.19,4260.28,0.98,1,1
LJ500_R183_C039,680750,9592750,2019,3,2019-03,3643.62,16.63,-0.2761,-0.6396,2614.73,6072.03,0.9185,0.7282,0.7282
LJ500_R184_C039,680750,9593250,2019,3,2019-03,3647.59,23.61,0.46,-0.4402,2517,6330.27,0.7082,1,1
LJ500_R184_C066,694250,9593250,2019,3,2019-03,3154.7,13.68,0.0763,-0.6214,1745.45,1739.66,0.9716,0.9972,0.9972
LJ500_R108_C065,693750,9555250,2019,4,2019-04,2608.83,32.12,-0.4848,-0.8746,,,0.5391,0,0
LJ500_R109_C088,705250,9555750,2019,4,2019-04,2662.52,32.8,0.2588,-0.3936,2263.4,2341.75,0.98,1,1
LJ500_R119_C079,700750,9560750,2019,4,2019-04,2115.91,17.82,0.7681,-0.3348,89.91,123.83,1,1,1
LJ500_R122_C070,696250,9562250,2019,4,2019-04,2147.39,5.9213,0.1833,0.5344,8,77.66,1,1,1
LJ500_R125_C065,693750,9563750,2019,4,2019-04,2306.59,16.23,-0.3146,0.9013,519.8,140,0.98,1,1
LJ500_R131_C053,687750,9566750,2019,4,2019-04,1857.8,21.06,0.1985,-0.6097,1253.97,718.41,0.98,1,1
LJ500_R132_C080,701250,9567250,2019,4,2019-04,2633.64,23.79,0.5886,0.4698,1349.1,267.51,0.98,1,1
LJ500_R138_C087,704750,9570250,2019,4,2019-04,2135.26,33.65,0.3321,-0.708,520.85,1649.83,1,1,1
LJ500_R142_C071,696750,9572250,2019,4,2019-04,2116.51,26.49,-0.1667,0.1456,119.12,285.97,0.9604,1,1
LJ500_R145_C054,688250,9573750,2019,4,2019-04,2843.37,16.76,-0.4861,0.103,1841.2,1633.03,0.98,1,1
LJ500_R147_C083,702750,9574750,2019,4,2019-04,2315.88,21.17,-0.5859,0.1455,541.56,1299.06,0.98,1,1
LJ500_R156_C028,675250,9579250,2019,4,2019-04,2312.5,31.55,-0.2856,-0.5531,2283.58,1587.48,1,1,1
LJ500_R156_C067,694750,9579250,2019,4,2019-04,2329.91,32.93,-0.2221,-0.6634,190.49,504.31,1,1,1
LJ500_R156_C079,700750,9579250,2019,4,2019-04,2863.93,23.4,-0.5845,-0.0295,2424.87,4385.2,1,1,1
LJ500_R157_C009,665750,9579750,2019,4,2019-04,1194.66,24.24,0.4562,0.415,272.1,1131.02,0.98,1,1
LJ500_R158_C065,693750,9580250,2019,4,2019-04,2368.29,33.75,-0.3608,0.7344,654.7,265.1,0.98,1,1
LJ500_R160_C074,698250,9581250,2019,4,2019-04,2563.93,21.97,0.0816,-0.5437,1840.78,3751,0.9604,1,1
LJ500_R161_C066,694250,9581750,2019,4,2019-04,2182.48,26.29,-0.0873,-0.1268,123.12,99.83,1,1,1
LJ500_R164_C043,682750,9583250,2019,4,2019-04,3056.29,24.94,0.0987,-0.2925,1203.99,115.31,1,1,1
LJ500_R164_C059,690750,9583250,2019,4,2019-04,3105,18.29,-0.7924,-0.5136,2202.73,1700.59,0.98,1,1
LJ500_R166_C072,697250,9584250,2019,4,2019-04,2703.72,23.69,-0.1855,-0.6705,3258.83,3426.37,0.98,1,1
LJ500_R167_C067,694750,9584750,2019,4,2019-04,2436.62,24.15,0.376,-0.4321,1786.06,1277.5,1,1,1
LJ500_R168_C045,683750,9585250,2019,4,2019-04,3119.59,16.2,0.1488,0.3374,2527.85,1693.09,1,1,1
LJ500_R173_C033,677750,9587750,2019,4,2019-04,3118.72,20.57,0.0846,0.4514,3964.85,4393.18,1,1,1
LJ500_R178_C063,692750,9590250,2019,4,2019-04,2701.84,14.62,-0.4474,-0.7489,2144.76,200,0.98,1,1
LJ500_R179_C046,684250,9590750,2019,4,2019-04,3463.75,23.67,-0.3683,0.7856,5199.04,3309.08,1,1,1
LJ500_R180_C071,696750,9591250,2019,4,2019-04,2990.12,23.96,-0.7064,-0.2605,4703.19,4260.28,0.98,1,1
LJ500_R183_C039,680750,9592750,2019,4,2019-04,3643.62,16.63,-0.2761,-0.6396,2614.73,6072.03,0.9185,0.7282,0.7282
LJ500_R184_C039,680750,9593250,2019,4,2019-04,3647.59,23.61,0.46,-0.4402,2517,6330.27,0.7082,1,1
LJ500_R184_C066,694250,9593250,2019,4,2019-04,3154.7,13.68,0.0763,-0.6214,1745.45,1739.66,0.9716,0.9972,0.9972
LJ500_R108_C065,693750,9555250,2019,5,2019-05,2608.83,32.12,-0.4848,-0.8746,,,0.5391,0,0
LJ500_R109_C088,705250,9555750,2019,5,2019-05,2662.52,32.8,0.2588,-0.3936,2263.4,2341.75,0.98,1,1
LJ500_R119_C079,700750,9560750,2019,5,2019-05,2115.91,17.82,0.7681,-0.3348,89.91,123.83,1,1,1
LJ500_R122_C070,696250,9562250,2019,5,2019-05,2147.39,5.9213,0.1833,0.5344,8,77.66,1,1,1
LJ500_R125_C065,693750,9563750,2019,5,2019-05,2306.59,16.23,-0.3146,0.9013,519.8,140,0.98,1,1
LJ500_R131_C053,687750,9566750,2019,5,2019-05,1857.8,21.06,0.1985,-0.6097,1253.97,718.41,0.98,1,1
LJ500_R132_C080,701250,9567250,2019,5,2019-05,2633.64,23.79,0.5886,0.4698,1349.1,267.51,0.98,1,1
LJ500_R138_C087,704750,9570250,2019,5,2019-05,2135.26,33.65,0.3321,-0.708,520.85,1649.83,1,1,1
LJ500_R142_C071,696750,9572250,2019,5,2019-05,2116.51,26.49,-0.1667,0.1456,119.12,285.97,0.9604,1,1
LJ500_R145_C054,688250,9573750,2019,5,2019-05,2843.37,16.76,-0.4861,0.103,1841.2,1633.03,0.98,1,1
LJ500_R147_C083,702750,9574750,2019,5,2019-05,2315.88,21.17,-0.5859,0.1455,541.56,1299.06,0.98,1,1
LJ500_R156_C028,675250,9579250,2019,5,2019-05,2312.5,31.55,-0.2856,-0.5531,2283.58,1587.48,1,1,1
LJ500_R156_C067,694750,9579250,2019,5,2019-05,2329.91,32.93,-0.2221,-0.6634,190.49,504.31,1,1,1
LJ500_R156_C079,700750,9579250,2019,5,2019-05,2863.93,23.4,-0.5845,-0.0295,2424.87,4385.2,1,1,1
LJ500_R157_C009,665750,9579750,2019,5,2019-05,1194.66,24.24,0.4562,0.415,272.1,1131.02,0.98,1,1
LJ500_R158_C065,693750,9580250,2019,5,2019-05,2368.29,33.75,-0.3608,0.7344,654.7,265.1,0.98,1,1
LJ500_R160_C074,698250,9581250,2019,5,2019-05,2563.93,21.97,0.0816,-0.5437,1840.78,3751,0.9604,1,1
LJ500_R161_C066,694250,9581750,2019,5,2019-05,2182.48,26.29,-0.0873,-0.1268,123.12,99.83,1,1,1
LJ500_R164_C043,682750,9583250,2019,5,2019-05,3056.29,24.94,0.0987,-0.2925,1203.99,115.31,1,1,1
LJ500_R164_C059,690750,9583250,2019,5,2019-05,3105,18.29,-0.7924,-0.5136,2202.73,1700.59,0.98,1,1
LJ500_R166_C072,697250,9584250,2019,5,2019-05,2703.72,23.69,-0.1855,-0.6705,3258.83,3426.37,0.98,1,1
LJ500_R167_C067,694750,9584750,2019,5,2019-05,2436.62,24.15,0.376,-0.4321,1786.06,1277.5,1,1,1
LJ500_R168_C045,683750,9585250,2019,5,2019-05,3119.59,16.2,0.1488,0.3374,2527.85,1693.09,1,1,1
LJ500_R173_C033,677750,9587750,2019,5,2019-05,3118.72,20.57,0.0846,0.4514,3964.85,4393.18,1,1,1
LJ500_R178_C063,692750,9590250,2019,5,2019-05,2701.84,14.62,-0.4474,-0.7489,2144.76,200,0.98,1,1
LJ500_R179_C046,684250,9590750,2019,5,2019-05,3463.75,23.67,-0.3683,0.7856,5199.04,3309.08,1,1,1
LJ500_R180_C071,696750,9591250,2019,5,2019-05,2990.12,23.96,-0.7064,-0.2605,4703.19,4260.28,0.98,1,1
LJ500_R183_C039,680750,9592750,2019,5,2019-05,3643.62,16.63,-0.2761,-0.6396,2614.73,6072.03,0.9185,0.7282,0.7282
LJ500_R184_C039,680750,9593250,2019,5,2019-05,3647.59,23.61,0.46,-0.4402,2517,6330.27,0.7082,1,1
LJ500_R184_C066,694250,9593250,2019,5,2019-05,3154.7,13.68,0.0763,-0.6214,1745.45,1739.66,0.9716,0.9972,0.9972
LJ500_R108_C065,693750,9555250,2019,6,2019-06,2608.83,32.12,-0.4848,-0.8746,,,0.5391,0,0
LJ500_R109_C088,705250,9555750,2019,6,2019-06,2662.52,32.8,0.2588,-0.3936,2263.4,2341.75,0.98,1,1
LJ500_R119_C079,700750,9560750,2019,6,2019-06,2115.91,17.82,0.7681,-0.3348,89.91,123.83,1,1,1
LJ500_R122_C070,696250,9562250,2019,6,2019-06,2147.39,5.9213,0.1833,0.5344,8,77.66,1,1,1
LJ500_R125_C065,693750,9563750,2019,6,2019-06,2306.59,16.23,-0.3146,0.9013,519.8,140,0.98,1,1
LJ500_R131_C053,687750,9566750,2019,6,2019-06,1857.8,21.06,0.1985,-0.6097,1253.97,718.41,0.98,1,1
LJ500_R132_C080,701250,9567250,2019,6,2019-06,2633.64,23.79,0.5886,0.4698,1349.1,267.51,0.98,1,1
LJ500_R138_C087,704750,9570250,2019,6,2019-06,2135.26,33.65,0.3321,-0.708,520.85,1649.83,1,1,1
LJ500_R142_C071,696750,9572250,2019,6,2019-06,2116.51,26.49,-0.1667,0.1456,119.12,285.97,0.9604,1,1
LJ500_R145_C054,688250,9573750,2019,6,2019-06,2843.37,16.76,-0.4861,0.103,1841.2,1633.03,0.98,1,1
LJ500_R147_C083,702750,9574750,2019,6,2019-06,2315.88,21.17,-0.5859,0.1455,541.56,1299.06,0.98,1,1
LJ500_R156_C028,675250,9579250,2019,6,2019-06,2312.5,31.55,-0.2856,-0.5531,2283.58,1587.48,1,1,1
LJ500_R156_C067,694750,9579250,2019,6,2019-06,2329.91,32.93,-0.2221,-0.6634,190.49,504.31,1,1,1
LJ500_R156_C079,700750,9579250,2019,6,2019-06,2863.93,23.4,-0.5845,-0.0295,2424.87,4385.2,1,1,1
LJ500_R157_C009,665750,9579750,2019,6,2019-06,1194.66,24.24,0.4562,0.415,272.1,1131.02,0.98,1,1
LJ500_R158_C065,693750,9580250,2019,6,2019-06,2368.29,33.75,-0.3608,0.7344,654.7,265.1,0.98,1,1
LJ500_R160_C074,698250,9581250,2019,6,2019-06,2563.93,21.97,0.0816,-0.5437,1840.78,3751,0.9604,1,1
LJ500_R161_C066,694250,9581750,2019,6,2019-06,2182.48,26.29,-0.0873,-0.1268,123.12,99.83,1,1,1
LJ500_R164_C043,682750,9583250,2019,6,2019-06,3056.29,24.94,0.0987,-0.2925,1203.99,115.31,1,1,1
LJ500_R164_C059,690750,9583250,2019,6,2019-06,3105,18.29,-0.7924,-0.5136,2202.73,1700.59,0.98,1,1
LJ500_R166_C072,697250,9584250,2019,6,2019-06,2703.72,23.69,-0.1855,-0.6705,3258.83,3426.37,0.98,1,1
LJ500_R167_C067,694750,9584750,2019,6,2019-06,2436.62,24.15,0.376,-0.4321,1786.06,1277.5,1,1,1
LJ500_R168_C045,683750,9585250,2019,6,2019-06,3119.59,16.2,0.1488,0.3374,2527.85,1693.09,1,1,1
LJ500_R173_C033,677750,9587750,2019,6,2019-06,3118.72,20.57,0.0846,0.4514,3964.85,4393.18,1,1,1
LJ500_R178_C063,692750,9590250,2019,6,2019-06,2701.84,14.62,-0.4474,-0.7489,2144.76,200,0.98,1,1
LJ500_R179_C046,684250,9590750,2019,6,2019-06,3463.75,23.67,-0.3683,0.7856,5199.04,3309.08,1,1,1
LJ500_R180_C071,696750,9591250,2019,6,2019-06,2990.12,23.96,-0.7064,-0.2605,4703.19,4260.28,0.98,1,1
LJ500_R183_C039,680750,9592750,2019,6,2019-06,3643.62,16.63,-0.2761,-0.6396,2614.73,6072.03,0.9185,0.7282,0.7282
LJ500_R184_C039,680750,9593250,2019,6,2019-06,3647.59,23.61,0.46,-0.4402,2517,6330.27,0.7082,1,1
LJ500_R184_C066,694250,9593250,2019,6,2019-06,3154.7,13.68,0.0763,-0.6214,1745.45,1739.66,0.9716,0.9972,0.9972
LJ500_R108_C065,693750,9555250,2019,7,2019-07,2608.83,32.12,-0.4848,-0.8746,,,0.5391,0,0
LJ500_R109_C088,705250,9555750,2019,7,2019-07,2662.52,32.8,0.2588,-0.3936,2263.4,2341.75,0.98,1,1
LJ500_R119_C079,700750,9560750,2019,7,2019-07,2115.91,17.82,0.7681,-0.3348,89.91,123.83,1,1,1
LJ500_R122_C070,696250,9562250,2019,7,2019-07,2147.39,5.9213,0.1833,0.5344,8,77.66,1,1,1
LJ500_R125_C065,693750,9563750,2019,7,2019-07,2306.59,16.23,-0.3146,0.9013,519.8,140,0.98,1,1
LJ500_R131_C053,687750,9566750,2019,7,2019-07,1857.8,21.06,0.1985,-0.6097,1253.97,718.41,0.98,1,1
LJ500_R132_C080,701250,9567250,2019,7,2019-07,2633.64,23.79,0.5886,0.4698,1349.1,267.51,0.98,1,1
LJ500_R138_C087,704750,9570250,2019,7,2019-07,2135.26,33.65,0.3321,-0.708,520.85,1649.83,1,1,1
LJ500_R142_C071,696750,9572250,2019,7,2019-07,2116.51,26.49,-0.1667,0.1456,119.12,285.97,0.9604,1,1
LJ500_R145_C054,688250,9573750,2019,7,2019-07,2843.37,16.76,-0.4861,0.103,1841.2,1633.03,0.98,1,1
LJ500_R147_C083,702750,9574750,2019,7,2019-07,2315.88,21.17,-0.5859,0.1455,541.56,1299.06,0.98,1,1
LJ500_R156_C028,675250,9579250,2019,7,2019-07,2312.5,31.55,-0.2856,-0.5531,2283.58,1587.48,1,1,1
LJ500_R156_C067,694750,9579250,2019,7,2019-07,2329.91,32.93,-0.2221,-0.6634,190.49,504.31,1,1,1
LJ500_R156_C079,700750,9579250,2019,7,2019-07,2863.93,23.4,-0.5845,-0.0295,2424.87,4385.2,1,1,1
LJ500_R157_C009,665750,9579750,2019,7,2019-07,1194.66,24.24,0.4562,0.415,272.1,1131.02,0.98,1,1
LJ500_R158_C065,693750,9580250,2019,7,2019-07,2368.29,33.75,-0.3608,0.7344,654.7,265.1,0.98,1,1
LJ500_R160_C074,698250,9581250,2019,7,2019-07,2563.93,21.97,0.0816,-0.5437,1840.78,3751,0.9604,1,1
LJ500_R161_C066,694250,9581750,2019,7,2019-07,2182.48,26.29,-0.0873,-0.1268,123.12,99.83,1,1,1
LJ500_R164_C043,682750,9583250,2019,7,2019-07,3056.29,24.94,0.0987,-0.2925,1203.99,115.31,1,1,1
LJ500_R164_C059,690750,9583250,2019,7,2019-07,3105,18.29,-0.7924,-0.5136,2202.73,1700.59,0.98,1,1
LJ500_R166_C072,697250,9584250,2019,7,2019-07,2703.72,23.69,-0.1855,-0.6705,3258.83,3426.37,0.98,1,1
LJ500_R167_C067,694750,9584750,2019,7,2019-07,2436.62,24.15,0.376,-0.4321,1786.06,1277.5,1,1,1
LJ500_R168_C045,683750,9585250,2019,7,2019-07,3119.59,16.2,0.1488,0.3374,2527.85,1693.09,1,1,1
LJ500_R173_C033,677750,9587750,2019,7,2019-07,3118.72,20.57,0.0846,0.4514,3964.85,4393.18,1,1,1
LJ500_R178_C063,692750,9590250,2019,7,2019-07,2701.84,14.62,-0.4474,-0.7489,2144.76,200,0.98,1,1
LJ500_R179_C046,684250,9590750,2019,7,2019-07,3463.75,23.67,-0.3683,0.7856,5199.04,3309.08,1,1,1
LJ500_R180_C071,696750,9591250,2019,7,2019-07,2990.12,23.96,-0.7064,-0.2605,4703.19,4260.28,0.98,1,1
LJ500_R183_C039,680750,9592750,2019,7,2019-07,3643.62,16.63,-0.2761,-0.6396,2614.73,6072.03,0.9185,0.7282,0.7282
LJ500_R184_C039,680750,9593250,2019,7,2019-07,3647.59,23.61,0.46,-0.4402,2517,6330.27,0.7082,1,1
LJ500_R184_C066,694250,9593250,2019,7,2019-07,3154.7,13.68,0.0763,-0.6214,1745.45,1739.66,0.9716,0.9972,0.9972
LJ500_R108_C065,693750,9555250,2019,8,2019-08,2608.83,32.12,-0.4848,-0.8746,,,0.5391,0,0
LJ500_R109_C088,705250,9555750,2019,8,2019-08,2662.52,32.8,0.2588,-0.3936,2263.4,2341.75,0.98,1,1
LJ500_R119_C079,700750,9560750,2019,8,2019-08,2115.91,17.82,0.7681,-0.3348,89.91,123.83,1,1,1
LJ500_R122_C070,696250,9562250,2019,8,2019-08,2147.39,5.9213,0.1833,0.5344,8,77.66,1,1,1
LJ500_R125_C065,693750,9563750,2019,8,2019-08,2306.59,16.23,-0.3146,0.9013,519.8,140,0.98,1,1
LJ500_R131_C053,687750,9566750,2019,8,2019-08,1857.8,21.06,0.1985,-0.6097,1253.97,718.41,0.98,1,1
LJ500_R132_C080,701250,9567250,2019,8,2019-08,2633.64,23.79,0.5886,0.4698,1349.1,267.51,0.98,1,1
LJ500_R138_C087,704750,9570250,2019,8,2019-08,2135.26,33.65,0.3321,-0.708,520.85,1649.83,1,1,1
LJ500_R142_C071,696750,9572250,2019,8,2019-08,2116.51,26.49,-0.1667,0.1456,119.12,285.97,0.9604,1,1
LJ500_R145_C054,688250,9573750,2019,8,2019-08,2843.37,16.76,-0.4861,0.103,1841.2,1633.03,0.98,1,1
LJ500_R147_C083,702750,9574750,2019,8,2019-08,2315.88,21.17,-0.5859,0.1455,541.56,1299.06,0.98,1,1
LJ500_R156_C028,675250,9579250,2019,8,2019-08,2312.5,31.55,-0.2856,-0.5531,2283.58,1587.48,1,1,1
LJ500_R156_C067,694750,9579250,2019,8,2019-08,2329.91,32.93,-0.2221,-0.6634,190.49,504.31,1,1,1
LJ500_R156_C079,700750,9579250,2019,8,2019-08,2863.93,23.4,-0.5845,-0.0295,2424.87,4385.2,1,1,1
LJ500_R157_C009,665750,9579750,2019,8,2019-08,1194.66,24.24,0.4562,0.415,272.1,1131.02,0.98,1,1
LJ500_R158_C065,693750,9580250,2019,8,2019-08,2368.29,33.75,-0.3608,0.7344,654.7,265.1,0.98,1,1
LJ500_R160_C074,698250,9581250,2019,8,2019-08,2563.93,21.97,0.0816,-0.5437,1840.78,3751,0.9604,1,1
LJ500_R161_C066,694250,9581750,2019,8,2019-08,2182.48,26.29,-0.0873,-0.1268,123.12,99.83,1,1,1
LJ500_R164_C043,682750,9583250,2019,8,2019-08,3056.29,24.94,0.0987,-0.2925,1203.99,115.31,1,1,1
LJ500_R164_C059,690750,9583250,2019,8,2019-08,3105,18.29,-0.7924,-0.5136,2202.73,1700.59,0.98,1,1
LJ500_R166_C072,697250,9584250,2019,8,2019-08,2703.72,23.69,-0.1855,-0.6705,3258.83,3426.37,0.98,1,1
LJ500_R167_C067,694750,9584750,2019,8,2019-08,2436.62,24.15,0.376,-0.4321,1786.06,1277.5,1,1,1
LJ500_R168_C045,683750,9585250,2019,8,2019-08,3119.59,16.2,0.1488,0.3374,2527.85,1693.09,1,1,1
LJ500_R173_C033,677750,9587750,2019,8,2019-08,3118.72,20.57,0.0846,0.4514,3964.85,4393.18,1,1,1
LJ500_R178_C063,692750,9590250,2019,8,2019-08,2701.84,14.62,-0.4474,-0.7489,2144.76,200,0.98,1,1
LJ500_R179_C046,684250,9590750,2019,8,2019-08,3463.75,23.67,-0.3683,0.7856,5199.04,3309.08,1,1,1
LJ500_R180_C071,696750,9591250,2019,8,2019-08,2990.12,23.96,-0.7064,-0.2605,4703.19,4260.28,0.98,1,1
LJ500_R183_C039,680750,9592750,2019,8,2019-08,3643.62,16.63,-0.2761,-0.6396,2614.73,6072.03,0.9185,0.7282,0.7282
LJ500_R184_C039,680750,9593250,2019,8,2019-08,3647.59,23.61,0.46,-0.4402,2517,6330.27,0.7082,1,1
LJ500_R184_C066,694250,9593250,2019,8,2019-08,3154.7,13.68,0.0763,-0.6214,1745.45,1739.66,0.9716,0.9972,0.9972
LJ500_R108_C065,693750,9555250,2019,9,2019-09,2608.83,32.12,-0.4848,-0.8746,,,0.5391,0,0
LJ500_R109_C088,705250,9555750,2019,9,2019-09,2662.52,32.8,0.2588,-0.3936,2263.4,2341.75,0.98,1,1
LJ500_R119_C079,700750,9560750,2019,9,2019-09,2115.91,17.82,0.7681,-0.3348,89.91,123.83,1,1,1
LJ500_R122_C070,696250,9562250,2019,9,2019-09,2147.39,5.9213,0.1833,0.5344,8,77.66,1,1,1
LJ500_R125_C065,693750,9563750,2019,9,2019-09,2306.59,16.23,-0.3146,0.9013,519.8,140,0.98,1,1
LJ500_R131_C053,687750,9566750,2019,9,2019-09,1857.8,21.06,0.1985,-0.6097,1253.97,718.41,0.98,1,1
LJ500_R132_C080,701250,9567250,2019,9,2019-09,2633.64,23.79,0.5886,0.4698,1349.1,267.51,0.98,1,1
LJ500_R138_C087,704750,9570250,2019,9,2019-09,2135.26,33.65,0.3321,-0.708,520.85,1649.83,1,1,1
LJ500_R142_C071,696750,9572250,2019,9,2019-09,2116.51,26.49,-0.1667,0.1456,119.12,285.97,0.9604,1,1
LJ500_R145_C054,688250,9573750,2019,9,2019-09,2843.37,16.76,-0.4861,0.103,1841.2,1633.03,0.98,1,1
LJ500_R147_C083,702750,9574750,2019,9,2019-09,2315.88,21.17,-0.5859,0.1455,541.56,1299.06,0.98,1,1
LJ500_R156_C028,675250,9579250,2019,9,2019-09,2312.5,31.55,-0.2856,-0.5531,2283.58,1587.48,1,1,1
LJ500_R156_C067,694750,9579250,2019,9,2019-09,2329.91,32.93,-0.2221,-0.6634,190.49,504.31,1,1,1
LJ500_R156_C079,700750,9579250,2019,9,2019-09,2863.93,23.4,-0.5845,-0.0295,2424.87,4385.2,1,1,1
LJ500_R157_C009,665750,9579750,2019,9,2019-09,1194.66,24.24,0.4562,0.415,272.1,1131.02,0.98,1,1
LJ500_R158_C065,693750,9580250,2019,9,2019-09,2368.29,33.75,-0.3608,0.7344,654.7,265.1,0.98,1,1
LJ500_R160_C074,698250,9581250,2019,9,2019-09,2563.93,21.97,0.0816,-0.5437,1840.78,3751,0.9604,1,1
LJ500_R161_C066,694250,9581750,2019,9,2019-09,2182.48,26.29,-0.0873,-0.1268,123.12,99.83,1,1,1
LJ500_R164_C043,682750,9583250,2019,9,2019-09,3056.29,24.94,0.0987,-0.2925,1203.99,115.31,1,1,1
LJ500_R164_C059,690750,9583250,2019,9,2019-09,3105,18.29,-0.7924,-0.5136,2202.73,1700.59,0.98,1,1
LJ500_R166_C072,697250,9584250,2019,9,2019-09,2703.72,23.69,-0.1855,-0.6705,3258.83,3426.37,0.98,1,1
LJ500_R167_C067,694750,9584750,2019,9,2019-09,2436.62,24.15,0.376,-0.4321,1786.06,1277.5,1,1,1
LJ500_R168_C045,683750,9585250,2019,9,2019-09,3119.59,16.2,0.1488,0.3374,2527.85,1693.09,1,1,1
LJ500_R173_C033,677750,9587750,2019,9,2019-09,3118.72,20.57,0.0846,0.4514,3964.85,4393.18,1,1,1
LJ500_R178_C063,692750,9590250,2019,9,2019-09,2701.84,14.62,-0.4474,-0.7489,2144.76,200,0.98,1,1
LJ500_R179_C046,684250,9590750,2019,9,2019-09,3463.75,23.67,-0.3683,0.7856,5199.04,3309.08,1,1,1
LJ500_R180_C071,696750,9591250,2019,9,2019-09,2990.12,23.96,-0.7064,-0.2605,4703.19,4260.28,0.98,1,1
LJ500_R183_C039,680750,9592750,2019,9,2019-09,3643.62,16.63,-0.2761,-0.6396,2614.73,6072.03,0.9185,0.7282,0.7282
LJ500_R184_C039,680750,9593250,2019,9,2019-09,3647.59,23.61,0.46,-0.4402,2517,6330.27,0.7082,1,1
LJ500_R184_C066,694250,9593250,2019,9,2019-09,3154.7,13.68,0.0763,-0.6214,1745.45,1739.66,0.9716,0.9972,0.9972
LJ500_R108_C065,693750,9555250,2019,10,2019-10,2608.83,32.12,-0.4848,-0.8746,,,0.5391,0,0
LJ500_R109_C088,705250,9555750,2019,10,2019-10,2662.52,32.8,0.2588,-0.3936,2263.4,2341.75,0.98,1,1
LJ500_R119_C079,700750,9560750,2019,10,2019-10,2115.91,17.82,0.7681,-0.3348,89.91,123.83,1,1,1
LJ500_R122_C070,696250,9562250,2019,10,2019-10,2147.39,5.9213,0.1833,0.5344,8,77.66,1,1,1
LJ500_R125_C065,693750,9563750,2019,10,2019-10,2306.59,16.23,-0.3146,0.9013,519.8,140,0.98,1,1
LJ500_R131_C053,687750,9566750,2019,10,2019-10,1857.8,21.06,0.1985,-0.6097,1253.97,718.41,0.98,1,1
LJ500_R132_C080,701250,9567250,2019,10,2019-10,2633.64,23.79,0.5886,0.4698,1349.1,267.51,0.98,1,1
LJ500_R138_C087,704750,9570250,2019,10,2019-10,2135.26,33.65,0.3321,-0.708,520.85,1649.83,1,1,1
LJ500_R142_C071,696750,9572250,2019,10,2019-10,2116.51,26.49,-0.1667,0.1456,119.12,285.97,0.9604,1,1
LJ500_R145_C054,688250,9573750,2019,10,2019-10,2843.37,16.76,-0.4861,0.103,1841.2,1633.03,0.98,1,1
LJ500_R147_C083,702750,9574750,2019,10,2019-10,2315.88,21.17,-0.5859,0.1455,541.56,1299.06,0.98,1,1
LJ500_R156_C028,675250,9579250,2019,10,2019-10,2312.5,31.55,-0.2856,-0.5531,2283.58,1587.48,1,1,1
LJ500_R156_C067,694750,9579250,2019,10,2019-10,2329.91,32.93,-0.2221,-0.6634,190.49,504.31,1,1,1
LJ500_R156_C079,700750,9579250,2019,10,2019-10,2863.93,23.4,-0.5845,-0.0295,2424.87,4385.2,1,1,1
LJ500_R157_C009,665750,9579750,2019,10,2019-10,1194.66,24.24,0.4562,0.415,272.1,1131.02,0.98,1,1
LJ500_R158_C065,693750,9580250,2019,10,2019-10,2368.29,33.75,-0.3608,0.7344,654.7,265.1,0.98,1,1
LJ500_R160_C074,698250,9581250,2019,10,2019-10,2563.93,21.97,0.0816,-0.5437,1840.78,3751,0.9604,1,1
LJ500_R161_C066,694250,9581750,2019,10,2019-10,2182.48,26.29,-0.0873,-0.1268,123.12,99.83,1,1,1
LJ500_R164_C043,682750,9583250,2019,10,2019-10,3056.29,24.94,0.0987,-0.2925,1203.99,115.31,1,1,1
LJ500_R164_C059,690750,9583250,2019,10,2019-10,3105,18.29,-0.7924,-0.5136,2202.73,1700.59,0.98,1,1
LJ500_R166_C072,697250,9584250,2019,10,2019-10,2703.72,23.69,-0.1855,-0.6705,3258.83,3426.37,0.98,1,1
LJ500_R167_C067,694750,9584750,2019,10,2019-10,2436.62,24.15,0.376,-0.4321,1786.06,1277.5,1,1,1
LJ500_R168_C045,683750,9585250,2019,10,2019-10,3119.59,16.2,0.1488,0.3374,2527.85,1693.09,1,1,1
LJ500_R173_C033,677750,9587750,2019,10,2019-10,3118.72,20.57,0.0846,0.4514,3964.85,4393.18,1,1,1
LJ500_R178_C063,692750,9590250,2019,10,2019-10,2701.84,14.62,-0.4474,-0.7489,2144.76,200,0.98,1,1
LJ500_R179_C046,684250,9590750,2019,10,2019-10,3463.75,23.67,-0.3683,0.7856,5199.04,3309.08,1,1,1
LJ500_R180_C071,696750,9591250,2019,10,2019-10,2990.12,23.96,-0.7064,-0.2605,4703.19,4260.28,0.98,1,1
LJ500_R183_C039,680750,9592750,2019,10,2019-10,3643.62,16.63,-0.2761,-0.6396,2614.73,6072.03,0.9185,0.7282,0.7282
LJ500_R184_C039,680750,9593250,2019,10,2019-10,3647.59,23.61,0.46,-0.4402,2517,6330.27,0.7082,1,1
LJ500_R184_C066,694250,9593250,2019,10,2019-10,3154.7,13.68,0.0763,-0.6214,1745.45,1739.66,0.9716,0.9972,0.9972
LJ500_R108_C065,693750,9555250,2019,11,2019-11,2608.83,32.12,-0.4848,-0.8746,,,0.5391,0,0
LJ500_R109_C088,705250,9555750,2019,11,2019-11,2662.52,32.8,0.2588,-0.3936,2263.4,2341.75,0.98,1,1
LJ500_R119_C079,700750,9560750,2019,11,2019-11,2115.91,17.82,0.7681,-0.3348,89.91,123.83,1,1,1
LJ500_R122_C070,696250,9562250,2019,11,2019-11,2147.39,5.9213,0.1833,0.5344,8,77.66,1,1,1
LJ500_R125_C065,693750,9563750,2019,11,2019-11,2306.59,16.23,-0.3146,0.9013,519.8,140,0.98,1,1
LJ500_R131_C053,687750,9566750,2019,11,2019-11,1857.8,21.06,0.1985,-0.6097,1253.97,718.41,0.98,1,1
LJ500_R132_C080,701250,9567250,2019,11,2019-11,2633.64,23.79,0.5886,0.4698,1349.1,267.51,0.98,1,1
LJ500_R138_C087,704750,9570250,2019,11,2019-11,2135.26,33.65,0.3321,-0.708,520.85,1649.83,1,1,1
LJ500_R142_C071,696750,9572250,2019,11,2019-11,2116.51,26.49,-0.1667,0.1456,119.12,285.97,0.9604,1,1
LJ500_R145_C054,688250,9573750,2019,11,2019-11,2843.37,16.76,-0.4861,0.103,1841.2,1633.03,0.98,1,1
LJ500_R147_C083,702750,9574750,2019,11,2019-11,2315.88,21.17,-0.5859,0.1455,541.56,1299.06,0.98,1,1
LJ500_R156_C028,675250,9579250,2019,11,2019-11,2312.5,31.55,-0.2856,-0.5531,2283.58,1587.48,1,1,1
LJ500_R156_C067,694750,9579250,2019,11,2019-11,2329.91,32.93,-0.2221,-0.6634,190.49,504.31,1,1,1
LJ500_R156_C079,700750,9579250,2019,11,2019-11,2863.93,23.4,-0.5845,-0.0295,2424.87,4385.2,1,1,1
LJ500_R157_C009,665750,9579750,2019,11,2019-11,1194.66,24.24,0.4562,0.415,272.1,1131.02,0.98,1,1
LJ500_R158_C065,693750,9580250,2019,11,2019-11,2368.29,33.75,-0.3608,0.7344,654.7,265.1,0.98,1,1
LJ500_R160_C074,698250,9581250,2019,11,2019-11,2563.93,21.97,0.0816,-0.5437,1840.78,3751,0.9604,1,1
LJ500_R161_C066,694250,9581750,2019,11,2019-11,2182.48,26.29,-0.0873,-0.1268,123.12,99.83,1,1,1
LJ500_R164_C043,682750,9583250,2019,11,2019-11,3056.29,24.94,0.0987,-0.2925,1203.99,115.31,1,1,1
LJ500_R164_C059,690750,9583250,2019,11,2019-11,3105,18.29,-0.7924,-0.5136,2202.73,1700.59,0.98,1,1
LJ500_R166_C072,697250,9584250,2019,11,2019-11,2703.72,23.69,-0.1855,-0.6705,3258.83,3426.37,0.98,1,1
LJ500_R167_C067,694750,9584750,2019,11,2019-11,2436.62,24.15,0.376,-0.4321,1786.06,1277.5,1,1,1
LJ500_R168_C045,683750,9585250,2019,11,2019-11,3119.59,16.2,0.1488,0.3374,2527.85,1693.09,1,1,1
LJ500_R173_C033,677750,9587750,2019,11,2019-11,3118.72,20.57,0.0846,0.4514,3964.85,4393.18,1,1,1
LJ500_R178_C063,692750,9590250,2019,11,2019-11,2701.84,14.62,-0.4474,-0.7489,2144.76,200,0.98,1,1
LJ500_R179_C046,684250,9590750,2019,11,2019-11,3463.75,23.67,-0.3683,0.7856,5199.04,3309.08,1,1,1
LJ500_R180_C071,696750,9591250,2019,11,2019-11,2990.12,23.96,-0.7064,-0.2605,4703.19,4260.28,0.98,1,1
LJ500_R183_C039,680750,9592750,2019,11,2019-11,3643.62,16.63,-0.2761,-0.6396,2614.73,6072.03,0.9185,0.7282,0.7282
LJ500_R184_C039,680750,9593250,2019,11,2019-11,3647.59,23.61,0.46,-0.4402,2517,6330.27,0.7082,1,1
LJ500_R184_C066,694250,9593250,2019,11,2019-11,3154.7,13.68,0.0763,-0.6214,1745.45,1739.66,0.9716,0.9972,0.9972
LJ500_R108_C065,693750,9555250,2019,12,2019-12,2608.83,32.12,-0.4848,-0.8746,,,0.5391,0,0
LJ500_R109_C088,705250,9555750,2019,12,2019-12,2662.52,32.8,0.2588,-0.3936,2263.4,2341.75,0.98,1,1
LJ500_R119_C079,700750,9560750,2019,12,2019-12,2115.91,17.82,0.7681,-0.3348,89.91,123.83,1,1,1
LJ500_R122_C070,696250,9562250,2019,12,2019-12,2147.39,5.9213,0.1833,0.5344,8,77.66,1,1,1
LJ500_R125_C065,693750,9563750,2019,12,2019-12,2306.59,16.23,-0.3146,0.9013,519.8,140,0.98,1,1
LJ500_R131_C053,687750,9566750,2019,12,2019-12,1857.8,21.06,0.1985,-0.6097,1253.97,718.41,0.98,1,1
LJ500_R132_C080,701250,9567250,2019,12,2019-12,2633.64,23.79,0.5886,0.4698,1349.1,267.51,0.98,1,1
LJ500_R138_C087,704750,9570250,2019,12,2019-12,2135.26,33.65,0.3321,-0.708,520.85,1649.83,1,1,1
LJ500_R142_C071,696750,9572250,2019,12,2019-12,2116.51,26.49,-0.1667,0.1456,119.12,285.97,0.9604,1,1
LJ500_R145_C054,688250,9573750,2019,12,2019-12,2843.37,16.76,-0.4861,0.103,1841.2,1633.03,0.98,1,1
LJ500_R147_C083,702750,9574750,2019,12,2019-12,2315.88,21.17,-0.5859,0.1455,541.56,1299.06,0.98,1,1
LJ500_R156_C028,675250,9579250,2019,12,2019-12,2312.5,31.55,-0.2856,-0.5531,2283.58,1587.48,1,1,1
LJ500_R156_C067,694750,9579250,2019,12,2019-12,2329.91,32.93,-0.2221,-0.6634,190.49,504.31,1,1,1
LJ500_R156_C079,700750,9579250,2019,12,2019-12,2863.93,23.4,-0.5845,-0.0295,2424.87,4385.2,1,1,1
LJ500_R157_C009,665750,9579750,2019,12,2019-12,1194.66,24.24,0.4562,0.415,272.1,1131.02,0.98,1,1
LJ500_R158_C065,693750,9580250,2019,12,2019-12,2368.29,33.75,-0.3608,0.7344,654.7,265.1,0.98,1,1
LJ500_R160_C074,698250,9581250,2019,12,2019-12,2563.93,21.97,0.0816,-0.5437,1840.78,3751,0.9604,1,1
LJ500_R161_C066,694250,9581750,2019,12,2019-12,2182.48,26.29,-0.0873,-0.1268,123.12,99.83,1,1,1
LJ500_R164_C043,682750,9583250,2019,12,2019-12,3056.29,24.94,0.0987,-0.2925,1203.99,115.31,1,1,1
LJ500_R164_C059,690750,9583250,2019,12,2019-12,3105,18.29,-0.7924,-0.5136,2202.73,1700.59,0.98,1,1
LJ500_R166_C072,697250,9584250,2019,12,2019-12,2703.72,23.69,-0.1855,-0.6705,3258.83,3426.37,0.98,1,1
LJ500_R167_C067,694750,9584750,2019,12,2019-12,2436.62,24.15,0.376,-0.4321,1786.06,1277.5,1,1,1
LJ500_R168_C045,683750,9585250,2019,12,2019-12,3119.59,16.2,0.1488,0.3374,2527.85,1693.09,1,1,1
LJ500_R173_C033,677750,9587750,2019,12,2019-12,3118.72,20.57,0.0846,0.4514,3964.85,4393.18,1,1,1
LJ500_R178_C063,692750,9590250,2019,12,2019-12,2701.84,14.62,-0.4474,-0.7489,2144.76,200,0.98,1,1
LJ500_R179_C046,684250,9590750,2019,12,2019-12,3463.75,23.67,-0.3683,0.7856,5199.04,3309.08,1,1,1
LJ500_R180_C071,696750,9591250,2019,12,2019-12,2990.12,23.96,-0.7064,-0.2605,4703.19,4260.28,0.98,1,1
LJ500_R183_C039,680750,9592750,2019,12,2019-12,3643.62,16.63,-0.2761,-0.6396,2614.73,6072.03,0.9185,0.7282,0.7282
LJ500_R184_C039,680750,9593250,2019,12,2019-12,3647.59,23.61,0.46,-0.4402,2517,6330.27,0.7082,1,1
LJ500_R184_C066,694250,9593250,2019,12,2019-12,3154.7,13.68,0.0763,-0.6214,1745.45,1739.66,0.9716,0.9972,0.9972
LJ500_R108_C065,693750,9555250,2020,1,2020-01,2608.83,32.12,-0.4848,-0.8746,,,0.5391,0,0
LJ500_R109_C088,705250,9555750,2020,1,2020-01,2662.52,32.8,0.2588,-0.3936,2263.4,2341.75,0.98,1,1
LJ500_R119_C079,700750,9560750,2020,1,2020-01,2115.91,17.82,0.7681,-0.3348,89.91,123.83,1,1,1
LJ500_R122_C070,696250,9562250,2020,1,2020-01,2147.39,5.9213,0.1833,0.5344,8,77.66,1,1,1
LJ500_R125_C065,693750,9563750,2020,1,2020-01,2306.59,16.23,-0.3146,0.9013,519.8,140,0.98,1,1
LJ500_R131_C053,687750,9566750,2020,1,2020-01,1857.8,21.06,0.1985,-0.6097,1253.97,718.41,0.98,1,1
LJ500_R132_C080,701250,9567250,2020,1,2020-01,2633.64,23.79,0.5886,0.4698,1349.1,267.51,0.98,1,1
LJ500_R138_C087,704750,9570250,2020,1,2020-01,2135.26,33.65,0.3321,-0.708,520.85,1649.83,1,1,1
LJ500_R142_C071,696750,9572250,2020,1,2020-01,2116.51,26.49,-0.1667,0.1456,119.12,285.97,0.9604,1,1
LJ500_R145_C054,688250,9573750,2020,1,2020-01,2843.37,16.76,-0.4861,0.103,1841.2,1633.03,0.98,1,1
LJ500_R147_C083,702750,9574750,2020,1,2020-01,2315.88,21.17,-0.5859,0.1455,541.56,1299.06,0.98,1,1
LJ500_R156_C028,675250,9579250,2020,1,2020-01,2312.5,31.55,-0.2856,-0.5531,2283.58,1587.48,1,1,1
LJ500_R156_C067,694750,9579250,2020,1,2020-01,2329.91,32.93,-0.2221,-0.6634,190.49,504.31,1,1,1
LJ500_R156_C079,700750,9579250,2020,1,2020-01,2863.93,23.4,-0.5845,-0.0295,2424.87,4385.2,1,1,1
LJ500_R157_C009,665750,9579750,2020,1,2020-01,1194.66,24.24,0.4562,0.415,272.1,1131.02,0.98,1,1
LJ500_R158_C065,693750,9580250,2020,1,2020-01,2368.29,33.75,-0.3608,0.7344,654.7,265.1,0.98,1,1
LJ500_R160_C074,698250,9581250,2020,1,2020-01,2563.93,21.97,0.0816,-0.5437,1840.78,3751,0.9604,1,1
LJ500_R161_C066,694250,9581750,2020,1,2020-01,2182.48,26.29,-0.0873,-0.1268,123.12,99.83,1,1,1
LJ500_R164_C043,682750,9583250,2020,1,2020-01,3056.29,24.94,0.0987,-0.2925,1203.99,115.31,1,1,1
LJ500_R164_C059,690750,9583250,2020,1,2020-01,3105,18.29,-0.7924,-0.5136,2202.73,1700.59,0.98,1,1
LJ500_R166_C072,697250,9584250,2020,1,2020-01,2703.72,23.69,-0.1855,-0.6705,3258.83,3426.37,0.98,1,1
LJ500_R167_C067,694750,9584750,2020,1,2020-01,2436.62,24.15,0.376,-0.4321,1786.06,1277.5,1,1,1
LJ500_R168_C045,683750,9585250,2020,1,2020-01,3119.59,16.2,0.1488,0.3374,2527.85,1693.09,1,1,1
LJ500_R173_C033,677750,9587750,2020,1,2020-01,3118.72,20.57,0.0846,0.4514,3964.85,4393.18,1,1,1
LJ500_R178_C063,692750,9590250,2020,1,2020-01,2701.84,14.62,-0.4474,-0.7489,2144.76,200,0.98,1,1
LJ500_R179_C046,684250,9590750,2020,1,2020-01,3463.75,23.67,-0.3683,0.7856,5199.04,3309.08,1,1,1
LJ500_R180_C071,696750,9591250,2020,1,2020-01,2990.12,23.96,-0.7064,-0.2605,4703.19,4260.28,0.98,1,1
LJ500_R183_C039,680750,9592750,2020,1,2020-01,3643.62,16.63,-0.2761,-0.6396,2614.73,6072.03,0.9185,0.7282,0.7282
LJ500_R184_C039,680750,9593250,2020,1,2020-01,3647.59,23.61,0.46,-0.4402,2517,6330.27,0.7082,1,1
LJ500_R184_C066,694250,9593250,2020,1,2020-01,3154.7,13.68,0.0763,-0.6214,1745.45,1739.66,0.9716,0.9972,0.9972
LJ500_R108_C065,693750,9555250,2020,2,2020-02,2608.83,32.12,-0.4848,-0.8746,,,0.5391,0,0
LJ500_R109_C088,705250,9555750,2020,2,2020-02,2662.52,32.8,0.2588,-0.3936,2263.4,2341.75,0.98,1,1
LJ500_R119_C079,700750,9560750,2020,2,2020-02,2115.91,17.82,0.7681,-0.3348,89.91,123.83,1,1,1
LJ500_R122_C070,696250,9562250,2020,2,2020-02,2147.39,5.9213,0.1833,0.5344,8,77.66,1,1,1
LJ500_R125_C065,693750,9563750,2020,2,2020-02,2306.59,16.23,-0.3146,0.9013,519.8,140,0.98,1,1
LJ500_R131_C053,687750,9566750,2020,2,2020-02,1857.8,21.06,0.1985,-0.6097,1253.97,718.41,0.98,1,1
LJ500_R132_C080,701250,9567250,2020,2,2020-02,2633.64,23.79,0.5886,0.4698,1349.1,267.51,0.98,1,1
LJ500_R138_C087,704750,9570250,2020,2,2020-02,2135.26,33.65,0.3321,-0.708,520.85,1649.83,1,1,1
LJ500_R142_C071,696750,9572250,2020,2,2020-02,2116.51,26.49,-0.1667,0.1456,119.12,285.97,0.9604,1,1
LJ500_R145_C054,688250,9573750,2020,2,2020-02,2843.37,16.76,-0.4861,0.103,1841.2,1633.03,0.98,1,1
LJ500_R147_C083,702750,9574750,2020,2,2020-02,2315.88,21.17,-0.5859,0.1455,541.56,1299.06,0.98,1,1
LJ500_R156_C028,675250,9579250,2020,2,2020-02,2312.5,31.55,-0.2856,-0.5531,2283.58,1587.48,1,1,1
LJ500_R156_C067,694750,9579250,2020,2,2020-02,2329.91,32.93,-0.2221,-0.6634,190.49,504.31,1,1,1
LJ500_R156_C079,700750,9579250,2020,2,2020-02,2863.93,23.4,-0.5845,-0.0295,2424.87,4385.2,1,1,1
LJ500_R157_C009,665750,9579750,2020,2,2020-02,1194.66,24.24,0.4562,0.415,272.1,1131.02,0.98,1,1
LJ500_R158_C065,693750,9580250,2020,2,2020-02,2368.29,33.75,-0.3608,0.7344,654.7,265.1,0.98,1,1
LJ500_R160_C074,698250,9581250,2020,2,2020-02,2563.93,21.97,0.0816,-0.5437,1840.78,3751,0.9604,1,1
LJ500_R161_C066,694250,9581750,2020,2,2020-02,2182.48,26.29,-0.0873,-0.1268,123.12,99.83,1,1,1
LJ500_R164_C043,682750,9583250,2020,2,2020-02,3056.29,24.94,0.0987,-0.2925,1203.99,115.31,1,1,1
LJ500_R164_C059,690750,9583250,2020,2,2020-02,3105,18.29,-0.7924,-0.5136,2202.73,1700.59,0.98,1,1
LJ500_R166_C072,697250,9584250,2020,2,2020-02,2703.72,23.69,-0.1855,-0.6705,3258.83,3426.37,0.98,1,1
LJ500_R167_C067,694750,9584750,2020,2,2020-02,2436.62,24.15,0.376,-0.4321,1786.06,1277.5,1,1,1
LJ500_R168_C045,683750,9585250,2020,2,2020-02,3119.59,16.2,0.1488,0.3374,2527.85,1693.09,1,1,1
LJ500_R173_C033,677750,9587750,2020,2,2020-02,3118.72,20.57,0.0846,0.4514,3964.85,4393.18,1,1,1
LJ500_R178_C063,692750,9590250,2020,2,2020-02,2701.84,14.62,-0.4474,-0.7489,2144.76,200,0.98,1,1
LJ500_R179_C046,684250,9590750,2020,2,2020-02,3463.75,23.67,-0.3683,0.7856,5199.04,3309.08,1,1,1
LJ500_R180_C071,696750,9591250,2020,2,2020-02,2990.12,23.96,-0.7064,-0.2605,4703.19,4260.28,0.98,1,1
LJ500_R183_C039,680750,9592750,2020,2,2020-02,3643.62,16.63,-0.2761,-0.6396,2614.73,6072.03,0.9185,0.7282,0.7282
LJ500_R184_C039,680750,9593250,2020,2,2020-02,3647.59,23.61,0.46,-0.4402,2517,6330.27,0.7082,1,1
LJ500_R184_C066,694250,9593250,2020,2,2020-02,3154.7,13.68,0.0763,-0.6214,1745.45,1739.66,0.9716,0.9972,0.9972
LJ500_R108_C065,693750,9555250,2020,3,2020-03,2608.83,32.12,-0.4848,-0.8746,,,0.5391,0,0
LJ500_R109_C088,705250,9555750,2020,3,2020-03,2662.52,32.8,0.2588,-0.3936,2263.4,2341.75,0.98,1,1
LJ500_R119_C079,700750,9560750,2020,3,2020-03,2115.91,17.82,0.7681,-0.3348,89.91,123.83,1,1,1
LJ500_R122_C070,696250,9562250,2020,3,2020-03,2147.39,5.9213,0.1833,0.5344,8,77.66,1,1,1
LJ500_R125_C065,693750,9563750,2020,3,2020-03,2306.59,16.23,-0.3146,0.9013,519.8,140,0.98,1,1
LJ500_R131_C053,687750,9566750,2020,3,2020-03,1857.8,21.06,0.1985,-0.6097,1253.97,718.41,0.98,1,1
LJ500_R132_C080,701250,9567250,2020,3,2020-03,2633.64,23.79,0.5886,0.4698,1349.1,267.51,0.98,1,1
LJ500_R138_C087,704750,9570250,2020,3,2020-03,2135.26,33.65,0.3321,-0.708,520.85,1649.83,1,1,1
LJ500_R142_C071,696750,9572250,2020,3,2020-03,2116.51,26.49,-0.1667,0.1456,119.12,285.97,0.9604,1,1
LJ500_R145_C054,688250,9573750,2020,3,2020-03,2843.37,16.76,-0.4861,0.103,1841.2,1633.03,0.98,1,1
LJ500_R147_C083,702750,9574750,2020,3,2020-03,2315.88,21.17,-0.5859,0.1455,541.56,1299.06,0.98,1,1
LJ500_R156_C028,675250,9579250,2020,3,2020-03,2312.5,31.55,-0.2856,-0.5531,2283.58,1587.48,1,1,1
LJ500_R156_C067,694750,9579250,2020,3,2020-03,2329.91,32.93,-0.2221,-0.6634,190.49,504.31,1,1,1
LJ500_R156_C079,700750,9579250,2020,3,2020-03,2863.93,23.4,-0.5845,-0.0295,2424.87,4385.2,1,1,1
LJ500_R157_C009,665750,9579750,2020,3,2020-03,1194.66,24.24,0.4562,0.415,272.1,1131.02,0.98,1,1
LJ500_R158_C065,693750,9580250,2020,3,2020-03,2368.29,33.75,-0.3608,0.7344,654.7,265.1,0.98,1,1
LJ500_R160_C074,698250,9581250,2020,3,2020-03,2563.93,21.97,0.0816,-0.5437,1840.78,3751,0.9604,1,1
LJ500_R161_C066,694250,9581750,2020,3,2020-03,2182.48,26.29,-0.0873,-0.1268,123.12,99.83,1,1,1
LJ500_R164_C043,682750,9583250,2020,3,2020-03,3056.29,24.94,0.0987,-0.2925,1203.99,115.31,1,1,1
LJ500_R164_C059,690750,9583250,2020,3,2020-03,3105,18.29,-0.7924,-0.5136,2202.73,1700.59,0.98,1,1
LJ500_R166_C072,697250,9584250,2020,3,2020-03,2703.72,23.69,-0.1855,-0.6705,3258.83,3426.37,0.98,1,1
LJ500_R167_C067,694750,9584750,2020,3,2020-03,2436.62,24.15,0.376,-0.4321,1786.06,1277.5,1,1,1
LJ500_R168_C045,683750,9585250,2020,3,2020-03,3119.59,16.2,0.1488,0.3374,2527.85,1693.09,1,1,1
LJ500_R173_C033,677750,9587750,2020,3,2020-03,3118.72,20.57,0.0846,0.4514,3964.85,4393.18,1,1,1
LJ500_R178_C063,692750,9590250,2020,3,2020-03,2701.84,14.62,-0.4474,-0.7489,2144.76,200,0.98,1,1
LJ500_R179_C046,684250,9590750,2020,3,2020-03,3463.75,23.67,-0.3683,0.7856,5199.04,3309.08,1,1,1
LJ500_R180_C071,696750,9591250,2020,3,2020-03,2990.12,23.96,-0.7064,-0.2605,4703.19,4260.28,0.98,1,1
LJ500_R183_C039,680750,9592750,2020,3,2020-03,3643.62,16.63,-0.2761,-0.6396,2614.73,6072.03,0.9185,0.7282,0.7282
LJ500_R184_C039,680750,9593250,2020,3,2020-03,3647.59,23.61,0.46,-0.4402,2517,6330.27,0.7082,1,1
LJ500_R184_C066,694250,9593250,2020,3,2020-03,3154.7,13.68,0.0763,-0.6214,1745.45,1739.66,0.9716,0.9972,0.9972
LJ500_R108_C065,693750,9555250,2020,4,2020-04,2608.83,32.12,-0.4848,-0.8746,,,0.5391,0,0
LJ500_R109_C088,705250,9555750,2020,4,2020-04,2662.52,32.8,0.2588,-0.3936,2263.4,2341.75,0.98,1,1
LJ500_R119_C079,700750,9560750,2020,4,2020-04,2115.91,17.82,0.7681,-0.3348,89.91,123.83,1,1,1
LJ500_R122_C070,696250,9562250,2020,4,2020-04,2147.39,5.9213,0.1833,0.5344,8,77.66,1,1,1
LJ500_R125_C065,693750,9563750,2020,4,2020-04,2306.59,16.23,-0.3146,0.9013,519.8,140,0.98,1,1
LJ500_R131_C053,687750,9566750,2020,4,2020-04,1857.8,21.06,0.1985,-0.6097,1253.97,718.41,0.98,1,1
LJ500_R132_C080,701250,9567250,2020,4,2020-04,2633.64,23.79,0.5886,0.4698,1349.1,267.51,0.98,1,1
LJ500_R138_C087,704750,9570250,2020,4,2020-04,2135.26,33.65,0.3321,-0.708,520.85,1649.83,1,1,1
LJ500_R142_C071,696750,9572250,2020,4,2020-04,2116.51,26.49,-0.1667,0.1456,119.12,285.97,0.9604,1,1
LJ500_R145_C054,688250,9573750,2020,4,2020-04,2843.37,16.76,-0.4861,0.103,1841.2,1633.03,0.98,1,1
LJ500_R147_C083,702750,9574750,2020,4,2020-04,2315.88,21.17,-0.5859,0.1455,541.56,1299.06,0.98,1,1
LJ500_R156_C028,675250,9579250,2020,4,2020-04,2312.5,31.55,-0.2856,-0.5531,2283.58,1587.48,1,1,1
LJ500_R156_C067,694750,9579250,2020,4,2020-04,2329.91,32.93,-0.2221,-0.6634,190.49,504.31,1,1,1
LJ500_R156_C079,700750,9579250,2020,4,2020-04,2863.93,23.4,-0.5845,-0.0295,2424.87,4385.2,1,1,1
LJ500_R157_C009,665750,9579750,2020,4,2020-04,1194.66,24.24,0.4562,0.415,272.1,1131.02,0.98,1,1
LJ500_R158_C065,693750,9580250,2020,4,2020-04,2368.29,33.75,-0.3608,0.7344,654.7,265.1,0.98,1,1
LJ500_R160_C074,698250,9581250,2020,4,2020-04,2563.93,21.97,0.0816,-0.5437,1840.78,3751,0.9604,1,1
LJ500_R161_C066,694250,9581750,2020,4,2020-04,2182.48,26.29,-0.0873,-0.1268,123.12,99.83,1,1,1
LJ500_R164_C043,682750,9583250,2020,4,2020-04,3056.29,24.94,0.0987,-0.2925,1203.99,115.31,1,1,1
LJ500_R164_C059,690750,9583250,2020,4,2020-04,3105,18.29,-0.7924,-0.5136,2202.73,1700.59,0.98,1,1
LJ500_R166_C072,697250,9584250,2020,4,2020-04,2703.72,23.69,-0.1855,-0.6705,3258.83,3426.37,0.98,1,1
LJ500_R167_C067,694750,9584750,2020,4,2020-04,2436.62,24.15,0.376,-0.4321,1786.06,1277.5,1,1,1
LJ500_R168_C045,683750,9585250,2020,4,2020-04,3119.59,16.2,0.1488,0.3374,2527.85,1693.09,1,1,1
LJ500_R173_C033,677750,9587750,2020,4,2020-04,3118.72,20.57,0.0846,0.4514,3964.85,4393.18,1,1,1
LJ500_R178_C063,692750,9590250,2020,4,2020-04,2701.84,14.62,-0.4474,-0.7489,2144.76,200,0.98,1,1
LJ500_R179_C046,684250,9590750,2020,4,2020-04,3463.75,23.67,-0.3683,0.7856,5199.04,3309.08,1,1,1
LJ500_R180_C071,696750,9591250,2020,4,2020-04,2990.12,23.96,-0.7064,-0.2605,4703.19,4260.28,0.98,1,1
LJ500_R183_C039,680750,9592750,2020,4,2020-04,3643.62,16.63,-0.2761,-0.6396,2614.73,6072.03,0.9185,0.7282,0.7282
LJ500_R184_C039,680750,9593250,2020,4,2020-04,3647.59,23.61,0.46,-0.4402,2517,6330.27,0.7082,1,1
LJ500_R184_C066,694250,9593250,2020,4,2020-04,3154.7,13.68,0.0763,-0.6214,1745.45,1739.66,0.9716,0.9972,0.9972
LJ500_R108_C065,693750,9555250,2020,5,2020-05,2608.83,32.12,-0.4848,-0.8746,,,0.5391,0,0
LJ500_R109_C088,705250,9555750,2020,5,2020-05,2662.52,32.8,0.2588,-0.3936,2263.4,2341.75,0.98,1,1
LJ500_R119_C079,700750,9560750,2020,5,2020-05,2115.91,17.82,0.7681,-0.3348,89.91,123.83,1,1,1
LJ500_R122_C070,696250,9562250,2020,5,2020-05,2147.39,5.9213,0.1833,0.5344,8,77.66,1,1,1
LJ500_R125_C065,693750,9563750,2020,5,2020-05,2306.59,16.23,-0.3146,0.9013,519.8,140,0.98,1,1
LJ500_R131_C053,687750,9566750,2020,5,2020-05,1857.8,21.06,0.1985,-0.6097,1253.97,718.41,0.98,1,1
LJ500_R132_C080,701250,9567250,2020,5,2020-05,2633.64,23.79,0.5886,0.4698,1349.1,267.51,0.98,1,1
LJ500_R138_C087,704750,9570250,2020,5,2020-05,2135.26,33.65,0.3321,-0.708,520.85,1649.83,1,1,1
LJ500_R142_C071,696750,9572250,2020,5,2020-05,2116.51,26.49,-0.1667,0.1456,119.12,285.97,0.9604,1,1
LJ500_R145_C054,688250,9573750,2020,5,2020-05,2843.37,16.76,-0.4861,0.103,1841.2,1633.03,0.98,1,1
LJ500_R147_C083,702750,9574750,2020,5,2020-05,2315.88,21.17,-0.5859,0.1455,541.56,1299.06,0.98,1,1
LJ500_R156_C028,675250,9579250,2020,5,2020-05,2312.5,31.55,-0.2856,-0.5531,2283.58,1587.48,1,1,1
LJ500_R156_C067,694750,9579250,2020,5,2020-05,2329.91,32.93,-0.2221,-0.6634,190.49,504.31,1,1,1
LJ500_R156_C079,700750,9579250,2020,5,2020-05,2863.93,23.4,-0.5845,-0.0295,2424.87,4385.2,1,1,1
LJ500_R157_C009,665750,9579750,2020,5,2020-05,1194.66,24.24,0.4562,0.415,272.1,1131.02,0.98,1,1
LJ500_R158_C065,693750,9580250,2020,5,2020-05,2368.29,33.75,-0.3608,0.7344,654.7,265.1,0.98,1,1
LJ500_R160_C074,698250,9581250,2020,5,2020-05,2563.93,21.97,0.0816,-0.5437,1840.78,3751,0.9604,1,1
LJ500_R161_C066,694250,9581750,2020,5,2020-05,2182.48,26.29,-0.0873,-0.1268,123.12,99.83,1,1,1
LJ500_R164_C043,682750,9583250,2020,5,2020-05,3056.29,24.94,0.0987,-0.2925,1203.99,115.31,1,1,1
LJ500_R164_C059,690750,9583250,2020,5,2020-05,3105,18.29,-0.7924,-0.5136,2202.73,1700.59,0.98,1,1
LJ500_R166_C072,697250,9584250,2020,5,2020-05,2703.72,23.69,-0.1855,-0.6705,3258.83,3426.37,0.98,1,1
LJ500_R167_C067,694750,9584750,2020,5,2020-05,2436.62,24.15,0.376,-0.4321,1786.06,1277.5,1,1,1
LJ500_R168_C045,683750,9585250,2020,5,2020-05,3119.59,16.2,0.1488,0.3374,2527.85,1693.09,1,1,1
LJ500_R173_C033,677750,9587750,2020,5,2020-05,3118.72,20.57,0.0846,0.4514,3964.85,4393.18,1,1,1
LJ500_R178_C063,692750,9590250,2020,5,2020-05,2701.84,14.62,-0.4474,-0.7489,2144.76,200,0.98,1,1
LJ500_R179_C046,684250,9590750,2020,5,2020-05,3463.75,23.67,-0.3683,0.7856,5199.04,3309.08,1,1,1
LJ500_R180_C071,696750,9591250,2020,5,2020-05,2990.12,23.96,-0.7064,-0.2605,4703.19,4260.28,0.98,1,1
LJ500_R183_C039,680750,9592750,2020,5,2020-05,3643.62,16.63,-0.2761,-0.6396,2614.73,6072.03,0.9185,0.7282,0.7282
LJ500_R184_C039,680750,9593250,2020,5,2020-05,3647.59,23.61,0.46,-0.4402,2517,6330.27,0.7082,1,1
LJ500_R184_C066,694250,9593250,2020,5,2020-05,3154.7,13.68,0.0763,-0.6214,1745.45,1739.66,0.9716,0.9972,0.9972
LJ500_R108_C065,693750,9555250,2020,6,2020-06,2608.83,32.12,-0.4848,-0.8746,,,0.5391,0,0
LJ500_R109_C088,705250,9555750,2020,6,2020-06,2662.52,32.8,0.2588,-0.3936,2263.4,2341.75,0.98,1,1
LJ500_R119_C079,700750,9560750,2020,6,2020-06,2115.91,17.82,0.7681,-0.3348,89.91,123.83,1,1,1
LJ500_R122_C070,696250,9562250,2020,6,2020-06,2147.39,5.9213,0.1833,0.5344,8,77.66,1,1,1
LJ500_R125_C065,693750,9563750,2020,6,2020-06,2306.59,16.23,-0.3146,0.9013,519.8,140,0.98,1,1
LJ500_R131_C053,687750,9566750,2020,6,2020-06,1857.8,21.06,0.1985,-0.6097,1253.97,718.41,0.98,1,1
LJ500_R132_C080,701250,9567250,2020,6,2020-06,2633.64,23.79,0.5886,0.4698,1349.1,267.51,0.98,1,1
LJ500_R138_C087,704750,9570250,2020,6,2020-06,2135.26,33.65,0.3321,-0.708,520.85,1649.83,1,1,1
LJ500_R142_C071,696750,9572250,2020,6,2020-06,2116.51,26.49,-0.1667,0.1456,119.12,285.97,0.9604,1,1
LJ500_R145_C054,688250,9573750,2020,6,2020-06,2843.37,16.76,-0.4861,0.103,1841.2,1633.03,0.98,1,1
LJ500_R147_C083,702750,9574750,2020,6,2020-06,2315.88,21.17,-0.5859,0.1455,541.56,1299.06,0.98,1,1
LJ500_R156_C028,675250,9579250,2020,6,2020-06,2312.5,31.55,-0.2856,-0.5531,2283.58,1587.48,1,1,1
LJ500_R156_C067,694750,9579250,2020,6,2020-06,2329.91,32.93,-0.2221,-0.6634,190.49,504.31,1,1,1
LJ500_R156_C079,700750,9579250,2020,6,2020-06,2863.93,23.4,-0.5845,-0.0295,2424.87,4385.2,1,1,1
LJ500_R157_C009,665750,9579750,2020,6,2020-06,1194.66,24.24,0.4562,0.415,272.1,1131.02,0.98,1,1
LJ500_R158_C065,693750,9580250,2020,6,2020-06,2368.29,33.75,-0.3608,0.7344,654.7,265.1,0.98,1,1
LJ500_R160_C074,698250,9581250,2020,6,2020-06,2563.93,21.97,0.0816,-0.5437,1840.78,3751,0.9604,1,1
LJ500_R161_C066,694250,9581750,2020,6,2020-06,2182.48,26.29,-0.0873,-0.1268,123.12,99.83,1,1,1
LJ500_R164_C043,682750,9583250,2020,6,2020-06,3056.29,24.94,0.0987,-0.2925,1203.99,115.31,1,1,1
LJ500_R164_C059,690750,9583250,2020,6,2020-06,3105,18.29,-0.7924,-0.5136,2202.73,1700.59,0.98,1,1
LJ500_R166_C072,697250,9584250,2020,6,2020-06,2703.72,23.69,-0.1855,-0.6705,3258.83,3426.37,0.98,1,1
LJ500_R167_C067,694750,9584750,2020,6,2020-06,2436.62,24.15,0.376,-0.4321,1786.06,1277.5,1,1,1
LJ500_R168_C045,683750,9585250,2020,6,2020-06,3119.59,16.2,0.1488,0.3374,2527.85,1693.09,1,1,1
LJ500_R173_C033,677750,9587750,2020,6,2020-06,3118.72,20.57,0.0846,0.4514,3964.85,4393.18,1,1,1
LJ500_R178_C063,692750,9590250,2020,6,2020-06,2701.84,14.62,-0.4474,-0.7489,2144.76,200,0.98,1,1
LJ500_R179_C046,684250,9590750,2020,6,2020-06,3463.75,23.67,-0.3683,0.7856,5199.04,3309.08,1,1,1
LJ500_R180_C071,696750,9591250,2020,6,2020-06,2990.12,23.96,-0.7064,-0.2605,4703.19,4260.28,0.98,1,1
LJ500_R183_C039,680750,9592750,2020,6,2020-06,3643.62,16.63,-0.2761,-0.6396,2614.73,6072.03,0.9185,0.7282,0.7282
LJ500_R184_C039,680750,9593250,2020,6,2020-06,3647.59,23.61,0.46,-0.4402,2517,6330.27,0.7082,1,1
LJ500_R184_C066,694250,9593250,2020,6,2020-06,3154.7,13.68,0.0763,-0.6214,1745.45,1739.66,0.9716,0.9972,0.9972
LJ500_R108_C065,693750,9555250,2020,7,2020-07,2608.83,32.12,-0.4848,-0.8746,,,0.5391,0,0
LJ500_R109_C088,705250,9555750,2020,7,2020-07,2662.52,32.8,0.2588,-0.3936,2263.4,2341.75,0.98,1,1
LJ500_R119_C079,700750,9560750,2020,7,2020-07,2115.91,17.82,0.7681,-0.3348,89.91,123.83,1,1,1
LJ500_R122_C070,696250,9562250,2020,7,2020-07,2147.39,5.9213,0.1833,0.5344,8,77.66,1,1,1
LJ500_R125_C065,693750,9563750,2020,7,2020-07,2306.59,16.23,-0.3146,0.9013,519.8,140,0.98,1,1
LJ500_R131_C053,687750,9566750,2020,7,2020-07,1857.8,21.06,0.1985,-0.6097,1253.97,718.41,0.98,1,1
LJ500_R132_C080,701250,9567250,2020,7,2020-07,2633.64,23.79,0.5886,0.4698,1349.1,267.51,0.98,1,1
LJ500_R138_C087,704750,9570250,2020,7,2020-07,2135.26,33.65,0.3321,-0.708,520.85,1649.83,1,1,1
LJ500_R142_C071,696750,9572250,2020,7,2020-07,2116.51,26.49,-0.1667,0.1456,119.12,285.97,0.9604,1,1
LJ500_R145_C054,688250,9573750,2020,7,2020-07,2843.37,16.76,-0.4861,0.103,1841.2,1633.03,0.98,1,1
LJ500_R147_C083,702750,9574750,2020,7,2020-07,2315.88,21.17,-0.5859,0.1455,541.56,1299.06,0.98,1,1
LJ500_R156_C028,675250,9579250,2020,7,2020-07,2312.5,31.55,-0.2856,-0.5531,2283.58,1587.48,1,1,1
LJ500_R156_C067,694750,9579250,2020,7,2020-07,2329.91,32.93,-0.2221,-0.6634,190.49,504.31,1,1,1
LJ500_R156_C079,700750,9579250,2020,7,2020-07,2863.93,23.4,-0.5845,-0.0295,2424.87,4385.2,1,1,1
LJ500_R157_C009,665750,9579750,2020,7,2020-07,1194.66,24.24,0.4562,0.415,272.1,1131.02,0.98,1,1
LJ500_R158_C065,693750,9580250,2020,7,2020-07,2368.29,33.75,-0.3608,0.7344,654.7,265.1,0.98,1,1
LJ500_R160_C074,698250,9581250,2020,7,2020-07,2563.93,21.97,0.0816,-0.5437,1840.78,3751,0.9604,1,1
LJ500_R161_C066,694250,9581750,2020,7,2020-07,2182.48,26.29,-0.0873,-0.1268,123.12,99.83,1,1,1
LJ500_R164_C043,682750,9583250,2020,7,2020-07,3056.29,24.94,0.0987,-0.2925,1203.99,115.31,1,1,1
LJ500_R164_C059,690750,9583250,2020,7,2020-07,3105,18.29,-0.7924,-0.5136,2202.73,1700.59,0.98,1,1
LJ500_R166_C072,697250,9584250,2020,7,2020-07,2703.72,23.69,-0.1855,-0.6705,3258.83,3426.37,0.98,1,1
LJ500_R167_C067,694750,9584750,2020,7,2020-07,2436.62,24.15,0.376,-0.4321,1786.06,1277.5,1,1,1
LJ500_R168_C045,683750,9585250,2020,7,2020-07,3119.59,16.2,0.1488,0.3374,2527.85,1693.09,1,1,1
LJ500_R173_C033,677750,9587750,2020,7,2020-07,3118.72,20.57,0.0846,0.4514,3964.85,4393.18,1,1,1
LJ500_R178_C063,692750,9590250,2020,7,2020-07,2701.84,14.62,-0.4474,-0.7489,2144.76,200,0.98,1,1
LJ500_R179_C046,684250,9590750,2020,7,2020-07,3463.75,23.67,-0.3683,0.7856,5199.04,3309.08,1,1,1
LJ500_R180_C071,696750,9591250,2020,7,2020-07,2990.12,23.96,-0.7064,-0.2605,4703.19,4260.28,0.98,1,1
LJ500_R183_C039,680750,9592750,2020,7,2020-07,3643.62,16.63,-0.2761,-0.6396,2614.73,6072.03,0.9185,0.7282,0.7282
LJ500_R184_C039,680750,9593250,2020,7,2020-07,3647.59,23.61,0.46,-0.4402,2517,6330.27,0.7082,1,1
LJ500_R184_C066,694250,9593250,2020,7,2020-07,3154.7,13.68,0.0763,-0.6214,1745.45,1739.66,0.9716,0.9972,0.9972
LJ500_R108_C065,693750,9555250,2020,8,2020-08,2608.83,32.12,-0.4848,-0.8746,,,0.5391,0,0
LJ500_R109_C088,705250,9555750,2020,8,2020-08,2662.52,32.8,0.2588,-0.3936,2263.4,2341.75,0.98,1,1
LJ500_R119_C079,700750,9560750,2020,8,2020-08,2115.91,17.82,0.7681,-0.3348,89.91,123.83,1,1,1
LJ500_R122_C070,696250,9562250,2020,8,2020-08,2147.39,5.9213,0.1833,0.5344,8,77.66,1,1,1
LJ500_R125_C065,693750,9563750,2020,8,2020-08,2306.59,16.23,-0.3146,0.9013,519.8,140,0.98,1,1
LJ500_R131_C053,687750,9566750,2020,8,2020-08,1857.8,21.06,0.1985,-0.6097,1253.97,718.41,0.98,1,1
LJ500_R132_C080,701250,9567250,2020,8,2020-08,2633.64,23.79,0.5886,0.4698,1349.1,267.51,0.98,1,1
LJ500_R138_C087,704750,9570250,2020,8,2020-08,2135.26,33.65,0.3321,-0.708,520.85,1649.83,1,1,1
LJ500_R142_C071,696750,9572250,2020,8,2020-08,2116.51,26.49,-0.1667,0.1456,119.12,285.97,0.9604,1,1
LJ500_R145_C054,688250,9573750,2020,8,2020-08,2843.37,16.76,-0.4861,0.103,1841.2,1633.03,0.98,1,1
LJ500_R147_C083,702750,9574750,2020,8,2020-08,2315.88,21.17,-0.5859,0.1455,541.56,1299.06,0.98,1,1
LJ500_R156_C028,675250,9579250,2020,8,2020-08,2312.5,31.55,-0.2856,-0.5531,2283.58,1587.48,1,1,1
LJ500_R156_C067,694750,9579250,2020,8,2020-08,2329.91,32.93,-0.2221,-0.6634,190.49,504.31,1,1,1
LJ500_R156_C079,700750,9579250,2020,8,2020-08,2863.93,23.4,-0.5845,-0.0295,2424.87,4385.2,1,1,1
LJ500_R157_C009,665750,9579750,2020,8,2020-08,1194.66,24.24,0.4562,0.415,272.1,1131.02,0.98,1,1
LJ500_R158_C065,693750,9580250,2020,8,2020-08,2368.29,33.75,-0.3608,0.7344,654.7,265.1,0.98,1,1
LJ500_R160_C074,698250,9581250,2020,8,2020-08,2563.93,21.97,0.0816,-0.5437,1840.78,3751,0.9604,1,1
LJ500_R161_C066,694250,9581750,2020,8,2020-08,2182.48,26.29,-0.0873,-0.1268,123.12,99.83,1,1,1
LJ500_R164_C043,682750,9583250,2020,8,2020-08,3056.29,24.94,0.0987,-0.2925,1203.99,115.31,1,1,1
LJ500_R164_C059,690750,9583250,2020,8,2020-08,3105,18.29,-0.7924,-0.5136,2202.73,1700.59,0.98,1,1
LJ500_R166_C072,697250,9584250,2020,8,2020-08,2703.72,23.69,-0.1855,-0.6705,3258.83,3426.37,0.98,1,1
LJ500_R167_C067,694750,9584750,2020,8,2020-08,2436.62,24.15,0.376,-0.4321,1786.06,1277.5,1,1,1
LJ500_R168_C045,683750,9585250,2020,8,2020-08,3119.59,16.2,0.1488,0.3374,2527.85,1693.09,1,1,1
LJ500_R173_C033,677750,9587750,2020,8,2020-08,3118.72,20.57,0.0846,0.4514,3964.85,4393.18,1,1,1
LJ500_R178_C063,692750,9590250,2020,8,2020-08,2701.84,14.62,-0.4474,-0.7489,2144.76,200,0.98,1,1
LJ500_R179_C046,684250,9590750,2020,8,2020-08,3463.75,23.67,-0.3683,0.7856,5199.04,3309.08,1,1,1
LJ500_R180_C071,696750,9591250,2020,8,2020-08,2990.12,23.96,-0.7064,-0.2605,4703.19,4260.28,0.98,1,1
LJ500_R183_C039,680750,9592750,2020,8,2020-08,3643.62,16.63,-0.2761,-0.6396,2614.73,6072.03,0.9185,0.7282,0.7282
LJ500_R184_C039,680750,9593250,2020,8,2020-08,3647.59,23.61,0.46,-0.4402,2517,6330.27,0.7082,1,1
LJ500_R184_C066,694250,9593250,2020,8,2020-08,3154.7,13.68,0.0763,-0.6214,1745.45,1739.66,0.9716,0.9972,0.9972
LJ500_R108_C065,693750,9555250,2020,9,2020-09,2608.83,32.12,-0.4848,-0.8746,,,0.5391,0,0
LJ500_R109_C088,705250,9555750,2020,9,2020-09,2662.52,32.8,0.2588,-0.3936,2263.4,2341.75,0.98,1,1
LJ500_R119_C079,700750,9560750,2020,9,2020-09,2115.91,17.82,0.7681,-0.3348,89.91,123.83,1,1,1
LJ500_R122_C070,696250,9562250,2020,9,2020-09,2147.39,5.9213,0.1833,0.5344,8,77.66,1,1,1
LJ500_R125_C065,693750,9563750,2020,9,2020-09,2306.59,16.23,-0.3146,0.9013,519.8,140,0.98,1,1
LJ500_R131_C053,687750,9566750,2020,9,2020-09,1857.8,21.06,0.1985,-0.6097,1253.97,718.41,0.98,1,1
LJ500_R132_C080,701250,9567250,2020,9,2020-09,2633.64,23.79,0.5886,0.4698,1349.1,267.51,0.98,1,1
LJ500_R138_C087,704750,9570250,2020,9,2020-09,2135.26,33.65,0.3321,-0.708,520.85,1649.83,1,1,1
LJ500_R142_C071,696750,9572250,2020,9,2020-09,2116.51,26.49,-0.1667,0.1456,119.12,285.97,0.9604,1,1
LJ500_R145_C054,688250,9573750,2020,9,2020-09,2843.37,16.76,-0.4861,0.103,1841.2,1633.03,0.98,1,1
LJ500_R147_C083,702750,9574750,2020,9,2020-09,2315.88,21.17,-0.5859,0.1455,541.56,1299.06,0.98,1,1
LJ500_R156_C028,675250,9579250,2020,9,2020-09,2312.5,31.55,-0.2856,-0.5531,2283.58,1587.48,1,1,1
LJ500_R156_C067,694750,9579250,2020,9,2020-09,2329.91,32.93,-0.2221,-0.6634,190.49,504.31,1,1,1
LJ500_R156_C079,700750,9579250,2020,9,2020-09,2863.93,23.4,-0.5845,-0.0295,2424.87,4385.2,1,1,1
LJ500_R157_C009,665750,9579750,2020,9,2020-09,1194.66,24.24,0.4562,0.415,272.1,1131.02,0.98,1,1
LJ500_R158_C065,693750,9580250,2020,9,2020-09,2368.29,33.75,-0.3608,0.7344,654.7,265.1,0.98,1,1
LJ500_R160_C074,698250,9581250,2020,9,2020-09,2563.93,21.97,0.0816,-0.5437,1840.78,3751,0.9604,1,1
LJ500_R161_C066,694250,9581750,2020,9,2020-09,2182.48,26.29,-0.0873,-0.1268,123.12,99.83,1,1,1
LJ500_R164_C043,682750,9583250,2020,9,2020-09,3056.29,24.94,0.0987,-0.2925,1203.99,115.31,1,1,1
LJ500_R164_C059,690750,9583250,2020,9,2020-09,3105,18.29,-0.7924,-0.5136,2202.73,1700.59,0.98,1,1
LJ500_R166_C072,697250,9584250,2020,9,2020-09,2703.72,23.69,-0.1855,-0.6705,3258.83,3426.37,0.98,1,1
LJ500_R167_C067,694750,9584750,2020,9,2020-09,2436.62,24.15,0.376,-0.4321,1786.06,1277.5,1,1,1
LJ500_R168_C045,683750,9585250,2020,9,2020-09,3119.59,16.2,0.1488,0.3374,2527.85,1693.09,1,1,1
LJ500_R173_C033,677750,9587750,2020,9,2020-09,3118.72,20.57,0.0846,0.4514,3964.85,4393.18,1,1,1
LJ500_R178_C063,692750,9590250,2020,9,2020-09,2701.84,14.62,-0.4474,-0.7489,2144.76,200,0.98,1,1
LJ500_R179_C046,684250,9590750,2020,9,2020-09,3463.75,23.67,-0.3683,0.7856,5199.04,3309.08,1,1,1
LJ500_R180_C071,696750,9591250,2020,9,2020-09,2990.12,23.96,-0.7064,-0.2605,4703.19,4260.28,0.98,1,1
LJ500_R183_C039,680750,9592750,2020,9,2020-09,3643.62,16.63,-0.2761,-0.6396,2614.73,6072.03,0.9185,0.7282,0.7282
LJ500_R184_C039,680750,9593250,2020,9,2020-09,3647.59,23.61,0.46,-0.4402,2517,6330.27,0.7082,1,1
LJ500_R184_C066,694250,9593250,2020,9,2020-09,3154.7,13.68,0.0763,-0.6214,1745.45,1739.66,0.9716,0.9972,0.9972
LJ500_R108_C065,693750,9555250,2020,10,2020-10,2608.83,32.12,-0.4848,-0.8746,,,0.5391,0,0
LJ500_R109_C088,705250,9555750,2020,10,2020-10,2662.52,32.8,0.2588,-0.3936,2263.4,2341.75,0.98,1,1
LJ500_R119_C079,700750,9560750,2020,10,2020-10,2115.91,17.82,0.7681,-0.3348,89.91,123.83,1,1,1
LJ500_R122_C070,696250,9562250,2020,10,2020-10,2147.39,5.9213,0.1833,0.5344,8,77.66,1,1,1
LJ500_R125_C065,693750,9563750,2020,10,2020-10,2306.59,16.23,-0.3146,0.9013,519.8,140,0.98,1,1
LJ500_R131_C053,687750,9566750,2020,10,2020-10,1857.8,21.06,0.1985,-0.6097,1253.97,718.41,0.98,1,1
LJ500_R132_C080,701250,9567250,2020,10,2020-10,2633.64,23.79,0.5886,0.4698,1349.1,267.51,0.98,1,1
LJ500_R138_C087,704750,9570250,2020,10,2020-10,2135.26,33.65,0.3321,-0.708,520.85,1649.83,1,1,1
LJ500_R142_C071,696750,9572250,2020,10,2020-10,2116.51,26.49,-0.1667,0.1456,119.12,285.97,0.9604,1,1
LJ500_R145_C054,688250,9573750,2020,10,2020-10,2843.37,16.76,-0.4861,0.103,1841.2,1633.03,0.98,1,1
LJ500_R147_C083,702750,9574750,2020,10,2020-10,2315.88,21.17,-0.5859,0.1455,541.56,1299.06,0.98,1,1
LJ500_R156_C028,675250,9579250,2020,10,2020-10,2312.5,31.55,-0.2856,-0.5531,2283.58,1587.48,1,1,1
LJ500_R156_C067,694750,9579250,2020,10,2020-10,2329.91,32.93,-0.2221,-0.6634,190.49,504.31,1,1,1
LJ500_R156_C079,700750,9579250,2020,10,2020-10,2863.93,23.4,-0.5845,-0.0295,2424.87,4385.2,1,1,1
LJ500_R157_C009,665750,9579750,2020,10,2020-10,1194.66,24.24,0.4562,0.415,272.1,1131.02,0.98,1,1
LJ500_R158_C065,693750,9580250,2020,10,2020-10,2368.29,33.75,-0.3608,0.7344,654.7,265.1,0.98,1,1
LJ500_R160_C074,698250,9581250,2020,10,2020-10,2563.93,21.97,0.0816,-0.5437,1840.78,3751,0.9604,1,1
LJ500_R161_C066,694250,9581750,2020,10,2020-10,2182.48,26.29,-0.0873,-0.1268,123.12,99.83,1,1,1
LJ500_R164_C043,682750,9583250,2020,10,2020-10,3056.29,24.94,0.0987,-0.2925,1203.99,115.31,1,1,1
LJ500_R164_C059,690750,9583250,2020,10,2020-10,3105,18.29,-0.7924,-0.5136,2202.73,1700.59,0.98,1,1
LJ500_R166_C072,697250,9584250,2020,10,2020-10,2703.72,23.69,-0.1855,-0.6705,3258.83,3426.37,0.98,1,1
LJ500_R167_C067,694750,9584750,2020,10,2020-10,2436.62,24.15,0.376,-0.4321,1786.06,1277.5,1,1,1
LJ500_R168_C045,683750,9585250,2020,10,2020-10,3119.59,16.2,0.1488,0.3374,2527.85,1693.09,1,1,1
LJ500_R173_C033,677750,9587750,2020,10,2020-10,3118.72,20.57,0.0846,0.4514,3964.85,4393.18,1,1,1
LJ500_R178_C063,692750,9590250,2020,10,2020-10,2701.84,14.62,-0.4474,-0.7489,2144.76,200,0.98,1,1
LJ500_R179_C046,684250,9590750,2020,10,2020-10,3463.75,23.67,-0.3683,0.7856,5199.04,3309.08,1,1,1
LJ500_R180_C071,696750,9591250,2020,10,2020-10,2990.12,23.96,-0.7064,-0.2605,4703.19,4260.28,0.98,1,1
LJ500_R183_C039,680750,9592750,2020,10,2020-10,3643.62,16.63,-0.2761,-0.6396,2614.73,6072.03,0.9185,0.7282,0.7282
LJ500_R184_C039,680750,9593250,2020,10,2020-10,3647.59,23.61,0.46,-0.4402,2517,6330.27,0.7082,1,1
LJ500_R184_C066,694250,9593250,2020,10,2020-10,3154.7,13.68,0.0763,-0.6214,1745.45,1739.66,0.9716,0.9972,0.9972
LJ500_R108_C065,693750,9555250,2020,11,2020-11,2608.83,32.12,-0.4848,-0.8746,,,0.5391,0,0
LJ500_R109_C088,705250,9555750,2020,11,2020-11,2662.52,32.8,0.2588,-0.3936,2263.4,2341.75,0.98,1,1
LJ500_R119_C079,700750,9560750,2020,11,2020-11,2115.91,17.82,0.7681,-0.3348,89.91,123.83,1,1,1
LJ500_R122_C070,696250,9562250,2020,11,2020-11,2147.39,5.9213,0.1833,0.5344,8,77.66,1,1,1
LJ500_R125_C065,693750,9563750,2020,11,2020-11,2306.59,16.23,-0.3146,0.9013,519.8,140,0.98,1,1
LJ500_R131_C053,687750,9566750,2020,11,2020-11,1857.8,21.06,0.1985,-0.6097,1253.97,718.41,0.98,1,1
LJ500_R132_C080,701250,9567250,2020,11,2020-11,2633.64,23.79,0.5886,0.4698,1349.1,267.51,0.98,1,1
LJ500_R138_C087,704750,9570250,2020,11,2020-11,2135.26,33.65,0.3321,-0.708,520.85,1649.83,1,1,1
LJ500_R142_C071,696750,9572250,2020,11,2020-11,2116.51,26.49,-0.1667,0.1456,119.12,285.97,0.9604,1,1
LJ500_R145_C054,688250,9573750,2020,11,2020-11,2843.37,16.76,-0.4861,0.103,1841.2,1633.03,0.98,1,1
LJ500_R147_C083,702750,9574750,2020,11,2020-11,2315.88,21.17,-0.5859,0.1455,541.56,1299.06,0.98,1,1
LJ500_R156_C028,675250,9579250,2020,11,2020-11,2312.5,31.55,-0.2856,-0.5531,2283.58,1587.48,1,1,1
LJ500_R156_C067,694750,9579250,2020,11,2020-11,2329.91,32.93,-0.2221,-0.6634,190.49,504.31,1,1,1
LJ500_R156_C079,700750,9579250,2020,11,2020-11,2863.93,23.4,-0.5845,-0.0295,2424.87,4385.2,1,1,1
LJ500_R157_C009,665750,9579750,2020,11,2020-11,1194.66,24.24,0.4562,0.415,272.1,1131.02,0.98,1,1
LJ500_R158_C065,693750,9580250,2020,11,2020-11,2368.29,33.75,-0.3608,0.7344,654.7,265.1,0.98,1,1
LJ500_R160_C074,698250,9581250,2020,11,2020-11,2563.93,21.97,0.0816,-0.5437,1840.78,3751,0.9604,1,1
LJ500_R161_C066,694250,9581750,2020,11,2020-11,2182.48,26.29,-0.0873,-0.1268,123.12,99.83,1,1,1
LJ500_R164_C043,682750,9583250,2020,11,2020-11,3056.29,24.94,0.0987,-0.2925,1203.99,115.31,1,1,1
LJ500_R164_C059,690750,9583250,2020,11,2020-11,3105,18.29,-0.7924,-0.5136,2202.73,1700.59,0.98,1,1
LJ500_R166_C072,697250,9584250,2020,11,2020-11,2703.72,23.69,-0.1855,-0.6705,3258.83,3426.37,0.98,1,1
LJ500_R167_C067,694750,9584750,2020,11,2020-11,2436.62,24.15,0.376,-0.4321,1786.06,1277.5,1,1,1
LJ500_R168_C045,683750,9585250,2020,11,2020-11,3119.59,16.2,0.1488,0.3374,2527.85,1693.09,1,1,1
LJ500_R173_C033,677750,9587750,2020,11,2020-11,3118.72,20.57,0.0846,0.4514,3964.85,4393.18,1,1,1
LJ500_R178_C063,692750,9590250,2020,11,2020-11,2701.84,14.62,-0.4474,-0.7489,2144.76,200,0.98,1,1
LJ500_R179_C046,684250,9590750,2020,11,2020-11,3463.75,23.67,-0.3683,0.7856,5199.04,3309.08,1,1,1
LJ500_R180_C071,696750,9591250,2020,11,2020-11,2990.12,23.96,-0.7064,-0.2605,4703.19,4260.28,0.98,1,1
LJ500_R183_C039,680750,9592750,2020,11,2020-11,3643.62,16.63,-0.2761,-0.6396,2614.73,6072.03,0.9185,0.7282,0.7282
LJ500_R184_C039,680750,9593250,2020,11,2020-11,3647.59,23.61,0.46,-0.4402,2517,6330.27,0.7082,1,1
LJ500_R184_C066,694250,9593250,2020,11,2020-11,3154.7,13.68,0.0763,-0.6214,1745.45,1739.66,0.9716,0.9972,0.9972
LJ500_R108_C065,693750,9555250,2020,12,2020-12,2608.83,32.12,-0.4848,-0.8746,,,0.5391,0,0
LJ500_R109_C088,705250,9555750,2020,12,2020-12,2662.52,32.8,0.2588,-0.3936,2263.4,2341.75,0.98,1,1
LJ500_R119_C079,700750,9560750,2020,12,2020-12,2115.91,17.82,0.7681,-0.3348,89.91,123.83,1,1,1
LJ500_R122_C070,696250,9562250,2020,12,2020-12,2147.39,5.9213,0.1833,0.5344,8,77.66,1,1,1
LJ500_R125_C065,693750,9563750,2020,12,2020-12,2306.59,16.23,-0.3146,0.9013,519.8,140,0.98,1,1
LJ500_R131_C053,687750,9566750,2020,12,2020-12,1857.8,21.06,0.1985,-0.6097,1253.97,718.41,0.98,1,1
LJ500_R132_C080,701250,9567250,2020,12,2020-12,2633.64,23.79,0.5886,0.4698,1349.1,267.51,0.98,1,1
LJ500_R138_C087,704750,9570250,2020,12,2020-12,2135.26,33.65,0.3321,-0.708,520.85,1649.83,1,1,1
LJ500_R142_C071,696750,9572250,2020,12,2020-12,2116.51,26.49,-0.1667,0.1456,119.12,285.97,0.9604,1,1
LJ500_R145_C054,688250,9573750,2020,12,2020-12,2843.37,16.76,-0.4861,0.103,1841.2,1633.03,0.98,1,1
LJ500_R147_C083,702750,9574750,2020,12,2020-12,2315.88,21.17,-0.5859,0.1455,541.56,1299.06,0.98,1,1
LJ500_R156_C028,675250,9579250,2020,12,2020-12,2312.5,31.55,-0.2856,-0.5531,2283.58,1587.48,1,1,1
LJ500_R156_C067,694750,9579250,2020,12,2020-12,2329.91,32.93,-0.2221,-0.6634,190.49,504.31,1,1,1
LJ500_R156_C079,700750,9579250,2020,12,2020-12,2863.93,23.4,-0.5845,-0.0295,2424.87,4385.2,1,1,1
LJ500_R157_C009,665750,9579750,2020,12,2020-12,1194.66,24.24,0.4562,0.415,272.1,1131.02,0.98,1,1
LJ500_R158_C065,693750,9580250,2020,12,2020-12,2368.29,33.75,-0.3608,0.7344,654.7,265.1,0.98,1,1
LJ500_R160_C074,698250,9581250,2020,12,2020-12,2563.93,21.97,0.0816,-0.5437,1840.78,3751,0.9604,1,1
LJ500_R161_C066,694250,9581750,2020,12,2020-12,2182.48,26.29,-0.0873,-0.1268,123.12,99.83,1,1,1
LJ500_R164_C043,682750,9583250,2020,12,2020-12,3056.29,24.94,0.0987,-0.2925,1203.99,115.31,1,1,1
LJ500_R164_C059,690750,9583250,2020,12,2020-12,3105,18.29,-0.7924,-0.5136,2202.73,1700.59,0.98,1,1
LJ500_R166_C072,697250,9584250,2020,12,2020-12,2703.72,23.69,-0.1855,-0.6705,3258.83,3426.37,0.98,1,1
LJ500_R167_C067,694750,9584750,2020,12,2020-12,2436.62,24.15,0.376,-0.4321,1786.06,1277.5,1,1,1
LJ500_R168_C045,683750,9585250,2020,12,2020-12,3119.59,16.2,0.1488,0.3374,2527.85,1693.09,1,1,1
LJ500_R173_C033,677750,9587750,2020,12,2020-12,3118.72,20.57,0.0846,0.4514,3964.85,4393.18,1,1,1
LJ500_R178_C063,692750,9590250,2020,12,2020-12,2701.84,14.62,-0.4474,-0.7489,2144.76,200,0.98,1,1
LJ500_R179_C046,684250,9590750,2020,12,2020-12,3463.75,23.67,-0.3683,0.7856,5199.04,3309.08,1,1,1
LJ500_R180_C071,696750,9591250,2020,12,2020-12,2990.12,23.96,-0.7064,-0.2605,4703.19,4260.28,0.98,1,1
LJ500_R183_C039,680750,9592750,2020,12,2020-12,3643.62,16.63,-0.2761,-0.6396,2614.73,6072.03,0.9185,0.7282,0.7282
LJ500_R184_C039,680750,9593250,2020,12,2020-12,3647.59,23.61,0.46,-0.4402,2517,6330.27,0.7082,1,1
LJ500_R184_C066,694250,9593250,2020,12,2020-12,3154.7,13.68,0.0763,-0.6214,1745.45,1739.66,0.9716,0.9972,0.9972
LJ500_R108_C065,693750,9555250,2021,1,2021-01,2608.83,32.12,-0.4848,-0.8746,,,0.5391,0,0
LJ500_R109_C088,705250,9555750,2021,1,2021-01,2662.52,32.8,0.2588,-0.3936,2263.4,2341.75,0.98,1,1
LJ500_R119_C079,700750,9560750,2021,1,2021-01,2115.91,17.82,0.7681,-0.3348,89.91,123.83,1,1,1
LJ500_R122_C070,696250,9562250,2021,1,2021-01,2147.39,5.9213,0.1833,0.5344,8,77.66,1,1,1
LJ500_R125_C065,693750,9563750,2021,1,2021-01,2306.59,16.23,-0.3146,0.9013,519.8,140,0.98,1,1
LJ500_R131_C053,687750,9566750,2021,1,2021-01,1857.8,21.06,0.1985,-0.6097,1253.97,718.41,0.98,1,1
LJ500_R132_C080,701250,9567250,2021,1,2021-01,2633.64,23.79,0.5886,0.4698,1349.1,267.51,0.98,1,1
LJ500_R138_C087,704750,9570250,2021,1,2021-01,2135.26,33.65,0.3321,-0.708,520.85,1649.83,1,1,1
LJ500_R142_C071,696750,9572250,2021,1,2021-01,2116.51,26.49,-0.1667,0.1456,119.12,285.97,0.9604,1,1
LJ500_R145_C054,688250,9573750,2021,1,2021-01,2843.37,16.76,-0.4861,0.103,1841.2,1633.03,0.98,1,1
LJ500_R147_C083,702750,9574750,2021,1,2021-01,2315.88,21.17,-0.5859,0.1455,541.56,1299.06,0.98,1,1
LJ500_R156_C028,675250,9579250,2021,1,2021-01,2312.5,31.55,-0.2856,-0.5531,2283.58,1587.48,1,1,1
LJ500_R156_C067,694750,9579250,2021,1,2021-01,2329.91,32.93,-0.2221,-0.6634,190.49,504.31,1,1,1
LJ500_R156_C079,700750,9579250,2021,1,2021-01,2863.93,23.4,-0.5845,-0.0295,2424.87,4385.2,1,1,1
LJ500_R157_C009,665750,9579750,2021,1,2021-01,1194.66,24.24,0.4562,0.415,272.1,1131.02,0.98,1,1
LJ500_R158_C065,693750,9580250,2021,1,2021-01,2368.29,33.75,-0.3608,0.7344,654.7,265.1,0.98,1,1
LJ500_R160_C074,698250,9581250,2021,1,2021-01,2563.93,21.97,0.0816,-0.5437,1840.78,3751,0.9604,1,1
LJ500_R161_C066,694250,9581750,2021,1,2021-01,2182.48,26.29,-0.0873,-0.1268,123.12,99.83,1,1,1
LJ500_R164_C043,682750,9583250,2021,1,2021-01,3056.29,24.94,0.0987,-0.2925,1203.99,115.31,1,1,1
LJ500_R164_C059,690750,9583250,2021,1,2021-01,3105,18.29,-0.7924,-0.5136,2202.73,1700.59,0.98,1,1
LJ500_R166_C072,697250,9584250,2021,1,2021-01,2703.72,23.69,-0.1855,-0.6705,3258.83,3426.37,0.98,1,1
LJ500_R167_C067,694750,9584750,2021,1,2021-01,2436.62,24.15,0.376,-0.4321,1786.06,1277.5,1,1,1
LJ500_R168_C045,683750,9585250,2021,1,2021-01,3119.59,16.2,0.1488,0.3374,2527.85,1693.09,1,1,1
LJ500_R173_C033,677750,9587750,2021,1,2021-01,3118.72,20.57,0.0846,0.4514,3964.85,4393.18,1,1,1
LJ500_R178_C063,692750,9590250,2021,1,2021-01,2701.84,14.62,-0.4474,-0.7489,2144.76,200,0.98,1,1
LJ500_R179_C046,684250,9590750,2021,1,2021-01,3463.75,23.67,-0.3683,0.7856,5199.04,3309.08,1,1,1
LJ500_R180_C071,696750,9591250,2021,1,2021-01,2990.12,23.96,-0.7064,-0.2605,4703.19,4260.28,0.98,1,1
LJ500_R183_C039,680750,9592750,2021,1,2021-01,3643.62,16.63,-0.2761,-0.6396,2614.73,6072.03,0.9185,0.7282,0.7282
LJ500_R184_C039,680750,9593250,2021,1,2021-01,3647.59,23.61,0.46,-0.4402,2517,6330.27,0.7082,1,1
LJ500_R184_C066,694250,9593250,2021,1,2021-01,3154.7,13.68,0.0763,-0.6214,1745.45,1739.66,0.9716,0.9972,0.9972
LJ500_R108_C065,693750,9555250,2021,2,2021-02,2608.83,32.12,-0.4848,-0.8746,,,0.5391,0,0
LJ500_R109_C088,705250,9555750,2021,2,2021-02,2662.52,32.8,0.2588,-0.3936,2263.4,2341.75,0.98,1,1
LJ500_R119_C079,700750,9560750,2021,2,2021-02,2115.91,17.82,0.7681,-0.3348,89.91,123.83,1,1,1
LJ500_R122_C070,696250,9562250,2021,2,2021-02,2147.39,5.9213,0.1833,0.5344,8,77.66,1,1,1
LJ500_R125_C065,693750,9563750,2021,2,2021-02,2306.59,16.23,-0.3146,0.9013,519.8,140,0.98,1,1
LJ500_R131_C053,687750,9566750,2021,2,2021-02,1857.8,21.06,0.1985,-0.6097,1253.97,718.41,0.98,1,1
LJ500_R132_C080,701250,9567250,2021,2,2021-02,2633.64,23.79,0.5886,0.4698,1349.1,267.51,0.98,1,1
LJ500_R138_C087,704750,9570250,2021,2,2021-02,2135.26,33.65,0.3321,-0.708,520.85,1649.83,1,1,1
LJ500_R142_C071,696750,9572250,2021,2,2021-02,2116.51,26.49,-0.1667,0.1456,119.12,285.97,0.9604,1,1
LJ500_R145_C054,688250,9573750,2021,2,2021-02,2843.37,16.76,-0.4861,0.103,1841.2,1633.03,0.98,1,1
LJ500_R147_C083,702750,9574750,2021,2,2021-02,2315.88,21.17,-0.5859,0.1455,541.56,1299.06,0.98,1,1
LJ500_R156_C028,675250,9579250,2021,2,2021-02,2312.5,31.55,-0.2856,-0.5531,2283.58,1587.48,1,1,1
LJ500_R156_C067,694750,9579250,2021,2,2021-02,2329.91,32.93,-0.2221,-0.6634,190.49,504.31,1,1,1
LJ500_R156_C079,700750,9579250,2021,2,2021-02,2863.93,23.4,-0.5845,-0.0295,2424.87,4385.2,1,1,1
LJ500_R157_C009,665750,9579750,2021,2,2021-02,1194.66,24.24,0.4562,0.415,272.1,1131.02,0.98,1,1
LJ500_R158_C065,693750,9580250,2021,2,2021-02,2368.29,33.75,-0.3608,0.7344,654.7,265.1,0.98,1,1
LJ500_R160_C074,698250,9581250,2021,2,2021-02,2563.93,21.97,0.0816,-0.5437,1840.78,3751,0.9604,1,1
LJ500_R161_C066,694250,9581750,2021,2,2021-02,2182.48,26.29,-0.0873,-0.1268,123.12,99.83,1,1,1
LJ500_R164_C043,682750,9583250,2021,2,2021-02,3056.29,24.94,0.0987,-0.2925,1203.99,115.31,1,1,1
LJ500_R164_C059,690750,9583250,2021,2,2021-02,3105,18.29,-0.7924,-0.5136,2202.73,1700.59,0.98,1,1
LJ500_R166_C072,697250,9584250,2021,2,2021-02,2703.72,23.69,-0.1855,-0.6705,3258.83,3426.37,0.98,1,1
LJ500_R167_C067,694750,9584750,2021,2,2021-02,2436.62,24.15,0.376,-0.4321,1786.06,1277.5,1,1,1
LJ500_R168_C045,683750,9585250,2021,2,2021-02,3119.59,16.2,0.1488,0.3374,2527.85,1693.09,1,1,1
LJ500_R173_C033,677750,9587750,2021,2,2021-02,3118.72,20.57,0.0846,0.4514,3964.85,4393.18,1,1,1
LJ500_R178_C063,692750,9590250,2021,2,2021-02,2701.84,14.62,-0.4474,-0.7489,2144.76,200,0.98,1,1
LJ500_R179_C046,684250,9590750,2021,2,2021-02,3463.75,23.67,-0.3683,0.7856,5199.04,3309.08,1,1,1
LJ500_R180_C071,696750,9591250,2021,2,2021-02,2990.12,23.96,-0.7064,-0.2605,4703.19,4260.28,0.98,1,1
LJ500_R183_C039,680750,9592750,2021,2,2021-02,3643.62,16.63,-0.2761,-0.6396,2614.73,6072.03,0.9185,0.7282,0.7282
LJ500_R184_C039,680750,9593250,2021,2,2021-02,3647.59,23.61,0.46,-0.4402,2517,6330.27,0.7082,1,1
LJ500_R184_C066,694250,9593250,2021,2,2021-02,3154.7,13.68,0.0763,-0.6214,1745.45,1739.66,0.9716,0.9972,0.9972
LJ500_R108_C065,693750,9555250,2021,3,2021-03,2608.83,32.12,-0.4848,-0.8746,,,0.5391,0,0
LJ500_R109_C088,705250,9555750,2021,3,2021-03,2662.52,32.8,0.2588,-0.3936,2263.4,2341.75,0.98,1,1
LJ500_R119_C079,700750,9560750,2021,3,2021-03,2115.91,17.82,0.7681,-0.3348,89.91,123.83,1,1,1
LJ500_R122_C070,696250,9562250,2021,3,2021-03,2147.39,5.9213,0.1833,0.5344,8,77.66,1,1,1
LJ500_R125_C065,693750,9563750,2021,3,2021-03,2306.59,16.23,-0.3146,0.9013,519.8,140,0.98,1,1
LJ500_R131_C053,687750,9566750,2021,3,2021-03,1857.8,21.06,0.1985,-0.6097,1253.97,718.41,0.98,1,1
LJ500_R132_C080,701250,9567250,2021,3,2021-03,2633.64,23.79,0.5886,0.4698,1349.1,267.51,0.98,1,1
LJ500_R138_C087,704750,9570250,2021,3,2021-03,2135.26,33.65,0.3321,-0.708,520.85,1649.83,1,1,1
LJ500_R142_C071,696750,9572250,2021,3,2021-03,2116.51,26.49,-0.1667,0.1456,119.12,285.97,0.9604,1,1
LJ500_R145_C054,688250,9573750,2021,3,2021-03,2843.37,16.76,-0.4861,0.103,1841.2,1633.03,0.98,1,1
LJ500_R147_C083,702750,9574750,2021,3,2021-03,2315.88,21.17,-0.5859,0.1455,541.56,1299.06,0.98,1,1
LJ500_R156_C028,675250,9579250,2021,3,2021-03,2312.5,31.55,-0.2856,-0.5531,2283.58,1587.48,1,1,1
LJ500_R156_C067,694750,9579250,2021,3,2021-03,2329.91,32.93,-0.2221,-0.6634,190.49,504.31,1,1,1
LJ500_R156_C079,700750,9579250,2021,3,2021-03,2863.93,23.4,-0.5845,-0.0295,2424.87,4385.2,1,1,1
LJ500_R157_C009,665750,9579750,2021,3,2021-03,1194.66,24.24,0.4562,0.415,272.1,1131.02,0.98,1,1
LJ500_R158_C065,693750,9580250,2021,3,2021-03,2368.29,33.75,-0.3608,0.7344,654.7,265.1,0.98,1,1
LJ500_R160_C074,698250,9581250,2021,3,2021-03,2563.93,21.97,0.0816,-0.5437,1840.78,3751,0.9604,1,1
LJ500_R161_C066,694250,9581750,2021,3,2021-03,2182.48,26.29,-0.0873,-0.1268,123.12,99.83,1,1,1
LJ500_R164_C043,682750,9583250,2021,3,2021-03,3056.29,24.94,0.0987,-0.2925,1203.99,115.31,1,1,1
LJ500_R164_C059,690750,9583250,2021,3,2021-03,3105,18.29,-0.7924,-0.5136,2202.73,1700.59,0.98,1,1
LJ500_R166_C072,697250,9584250,2021,3,2021-03,2703.72,23.69,-0.1855,-0.6705,3258.83,3426.37,0.98,1,1
LJ500_R167_C067,694750,9584750,2021,3,2021-03,2436.62,24.15,0.376,-0.4321,1786.06,1277.5,1,1,1
LJ500_R168_C045,683750,9585250,2021,3,2021-03,3119.59,16.2,0.1488,0.3374,2527.85,1693.09,1,1,1
LJ500_R173_C033,677750,9587750,2021,3,2021-03,3118.72,20.57,0.0846,0.4514,3964.85,4393.18,1,1,1
LJ500_R178_C063,692750,9590250,2021,3,2021-03,2701.84,14.62,-0.4474,-0.7489,2144.76,200,0.98,1,1
LJ500_R179_C046,684250,9590750,2021,3,2021-03,3463.75,23.67,-0.3683,0.7856,5199.04,3309.08,1,1,1
LJ500_R180_C071,696750,9591250,2021,3,2021-03,2990.12,23.96,-0.7064,-0.2605,4703.19,4260.28,0.98,1,1
LJ500_R183_C039,680750,9592750,2021,3,2021-03,3643.62,16.63,-0.2761,-0.6396,2614.73,6072.03,0.9185,0.7282,0.7282
LJ500_R184_C039,680750,9593250,2021,3,2021-03,3647.59,23.61,0.46,-0.4402,2517,6330.27,0.7082,1,1
LJ500_R184_C066,694250,9593250,2021,3,2021-03,3154.7,13.68,0.0763,-0.6214,1745.45,1739.66,0.9716,0.9972,0.9972
LJ500_R108_C065,693750,9555250,2021,4,2021-04,2608.83,32.12,-0.4848,-0.8746,,,0.5391,0,0
LJ500_R109_C088,705250,9555750,2021,4,2021-04,2662.52,32.8,0.2588,-0.3936,2263.4,2341.75,0.98,1,1
LJ500_R119_C079,700750,9560750,2021,4,2021-04,2115.91,17.82,0.7681,-0.3348,89.91,123.83,1,1,1
LJ500_R122_C070,696250,9562250,2021,4,2021-04,2147.39,5.9213,0.1833,0.5344,8,77.66,1,1,1
LJ500_R125_C065,693750,9563750,2021,4,2021-04,2306.59,16.23,-0.3146,0.9013,519.8,140,0.98,1,1
LJ500_R131_C053,687750,9566750,2021,4,2021-04,1857.8,21.06,0.1985,-0.6097,1253.97,718.41,0.98,1,1
LJ500_R132_C080,701250,9567250,2021,4,2021-04,2633.64,23.79,0.5886,0.4698,1349.1,267.51,0.98,1,1
LJ500_R138_C087,704750,9570250,2021,4,2021-04,2135.26,33.65,0.3321,-0.708,520.85,1649.83,1,1,1
LJ500_R142_C071,696750,9572250,2021,4,2021-04,2116.51,26.49,-0.1667,0.1456,119.12,285.97,0.9604,1,1
LJ500_R145_C054,688250,9573750,2021,4,2021-04,2843.37,16.76,-0.4861,0.103,1841.2,1633.03,0.98,1,1
LJ500_R147_C083,702750,9574750,2021,4,2021-04,2315.88,21.17,-0.5859,0.1455,541.56,1299.06,0.98,1,1
LJ500_R156_C028,675250,9579250,2021,4,2021-04,2312.5,31.55,-0.2856,-0.5531,2283.58,1587.48,1,1,1
LJ500_R156_C067,694750,9579250,2021,4,2021-04,2329.91,32.93,-0.2221,-0.6634,190.49,504.31,1,1,1
LJ500_R156_C079,700750,9579250,2021,4,2021-04,2863.93,23.4,-0.5845,-0.0295,2424.87,4385.2,1,1,1
LJ500_R157_C009,665750,9579750,2021,4,2021-04,1194.66,24.24,0.4562,0.415,272.1,1131.02,0.98,1,1
LJ500_R158_C065,693750,9580250,2021,4,2021-04,2368.29,33.75,-0.3608,0.7344,654.7,265.1,0.98,1,1
LJ500_R160_C074,698250,9581250,2021,4,2021-04,2563.93,21.97,0.0816,-0.5437,1840.78,3751,0.9604,1,1
LJ500_R161_C066,694250,9581750,2021,4,2021-04,2182.48,26.29,-0.0873,-0.1268,123.12,99.83,1,1,1
LJ500_R164_C043,682750,9583250,2021,4,2021-04,3056.29,24.94,0.0987,-0.2925,1203.99,115.31,1,1,1
LJ500_R164_C059,690750,9583250,2021,4,2021-04,3105,18.29,-0.7924,-0.5136,2202.73,1700.59,0.98,1,1
LJ500_R166_C072,697250,9584250,2021,4,2021-04,2703.72,23.69,-0.1855,-0.6705,3258.83,3426.37,0.98,1,1
LJ500_R167_C067,694750,9584750,2021,4,2021-04,2436.62,24.15,0.376,-0.4321,1786.06,1277.5,1,1,1
LJ500_R168_C045,683750,9585250,2021,4,2021-04,3119.59,16.2,0.1488,0.3374,2527.85,1693.09,1,1,1
LJ500_R173_C033,677750,9587750,2021,4,2021-04,3118.72,20.57,0.0846,0.4514,3964.85,4393.18,1,1,1
LJ500_R178_C063,692750,9590250,2021,4,2021-04,2701.84,14.62,-0.4474,-0.7489,2144.76,200,0.98,1,1
LJ500_R179_C046,684250,9590750,2021,4,2021-04,3463.75,23.67,-0.3683,0.7856,5199.04,3309.08,1,1,1
LJ500_R180_C071,696750,9591250,2021,4,2021-04,2990.12,23.96,-0.7064,-0.2605,4703.19,4260.28,0.98,1,1
LJ500_R183_C039,680750,9592750,2021,4,2021-04,3643.62,16.63,-0.2761,-0.6396,2614.73,6072.03,0.9185,0.7282,0.7282
LJ500_R184_C039,680750,9593250,2021,4,2021-04,3647.59,23.61,0.46,-0.4402,2517,6330.27,0.7082,1,1
LJ500_R184_C066,694250,9593250,2021,4,2021-04,3154.7,13.68,0.0763,-0.6214,1745.45,1739.66,0.9716,0.9972,0.9972
LJ500_R108_C065,693750,9555250,2021,5,2021-05,2608.83,32.12,-0.4848,-0.8746,,,0.5391,0,0
LJ500_R109_C088,705250,9555750,2021,5,2021-05,2662.52,32.8,0.2588,-0.3936,2263.4,2341.75,0.98,1,1
LJ500_R119_C079,700750,9560750,2021,5,2021-05,2115.91,17.82,0.7681,-0.3348,89.91,123.83,1,1,1
LJ500_R122_C070,696250,9562250,2021,5,2021-05,2147.39,5.9213,0.1833,0.5344,8,77.66,1,1,1
LJ500_R125_C065,693750,9563750,2021,5,2021-05,2306.59,16.23,-0.3146,0.9013,519.8,140,0.98,1,1
LJ500_R131_C053,687750,9566750,2021,5,2021-05,1857.8,21.06,0.1985,-0.6097,1253.97,718.41,0.98,1,1
LJ500_R132_C080,701250,9567250,2021,5,2021-05,2633.64,23.79,0.5886,0.4698,1349.1,267.51,0.98,1,1
LJ500_R138_C087,704750,9570250,2021,5,2021-05,2135.26,33.65,0.3321,-0.708,520.85,1649.83,1,1,1
LJ500_R142_C071,696750,9572250,2021,5,2021-05,2116.51,26.49,-0.1667,0.1456,119.12,285.97,0.9604,1,1
LJ500_R145_C054,688250,9573750,2021,5,2021-05,2843.37,16.76,-0.4861,0.103,1841.2,1633.03,0.98,1,1
LJ500_R147_C083,702750,9574750,2021,5,2021-05,2315.88,21.17,-0.5859,0.1455,541.56,1299.06,0.98,1,1
LJ500_R156_C028,675250,9579250,2021,5,2021-05,2312.5,31.55,-0.2856,-0.5531,2283.58,1587.48,1,1,1
LJ500_R156_C067,694750,9579250,2021,5,2021-05,2329.91,32.93,-0.2221,-0.6634,190.49,504.31,1,1,1
LJ500_R156_C079,700750,9579250,2021,5,2021-05,2863.93,23.4,-0.5845,-0.0295,2424.87,4385.2,1,1,1
LJ500_R157_C009,665750,9579750,2021,5,2021-05,1194.66,24.24,0.4562,0.415,272.1,1131.02,0.98,1,1
LJ500_R158_C065,693750,9580250,2021,5,2021-05,2368.29,33.75,-0.3608,0.7344,654.7,265.1,0.98,1,1
LJ500_R160_C074,698250,9581250,2021,5,2021-05,2563.93,21.97,0.0816,-0.5437,1840.78,3751,0.9604,1,1
LJ500_R161_C066,694250,9581750,2021,5,2021-05,2182.48,26.29,-0.0873,-0.1268,123.12,99.83,1,1,1
LJ500_R164_C043,682750,9583250,2021,5,2021-05,3056.29,24.94,0.0987,-0.2925,1203.99,115.31,1,1,1
LJ500_R164_C059,690750,9583250,2021,5,2021-05,3105,18.29,-0.7924,-0.5136,2202.73,1700.59,0.98,1,1
LJ500_R166_C072,697250,9584250,2021,5,2021-05,2703.72,23.69,-0.1855,-0.6705,3258.83,3426.37,0.98,1,1
LJ500_R167_C067,694750,9584750,2021,5,2021-05,2436.62,24.15,0.376,-0.4321,1786.06,1277.5,1,1,1
LJ500_R168_C045,683750,9585250,2021,5,2021-05,3119.59,16.2,0.1488,0.3374,2527.85,1693.09,1,1,1
LJ500_R173_C033,677750,9587750,2021,5,2021-05,3118.72,20.57,0.0846,0.4514,3964.85,4393.18,1,1,1
LJ500_R178_C063,692750,9590250,2021,5,2021-05,2701.84,14.62,-0.4474,-0.7489,2144.76,200,0.98,1,1
LJ500_R179_C046,684250,9590750,2021,5,2021-05,3463.75,23.67,-0.3683,0.7856,5199.04,3309.08,1,1,1
LJ500_R180_C071,696750,9591250,2021,5,2021-05,2990.12,23.96,-0.7064,-0.2605,4703.19,4260.28,0.98,1,1
LJ500_R183_C039,680750,9592750,2021,5,2021-05,3643.62,16.63,-0.2761,-0.6396,2614.73,6072.03,0.9185,0.7282,0.7282
LJ500_R184_C039,680750,9593250,2021,5,2021-05,3647.59,23.61,0.46,-0.4402,2517,6330.27,0.7082,1,1
LJ500_R184_C066,694250,9593250,2021,5,2021-05,3154.7,13.68,0.0763,-0.6214,1745.45,1739.66,0.9716,0.9972,0.9972
LJ500_R108_C065,693750,9555250,2021,6,2021-06,2608.83,32.12,-0.4848,-0.8746,,,0.5391,0,0
LJ500_R109_C088,705250,9555750,2021,6,2021-06,2662.52,32.8,0.2588,-0.3936,2263.4,2341.75,0.98,1,1
LJ500_R119_C079,700750,9560750,2021,6,2021-06,2115.91,17.82,0.7681,-0.3348,89.91,123.83,1,1,1
LJ500_R122_C070,696250,9562250,2021,6,2021-06,2147.39,5.9213,0.1833,0.5344,8,77.66,1,1,1
LJ500_R125_C065,693750,9563750,2021,6,2021-06,2306.59,16.23,-0.3146,0.9013,519.8,140,0.98,1,1
LJ500_R131_C053,687750,9566750,2021,6,2021-06,1857.8,21.06,0.1985,-0.6097,1253.97,718.41,0.98,1,1
LJ500_R132_C080,701250,9567250,2021,6,2021-06,2633.64,23.79,0.5886,0.4698,1349.1,267.51,0.98,1,1
LJ500_R138_C087,704750,9570250,2021,6,2021-06,2135.26,33.65,0.3321,-0.708,520.85,1649.83,1,1,1
LJ500_R142_C071,696750,9572250,2021,6,2021-06,2116.51,26.49,-0.1667,0.1456,119.12,285.97,0.9604,1,1
LJ500_R145_C054,688250,9573750,2021,6,2021-06,2843.37,16.76,-0.4861,0.103,1841.2,1633.03,0.98,1,1
LJ500_R147_C083,702750,9574750,2021,6,2021-06,2315.88,21.17,-0.5859,0.1455,541.56,1299.06,0.98,1,1
LJ500_R156_C028,675250,9579250,2021,6,2021-06,2312.5,31.55,-0.2856,-0.5531,2283.58,1587.48,1,1,1
LJ500_R156_C067,694750,9579250,2021,6,2021-06,2329.91,32.93,-0.2221,-0.6634,190.49,504.31,1,1,1
LJ500_R156_C079,700750,9579250,2021,6,2021-06,2863.93,23.4,-0.5845,-0.0295,2424.87,4385.2,1,1,1
LJ500_R157_C009,665750,9579750,2021,6,2021-06,1194.66,24.24,0.4562,0.415,272.1,1131.02,0.98,1,1
LJ500_R158_C065,693750,9580250,2021,6,2021-06,2368.29,33.75,-0.3608,0.7344,654.7,265.1,0.98,1,1
LJ500_R160_C074,698250,9581250,2021,6,2021-06,2563.93,21.97,0.0816,-0.5437,1840.78,3751,0.9604,1,1
LJ500_R161_C066,694250,9581750,2021,6,2021-06,2182.48,26.29,-0.0873,-0.1268,123.12,99.83,1,1,1
LJ500_R164_C043,682750,9583250,2021,6,2021-06,3056.29,24.94,0.0987,-0.2925,1203.99,115.31,1,1,1
LJ500_R164_C059,690750,9583250,2021,6,2021-06,3105,18.29,-0.7924,-0.5136,2202.73,1700.59,0.98,1,1
LJ500_R166_C072,697250,9584250,2021,6,2021-06,2703.72,23.69,-0.1855,-0.6705,3258.83,3426.37,0.98,1,1
LJ500_R167_C067,694750,9584750,2021,6,2021-06,2436.62,24.15,0.376,-0.4321,1786.06,1277.5,1,1,1
LJ500_R168_C045,683750,9585250,2021,6,2021-06,3119.59,16.2,0.1488,0.3374,2527.85,1693.09,1,1,1
LJ500_R173_C033,677750,9587750,2021,6,2021-06,3118.72,20.57,0.0846,0.4514,3964.85,4393.18,1,1,1
LJ500_R178_C063,692750,9590250,2021,6,2021-06,2701.84,14.62,-0.4474,-0.7489,2144.76,200,0.98,1,1
LJ500_R179_C046,684250,9590750,2021,6,2021-06,3463.75,23.67,-0.3683,0.7856,5199.04,3309.08,1,1,1
LJ500_R180_C071,696750,9591250,2021,6,2021-06,2990.12,23.96,-0.7064,-0.2605,4703.19,4260.28,0.98,1,1
LJ500_R183_C039,680750,9592750,2021,6,2021-06,3643.62,16.63,-0.2761,-0.6396,2614.73,6072.03,0.9185,0.7282,0.7282
LJ500_R184_C039,680750,9593250,2021,6,2021-06,3647.59,23.61,0.46,-0.4402,2517,6330.27,0.7082,1,1
LJ500_R184_C066,694250,9593250,2021,6,2021-06,3154.7,13.68,0.0763,-0.6214,1745.45,1739.66,0.9716,0.9972,0.9972
LJ500_R108_C065,693750,9555250,2021,7,2021-07,2608.83,32.12,-0.4848,-0.8746,,,0.5391,0,0
LJ500_R109_C088,705250,9555750,2021,7,2021-07,2662.52,32.8,0.2588,-0.3936,2263.4,2341.75,0.98,1,1
LJ500_R119_C079,700750,9560750,2021,7,2021-07,2115.91,17.82,0.7681,-0.3348,89.91,123.83,1,1,1
LJ500_R122_C070,696250,9562250,2021,7,2021-07,2147.39,5.9213,0.1833,0.5344,8,77.66,1,1,1
LJ500_R125_C065,693750,9563750,2021,7,2021-07,2306.59,16.23,-0.3146,0.9013,519.8,140,0.98,1,1
LJ500_R131_C053,687750,9566750,2021,7,2021-07,1857.8,21.06,0.1985,-0.6097,1253.97,718.41,0.98,1,1
LJ500_R132_C080,701250,9567250,2021,7,2021-07,2633.64,23.79,0.5886,0.4698,1349.1,267.51,0.98,1,1
LJ500_R138_C087,704750,9570250,2021,7,2021-07,2135.26,33.65,0.3321,-0.708,520.85,1649.83,1,1,1
LJ500_R142_C071,696750,9572250,2021,7,2021-07,2116.51,26.49,-0.1667,0.1456,119.12,285.97,0.9604,1,1
LJ500_R145_C054,688250,9573750,2021,7,2021-07,2843.37,16.76,-0.4861,0.103,1841.2,1633.03,0.98,1,1
LJ500_R147_C083,702750,9574750,2021,7,2021-07,2315.88,21.17,-0.5859,0.1455,541.56,1299.06,0.98,1,1
LJ500_R156_C028,675250,9579250,2021,7,2021-07,2312.5,31.55,-0.2856,-0.5531,2283.58,1587.48,1,1,1
LJ500_R156_C067,694750,9579250,2021,7,2021-07,2329.91,32.93,-0.2221,-0.6634,190.49,504.31,1,1,1
LJ500_R156_C079,700750,9579250,2021,7,2021-07,2863.93,23.4,-0.5845,-0.0295,2424.87,4385.2,1,1,1
LJ500_R157_C009,665750,9579750,2021,7,2021-07,1194.66,24.24,0.4562,0.415,272.1,1131.02,0.98,1,1
LJ500_R158_C065,693750,9580250,2021,7,2021-07,2368.29,33.75,-0.3608,0.7344,654.7,265.1,0.98,1,1
LJ500_R160_C074,698250,9581250,2021,7,2021-07,2563.93,21.97,0.0816,-0.5437,1840.78,3751,0.9604,1,1
LJ500_R161_C066,694250,9581750,2021,7,2021-07,2182.48,26.29,-0.0873,-0.1268,123.12,99.83,1,1,1
LJ500_R164_C043,682750,9583250,2021,7,2021-07,3056.29,24.94,0.0987,-0.2925,1203.99,115.31,1,1,1
LJ500_R164_C059,690750,9583250,2021,7,2021-07,3105,18.29,-0.7924,-0.5136,2202.73,1700.59,0.98,1,1
LJ500_R166_C072,697250,9584250,2021,7,2021-07,2703.72,23.69,-0.1855,-0.6705,3258.83,3426.37,0.98,1,1
LJ500_R167_C067,694750,9584750,2021,7,2021-07,2436.62,24.15,0.376,-0.4321,1786.06,1277.5,1,1,1
LJ500_R168_C045,683750,9585250,2021,7,2021-07,3119.59,16.2,0.1488,0.3374,2527.85,1693.09,1,1,1
LJ500_R173_C033,677750,9587750,2021,7,2021-07,3118.72,20.57,0.0846,0.4514,3964.85,4393.18,1,1,1
LJ500_R178_C063,692750,9590250,2021,7,2021-07,2701.84,14.62,-0.4474,-0.7489,2144.76,200,0.98,1,1
LJ500_R179_C046,684250,9590750,2021,7,2021-07,3463.75,23.67,-0.3683,0.7856,5199.04,3309.08,1,1,1
LJ500_R180_C071,696750,9591250,2021,7,2021-07,2990.12,23.96,-0.7064,-0.2605,4703.19,4260.28,0.98,1,1
LJ500_R183_C039,680750,9592750,2021,7,2021-07,3643.62,16.63,-0.2761,-0.6396,2614.73,6072.03,0.9185,0.7282,0.7282
LJ500_R184_C039,680750,9593250,2021,7,2021-07,3647.59,23.61,0.46,-0.4402,2517,6330.27,0.7082,1,1
LJ500_R184_C066,694250,9593250,2021,7,2021-07,3154.7,13.68,0.0763,-0.6214,1745.45,1739.66,0.9716,0.9972,0.9972
LJ500_R108_C065,693750,9555250,2021,8,2021-08,2608.83,32.12,-0.4848,-0.8746,,,0.5391,0,0
LJ500_R109_C088,705250,9555750,2021,8,2021-08,2662.52,32.8,0.2588,-0.3936,2263.4,2341.75,0.98,1,1
LJ500_R119_C079,700750,9560750,2021,8,2021-08,2115.91,17.82,0.7681,-0.3348,89.91,123.83,1,1,1
LJ500_R122_C070,696250,9562250,2021,8,2021-08,2147.39,5.9213,0.1833,0.5344,8,77.66,1,1,1
LJ500_R125_C065,693750,9563750,2021,8,2021-08,2306.59,16.23,-0.3146,0.9013,519.8,140,0.98,1,1
LJ500_R131_C053,687750,9566750,2021,8,2021-08,1857.8,21.06,0.1985,-0.6097,1253.97,718.41,0.98,1,1
LJ500_R132_C080,701250,9567250,2021,8,2021-08,2633.64,23.79,0.5886,0.4698,1349.1,267.51,0.98,1,1
LJ500_R138_C087,704750,9570250,2021,8,2021-08,2135.26,33.65,0.3321,-0.708,520.85,1649.83,1,1,1
LJ500_R142_C071,696750,9572250,2021,8,2021-08,2116.51,26.49,-0.1667,0.1456,119.12,285.97,0.9604,1,1
LJ500_R145_C054,688250,9573750,2021,8,2021-08,2843.37,16.76,-0.4861,0.103,1841.2,1633.03,0.98,1,1
LJ500_R147_C083,702750,9574750,2021,8,2021-08,2315.88,21.17,-0.5859,0.1455,541.56,1299.06,0.98,1,1
LJ500_R156_C028,675250,9579250,2021,8,2021-08,2312.5,31.55,-0.2856,-0.5531,2283.58,1587.48,1,1,1
LJ500_R156_C067,694750,9579250,2021,8,2021-08,2329.91,32.93,-0.2221,-0.6634,190.49,504.31,1,1,1
LJ500_R156_C079,700750,9579250,2021,8,2021-08,2863.93,23.4,-0.5845,-0.0295,2424.87,4385.2,1,1,1
LJ500_R157_C009,665750,9579750,2021,8,2021-08,1194.66,24.24,0.4562,0.415,272.1,1131.02,0.98,1,1
LJ500_R158_C065,693750,9580250,2021,8,2021-08,2368.29,33.75,-0.3608,0.7344,654.7,265.1,0.98,1,1
LJ500_R160_C074,698250,9581250,2021,8,2021-08,2563.93,21.97,0.0816,-0.5437,1840.78,3751,0.9604,1,1
LJ500_R161_C066,694250,9581750,2021,8,2021-08,2182.48,26.29,-0.0873,-0.1268,123.12,99.83,1,1,1
LJ500_R164_C043,682750,9583250,2021,8,2021-08,3056.29,24.94,0.0987,-0.2925,1203.99,115.31,1,1,1
LJ500_R164_C059,690750,9583250,2021,8,2021-08,3105,18.29,-0.7924,-0.5136,2202.73,1700.59,0.98,1,1
LJ500_R166_C072,697250,9584250,2021,8,2021-08,2703.72,23.69,-0.1855,-0.6705,3258.83,3426.37,0.98,1,1
LJ500_R167_C067,694750,9584750,2021,8,2021-08,2436.62,24.15,0.376,-0.4321,1786.06,1277.5,1,1,1
LJ500_R168_C045,683750,9585250,2021,8,2021-08,3119.59,16.2,0.1488,0.3374,2527.85,1693.09,1,1,1
LJ500_R173_C033,677750,9587750,2021,8,2021-08,3118.72,20.57,0.0846,0.4514,3964.85,4393.18,1,1,1
LJ500_R178_C063,692750,9590250,2021,8,2021-08,2701.84,14.62,-0.4474,-0.7489,2144.76,200,0.98,1,1
LJ500_R179_C046,684250,9590750,2021,8,2021-08,3463.75,23.67,-0.3683,0.7856,5199.04,3309.08,1,1,1
LJ500_R180_C071,696750,9591250,2021,8,2021-08,2990.12,23.96,-0.7064,-0.2605,4703.19,4260.28,0.98,1,1
LJ500_R183_C039,680750,9592750,2021,8,2021-08,3643.62,16.63,-0.2761,-0.6396,2614.73,6072.03,0.9185,0.7282,0.7282
LJ500_R184_C039,680750,9593250,2021,8,2021-08,3647.59,23.61,0.46,-0.4402,2517,6330.27,0.7082,1,1
LJ500_R184_C066,694250,9593250,2021,8,2021-08,3154.7,13.68,0.0763,-0.6214,1745.45,1739.66,0.9716,0.9972,0.9972
LJ500_R108_C065,693750,9555250,2021,9,2021-09,2608.83,32.12,-0.4848,-0.8746,,,0.5391,0,0
LJ500_R109_C088,705250,9555750,2021,9,2021-09,2662.52,32.8,0.2588,-0.3936,2263.4,2341.75,0.98,1,1
LJ500_R119_C079,700750,9560750,2021,9,2021-09,2115.91,17.82,0.7681,-0.3348,89.91,123.83,1,1,1
LJ500_R122_C070,696250,9562250,2021,9,2021-09,2147.39,5.9213,0.1833,0.5344,8,77.66,1,1,1
LJ500_R125_C065,693750,9563750,2021,9,2021-09,2306.59,16.23,-0.3146,0.9013,519.8,140,0.98,1,1
LJ500_R131_C053,687750,9566750,2021,9,2021-09,1857.8,21.06,0.1985,-0.6097,1253.97,718.41,0.98,1,1
LJ500_R132_C080,701250,9567250,2021,9,2021-09,2633.64,23.79,0.5886,0.4698,1349.1,267.51,0.98,1,1
LJ500_R138_C087,704750,9570250,2021,9,2021-09,2135.26,33.65,0.3321,-0.708,520.85,1649.83,1,1,1
LJ500_R142_C071,696750,9572250,2021,9,2021-09,2116.51,26.49,-0.1667,0.1456,119.12,285.97,0.9604,1,1
LJ500_R145_C054,688250,9573750,2021,9,2021-09,2843.37,16.76,-0.4861,0.103,1841.2,1633.03,0.98,1,1
LJ500_R147_C083,702750,9574750,2021,9,2021-09,2315.88,21.17,-0.5859,0.1455,541.56,1299.06,0.98,1,1
LJ500_R156_C028,675250,9579250,2021,9,2021-09,2312.5,31.55,-0.2856,-0.5531,2283.58,1587.48,1,1,1
LJ500_R156_C067,694750,9579250,2021,9,2021-09,2329.91,32.93,-0.2221,-0.6634,190.49,504.31,1,1,1
LJ500_R156_C079,700750,9579250,2021,9,2021-09,2863.93,23.4,-0.5845,-0.0295,2424.87,4385.2,1,1,1
LJ500_R157_C009,665750,9579750,2021,9,2021-09,1194.66,24.24,0.4562,0.415,272.1,1131.02,0.98,1,1
LJ500_R158_C065,693750,9580250,2021,9,2021-09,2368.29,33.75,-0.3608,0.7344,654.7,265.1,0.98,1,1
LJ500_R160_C074,698250,9581250,2021,9,2021-09,2563.93,21.97,0.0816,-0.5437,1840.78,3751,0.9604,1,1
LJ500_R161_C066,694250,9581750,2021,9,2021-09,2182.48,26.29,-0.0873,-0.1268,123.12,99.83,1,1,1
LJ500_R164_C043,682750,9583250,2021,9,2021-09,3056.29,24.94,0.0987,-0.2925,1203.99,115.31,1,1,1
LJ500_R164_C059,690750,9583250,2021,9,2021-09,3105,18.29,-0.7924,-0.5136,2202.73,1700.59,0.98,1,1
LJ500_R166_C072,697250,9584250,2021,9,2021-09,2703.72,23.69,-0.1855,-0.6705,3258.83,3426.37,0.98,1,1
LJ500_R167_C067,694750,9584750,2021,9,2021-09,2436.62,24.15,0.376,-0.4321,1786.06,1277.5,1,1,1
LJ500_R168_C045,683750,9585250,2021,9,2021-09,3119.59,16.2,0.1488,0.3374,2527.85,1693.09,1,1,1
LJ500_R173_C033,677750,9587750,2021,9,2021-09,3118.72,20.57,0.0846,0.4514,3964.85,4393.18,1,1,1
LJ500_R178_C063,692750,9590250,2021,9,2021-09,2701.84,14.62,-0.4474,-0.7489,2144.76,200,0.98,1,1
LJ500_R179_C046,684250,9590750,2021,9,2021-09,3463.75,23.67,-0.3683,0.7856,5199.04,3309.08,1,1,1
LJ500_R180_C071,696750,9591250,2021,9,2021-09,2990.12,23.96,-0.7064,-0.2605,4703.19,4260.28,0.98,1,1
LJ500_R183_C039,680750,9592750,2021,9,2021-09,3643.62,16.63,-0.2761,-0.6396,2614.73,6072.03,0.9185,0.7282,0.7282
LJ500_R184_C039,680750,9593250,2021,9,2021-09,3647.59,23.61,0.46,-0.4402,2517,6330.27,0.7082,1,1
LJ500_R184_C066,694250,9593250,2021,9,2021-09,3154.7,13.68,0.0763,-0.6214,1745.45,1739.66,0.9716,0.9972,0.9972
LJ500_R108_C065,693750,9555250,2021,10,2021-10,2608.83,32.12,-0.4848,-0.8746,,,0.5391,0,0
LJ500_R109_C088,705250,9555750,2021,10,2021-10,2662.52,32.8,0.2588,-0.3936,2263.4,2341.75,0.98,1,1
LJ500_R119_C079,700750,9560750,2021,10,2021-10,2115.91,17.82,0.7681,-0.3348,89.91,123.83,1,1,1
LJ500_R122_C070,696250,9562250,2021,10,2021-10,2147.39,5.9213,0.1833,0.5344,8,77.66,1,1,1
LJ500_R125_C065,693750,9563750,2021,10,2021-10,2306.59,16.23,-0.3146,0.9013,519.8,140,0.98,1,1
LJ500_R131_C053,687750,9566750,2021,10,2021-10,1857.8,21.06,0.1985,-0.6097,1253.97,718.41,0.98,1,1
LJ500_R132_C080,701250,9567250,2021,10,2021-10,2633.64,23.79,0.5886,0.4698,1349.1,267.51,0.98,1,1
LJ500_R138_C087,704750,9570250,2021,10,2021-10,2135.26,33.65,0.3321,-0.708,520.85,1649.83,1,1,1
LJ500_R142_C071,696750,9572250,2021,10,2021-10,2116.51,26.49,-0.1667,0.1456,119.12,285.97,0.9604,1,1
LJ500_R145_C054,688250,9573750,2021,10,2021-10,2843.37,16.76,-0.4861,0.103,1841.2,1633.03,0.98,1,1
LJ500_R147_C083,702750,9574750,2021,10,2021-10,2315.88,21.17,-0.5859,0.1455,541.56,1299.06,0.98,1,1
LJ500_R156_C028,675250,9579250,2021,10,2021-10,2312.5,31.55,-0.2856,-0.5531,2283.58,1587.48,1,1,1
LJ500_R156_C067,694750,9579250,2021,10,2021-10,2329.91,32.93,-0.2221,-0.6634,190.49,504.31,1,1,1
LJ500_R156_C079,700750,9579250,2021,10,2021-10,2863.93,23.4,-0.5845,-0.0295,2424.87,4385.2,1,1,1
LJ500_R157_C009,665750,9579750,2021,10,2021-10,1194.66,24.24,0.4562,0.415,272.1,1131.02,0.98,1,1
LJ500_R158_C065,693750,9580250,2021,10,2021-10,2368.29,33.75,-0.3608,0.7344,654.7,265.1,0.98,1,1
LJ500_R160_C074,698250,9581250,2021,10,2021-10,2563.93,21.97,0.0816,-0.5437,1840.78,3751,0.9604,1,1
LJ500_R161_C066,694250,9581750,2021,10,2021-10,2182.48,26.29,-0.0873,-0.1268,123.12,99.83,1,1,1
LJ500_R164_C043,682750,9583250,2021,10,2021-10,3056.29,24.94,0.0987,-0.2925,1203.99,115.31,1,1,1
LJ500_R164_C059,690750,9583250,2021,10,2021-10,3105,18.29,-0.7924,-0.5136,2202.73,1700.59,0.98,1,1
LJ500_R166_C072,697250,9584250,2021,10,2021-10,2703.72,23.69,-0.1855,-0.6705,3258.83,3426.37,0.98,1,1
LJ500_R167_C067,694750,9584750,2021,10,2021-10,2436.62,24.15,0.376,-0.4321,1786.06,1277.5,1,1,1
LJ500_R168_C045,683750,9585250,2021,10,2021-10,3119.59,16.2,0.1488,0.3374,2527.85,1693.09,1,1,1
LJ500_R173_C033,677750,9587750,2021,10,2021-10,3118.72,20.57,0.0846,0.4514,3964.85,4393.18,1,1,1
LJ500_R178_C063,692750,9590250,2021,10,2021-10,2701.84,14.62,-0.4474,-0.7489,2144.76,200,0.98,1,1
LJ500_R179_C046,684250,9590750,2021,10,2021-10,3463.75,23.67,-0.3683,0.7856,5199.04,3309.08,1,1,1
LJ500_R180_C071,696750,9591250,2021,10,2021-10,2990.12,23.96,-0.7064,-0.2605,4703.19,4260.28,0.98,1,1
LJ500_R183_C039,680750,9592750,2021,10,2021-10,3643.62,16.63,-0.2761,-0.6396,2614.73,6072.03,0.9185,0.7282,0.7282
LJ500_R184_C039,680750,9593250,2021,10,2021-10,3647.59,23.61,0.46,-0.4402,2517,6330.27,0.7082,1,1
LJ500_R184_C066,694250,9593250,2021,10,2021-10,3154.7,13.68,0.0763,-0.6214,1745.45,1739.66,0.9716,0.9972,0.9972
LJ500_R108_C065,693750,9555250,2021,11,2021-11,2608.83,32.12,-0.4848,-0.8746,,,0.5391,0,0
LJ500_R109_C088,705250,9555750,2021,11,2021-11,2662.52,32.8,0.2588,-0.3936,2263.4,2341.75,0.98,1,1
LJ500_R119_C079,700750,9560750,2021,11,2021-11,2115.91,17.82,0.7681,-0.3348,89.91,123.83,1,1,1
LJ500_R122_C070,696250,9562250,2021,11,2021-11,2147.39,5.9213,0.1833,0.5344,8,77.66,1,1,1
LJ500_R125_C065,693750,9563750,2021,11,2021-11,2306.59,16.23,-0.3146,0.9013,519.8,140,0.98,1,1
LJ500_R131_C053,687750,9566750,2021,11,2021-11,1857.8,21.06,0.1985,-0.6097,1253.97,718.41,0.98,1,1
LJ500_R132_C080,701250,9567250,2021,11,2021-11,2633.64,23.79,0.5886,0.4698,1349.1,267.51,0.98,1,1
LJ500_R138_C087,704750,9570250,2021,11,2021-11,2135.26,33.65,0.3321,-0.708,520.85,1649.83,1,1,1
LJ500_R142_C071,696750,9572250,2021,11,2021-11,2116.51,26.49,-0.1667,0.1456,119.12,285.97,0.9604,1,1
LJ500_R145_C054,688250,9573750,2021,11,2021-11,2843.37,16.76,-0.4861,0.103,1841.2,1633.03,0.98,1,1
LJ500_R147_C083,702750,9574750,2021,11,2021-11,2315.88,21.17,-0.5859,0.1455,541.56,1299.06,0.98,1,1
LJ500_R156_C028,675250,9579250,2021,11,2021-11,2312.5,31.55,-0.2856,-0.5531,2283.58,1587.48,1,1,1
LJ500_R156_C067,694750,9579250,2021,11,2021-11,2329.91,32.93,-0.2221,-0.6634,190.49,504.31,1,1,1
LJ500_R156_C079,700750,9579250,2021,11,2021-11,2863.93,23.4,-0.5845,-0.0295,2424.87,4385.2,1,1,1
LJ500_R157_C009,665750,9579750,2021,11,2021-11,1194.66,24.24,0.4562,0.415,272.1,1131.02,0.98,1,1
LJ500_R158_C065,693750,9580250,2021,11,2021-11,2368.29,33.75,-0.3608,0.7344,654.7,265.1,0.98,1,1
LJ500_R160_C074,698250,9581250,2021,11,2021-11,2563.93,21.97,0.0816,-0.5437,1840.78,3751,0.9604,1,1
LJ500_R161_C066,694250,9581750,2021,11,2021-11,2182.48,26.29,-0.0873,-0.1268,123.12,99.83,1,1,1
LJ500_R164_C043,682750,9583250,2021,11,2021-11,3056.29,24.94,0.0987,-0.2925,1203.99,115.31,1,1,1
LJ500_R164_C059,690750,9583250,2021,11,2021-11,3105,18.29,-0.7924,-0.5136,2202.73,1700.59,0.98,1,1
LJ500_R166_C072,697250,9584250,2021,11,2021-11,2703.72,23.69,-0.1855,-0.6705,3258.83,3426.37,0.98,1,1
LJ500_R167_C067,694750,9584750,2021,11,2021-11,2436.62,24.15,0.376,-0.4321,1786.06,1277.5,1,1,1
LJ500_R168_C045,683750,9585250,2021,11,2021-11,3119.59,16.2,0.1488,0.3374,2527.85,1693.09,1,1,1
LJ500_R173_C033,677750,9587750,2021,11,2021-11,3118.72,20.57,0.0846,0.4514,3964.85,4393.18,1,1,1
LJ500_R178_C063,692750,9590250,2021,11,2021-11,2701.84,14.62,-0.4474,-0.7489,2144.76,200,0.98,1,1
LJ500_R179_C046,684250,9590750,2021,11,2021-11,3463.75,23.67,-0.3683,0.7856,5199.04,3309.08,1,1,1
LJ500_R180_C071,696750,9591250,2021,11,2021-11,2990.12,23.96,-0.7064,-0.2605,4703.19,4260.28,0.98,1,1
LJ500_R183_C039,680750,9592750,2021,11,2021-11,3643.62,16.63,-0.2761,-0.6396,2614.73,6072.03,0.9185,0.7282,0.7282
LJ500_R184_C039,680750,9593250,2021,11,2021-11,3647.59,23.61,0.46,-0.4402,2517,6330.27,0.7082,1,1
LJ500_R184_C066,694250,9593250,2021,11,2021-11,3154.7,13.68,0.0763,-0.6214,1745.45,1739.66,0.9716,0.9972,0.9972
LJ500_R108_C065,693750,9555250,2021,12,2021-12,2608.83,32.12,-0.4848,-0.8746,,,0.5391,0,0
LJ500_R109_C088,705250,9555750,2021,12,2021-12,2662.52,32.8,0.2588,-0.3936,2263.4,2341.75,0.98,1,1
LJ500_R119_C079,700750,9560750,2021,12,2021-12,2115.91,17.82,0.7681,-0.3348,89.91,123.83,1,1,1
LJ500_R122_C070,696250,9562250,2021,12,2021-12,2147.39,5.9213,0.1833,0.5344,8,77.66,1,1,1
LJ500_R125_C065,693750,9563750,2021,12,2021-12,2306.59,16.23,-0.3146,0.9013,519.8,140,0.98,1,1
LJ500_R131_C053,687750,9566750,2021,12,2021-12,1857.8,21.06,0.1985,-0.6097,1253.97,718.41,0.98,1,1
LJ500_R132_C080,701250,9567250,2021,12,2021-12,2633.64,23.79,0.5886,0.4698,1349.1,267.51,0.98,1,1
LJ500_R138_C087,704750,9570250,2021,12,2021-12,2135.26,33.65,0.3321,-0.708,520.85,1649.83,1,1,1
LJ500_R142_C071,696750,9572250,2021,12,2021-12,2116.51,26.49,-0.1667,0.1456,119.12,285.97,0.9604,1,1
LJ500_R145_C054,688250,9573750,2021,12,2021-12,2843.37,16.76,-0.4861,0.103,1841.2,1633.03,0.98,1,1
LJ500_R147_C083,702750,9574750,2021,12,2021-12,2315.88,21.17,-0.5859,0.1455,541.56,1299.06,0.98,1,1
LJ500_R156_C028,675250,9579250,2021,12,2021-12,2312.5,31.55,-0.2856,-0.5531,2283.58,1587.48,1,1,1
LJ500_R156_C067,694750,9579250,2021,12,2021-12,2329.91,32.93,-0.2221,-0.6634,190.49,504.31,1,1,1
LJ500_R156_C079,700750,9579250,2021,12,2021-12,2863.93,23.4,-0.5845,-0.0295,2424.87,4385.2,1,1,1
LJ500_R157_C009,665750,9579750,2021,12,2021-12,1194.66,24.24,0.4562,0.415,272.1,1131.02,0.98,1,1
LJ500_R158_C065,693750,9580250,2021,12,2021-12,2368.29,33.75,-0.3608,0.7344,654.7,265.1,0.98,1,1
LJ500_R160_C074,698250,9581250,2021,12,2021-12,2563.93,21.97,0.0816,-0.5437,1840.78,3751,0.9604,1,1
LJ500_R161_C066,694250,9581750,2021,12,2021-12,2182.48,26.29,-0.0873,-0.1268,123.12,99.83,1,1,1
LJ500_R164_C043,682750,9583250,2021,12,2021-12,3056.29,24.94,0.0987,-0.2925,1203.99,115.31,1,1,1
LJ500_R164_C059,690750,9583250,2021,12,2021-12,3105,18.29,-0.7924,-0.5136,2202.73,1700.59,0.98,1,1
LJ500_R166_C072,697250,9584250,2021,12,2021-12,2703.72,23.69,-0.1855,-0.6705,3258.83,3426.37,0.98,1,1
LJ500_R167_C067,694750,9584750,2021,12,2021-12,2436.62,24.15,0.376,-0.4321,1786.06,1277.5,1,1,1
LJ500_R168_C045,683750,9585250,2021,12,2021-12,3119.59,16.2,0.1488,0.3374,2527.85,1693.09,1,1,1
LJ500_R173_C033,677750,9587750,2021,12,2021-12,3118.72,20.57,0.0846,0.4514,3964.85,4393.18,1,1,1
LJ500_R178_C063,692750,9590250,2021,12,2021-12,2701.84,14.62,-0.4474,-0.7489,2144.76,200,0.98,1,1
LJ500_R179_C046,684250,9590750,2021,12,2021-12,3463.75,23.67,-0.3683,0.7856,5199.04,3309.08,1,1,1
LJ500_R180_C071,696750,9591250,2021,12,2021-12,2990.12,23.96,-0.7064,-0.2605,4703.19,4260.28,0.98,1,1
LJ500_R183_C039,680750,9592750,2021,12,2021-12,3643.62,16.63,-0.2761,-0.6396,2614.73,6072.03,0.9185,0.7282,0.7282
LJ500_R184_C039,680750,9593250,2021,12,2021-12,3647.59,23.61,0.46,-0.4402,2517,6330.27,0.7082,1,1
LJ500_R184_C066,694250,9593250,2021,12,2021-12,3154.7,13.68,0.0763,-0.6214,1745.45,1739.66,0.9716,0.9972,0.9972
LJ500_R108_C065,693750,9555250,2022,1,2022-01,2608.83,32.12,-0.4848,-0.8746,,,0.5391,0,0
LJ500_R109_C088,705250,9555750,2022,1,2022-01,2662.52,32.8,0.2588,-0.3936,2263.4,2341.75,0.98,1,1
LJ500_R119_C079,700750,9560750,2022,1,2022-01,2115.91,17.82,0.7681,-0.3348,89.91,123.83,1,1,1
LJ500_R122_C070,696250,9562250,2022,1,2022-01,2147.39,5.9213,0.1833,0.5344,8,77.66,1,1,1
LJ500_R125_C065,693750,9563750,2022,1,2022-01,2306.59,16.23,-0.3146,0.9013,519.8,140,0.98,1,1
LJ500_R131_C053,687750,9566750,2022,1,2022-01,1857.8,21.06,0.1985,-0.6097,1253.97,718.41,0.98,1,1
LJ500_R132_C080,701250,9567250,2022,1,2022-01,2633.64,23.79,0.5886,0.4698,1349.1,267.51,0.98,1,1
LJ500_R138_C087,704750,9570250,2022,1,2022-01,2135.26,33.65,0.3321,-0.708,520.85,1649.83,1,1,1
LJ500_R142_C071,696750,9572250,2022,1,2022-01,2116.51,26.49,-0.1667,0.1456,119.12,285.97,0.9604,1,1
LJ500_R145_C054,688250,9573750,2022,1,2022-01,2843.37,16.76,-0.4861,0.103,1841.2,1633.03,0.98,1,1
LJ500_R147_C083,702750,9574750,2022,1,2022-01,2315.88,21.17,-0.5859,0.1455,541.56,1299.06,0.98,1,1
LJ500_R156_C028,675250,9579250,2022,1,2022-01,2312.5,31.55,-0.2856,-0.5531,2283.58,1587.48,1,1,1
LJ500_R156_C067,694750,9579250,2022,1,2022-01,2329.91,32.93,-0.2221,-0.6634,190.49,504.31,1,1,1
LJ500_R156_C079,700750,9579250,2022,1,2022-01,2863.93,23.4,-0.5845,-0.0295,2424.87,4385.2,1,1,1
LJ500_R157_C009,665750,9579750,2022,1,2022-01,1194.66,24.24,0.4562,0.415,272.1,1131.02,0.98,1,1
LJ500_R158_C065,693750,9580250,2022,1,2022-01,2368.29,33.75,-0.3608,0.7344,654.7,265.1,0.98,1,1
LJ500_R160_C074,698250,9581250,2022,1,2022-01,2563.93,21.97,0.0816,-0.5437,1840.78,3751,0.9604,1,1
LJ500_R161_C066,694250,9581750,2022,1,2022-01,2182.48,26.29,-0.0873,-0.1268,123.12,99.83,1,1,1
LJ500_R164_C043,682750,9583250,2022,1,2022-01,3056.29,24.94,0.0987,-0.2925,1203.99,115.31,1,1,1
LJ500_R164_C059,690750,9583250,2022,1,2022-01,3105,18.29,-0.7924,-0.5136,2202.73,1700.59,0.98,1,1
LJ500_R166_C072,697250,9584250,2022,1,2022-01,2703.72,23.69,-0.1855,-0.6705,3258.83,3426.37,0.98,1,1
LJ500_R167_C067,694750,9584750,2022,1,2022-01,2436.62,24.15,0.376,-0.4321,1786.06,1277.5,1,1,1
LJ500_R168_C045,683750,9585250,2022,1,2022-01,3119.59,16.2,0.1488,0.3374,2527.85,1693.09,1,1,1
LJ500_R173_C033,677750,9587750,2022,1,2022-01,3118.72,20.57,0.0846,0.4514,3964.85,4393.18,1,1,1
LJ500_R178_C063,692750,9590250,2022,1,2022-01,2701.84,14.62,-0.4474,-0.7489,2144.76,200,0.98,1,1
LJ500_R179_C046,684250,9590750,2022,1,2022-01,3463.75,23.67,-0.3683,0.7856,5199.04,3309.08,1,1,1
LJ500_R180_C071,696750,9591250,2022,1,2022-01,2990.12,23.96,-0.7064,-0.2605,4703.19,4260.28,0.98,1,1
LJ500_R183_C039,680750,9592750,2022,1,2022-01,3643.62,16.63,-0.2761,-0.6396,2614.73,6072.03,0.9185,0.7282,0.7282
LJ500_R184_C039,680750,9593250,2022,1,2022-01,3647.59,23.61,0.46,-0.4402,2517,6330.27,0.7082,1,1
LJ500_R184_C066,694250,9593250,2022,1,2022-01,3154.7,13.68,0.0763,-0.6214,1745.45,1739.66,0.9716,0.9972,0.9972
LJ500_R108_C065,693750,9555250,2022,2,2022-02,2608.83,32.12,-0.4848,-0.8746,,,0.5391,0,0
LJ500_R109_C088,705250,9555750,2022,2,2022-02,2662.52,32.8,0.2588,-0.3936,2263.4,2341.75,0.98,1,1
LJ500_R119_C079,700750,9560750,2022,2,2022-02,2115.91,17.82,0.7681,-0.3348,89.91,123.83,1,1,1
LJ500_R122_C070,696250,9562250,2022,2,2022-02,2147.39,5.9213,0.1833,0.5344,8,77.66,1,1,1
LJ500_R125_C065,693750,9563750,2022,2,2022-02,2306.59,16.23,-0.3146,0.9013,519.8,140,0.98,1,1
LJ500_R131_C053,687750,9566750,2022,2,2022-02,1857.8,21.06,0.1985,-0.6097,1253.97,718.41,0.98,1,1
LJ500_R132_C080,701250,9567250,2022,2,2022-02,2633.64,23.79,0.5886,0.4698,1349.1,267.51,0.98,1,1
LJ500_R138_C087,704750,9570250,2022,2,2022-02,2135.26,33.65,0.3321,-0.708,520.85,1649.83,1,1,1
LJ500_R142_C071,696750,9572250,2022,2,2022-02,2116.51,26.49,-0.1667,0.1456,119.12,285.97,0.9604,1,1
LJ500_R145_C054,688250,9573750,2022,2,2022-02,2843.37,16.76,-0.4861,0.103,1841.2,1633.03,0.98,1,1
LJ500_R147_C083,702750,9574750,2022,2,2022-02,2315.88,21.17,-0.5859,0.1455,541.56,1299.06,0.98,1,1
LJ500_R156_C028,675250,9579250,2022,2,2022-02,2312.5,31.55,-0.2856,-0.5531,2283.58,1587.48,1,1,1
LJ500_R156_C067,694750,9579250,2022,2,2022-02,2329.91,32.93,-0.2221,-0.6634,190.49,504.31,1,1,1
LJ500_R156_C079,700750,9579250,2022,2,2022-02,2863.93,23.4,-0.5845,-0.0295,2424.87,4385.2,1,1,1
LJ500_R157_C009,665750,9579750,2022,2,2022-02,1194.66,24.24,0.4562,0.415,272.1,1131.02,0.98,1,1
LJ500_R158_C065,693750,9580250,2022,2,2022-02,2368.29,33.75,-0.3608,0.7344,654.7,265.1,0.98,1,1
LJ500_R160_C074,698250,9581250,2022,2,2022-02,2563.93,21.97,0.0816,-0.5437,1840.78,3751,0.9604,1,1
LJ500_R161_C066,694250,9581750,2022,2,2022-02,2182.48,26.29,-0.0873,-0.1268,123.12,99.83,1,1,1
LJ500_R164_C043,682750,9583250,2022,2,2022-02,3056.29,24.94,0.0987,-0.2925,1203.99,115.31,1,1,1
LJ500_R164_C059,690750,9583250,2022,2,2022-02,3105,18.29,-0.7924,-0.5136,2202.73,1700.59,0.98,1,1
LJ500_R166_C072,697250,9584250,2022,2,2022-02,2703.72,23.69,-0.1855,-0.6705,3258.83,3426.37,0.98,1,1
LJ500_R167_C067,694750,9584750,2022,2,2022-02,2436.62,24.15,0.376,-0.4321,1786.06,1277.5,1,1,1
LJ500_R168_C045,683750,9585250,2022,2,2022-02,3119.59,16.2,0.1488,0.3374,2527.85,1693.09,1,1,1
LJ500_R173_C033,677750,9587750,2022,2,2022-02,3118.72,20.57,0.0846,0.4514,3964.85,4393.18,1,1,1
LJ500_R178_C063,692750,9590250,2022,2,2022-02,2701.84,14.62,-0.4474,-0.7489,2144.76,200,0.98,1,1
LJ500_R179_C046,684250,9590750,2022,2,2022-02,3463.75,23.67,-0.3683,0.7856,5199.04,3309.08,1,1,1
LJ500_R180_C071,696750,9591250,2022,2,2022-02,2990.12,23.96,-0.7064,-0.2605,4703.19,4260.28,0.98,1,1
LJ500_R183_C039,680750,9592750,2022,2,2022-02,3643.62,16.63,-0.2761,-0.6396,2614.73,6072.03,0.9185,0.7282,0.7282
LJ500_R184_C039,680750,9593250,2022,2,2022-02,3647.59,23.61,0.46,-0.4402,2517,6330.27,0.7082,1,1
LJ500_R184_C066,694250,9593250,2022,2,2022-02,3154.7,13.68,0.0763,-0.6214,1745.45,1739.66,0.9716,0.9972,0.9972
LJ500_R108_C065,693750,9555250,2022,3,2022-03,2608.83,32.12,-0.4848,-0.8746,,,0.5391,0,0
LJ500_R109_C088,705250,9555750,2022,3,2022-03,2662.52,32.8,0.2588,-0.3936,2263.4,2341.75,0.98,1,1
LJ500_R119_C079,700750,9560750,2022,3,2022-03,2115.91,17.82,0.7681,-0.3348,89.91,123.83,1,1,1
LJ500_R122_C070,696250,9562250,2022,3,2022-03,2147.39,5.9213,0.1833,0.5344,8,77.66,1,1,1
LJ500_R125_C065,693750,9563750,2022,3,2022-03,2306.59,16.23,-0.3146,0.9013,519.8,140,0.98,1,1
LJ500_R131_C053,687750,9566750,2022,3,2022-03,1857.8,21.06,0.1985,-0.6097,1253.97,718.41,0.98,1,1
LJ500_R132_C080,701250,9567250,2022,3,2022-03,2633.64,23.79,0.5886,0.4698,1349.1,267.51,0.98,1,1
LJ500_R138_C087,704750,9570250,2022,3,2022-03,2135.26,33.65,0.3321,-0.708,520.85,1649.83,1,1,1
LJ500_R142_C071,696750,9572250,2022,3,2022-03,2116.51,26.49,-0.1667,0.1456,119.12,285.97,0.9604,1,1
LJ500_R145_C054,688250,9573750,2022,3,2022-03,2843.37,16.76,-0.4861,0.103,1841.2,1633.03,0.98,1,1
LJ500_R147_C083,702750,9574750,2022,3,2022-03,2315.88,21.17,-0.5859,0.1455,541.56,1299.06,0.98,1,1
LJ500_R156_C028,675250,9579250,2022,3,2022-03,2312.5,31.55,-0.2856,-0.5531,2283.58,1587.48,1,1,1
LJ500_R156_C067,694750,9579250,2022,3,2022-03,2329.91,32.93,-0.2221,-0.6634,190.49,504.31,1,1,1
LJ500_R156_C079,700750,9579250,2022,3,2022-03,2863.93,23.4,-0.5845,-0.0295,2424.87,4385.2,1,1,1
LJ500_R157_C009,665750,9579750,2022,3,2022-03,1194.66,24.24,0.4562,0.415,272.1,1131.02,0.98,1,1
LJ500_R158_C065,693750,9580250,2022,3,2022-03,2368.29,33.75,-0.3608,0.7344,654.7,265.1,0.98,1,1
LJ500_R160_C074,698250,9581250,2022,3,2022-03,2563.93,21.97,0.0816,-0.5437,1840.78,3751,0.9604,1,1
LJ500_R161_C066,694250,9581750,2022,3,2022-03,2182.48,26.29,-0.0873,-0.1268,123.12,99.83,1,1,1
LJ500_R164_C043,682750,9583250,2022,3,2022-03,3056.29,24.94,0.0987,-0.2925,1203.99,115.31,1,1,1
LJ500_R164_C059,690750,9583250,2022,3,2022-03,3105,18.29,-0.7924,-0.5136,2202.73,1700.59,0.98,1,1
LJ500_R166_C072,697250,9584250,2022,3,2022-03,2703.72,23.69,-0.1855,-0.6705,3258.83,3426.37,0.98,1,1
LJ500_R167_C067,694750,9584750,2022,3,2022-03,2436.62,24.15,0.376,-0.4321,1786.06,1277.5,1,1,1
LJ500_R168_C045,683750,9585250,2022,3,2022-03,3119.59,16.2,0.1488,0.3374,2527.85,1693.09,1,1,1
LJ500_R173_C033,677750,9587750,2022,3,2022-03,3118.72,20.57,0.0846,0.4514,3964.85,4393.18,1,1,1
LJ500_R178_C063,692750,9590250,2022,3,2022-03,2701.84,14.62,-0.4474,-0.7489,2144.76,200,0.98,1,1
LJ500_R179_C046,684250,9590750,2022,3,2022-03,3463.75,23.67,-0.3683,0.7856,5199.04,3309.08,1,1,1
LJ500_R180_C071,696750,9591250,2022,3,2022-03,2990.12,23.96,-0.7064,-0.2605,4703.19,4260.28,0.98,1,1
LJ500_R183_C039,680750,9592750,2022,3,2022-03,3643.62,16.63,-0.2761,-0.6396,2614.73,6072.03,0.9185,0.7282,0.7282
LJ500_R184_C039,680750,9593250,2022,3,2022-03,3647.59,23.61,0.46,-0.4402,2517,6330.27,0.7082,1,1
LJ500_R184_C066,694250,9593250,2022,3,2022-03,3154.7,13.68,0.0763,-0.6214,1745.45,1739.66,0.9716,0.9972,0.9972
LJ500_R108_C065,693750,9555250,2022,4,2022-04,2608.83,32.12,-0.4848,-0.8746,,,0.5391,0,0
LJ500_R109_C088,705250,9555750,2022,4,2022-04,2662.52,32.8,0.2588,-0.3936,2263.4,2341.75,0.98,1,1
LJ500_R119_C079,700750,9560750,2022,4,2022-04,2115.91,17.82,0.7681,-0.3348,89.91,123.83,1,1,1
LJ500_R122_C070,696250,9562250,2022,4,2022-04,2147.39,5.9213,0.1833,0.5344,8,77.66,1,1,1
LJ500_R125_C065,693750,9563750,2022,4,2022-04,2306.59,16.23,-0.3146,0.9013,519.8,140,0.98,1,1
LJ500_R131_C053,687750,9566750,2022,4,2022-04,1857.8,21.06,0.1985,-0.6097,1253.97,718.41,0.98,1,1
LJ500_R132_C080,701250,9567250,2022,4,2022-04,2633.64,23.79,0.5886,0.4698,1349.1,267.51,0.98,1,1
LJ500_R138_C087,704750,9570250,2022,4,2022-04,2135.26,33.65,0.3321,-0.708,520.85,1649.83,1,1,1
LJ500_R142_C071,696750,9572250,2022,4,2022-04,2116.51,26.49,-0.1667,0.1456,119.12,285.97,0.9604,1,1
LJ500_R145_C054,688250,9573750,2022,4,2022-04,2843.37,16.76,-0.4861,0.103,1841.2,1633.03,0.98,1,1
LJ500_R147_C083,702750,9574750,2022,4,2022-04,2315.88,21.17,-0.5859,0.1455,541.56,1299.06,0.98,1,1
LJ500_R156_C028,675250,9579250,2022,4,2022-04,2312.5,31.55,-0.2856,-0.5531,2283.58,1587.48,1,1,1
LJ500_R156_C067,694750,9579250,2022,4,2022-04,2329.91,32.93,-0.2221,-0.6634,190.49,504.31,1,1,1
LJ500_R156_C079,700750,9579250,2022,4,2022-04,2863.93,23.4,-0.5845,-0.0295,2424.87,4385.2,1,1,1
LJ500_R157_C009,665750,9579750,2022,4,2022-04,1194.66,24.24,0.4562,0.415,272.1,1131.02,0.98,1,1
LJ500_R158_C065,693750,9580250,2022,4,2022-04,2368.29,33.75,-0.3608,0.7344,654.7,265.1,0.98,1,1
LJ500_R160_C074,698250,9581250,2022,4,2022-04,2563.93,21.97,0.0816,-0.5437,1840.78,3751,0.9604,1,1
LJ500_R161_C066,694250,9581750,2022,4,2022-04,2182.48,26.29,-0.0873,-0.1268,123.12,99.83,1,1,1
LJ500_R164_C043,682750,9583250,2022,4,2022-04,3056.29,24.94,0.0987,-0.2925,1203.99,115.31,1,1,1
LJ500_R164_C059,690750,9583250,2022,4,2022-04,3105,18.29,-0.7924,-0.5136,2202.73,1700.59,0.98,1,1
LJ500_R166_C072,697250,9584250,2022,4,2022-04,2703.72,23.69,-0.1855,-0.6705,3258.83,3426.37,0.98,1,1
LJ500_R167_C067,694750,9584750,2022,4,2022-04,2436.62,24.15,0.376,-0.4321,1786.06,1277.5,1,1,1
LJ500_R168_C045,683750,9585250,2022,4,2022-04,3119.59,16.2,0.1488,0.3374,2527.85,1693.09,1,1,1
LJ500_R173_C033,677750,9587750,2022,4,2022-04,3118.72,20.57,0.0846,0.4514,3964.85,4393.18,1,1,1
LJ500_R178_C063,692750,9590250,2022,4,2022-04,2701.84,14.62,-0.4474,-0.7489,2144.76,200,0.98,1,1
LJ500_R179_C046,684250,9590750,2022,4,2022-04,3463.75,23.67,-0.3683,0.7856,5199.04,3309.08,1,1,1
LJ500_R180_C071,696750,9591250,2022,4,2022-04,2990.12,23.96,-0.7064,-0.2605,4703.19,4260.28,0.98,1,1
LJ500_R183_C039,680750,9592750,2022,4,2022-04,3643.62,16.63,-0.2761,-0.6396,2614.73,6072.03,0.9185,0.7282,0.7282
LJ500_R184_C039,680750,9593250,2022,4,2022-04,3647.59,23.61,0.46,-0.4402,2517,6330.27,0.7082,1,1
LJ500_R184_C066,694250,9593250,2022,4,2022-04,3154.7,13.68,0.0763,-0.6214,1745.45,1739.66,0.9716,0.9972,0.9972
LJ500_R108_C065,693750,9555250,2022,5,2022-05,2608.83,32.12,-0.4848,-0.8746,,,0.5391,0,0
LJ500_R109_C088,705250,9555750,2022,5,2022-05,2662.52,32.8,0.2588,-0.3936,2263.4,2341.75,0.98,1,1
LJ500_R119_C079,700750,9560750,2022,5,2022-05,2115.91,17.82,0.7681,-0.3348,89.91,123.83,1,1,1
LJ500_R122_C070,696250,9562250,2022,5,2022-05,2147.39,5.9213,0.1833,0.5344,8,77.66,1,1,1
LJ500_R125_C065,693750,9563750,2022,5,2022-05,2306.59,16.23,-0.3146,0.9013,519.8,140,0.98,1,1
LJ500_R131_C053,687750,9566750,2022,5,2022-05,1857.8,21.06,0.1985,-0.6097,1253.97,718.41,0.98,1,1
LJ500_R132_C080,701250,9567250,2022,5,2022-05,2633.64,23.79,0.5886,0.4698,1349.1,267.51,0.98,1,1
LJ500_R138_C087,704750,9570250,2022,5,2022-05,2135.26,33.65,0.3321,-0.708,520.85,1649.83,1,1,1
LJ500_R142_C071,696750,9572250,2022,5,2022-05,2116.51,26.49,-0.1667,0.1456,119.12,285.97,0.9604,1,1
LJ500_R145_C054,688250,9573750,2022,5,2022-05,2843.37,16.76,-0.4861,0.103,1841.2,1633.03,0.98,1,1
LJ500_R147_C083,702750,9574750,2022,5,2022-05,2315.88,21.17,-0.5859,0.1455,541.56,1299.06,0.98,1,1
LJ500_R156_C028,675250,9579250,2022,5,2022-05,2312.5,31.55,-0.2856,-0.5531,2283.58,1587.48,1,1,1
LJ500_R156_C067,694750,9579250,2022,5,2022-05,2329.91,32.93,-0.2221,-0.6634,190.49,504.31,1,1,1
LJ500_R156_C079,700750,9579250,2022,5,2022-05,2863.93,23.4,-0.5845,-0.0295,2424.87,4385.2,1,1,1
LJ500_R157_C009,665750,9579750,2022,5,2022-05,1194.66,24.24,0.4562,0.415,272.1,1131.02,0.98,1,1
LJ500_R158_C065,693750,9580250,2022,5,2022-05,2368.29,33.75,-0.3608,0.7344,654.7,265.1,0.98,1,1
LJ500_R160_C074,698250,9581250,2022,5,2022-05,2563.93,21.97,0.0816,-0.5437,1840.78,3751,0.9604,1,1
LJ500_R161_C066,694250,9581750,2022,5,2022-05,2182.48,26.29,-0.0873,-0.1268,123.12,99.83,1,1,1
LJ500_R164_C043,682750,9583250,2022,5,2022-05,3056.29,24.94,0.0987,-0.2925,1203.99,115.31,1,1,1
LJ500_R164_C059,690750,9583250,2022,5,2022-05,3105,18.29,-0.7924,-0.5136,2202.73,1700.59,0.98,1,1
LJ500_R166_C072,697250,9584250,2022,5,2022-05,2703.72,23.69,-0.1855,-0.6705,3258.83,3426.37,0.98,1,1
LJ500_R167_C067,694750,9584750,2022,5,2022-05,2436.62,24.15,0.376,-0.4321,1786.06,1277.5,1,1,1
LJ500_R168_C045,683750,9585250,2022,5,2022-05,3119.59,16.2,0.1488,0.3374,2527.85,1693.09,1,1,1
LJ500_R173_C033,677750,9587750,2022,5,2022-05,3118.72,20.57,0.0846,0.4514,3964.85,4393.18,1,1,1
LJ500_R178_C063,692750,9590250,2022,5,2022-05,2701.84,14.62,-0.4474,-0.7489,2144.76,200,0.98,1,1
LJ500_R179_C046,684250,9590750,2022,5,2022-05,3463.75,23.67,-0.3683,0.7856,5199.04,3309.08,1,1,1
LJ500_R180_C071,696750,9591250,2022,5,2022-05,2990.12,23.96,-0.7064,-0.2605,4703.19,4260.28,0.98,1,1
LJ500_R183_C039,680750,9592750,2022,5,2022-05,3643.62,16.63,-0.2761,-0.6396,2614.73,6072.03,0.9185,0.7282,0.7282
LJ500_R184_C039,680750,9593250,2022,5,2022-05,3647.59,23.61,0.46,-0.4402,2517,6330.27,0.7082,1,1
LJ500_R184_C066,694250,9593250,2022,5,2022-05,3154.7,13.68,0.0763,-0.6214,1745.45,1739.66,0.9716,0.9972,0.9972
LJ500_R108_C065,693750,9555250,2022,6,2022-06,2608.83,32.12,-0.4848,-0.8746,,,0.5391,0,0
LJ500_R109_C088,705250,9555750,2022,6,2022-06,2662.52,32.8,0.2588,-0.3936,2263.4,2341.75,0.98,1,1
LJ500_R119_C079,700750,9560750,2022,6,2022-06,2115.91,17.82,0.7681,-0.3348,89.91,123.83,1,1,1
LJ500_R122_C070,696250,9562250,2022,6,2022-06,2147.39,5.9213,0.1833,0.5344,8,77.66,1,1,1
LJ500_R125_C065,693750,9563750,2022,6,2022-06,2306.59,16.23,-0.3146,0.9013,519.8,140,0.98,1,1
LJ500_R131_C053,687750,9566750,2022,6,2022-06,1857.8,21.06,0.1985,-0.6097,1253.97,718.41,0.98,1,1
LJ500_R132_C080,701250,9567250,2022,6,2022-06,2633.64,23.79,0.5886,0.4698,1349.1,267.51,0.98,1,1
LJ500_R138_C087,704750,9570250,2022,6,2022-06,2135.26,33.65,0.3321,-0.708,520.85,1649.83,1,1,1
LJ500_R142_C071,696750,9572250,2022,6,2022-06,2116.51,26.49,-0.1667,0.1456,119.12,285.97,0.9604,1,1
LJ500_R145_C054,688250,9573750,2022,6,2022-06,2843.37,16.76,-0.4861,0.103,1841.2,1633.03,0.98,1,1
LJ500_R147_C083,702750,9574750,2022,6,2022-06,2315.88,21.17,-0.5859,0.1455,541.56,1299.06,0.98,1,1
LJ500_R156_C028,675250,9579250,2022,6,2022-06,2312.5,31.55,-0.2856,-0.5531,2283.58,1587.48,1,1,1
LJ500_R156_C067,694750,9579250,2022,6,2022-06,2329.91,32.93,-0.2221,-0.6634,190.49,504.31,1,1,1
LJ500_R156_C079,700750,9579250,2022,6,2022-06,2863.93,23.4,-0.5845,-0.0295,2424.87,4385.2,1,1,1
LJ500_R157_C009,665750,9579750,2022,6,2022-06,1194.66,24.24,0.4562,0.415,272.1,1131.02,0.98,1,1
LJ500_R158_C065,693750,9580250,2022,6,2022-06,2368.29,33.75,-0.3608,0.7344,654.7,265.1,0.98,1,1
LJ500_R160_C074,698250,9581250,2022,6,2022-06,2563.93,21.97,0.0816,-0.5437,1840.78,3751,0.9604,1,1
LJ500_R161_C066,694250,9581750,2022,6,2022-06,2182.48,26.29,-0.0873,-0.1268,123.12,99.83,1,1,1
LJ500_R164_C043,682750,9583250,2022,6,2022-06,3056.29,24.94,0.0987,-0.2925,1203.99,115.31,1,1,1
LJ500_R164_C059,690750,9583250,2022,6,2022-06,3105,18.29,-0.7924,-0.5136,2202.73,1700.59,0.98,1,1
LJ500_R166_C072,697250,9584250,2022,6,2022-06,2703.72,23.69,-0.1855,-0.6705,3258.83,3426.37,0.98,1,1
LJ500_R167_C067,694750,9584750,2022,6,2022-06,2436.62,24.15,0.376,-0.4321,1786.06,1277.5,1,1,1
LJ500_R168_C045,683750,9585250,2022,6,2022-06,3119.59,16.2,0.1488,0.3374,2527.85,1693.09,1,1,1
LJ500_R173_C033,677750,9587750,2022,6,2022-06,3118.72,20.57,0.0846,0.4514,3964.85,4393.18,1,1,1
LJ500_R178_C063,692750,9590250,2022,6,2022-06,2701.84,14.62,-0.4474,-0.7489,2144.76,200,0.98,1,1
LJ500_R179_C046,684250,9590750,2022,6,2022-06,3463.75,23.67,-0.3683,0.7856,5199.04,3309.08,1,1,1
LJ500_R180_C071,696750,9591250,2022,6,2022-06,2990.12,23.96,-0.7064,-0.2605,4703.19,4260.28,0.98,1,1
LJ500_R183_C039,680750,9592750,2022,6,2022-06,3643.62,16.63,-0.2761,-0.6396,2614.73,6072.03,0.9185,0.7282,0.7282
LJ500_R184_C039,680750,9593250,2022,6,2022-06,3647.59,23.61,0.46,-0.4402,2517,6330.27,0.7082,1,1
LJ500_R184_C066,694250,9593250,2022,6,2022-06,3154.7,13.68,0.0763,-0.6214,1745.45,1739.66,0.9716,0.9972,0.9972
LJ500_R108_C065,693750,9555250,2022,7,2022-07,2608.83,32.12,-0.4848,-0.8746,,,0.5391,0,0
LJ500_R109_C088,705250,9555750,2022,7,2022-07,2662.52,32.8,0.2588,-0.3936,2263.4,2341.75,0.98,1,1
LJ500_R119_C079,700750,9560750,2022,7,2022-07,2115.91,17.82,0.7681,-0.3348,89.91,123.83,1,1,1
LJ500_R122_C070,696250,9562250,2022,7,2022-07,2147.39,5.9213,0.1833,0.5344,8,77.66,1,1,1
LJ500_R125_C065,693750,9563750,2022,7,2022-07,2306.59,16.23,-0.3146,0.9013,519.8,140,0.98,1,1
LJ500_R131_C053,687750,9566750,2022,7,2022-07,1857.8,21.06,0.1985,-0.6097,1253.97,718.41,0.98,1,1
LJ500_R132_C080,701250,9567250,2022,7,2022-07,2633.64,23.79,0.5886,0.4698,1349.1,267.51,0.98,1,1
LJ500_R138_C087,704750,9570250,2022,7,2022-07,2135.26,33.65,0.3321,-0.708,520.85,1649.83,1,1,1
LJ500_R142_C071,696750,9572250,2022,7,2022-07,2116.51,26.49,-0.1667,0.1456,119.12,285.97,0.9604,1,1
LJ500_R145_C054,688250,9573750,2022,7,2022-07,2843.37,16.76,-0.4861,0.103,1841.2,1633.03,0.98,1,1
LJ500_R147_C083,702750,9574750,2022,7,2022-07,2315.88,21.17,-0.5859,0.1455,541.56,1299.06,0.98,1,1
LJ500_R156_C028,675250,9579250,2022,7,2022-07,2312.5,31.55,-0.2856,-0.5531,2283.58,1587.48,1,1,1
LJ500_R156_C067,694750,9579250,2022,7,2022-07,2329.91,32.93,-0.2221,-0.6634,190.49,504.31,1,1,1
LJ500_R156_C079,700750,9579250,2022,7,2022-07,2863.93,23.4,-0.5845,-0.0295,2424.87,4385.2,1,1,1
LJ500_R157_C009,665750,9579750,2022,7,2022-07,1194.66,24.24,0.4562,0.415,272.1,1131.02,0.98,1,1
LJ500_R158_C065,693750,9580250,2022,7,2022-07,2368.29,33.75,-0.3608,0.7344,654.7,265.1,0.98,1,1
LJ500_R160_C074,698250,9581250,2022,7,2022-07,2563.93,21.97,0.0816,-0.5437,1840.78,3751,0.9604,1,1
LJ500_R161_C066,694250,9581750,2022,7,2022-07,2182.48,26.29,-0.0873,-0.1268,123.12,99.83,1,1,1
LJ500_R164_C043,682750,9583250,2022,7,2022-07,3056.29,24.94,0.0987,-0.2925,1203.99,115.31,1,1,1
LJ500_R164_C059,690750,9583250,2022,7,2022-07,3105,18.29,-0.7924,-0.5136,2202.73,1700.59,0.98,1,1
LJ500_R166_C072,697250,9584250,2022,7,2022-07,2703.72,23.69,-0.1855,-0.6705,3258.83,3426.37,0.98,1,1
LJ500_R167_C067,694750,9584750,2022,7,2022-07,2436.62,24.15,0.376,-0.4321,1786.06,1277.5,1,1,1
LJ500_R168_C045,683750,9585250,2022,7,2022-07,3119.59,16.2,0.1488,0.3374,2527.85,1693.09,1,1,1
LJ500_R173_C033,677750,9587750,2022,7,2022-07,3118.72,20.57,0.0846,0.4514,3964.85,4393.18,1,1,1
LJ500_R178_C063,692750,9590250,2022,7,2022-07,2701.84,14.62,-0.4474,-0.7489,2144.76,200,0.98,1,1
LJ500_R179_C046,684250,9590750,2022,7,2022-07,3463.75,23.67,-0.3683,0.7856,5199.04,3309.08,1,1,1
LJ500_R180_C071,696750,9591250,2022,7,2022-07,2990.12,23.96,-0.7064,-0.2605,4703.19,4260.28,0.98,1,1
LJ500_R183_C039,680750,9592750,2022,7,2022-07,3643.62,16.63,-0.2761,-0.6396,2614.73,6072.03,0.9185,0.7282,0.7282
LJ500_R184_C039,680750,9593250,2022,7,2022-07,3647.59,23.61,0.46,-0.4402,2517,6330.27,0.7082,1,1
LJ500_R184_C066,694250,9593250,2022,7,2022-07,3154.7,13.68,0.0763,-0.6214,1745.45,1739.66,0.9716,0.9972,0.9972
LJ500_R108_C065,693750,9555250,2022,8,2022-08,2608.83,32.12,-0.4848,-0.8746,,,0.5391,0,0
LJ500_R109_C088,705250,9555750,2022,8,2022-08,2662.52,32.8,0.2588,-0.3936,2263.4,2341.75,0.98,1,1
LJ500_R119_C079,700750,9560750,2022,8,2022-08,2115.91,17.82,0.7681,-0.3348,89.91,123.83,1,1,1
LJ500_R122_C070,696250,9562250,2022,8,2022-08,2147.39,5.9213,0.1833,0.5344,8,77.66,1,1,1
LJ500_R125_C065,693750,9563750,2022,8,2022-08,2306.59,16.23,-0.3146,0.9013,519.8,140,0.98,1,1
LJ500_R131_C053,687750,9566750,2022,8,2022-08,1857.8,21.06,0.1985,-0.6097,1253.97,718.41,0.98,1,1
LJ500_R132_C080,701250,9567250,2022,8,2022-08,2633.64,23.79,0.5886,0.4698,1349.1,267.51,0.98,1,1
LJ500_R138_C087,704750,9570250,2022,8,2022-08,2135.26,33.65,0.3321,-0.708,520.85,1649.83,1,1,1
LJ500_R142_C071,696750,9572250,2022,8,2022-08,2116.51,26.49,-0.1667,0.1456,119.12,285.97,0.9604,1,1
LJ500_R145_C054,688250,9573750,2022,8,2022-08,2843.37,16.76,-0.4861,0.103,1841.2,1633.03,0.98,1,1
LJ500_R147_C083,702750,9574750,2022,8,2022-08,2315.88,21.17,-0.5859,0.1455,541.56,1299.06,0.98,1,1
LJ500_R156_C028,675250,9579250,2022,8,2022-08,2312.5,31.55,-0.2856,-0.5531,2283.58,1587.48,1,1,1
LJ500_R156_C067,694750,9579250,2022,8,2022-08,2329.91,32.93,-0.2221,-0.6634,190.49,504.31,1,1,1
LJ500_R156_C079,700750,9579250,2022,8,2022-08,2863.93,23.4,-0.5845,-0.0295,2424.87,4385.2,1,1,1
LJ500_R157_C009,665750,9579750,2022,8,2022-08,1194.66,24.24,0.4562,0.415,272.1,1131.02,0.98,1,1
LJ500_R158_C065,693750,9580250,2022,8,2022-08,2368.29,33.75,-0.3608,0.7344,654.7,265.1,0.98,1,1
LJ500_R160_C074,698250,9581250,2022,8,2022-08,2563.93,21.97,0.0816,-0.5437,1840.78,3751,0.9604,1,1
LJ500_R161_C066,694250,9581750,2022,8,2022-08,2182.48,26.29,-0.0873,-0.1268,123.12,99.83,1,1,1
LJ500_R164_C043,682750,9583250,2022,8,2022-08,3056.29,24.94,0.0987,-0.2925,1203.99,115.31,1,1,1
LJ500_R164_C059,690750,9583250,2022,8,2022-08,3105,18.29,-0.7924,-0.5136,2202.73,1700.59,0.98,1,1
LJ500_R166_C072,697250,9584250,2022,8,2022-08,2703.72,23.69,-0.1855,-0.6705,3258.83,3426.37,0.98,1,1
LJ500_R167_C067,694750,9584750,2022,8,2022-08,2436.62,24.15,0.376,-0.4321,1786.06,1277.5,1,1,1
LJ500_R168_C045,683750,9585250,2022,8,2022-08,3119.59,16.2,0.1488,0.3374,2527.85,1693.09,1,1,1
LJ500_R173_C033,677750,9587750,2022,8,2022-08,3118.72,20.57,0.0846,0.4514,3964.85,4393.18,1,1,1
LJ500_R178_C063,692750,9590250,2022,8,2022-08,2701.84,14.62,-0.4474,-0.7489,2144.76,200,0.98,1,1
LJ500_R179_C046,684250,9590750,2022,8,2022-08,3463.75,23.67,-0.3683,0.7856,5199.04,3309.08,1,1,1
LJ500_R180_C071,696750,9591250,2022,8,2022-08,2990.12,23.96,-0.7064,-0.2605,4703.19,4260.28,0.98,1,1
LJ500_R183_C039,680750,9592750,2022,8,2022-08,3643.62,16.63,-0.2761,-0.6396,2614.73,6072.03,0.9185,0.7282,0.7282
LJ500_R184_C039,680750,9593250,2022,8,2022-08,3647.59,23.61,0.46,-0.4402,2517,6330.27,0.7082,1,1
LJ500_R184_C066,694250,9593250,2022,8,2022-08,3154.7,13.68,0.0763,-0.6214,1745.45,1739.66,0.9716,0.9972,0.9972
LJ500_R108_C065,693750,9555250,2022,9,2022-09,2608.83,32.12,-0.4848,-0.8746,,,0.5391,0,0
LJ500_R109_C088,705250,9555750,2022,9,2022-09,2662.52,32.8,0.2588,-0.3936,2263.4,2341.75,0.98,1,1
LJ500_R119_C079,700750,9560750,2022,9,2022-09,2115.91,17.82,0.7681,-0.3348,89.91,123.83,1,1,1
LJ500_R122_C070,696250,9562250,2022,9,2022-09,2147.39,5.9213,0.1833,0.5344,8,77.66,1,1,1
LJ500_R125_C065,693750,9563750,2022,9,2022-09,2306.59,16.23,-0.3146,0.9013,519.8,140,0.98,1,1
LJ500_R131_C053,687750,9566750,2022,9,2022-09,1857.8,21.06,0.1985,-0.6097,1253.97,718.41,0.98,1,1
LJ500_R132_C080,701250,9567250,2022,9,2022-09,2633.64,23.79,0.5886,0.4698,1349.1,267.51,0.98,1,1
LJ500_R138_C087,704750,9570250,2022,9,2022-09,2135.26,33.65,0.3321,-0.708,520.85,1649.83,1,1,1
LJ500_R142_C071,696750,9572250,2022,9,2022-09,2116.51,26.49,-0.1667,0.1456,119.12,285.97,0.9604,1,1
LJ500_R145_C054,688250,9573750,2022,9,2022-09,2843.37,16.76,-0.4861,0.103,1841.2,1633.03,0.98,1,1
LJ500_R147_C083,702750,9574750,2022,9,2022-09,2315.88,21.17,-0.5859,0.1455,541.56,1299.06,0.98,1,1
LJ500_R156_C028,675250,9579250,2022,9,2022-09,2312.5,31.55,-0.2856,-0.5531,2283.58,1587.48,1,1,1
LJ500_R156_C067,694750,9579250,2022,9,2022-09,2329.91,32.93,-0.2221,-0.6634,190.49,504.31,1,1,1
LJ500_R156_C079,700750,9579250,2022,9,2022-09,2863.93,23.4,-0.5845,-0.0295,2424.87,4385.2,1,1,1
LJ500_R157_C009,665750,9579750,2022,9,2022-09,1194.66,24.24,0.4562,0.415,272.1,1131.02,0.98,1,1
LJ500_R158_C065,693750,9580250,2022,9,2022-09,2368.29,33.75,-0.3608,0.7344,654.7,265.1,0.98,1,1
LJ500_R160_C074,698250,9581250,2022,9,2022-09,2563.93,21.97,0.0816,-0.5437,1840.78,3751,0.9604,1,1
LJ500_R161_C066,694250,9581750,2022,9,2022-09,2182.48,26.29,-0.0873,-0.1268,123.12,99.83,1,1,1
LJ500_R164_C043,682750,9583250,2022,9,2022-09,3056.29,24.94,0.0987,-0.2925,1203.99,115.31,1,1,1
LJ500_R164_C059,690750,9583250,2022,9,2022-09,3105,18.29,-0.7924,-0.5136,2202.73,1700.59,0.98,1,1
LJ500_R166_C072,697250,9584250,2022,9,2022-09,2703.72,23.69,-0.1855,-0.6705,3258.83,3426.37,0.98,1,1
LJ500_R167_C067,694750,9584750,2022,9,2022-09,2436.62,24.15,0.376,-0.4321,1786.06,1277.5,1,1,1
LJ500_R168_C045,683750,9585250,2022,9,2022-09,3119.59,16.2,0.1488,0.3374,2527.85,1693.09,1,1,1
LJ500_R173_C033,677750,9587750,2022,9,2022-09,3118.72,20.57,0.0846,0.4514,3964.85,4393.18,1,1,1
LJ500_R178_C063,692750,9590250,2022,9,2022-09,2701.84,14.62,-0.4474,-0.7489,2144.76,200,0.98,1,1
LJ500_R179_C046,684250,9590750,2022,9,2022-09,3463.75,23.67,-0.3683,0.7856,5199.04,3309.08,1,1,1
LJ500_R180_C071,696750,9591250,2022,9,2022-09,2990.12,23.96,-0.7064,-0.2605,4703.19,4260.28,0.98,1,1
LJ500_R183_C039,680750,9592750,2022,9,2022-09,3643.62,16.63,-0.2761,-0.6396,2614.73,6072.03,0.9185,0.7282,0.7282
LJ500_R184_C039,680750,9593250,2022,9,2022-09,3647.59,23.61,0.46,-0.4402,2517,6330.27,0.7082,1,1
LJ500_R184_C066,694250,9593250,2022,9,2022-09,3154.7,13.68,0.0763,-0.6214,1745.45,1739.66,0.9716,0.9972,0.9972
LJ500_R108_C065,693750,9555250,2022,10,2022-10,2608.83,32.12,-0.4848,-0.8746,,,0.5391,0,0
LJ500_R109_C088,705250,9555750,2022,10,2022-10,2662.52,32.8,0.2588,-0.3936,2263.4,2341.75,0.98,1,1
LJ500_R119_C079,700750,9560750,2022,10,2022-10,2115.91,17.82,0.7681,-0.3348,89.91,123.83,1,1,1
LJ500_R122_C070,696250,9562250,2022,10,2022-10,2147.39,5.9213,0.1833,0.5344,8,77.66,1,1,1
LJ500_R125_C065,693750,9563750,2022,10,2022-10,2306.59,16.23,-0.3146,0.9013,519.8,140,0.98,1,1
LJ500_R131_C053,687750,9566750,2022,10,2022-10,1857.8,21.06,0.1985,-0.6097,1253.97,718.41,0.98,1,1
LJ500_R132_C080,701250,9567250,2022,10,2022-10,2633.64,23.79,0.5886,0.4698,1349.1,267.51,0.98,1,1
LJ500_R138_C087,704750,9570250,2022,10,2022-10,2135.26,33.65,0.3321,-0.708,520.85,1649.83,1,1,1
LJ500_R142_C071,696750,9572250,2022,10,2022-10,2116.51,26.49,-0.1667,0.1456,119.12,285.97,0.9604,1,1
LJ500_R145_C054,688250,9573750,2022,10,2022-10,2843.37,16.76,-0.4861,0.103,1841.2,1633.03,0.98,1,1
LJ500_R147_C083,702750,9574750,2022,10,2022-10,2315.88,21.17,-0.5859,0.1455,541.56,1299.06,0.98,1,1
LJ500_R156_C028,675250,9579250,2022,10,2022-10,2312.5,31.55,-0.2856,-0.5531,2283.58,1587.48,1,1,1
LJ500_R156_C067,694750,9579250,2022,10,2022-10,2329.91,32.93,-0.2221,-0.6634,190.49,504.31,1,1,1
LJ500_R156_C079,700750,9579250,2022,10,2022-10,2863.93,23.4,-0.5845,-0.0295,2424.87,4385.2,1,1,1
LJ500_R157_C009,665750,9579750,2022,10,2022-10,1194.66,24.24,0.4562,0.415,272.1,1131.02,0.98,1,1
LJ500_R158_C065,693750,9580250,2022,10,2022-10,2368.29,33.75,-0.3608,0.7344,654.7,265.1,0.98,1,1
LJ500_R160_C074,698250,9581250,2022,10,2022-10,2563.93,21.97,0.0816,-0.5437,1840.78,3751,0.9604,1,1
LJ500_R161_C066,694250,9581750,2022,10,2022-10,2182.48,26.29,-0.0873,-0.1268,123.12,99.83,1,1,1
LJ500_R164_C043,682750,9583250,2022,10,2022-10,3056.29,24.94,0.0987,-0.2925,1203.99,115.31,1,1,1
LJ500_R164_C059,690750,9583250,2022,10,2022-10,3105,18.29,-0.7924,-0.5136,2202.73,1700.59,0.98,1,1
LJ500_R166_C072,697250,9584250,2022,10,2022-10,2703.72,23.69,-0.1855,-0.6705,3258.83,3426.37,0.98,1,1
LJ500_R167_C067,694750,9584750,2022,10,2022-10,2436.62,24.15,0.376,-0.4321,1786.06,1277.5,1,1,1
LJ500_R168_C045,683750,9585250,2022,10,2022-10,3119.59,16.2,0.1488,0.3374,2527.85,1693.09,1,1,1
LJ500_R173_C033,677750,9587750,2022,10,2022-10,3118.72,20.57,0.0846,0.4514,3964.85,4393.18,1,1,1
LJ500_R178_C063,692750,9590250,2022,10,2022-10,2701.84,14.62,-0.4474,-0.7489,2144.76,200,0.98,1,1
LJ500_R179_C046,684250,9590750,2022,10,2022-10,3463.75,23.67,-0.3683,0.7856,5199.04,3309.08,1,1,1
LJ500_R180_C071,696750,9591250,2022,10,2022-10,2990.12,23.96,-0.7064,-0.2605,4703.19,4260.28,0.98,1,1
LJ500_R183_C039,680750,9592750,2022,10,2022-10,3643.62,16.63,-0.2761,-0.6396,2614.73,6072.03,0.9185,0.7282,0.7282
LJ500_R184_C039,680750,9593250,2022,10,2022-10,3647.59,23.61,0.46,-0.4402,2517,6330.27,0.7082,1,1
LJ500_R184_C066,694250,9593250,2022,10,2022-10,3154.7,13.68,0.0763,-0.6214,1745.45,1739.66,0.9716,0.9972,0.9972
LJ500_R108_C065,693750,9555250,2022,11,2022-11,2608.83,32.12,-0.4848,-0.8746,,,0.5391,0,0
LJ500_R109_C088,705250,9555750,2022,11,2022-11,2662.52,32.8,0.2588,-0.3936,2263.4,2341.75,0.98,1,1
LJ500_R119_C079,700750,9560750,2022,11,2022-11,2115.91,17.82,0.7681,-0.3348,89.91,123.83,1,1,1
LJ500_R122_C070,696250,9562250,2022,11,2022-11,2147.39,5.9213,0.1833,0.5344,8,77.66,1,1,1
LJ500_R125_C065,693750,9563750,2022,11,2022-11,2306.59,16.23,-0.3146,0.9013,519.8,140,0.98,1,1
LJ500_R131_C053,687750,9566750,2022,11,2022-11,1857.8,21.06,0.1985,-0.6097,1253.97,718.41,0.98,1,1
LJ500_R132_C080,701250,9567250,2022,11,2022-11,2633.64,23.79,0.5886,0.4698,1349.1,267.51,0.98,1,1
LJ500_R138_C087,704750,9570250,2022,11,2022-11,2135.26,33.65,0.3321,-0.708,520.85,1649.83,1,1,1
LJ500_R142_C071,696750,9572250,2022,11,2022-11,2116.51,26.49,-0.1667,0.1456,119.12,285.97,0.9604,1,1
LJ500_R145_C054,688250,9573750,2022,11,2022-11,2843.37,16.76,-0.4861,0.103,1841.2,1633.03,0.98,1,1
LJ500_R147_C083,702750,9574750,2022,11,2022-11,2315.88,21.17,-0.5859,0.1455,541.56,1299.06,0.98,1,1
LJ500_R156_C028,675250,9579250,2022,11,2022-11,2312.5,31.55,-0.2856,-0.5531,2283.58,1587.48,1,1,1
LJ500_R156_C067,694750,9579250,2022,11,2022-11,2329.91,32.93,-0.2221,-0.6634,190.49,504.31,1,1,1
LJ500_R156_C079,700750,9579250,2022,11,2022-11,2863.93,23.4,-0.5845,-0.0295,2424.87,4385.2,1,1,1
LJ500_R157_C009,665750,9579750,2022,11,2022-11,1194.66,24.24,0.4562,0.415,272.1,1131.02,0.98,1,1
LJ500_R158_C065,693750,9580250,2022,11,2022-11,2368.29,33.75,-0.3608,0.7344,654.7,265.1,0.98,1,1
LJ500_R160_C074,698250,9581250,2022,11,2022-11,2563.93,21.97,0.0816,-0.5437,1840.78,3751,0.9604,1,1
LJ500_R161_C066,694250,9581750,2022,11,2022-11,2182.48,26.29,-0.0873,-0.1268,123.12,99.83,1,1,1
LJ500_R164_C043,682750,9583250,2022,11,2022-11,3056.29,24.94,0.0987,-0.2925,1203.99,115.31,1,1,1
LJ500_R164_C059,690750,9583250,2022,11,2022-11,3105,18.29,-0.7924,-0.5136,2202.73,1700.59,0.98,1,1
LJ500_R166_C072,697250,9584250,2022,11,2022-11,2703.72,23.69,-0.1855,-0.6705,3258.83,3426.37,0.98,1,1
LJ500_R167_C067,694750,9584750,2022,11,2022-11,2436.62,24.15,0.376,-0.4321,1786.06,1277.5,1,1,1
LJ500_R168_C045,683750,9585250,2022,11,2022-11,3119.59,16.2,0.1488,0.3374,2527.85,1693.09,1,1,1
LJ500_R173_C033,677750,9587750,2022,11,2022-11,3118.72,20.57,0.0846,0.4514,3964.85,4393.18,1,1,1
LJ500_R178_C063,692750,9590250,2022,11,2022-11,2701.84,14.62,-0.4474,-0.7489,2144.76,200,0.98,1,1
LJ500_R179_C046,684250,9590750,2022,11,2022-11,3463.75,23.67,-0.3683,0.7856,5199.04,3309.08,1,1,1
LJ500_R180_C071,696750,9591250,2022,11,2022-11,2990.12,23.96,-0.7064,-0.2605,4703.19,4260.28,0.98,1,1
LJ500_R183_C039,680750,9592750,2022,11,2022-11,3643.62,16.63,-0.2761,-0.6396,2614.73,6072.03,0.9185,0.7282,0.7282
LJ500_R184_C039,680750,9593250,2022,11,2022-11,3647.59,23.61,0.46,-0.4402,2517,6330.27,0.7082,1,1
LJ500_R184_C066,694250,9593250,2022,11,2022-11,3154.7,13.68,0.0763,-0.6214,1745.45,1739.66,0.9716,0.9972,0.9972
LJ500_R108_C065,693750,9555250,2022,12,2022-12,2608.83,32.12,-0.4848,-0.8746,,,0.5391,0,0
LJ500_R109_C088,705250,9555750,2022,12,2022-12,2662.52,32.8,0.2588,-0.3936,2263.4,2341.75,0.98,1,1
LJ500_R119_C079,700750,9560750,2022,12,2022-12,2115.91,17.82,0.7681,-0.3348,89.91,123.83,1,1,1
LJ500_R122_C070,696250,9562250,2022,12,2022-12,2147.39,5.9213,0.1833,0.5344,8,77.66,1,1,1
LJ500_R125_C065,693750,9563750,2022,12,2022-12,2306.59,16.23,-0.3146,0.9013,519.8,140,0.98,1,1
LJ500_R131_C053,687750,9566750,2022,12,2022-12,1857.8,21.06,0.1985,-0.6097,1253.97,718.41,0.98,1,1
LJ500_R132_C080,701250,9567250,2022,12,2022-12,2633.64,23.79,0.5886,0.4698,1349.1,267.51,0.98,1,1
LJ500_R138_C087,704750,9570250,2022,12,2022-12,2135.26,33.65,0.3321,-0.708,520.85,1649.83,1,1,1
LJ500_R142_C071,696750,9572250,2022,12,2022-12,2116.51,26.49,-0.1667,0.1456,119.12,285.97,0.9604,1,1
LJ500_R145_C054,688250,9573750,2022,12,2022-12,2843.37,16.76,-0.4861,0.103,1841.2,1633.03,0.98,1,1
LJ500_R147_C083,702750,9574750,2022,12,2022-12,2315.88,21.17,-0.5859,0.1455,541.56,1299.06,0.98,1,1
LJ500_R156_C028,675250,9579250,2022,12,2022-12,2312.5,31.55,-0.2856,-0.5531,2283.58,1587.48,1,1,1
LJ500_R156_C067,694750,9579250,2022,12,2022-12,2329.91,32.93,-0.2221,-0.6634,190.49,504.31,1,1,1
LJ500_R156_C079,700750,9579250,2022,12,2022-12,2863.93,23.4,-0.5845,-0.0295,2424.87,4385.2,1,1,1
LJ500_R157_C009,665750,9579750,2022,12,2022-12,1194.66,24.24,0.4562,0.415,272.1,1131.02,0.98,1,1
LJ500_R158_C065,693750,9580250,2022,12,2022-12,2368.29,33.75,-0.3608,0.7344,654.7,265.1,0.98,1,1
LJ500_R160_C074,698250,9581250,2022,12,2022-12,2563.93,21.97,0.0816,-0.5437,1840.78,3751,0.9604,1,1
LJ500_R161_C066,694250,9581750,2022,12,2022-12,2182.48,26.29,-0.0873,-0.1268,123.12,99.83,1,1,1
LJ500_R164_C043,682750,9583250,2022,12,2022-12,3056.29,24.94,0.0987,-0.2925,1203.99,115.31,1,1,1
LJ500_R164_C059,690750,9583250,2022,12,2022-12,3105,18.29,-0.7924,-0.5136,2202.73,1700.59,0.98,1,1
LJ500_R166_C072,697250,9584250,2022,12,2022-12,2703.72,23.69,-0.1855,-0.6705,3258.83,3426.37,0.98,1,1
LJ500_R167_C067,694750,9584750,2022,12,2022-12,2436.62,24.15,0.376,-0.4321,1786.06,1277.5,1,1,1
LJ500_R168_C045,683750,9585250,2022,12,2022-12,3119.59,16.2,0.1488,0.3374,2527.85,1693.09,1,1,1
LJ500_R173_C033,677750,9587750,2022,12,2022-12,3118.72,20.57,0.0846,0.4514,3964.85,4393.18,1,1,1
LJ500_R178_C063,692750,9590250,2022,12,2022-12,2701.84,14.62,-0.4474,-0.7489,2144.76,200,0.98,1,1
LJ500_R179_C046,684250,9590750,2022,12,2022-12,3463.75,23.67,-0.3683,0.7856,5199.04,3309.08,1,1,1
LJ500_R180_C071,696750,9591250,2022,12,2022-12,2990.12,23.96,-0.7064,-0.2605,4703.19,4260.28,0.98,1,1
LJ500_R183_C039,680750,9592750,2022,12,2022-12,3643.62,16.63,-0.2761,-0.6396,2614.73,6072.03,0.9185,0.7282,0.7282
LJ500_R184_C039,680750,9593250,2022,12,2022-12,3647.59,23.61,0.46,-0.4402,2517,6330.27,0.7082,1,1
LJ500_R184_C066,694250,9593250,2022,12,2022-12,3154.7,13.68,0.0763,-0.6214,1745.45,1739.66,0.9716,0.9972,0.9972
LJ500_R108_C065,693750,9555250,2023,1,2023-01,2608.83,32.12,-0.4848,-0.8746,,,0.5391,0,0
LJ500_R109_C088,705250,9555750,2023,1,2023-01,2662.52,32.8,0.2588,-0.3936,2263.4,2341.75,0.98,1,1
LJ500_R119_C079,700750,9560750,2023,1,2023-01,2115.91,17.82,0.7681,-0.3348,89.91,123.83,1,1,1
LJ500_R122_C070,696250,9562250,2023,1,2023-01,2147.39,5.9213,0.1833,0.5344,8,77.66,1,1,1
LJ500_R125_C065,693750,9563750,2023,1,2023-01,2306.59,16.23,-0.3146,0.9013,519.8,140,0.98,1,1
LJ500_R131_C053,687750,9566750,2023,1,2023-01,1857.8,21.06,0.1985,-0.6097,1253.97,718.41,0.98,1,1
LJ500_R132_C080,701250,9567250,2023,1,2023-01,2633.64,23.79,0.5886,0.4698,1349.1,267.51,0.98,1,1
LJ500_R138_C087,704750,9570250,2023,1,2023-01,2135.26,33.65,0.3321,-0.708,520.85,1649.83,1,1,1
LJ500_R142_C071,696750,9572250,2023,1,2023-01,2116.51,26.49,-0.1667,0.1456,119.12,285.97,0.9604,1,1
LJ500_R145_C054,688250,9573750,2023,1,2023-01,2843.37,16.76,-0.4861,0.103,1841.2,1633.03,0.98,1,1
LJ500_R147_C083,702750,9574750,2023,1,2023-01,2315.88,21.17,-0.5859,0.1455,541.56,1299.06,0.98,1,1
LJ500_R156_C028,675250,9579250,2023,1,2023-01,2312.5,31.55,-0.2856,-0.5531,2283.58,1587.48,1,1,1
LJ500_R156_C067,694750,9579250,2023,1,2023-01,2329.91,32.93,-0.2221,-0.6634,190.49,504.31,1,1,1
LJ500_R156_C079,700750,9579250,2023,1,2023-01,2863.93,23.4,-0.5845,-0.0295,2424.87,4385.2,1,1,1
LJ500_R157_C009,665750,9579750,2023,1,2023-01,1194.66,24.24,0.4562,0.415,272.1,1131.02,0.98,1,1
LJ500_R158_C065,693750,9580250,2023,1,2023-01,2368.29,33.75,-0.3608,0.7344,654.7,265.1,0.98,1,1
LJ500_R160_C074,698250,9581250,2023,1,2023-01,2563.93,21.97,0.0816,-0.5437,1840.78,3751,0.9604,1,1
LJ500_R161_C066,694250,9581750,2023,1,2023-01,2182.48,26.29,-0.0873,-0.1268,123.12,99.83,1,1,1
LJ500_R164_C043,682750,9583250,2023,1,2023-01,3056.29,24.94,0.0987,-0.2925,1203.99,115.31,1,1,1
LJ500_R164_C059,690750,9583250,2023,1,2023-01,3105,18.29,-0.7924,-0.5136,2202.73,1700.59,0.98,1,1
LJ500_R166_C072,697250,9584250,2023,1,2023-01,2703.72,23.69,-0.1855,-0.6705,3258.83,3426.37,0.98,1,1
LJ500_R167_C067,694750,9584750,2023,1,2023-01,2436.62,24.15,0.376,-0.4321,1786.06,1277.5,1,1,1
LJ500_R168_C045,683750,9585250,2023,1,2023-01,3119.59,16.2,0.1488,0.3374,2527.85,1693.09,1,1,1
LJ500_R173_C033,677750,9587750,2023,1,2023-01,3118.72,20.57,0.0846,0.4514,3964.85,4393.18,1,1,1
LJ500_R178_C063,692750,9590250,2023,1,2023-01,2701.84,14.62,-0.4474,-0.7489,2144.76,200,0.98,1,1
LJ500_R179_C046,684250,9590750,2023,1,2023-01,3463.75,23.67,-0.3683,0.7856,5199.04,3309.08,1,1,1
LJ500_R180_C071,696750,9591250,2023,1,2023-01,2990.12,23.96,-0.7064,-0.2605,4703.19,4260.28,0.98,1,1
LJ500_R183_C039,680750,9592750,2023,1,2023-01,3643.62,16.63,-0.2761,-0.6396,2614.73,6072.03,0.9185,0.7282,0.7282
LJ500_R184_C039,680750,9593250,2023,1,2023-01,3647.59,23.61,0.46,-0.4402,2517,6330.27,0.7082,1,1
LJ500_R184_C066,694250,9593250,2023,1,2023-01,3154.7,13.68,0.0763,-0.6214,1745.45,1739.66,0.9716,0.9972,0.9972
LJ500_R108_C065,693750,9555250,2023,2,2023-02,2608.83,32.12,-0.4848,-0.8746,,,0.5391,0,0
LJ500_R109_C088,705250,9555750,2023,2,2023-02,2662.52,32.8,0.2588,-0.3936,2263.4,2341.75,0.98,1,1
LJ500_R119_C079,700750,9560750,2023,2,2023-02,2115.91,17.82,0.7681,-0.3348,89.91,123.83,1,1,1
LJ500_R122_C070,696250,9562250,2023,2,2023-02,2147.39,5.9213,0.1833,0.5344,8,77.66,1,1,1
LJ500_R125_C065,693750,9563750,2023,2,2023-02,2306.59,16.23,-0.3146,0.9013,519.8,140,0.98,1,1
LJ500_R131_C053,687750,9566750,2023,2,2023-02,1857.8,21.06,0.1985,-0.6097,1253.97,718.41,0.98,1,1
LJ500_R132_C080,701250,9567250,2023,2,2023-02,2633.64,23.79,0.5886,0.4698,1349.1,267.51,0.98,1,1
LJ500_R138_C087,704750,9570250,2023,2,2023-02,2135.26,33.65,0.3321,-0.708,520.85,1649.83,1,1,1
LJ500_R142_C071,696750,9572250,2023,2,2023-02,2116.51,26.49,-0.1667,0.1456,119.12,285.97,0.9604,1,1
LJ500_R145_C054,688250,9573750,2023,2,2023-02,2843.37,16.76,-0.4861,0.103,1841.2,1633.03,0.98,1,1
LJ500_R147_C083,702750,9574750,2023,2,2023-02,2315.88,21.17,-0.5859,0.1455,541.56,1299.06,0.98,1,1
LJ500_R156_C028,675250,9579250,2023,2,2023-02,2312.5,31.55,-0.2856,-0.5531,2283.58,1587.48,1,1,1
LJ500_R156_C067,694750,9579250,2023,2,2023-02,2329.91,32.93,-0.2221,-0.6634,190.49,504.31,1,1,1
LJ500_R156_C079,700750,9579250,2023,2,2023-02,2863.93,23.4,-0.5845,-0.0295,2424.87,4385.2,1,1,1
LJ500_R157_C009,665750,9579750,2023,2,2023-02,1194.66,24.24,0.4562,0.415,272.1,1131.02,0.98,1,1
LJ500_R158_C065,693750,9580250,2023,2,2023-02,2368.29,33.75,-0.3608,0.7344,654.7,265.1,0.98,1,1
LJ500_R160_C074,698250,9581250,2023,2,2023-02,2563.93,21.97,0.0816,-0.5437,1840.78,3751,0.9604,1,1
LJ500_R161_C066,694250,9581750,2023,2,2023-02,2182.48,26.29,-0.0873,-0.1268,123.12,99.83,1,1,1
LJ500_R164_C043,682750,9583250,2023,2,2023-02,3056.29,24.94,0.0987,-0.2925,1203.99,115.31,1,1,1
LJ500_R164_C059,690750,9583250,2023,2,2023-02,3105,18.29,-0.7924,-0.5136,2202.73,1700.59,0.98,1,1
LJ500_R166_C072,697250,9584250,2023,2,2023-02,2703.72,23.69,-0.1855,-0.6705,3258.83,3426.37,0.98,1,1
LJ500_R167_C067,694750,9584750,2023,2,2023-02,2436.62,24.15,0.376,-0.4321,1786.06,1277.5,1,1,1
LJ500_R168_C045,683750,9585250,2023,2,2023-02,3119.59,16.2,0.1488,0.3374,2527.85,1693.09,1,1,1
LJ500_R173_C033,677750,9587750,2023,2,2023-02,3118.72,20.57,0.0846,0.4514,3964.85,4393.18,1,1,1
LJ500_R178_C063,692750,9590250,2023,2,2023-02,2701.84,14.62,-0.4474,-0.7489,2144.76,200,0.98,1,1
LJ500_R179_C046,684250,9590750,2023,2,2023-02,3463.75,23.67,-0.3683,0.7856,5199.04,3309.08,1,1,1
LJ500_R180_C071,696750,9591250,2023,2,2023-02,2990.12,23.96,-0.7064,-0.2605,4703.19,4260.28,0.98,1,1
LJ500_R183_C039,680750,9592750,2023,2,2023-02,3643.62,16.63,-0.2761,-0.6396,2614.73,6072.03,0.9185,0.7282,0.7282
LJ500_R184_C039,680750,9593250,2023,2,2023-02,3647.59,23.61,0.46,-0.4402,2517,6330.27,0.7082,1,1
LJ500_R184_C066,694250,9593250,2023,2,2023-02,3154.7,13.68,0.0763,-0.6214,1745.45,1739.66,0.9716,0.9972,0.9972
LJ500_R108_C065,693750,9555250,2023,3,2023-03,2608.83,32.12,-0.4848,-0.8746,,,0.5391,0,0
LJ500_R109_C088,705250,9555750,2023,3,2023-03,2662.52,32.8,0.2588,-0.3936,2263.4,2341.75,0.98,1,1
LJ500_R119_C079,700750,9560750,2023,3,2023-03,2115.91,17.82,0.7681,-0.3348,89.91,123.83,1,1,1
LJ500_R122_C070,696250,9562250,2023,3,2023-03,2147.39,5.9213,0.1833,0.5344,8,77.66,1,1,1
LJ500_R125_C065,693750,9563750,2023,3,2023-03,2306.59,16.23,-0.3146,0.9013,519.8,140,0.98,1,1
LJ500_R131_C053,687750,9566750,2023,3,2023-03,1857.8,21.06,0.1985,-0.6097,1253.97,718.41,0.98,1,1
LJ500_R132_C080,701250,9567250,2023,3,2023-03,2633.64,23.79,0.5886,0.4698,1349.1,267.51,0.98,1,1
LJ500_R138_C087,704750,9570250,2023,3,2023-03,2135.26,33.65,0.3321,-0.708,520.85,1649.83,1,1,1
LJ500_R142_C071,696750,9572250,2023,3,2023-03,2116.51,26.49,-0.1667,0.1456,119.12,285.97,0.9604,1,1
LJ500_R145_C054,688250,9573750,2023,3,2023-03,2843.37,16.76,-0.4861,0.103,1841.2,1633.03,0.98,1,1
LJ500_R147_C083,702750,9574750,2023,3,2023-03,2315.88,21.17,-0.5859,0.1455,541.56,1299.06,0.98,1,1
LJ500_R156_C028,675250,9579250,2023,3,2023-03,2312.5,31.55,-0.2856,-0.5531,2283.58,1587.48,1,1,1
LJ500_R156_C067,694750,9579250,2023,3,2023-03,2329.91,32.93,-0.2221,-0.6634,190.49,504.31,1,1,1
LJ500_R156_C079,700750,9579250,2023,3,2023-03,2863.93,23.4,-0.5845,-0.0295,2424.87,4385.2,1,1,1
LJ500_R157_C009,665750,9579750,2023,3,2023-03,1194.66,24.24,0.4562,0.415,272.1,1131.02,0.98,1,1
LJ500_R158_C065,693750,9580250,2023,3,2023-03,2368.29,33.75,-0.3608,0.7344,654.7,265.1,0.98,1,1
LJ500_R160_C074,698250,9581250,2023,3,2023-03,2563.93,21.97,0.0816,-0.5437,1840.78,3751,0.9604,1,1
LJ500_R161_C066,694250,9581750,2023,3,2023-03,2182.48,26.29,-0.0873,-0.1268,123.12,99.83,1,1,1
LJ500_R164_C043,682750,9583250,2023,3,2023-03,3056.29,24.94,0.0987,-0.2925,1203.99,115.31,1,1,1
LJ500_R164_C059,690750,9583250,2023,3,2023-03,3105,18.29,-0.7924,-0.5136,2202.73,1700.59,0.98,1,1
LJ500_R166_C072,697250,9584250,2023,3,2023-03,2703.72,23.69,-0.1855,-0.6705,3258.83,3426.37,0.98,1,1
LJ500_R167_C067,694750,9584750,2023,3,2023-03,2436.62,24.15,0.376,-0.4321,1786.06,1277.5,1,1,1
LJ500_R168_C045,683750,9585250,2023,3,2023-03,3119.59,16.2,0.1488,0.3374,2527.85,1693.09,1,1,1
LJ500_R173_C033,677750,9587750,2023,3,2023-03,3118.72,20.57,0.0846,0.4514,3964.85,4393.18,1,1,1
LJ500_R178_C063,692750,9590250,2023,3,2023-03,2701.84,14.62,-0.4474,-0.7489,2144.76,200,0.98,1,1
LJ500_R179_C046,684250,9590750,2023,3,2023-03,3463.75,23.67,-0.3683,0.7856,5199.04,3309.08,1,1,1
LJ500_R180_C071,696750,9591250,2023,3,2023-03,2990.12,23.96,-0.7064,-0.2605,4703.19,4260.28,0.98,1,1
LJ500_R183_C039,680750,9592750,2023,3,2023-03,3643.62,16.63,-0.2761,-0.6396,2614.73,6072.03,0.9185,0.7282,0.7282
LJ500_R184_C039,680750,9593250,2023,3,2023-03,3647.59,23.61,0.46,-0.4402,2517,6330.27,0.7082,1,1
LJ500_R184_C066,694250,9593250,2023,3,2023-03,3154.7,13.68,0.0763,-0.6214,1745.45,1739.66,0.9716,0.9972,0.9972
LJ500_R108_C065,693750,9555250,2023,4,2023-04,2608.83,32.12,-0.4848,-0.8746,,,0.5391,0,0
LJ500_R109_C088,705250,9555750,2023,4,2023-04,2662.52,32.8,0.2588,-0.3936,2263.4,2341.75,0.98,1,1
LJ500_R119_C079,700750,9560750,2023,4,2023-04,2115.91,17.82,0.7681,-0.3348,89.91,123.83,1,1,1
LJ500_R122_C070,696250,9562250,2023,4,2023-04,2147.39,5.9213,0.1833,0.5344,8,77.66,1,1,1
LJ500_R125_C065,693750,9563750,2023,4,2023-04,2306.59,16.23,-0.3146,0.9013,519.8,140,0.98,1,1
LJ500_R131_C053,687750,9566750,2023,4,2023-04,1857.8,21.06,0.1985,-0.6097,1253.97,718.41,0.98,1,1
LJ500_R132_C080,701250,9567250,2023,4,2023-04,2633.64,23.79,0.5886,0.4698,1349.1,267.51,0.98,1,1
LJ500_R138_C087,704750,9570250,2023,4,2023-04,2135.26,33.65,0.3321,-0.708,520.85,1649.83,1,1,1
LJ500_R142_C071,696750,9572250,2023,4,2023-04,2116.51,26.49,-0.1667,0.1456,119.12,285.97,0.9604,1,1
LJ500_R145_C054,688250,9573750,2023,4,2023-04,2843.37,16.76,-0.4861,0.103,1841.2,1633.03,0.98,1,1
LJ500_R147_C083,702750,9574750,2023,4,2023-04,2315.88,21.17,-0.5859,0.1455,541.56,1299.06,0.98,1,1
LJ500_R156_C028,675250,9579250,2023,4,2023-04,2312.5,31.55,-0.2856,-0.5531,2283.58,1587.48,1,1,1
LJ500_R156_C067,694750,9579250,2023,4,2023-04,2329.91,32.93,-0.2221,-0.6634,190.49,504.31,1,1,1
LJ500_R156_C079,700750,9579250,2023,4,2023-04,2863.93,23.4,-0.5845,-0.0295,2424.87,4385.2,1,1,1
LJ500_R157_C009,665750,9579750,2023,4,2023-04,1194.66,24.24,0.4562,0.415,272.1,1131.02,0.98,1,1
LJ500_R158_C065,693750,9580250,2023,4,2023-04,2368.29,33.75,-0.3608,0.7344,654.7,265.1,0.98,1,1
LJ500_R160_C074,698250,9581250,2023,4,2023-04,2563.93,21.97,0.0816,-0.5437,1840.78,3751,0.9604,1,1
LJ500_R161_C066,694250,9581750,2023,4,2023-04,2182.48,26.29,-0.0873,-0.1268,123.12,99.83,1,1,1
LJ500_R164_C043,682750,9583250,2023,4,2023-04,3056.29,24.94,0.0987,-0.2925,1203.99,115.31,1,1,1
LJ500_R164_C059,690750,9583250,2023,4,2023-04,3105,18.29,-0.7924,-0.5136,2202.73,1700.59,0.98,1,1
LJ500_R166_C072,697250,9584250,2023,4,2023-04,2703.72,23.69,-0.1855,-0.6705,3258.83,3426.37,0.98,1,1
LJ500_R167_C067,694750,9584750,2023,4,2023-04,2436.62,24.15,0.376,-0.4321,1786.06,1277.5,1,1,1
LJ500_R168_C045,683750,9585250,2023,4,2023-04,3119.59,16.2,0.1488,0.3374,2527.85,1693.09,1,1,1
LJ500_R173_C033,677750,9587750,2023,4,2023-04,3118.72,20.57,0.0846,0.4514,3964.85,4393.18,1,1,1
LJ500_R178_C063,692750,9590250,2023,4,2023-04,2701.84,14.62,-0.4474,-0.7489,2144.76,200,0.98,1,1
LJ500_R179_C046,684250,9590750,2023,4,2023-04,3463.75,23.67,-0.3683,0.7856,5199.04,3309.08,1,1,1
LJ500_R180_C071,696750,9591250,2023,4,2023-04,2990.12,23.96,-0.7064,-0.2605,4703.19,4260.28,0.98,1,1
LJ500_R183_C039,680750,9592750,2023,4,2023-04,3643.62,16.63,-0.2761,-0.6396,2614.73,6072.03,0.9185,0.7282,0.7282
LJ500_R184_C039,680750,9593250,2023,4,2023-04,3647.59,23.61,0.46,-0.4402,2517,6330.27,0.7082,1,1
LJ500_R184_C066,694250,9593250,2023,4,2023-04,3154.7,13.68,0.0763,-0.6214,1745.45,1739.66,0.9716,0.9972,0.9972
LJ500_R108_C065,693750,9555250,2023,5,2023-05,2608.83,32.12,-0.4848,-0.8746,,,0.5391,0,0
LJ500_R109_C088,705250,9555750,2023,5,2023-05,2662.52,32.8,0.2588,-0.3936,2263.4,2341.75,0.98,1,1
LJ500_R119_C079,700750,9560750,2023,5,2023-05,2115.91,17.82,0.7681,-0.3348,89.91,123.83,1,1,1
LJ500_R122_C070,696250,9562250,2023,5,2023-05,2147.39,5.9213,0.1833,0.5344,8,77.66,1,1,1
LJ500_R125_C065,693750,9563750,2023,5,2023-05,2306.59,16.23,-0.3146,0.9013,519.8,140,0.98,1,1
LJ500_R131_C053,687750,9566750,2023,5,2023-05,1857.8,21.06,0.1985,-0.6097,1253.97,718.41,0.98,1,1
LJ500_R132_C080,701250,9567250,2023,5,2023-05,2633.64,23.79,0.5886,0.4698,1349.1,267.51,0.98,1,1
LJ500_R138_C087,704750,9570250,2023,5,2023-05,2135.26,33.65,0.3321,-0.708,520.85,1649.83,1,1,1
LJ500_R142_C071,696750,9572250,2023,5,2023-05,2116.51,26.49,-0.1667,0.1456,119.12,285.97,0.9604,1,1
LJ500_R145_C054,688250,9573750,2023,5,2023-05,2843.37,16.76,-0.4861,0.103,1841.2,1633.03,0.98,1,1
LJ500_R147_C083,702750,9574750,2023,5,2023-05,2315.88,21.17,-0.5859,0.1455,541.56,1299.06,0.98,1,1
LJ500_R156_C028,675250,9579250,2023,5,2023-05,2312.5,31.55,-0.2856,-0.5531,2283.58,1587.48,1,1,1
LJ500_R156_C067,694750,9579250,2023,5,2023-05,2329.91,32.93,-0.2221,-0.6634,190.49,504.31,1,1,1
LJ500_R156_C079,700750,9579250,2023,5,2023-05,2863.93,23.4,-0.5845,-0.0295,2424.87,4385.2,1,1,1
LJ500_R157_C009,665750,9579750,2023,5,2023-05,1194.66,24.24,0.4562,0.415,272.1,1131.02,0.98,1,1
LJ500_R158_C065,693750,9580250,2023,5,2023-05,2368.29,33.75,-0.3608,0.7344,654.7,265.1,0.98,1,1
LJ500_R160_C074,698250,9581250,2023,5,2023-05,2563.93,21.97,0.0816,-0.5437,1840.78,3751,0.9604,1,1
LJ500_R161_C066,694250,9581750,2023,5,2023-05,2182.48,26.29,-0.0873,-0.1268,123.12,99.83,1,1,1
LJ500_R164_C043,682750,9583250,2023,5,2023-05,3056.29,24.94,0.0987,-0.2925,1203.99,115.31,1,1,1
LJ500_R164_C059,690750,9583250,2023,5,2023-05,3105,18.29,-0.7924,-0.5136,2202.73,1700.59,0.98,1,1
LJ500_R166_C072,697250,9584250,2023,5,2023-05,2703.72,23.69,-0.1855,-0.6705,3258.83,3426.37,0.98,1,1
LJ500_R167_C067,694750,9584750,2023,5,2023-05,2436.62,24.15,0.376,-0.4321,1786.06,1277.5,1,1,1
LJ500_R168_C045,683750,9585250,2023,5,2023-05,3119.59,16.2,0.1488,0.3374,2527.85,1693.09,1,1,1
LJ500_R173_C033,677750,9587750,2023,5,2023-05,3118.72,20.57,0.0846,0.4514,3964.85,4393.18,1,1,1
LJ500_R178_C063,692750,9590250,2023,5,2023-05,2701.84,14.62,-0.4474,-0.7489,2144.76,200,0.98,1,1
LJ500_R179_C046,684250,9590750,2023,5,2023-05,3463.75,23.67,-0.3683,0.7856,5199.04,3309.08,1,1,1
LJ500_R180_C071,696750,9591250,2023,5,2023-05,2990.12,23.96,-0.7064,-0.2605,4703.19,4260.28,0.98,1,1
LJ500_R183_C039,680750,9592750,2023,5,2023-05,3643.62,16.63,-0.2761,-0.6396,2614.73,6072.03,0.9185,0.7282,0.7282
LJ500_R184_C039,680750,9593250,2023,5,2023-05,3647.59,23.61,0.46,-0.4402,2517,6330.27,0.7082,1,1
LJ500_R184_C066,694250,9593250,2023,5,2023-05,3154.7,13.68,0.0763,-0.6214,1745.45,1739.66,0.9716,0.9972,0.9972
LJ500_R108_C065,693750,9555250,2023,6,2023-06,2608.83,32.12,-0.4848,-0.8746,,,0.5391,0,0
LJ500_R109_C088,705250,9555750,2023,6,2023-06,2662.52,32.8,0.2588,-0.3936,2263.4,2341.75,0.98,1,1
LJ500_R119_C079,700750,9560750,2023,6,2023-06,2115.91,17.82,0.7681,-0.3348,89.91,123.83,1,1,1
LJ500_R122_C070,696250,9562250,2023,6,2023-06,2147.39,5.9213,0.1833,0.5344,8,77.66,1,1,1
LJ500_R125_C065,693750,9563750,2023,6,2023-06,2306.59,16.23,-0.3146,0.9013,519.8,140,0.98,1,1
LJ500_R131_C053,687750,9566750,2023,6,2023-06,1857.8,21.06,0.1985,-0.6097,1253.97,718.41,0.98,1,1
LJ500_R132_C080,701250,9567250,2023,6,2023-06,2633.64,23.79,0.5886,0.4698,1349.1,267.51,0.98,1,1
LJ500_R138_C087,704750,9570250,2023,6,2023-06,2135.26,33.65,0.3321,-0.708,520.85,1649.83,1,1,1
LJ500_R142_C071,696750,9572250,2023,6,2023-06,2116.51,26.49,-0.1667,0.1456,119.12,285.97,0.9604,1,1
LJ500_R145_C054,688250,9573750,2023,6,2023-06,2843.37,16.76,-0.4861,0.103,1841.2,1633.03,0.98,1,1
LJ500_R147_C083,702750,9574750,2023,6,2023-06,2315.88,21.17,-0.5859,0.1455,541.56,1299.06,0.98,1,1
LJ500_R156_C028,675250,9579250,2023,6,2023-06,2312.5,31.55,-0.2856,-0.5531,2283.58,1587.48,1,1,1
LJ500_R156_C067,694750,9579250,2023,6,2023-06,2329.91,32.93,-0.2221,-0.6634,190.49,504.31,1,1,1
LJ500_R156_C079,700750,9579250,2023,6,2023-06,2863.93,23.4,-0.5845,-0.0295,2424.87,4385.2,1,1,1
LJ500_R157_C009,665750,9579750,2023,6,2023-06,1194.66,24.24,0.4562,0.415,272.1,1131.02,0.98,1,1
LJ500_R158_C065,693750,9580250,2023,6,2023-06,2368.29,33.75,-0.3608,0.7344,654.7,265.1,0.98,1,1
LJ500_R160_C074,698250,9581250,2023,6,2023-06,2563.93,21.97,0.0816,-0.5437,1840.78,3751,0.9604,1,1
LJ500_R161_C066,694250,9581750,2023,6,2023-06,2182.48,26.29,-0.0873,-0.1268,123.12,99.83,1,1,1
LJ500_R164_C043,682750,9583250,2023,6,2023-06,3056.29,24.94,0.0987,-0.2925,1203.99,115.31,1,1,1
LJ500_R164_C059,690750,9583250,2023,6,2023-06,3105,18.29,-0.7924,-0.5136,2202.73,1700.59,0.98,1,1
LJ500_R166_C072,697250,9584250,2023,6,2023-06,2703.72,23.69,-0.1855,-0.6705,3258.83,3426.37,0.98,1,1
LJ500_R167_C067,694750,9584750,2023,6,2023-06,2436.62,24.15,0.376,-0.4321,1786.06,1277.5,1,1,1
LJ500_R168_C045,683750,9585250,2023,6,2023-06,3119.59,16.2,0.1488,0.3374,2527.85,1693.09,1,1,1
LJ500_R173_C033,677750,9587750,2023,6,2023-06,3118.72,20.57,0.0846,0.4514,3964.85,4393.18,1,1,1
LJ500_R178_C063,692750,9590250,2023,6,2023-06,2701.84,14.62,-0.4474,-0.7489,2144.76,200,0.98,1,1
LJ500_R179_C046,684250,9590750,2023,6,2023-06,3463.75,23.67,-0.3683,0.7856,5199.04,3309.08,1,1,1
LJ500_R180_C071,696750,9591250,2023,6,2023-06,2990.12,23.96,-0.7064,-0.2605,4703.19,4260.28,0.98,1,1
LJ500_R183_C039,680750,9592750,2023,6,2023-06,3643.62,16.63,-0.2761,-0.6396,2614.73,6072.03,0.9185,0.7282,0.7282
LJ500_R184_C039,680750,9593250,2023,6,2023-06,3647.59,23.61,0.46,-0.4402,2517,6330.27,0.7082,1,1
LJ500_R184_C066,694250,9593250,2023,6,2023-06,3154.7,13.68,0.0763,-0.6214,1745.45,1739.66,0.9716,0.9972,0.9972
LJ500_R108_C065,693750,9555250,2023,7,2023-07,2608.83,32.12,-0.4848,-0.8746,,,0.5391,0,0
LJ500_R109_C088,705250,9555750,2023,7,2023-07,2662.52,32.8,0.2588,-0.3936,2263.4,2341.75,0.98,1,1
LJ500_R119_C079,700750,9560750,2023,7,2023-07,2115.91,17.82,0.7681,-0.3348,89.91,123.83,1,1,1
LJ500_R122_C070,696250,9562250,2023,7,2023-07,2147.39,5.9213,0.1833,0.5344,8,77.66,1,1,1
LJ500_R125_C065,693750,9563750,2023,7,2023-07,2306.59,16.23,-0.3146,0.9013,519.8,140,0.98,1,1
LJ500_R131_C053,687750,9566750,2023,7,2023-07,1857.8,21.06,0.1985,-0.6097,1253.97,718.41,0.98,1,1
LJ500_R132_C080,701250,9567250,2023,7,2023-07,2633.64,23.79,0.5886,0.4698,1349.1,267.51,0.98,1,1
LJ500_R138_C087,704750,9570250,2023,7,2023-07,2135.26,33.65,0.3321,-0.708,520.85,1649.83,1,1,1
LJ500_R142_C071,696750,9572250,2023,7,2023-07,2116.51,26.49,-0.1667,0.1456,119.12,285.97,0.9604,1,1
LJ500_R145_C054,688250,9573750,2023,7,2023-07,2843.37,16.76,-0.4861,0.103,1841.2,1633.03,0.98,1,1
LJ500_R147_C083,702750,9574750,2023,7,2023-07,2315.88,21.17,-0.5859,0.1455,541.56,1299.06,0.98,1,1
LJ500_R156_C028,675250,9579250,2023,7,2023-07,2312.5,31.55,-0.2856,-0.5531,2283.58,1587.48,1,1,1
LJ500_R156_C067,694750,9579250,2023,7,2023-07,2329.91,32.93,-0.2221,-0.6634,190.49,504.31,1,1,1
LJ500_R156_C079,700750,9579250,2023,7,2023-07,2863.93,23.4,-0.5845,-0.0295,2424.87,4385.2,1,1,1
LJ500_R157_C009,665750,9579750,2023,7,2023-07,1194.66,24.24,0.4562,0.415,272.1,1131.02,0.98,1,1
LJ500_R158_C065,693750,9580250,2023,7,2023-07,2368.29,33.75,-0.3608,0.7344,654.7,265.1,0.98,1,1
LJ500_R160_C074,698250,9581250,2023,7,2023-07,2563.93,21.97,0.0816,-0.5437,1840.78,3751,0.9604,1,1
LJ500_R161_C066,694250,9581750,2023,7,2023-07,2182.48,26.29,-0.0873,-0.1268,123.12,99.83,1,1,1
LJ500_R164_C043,682750,9583250,2023,7,2023-07,3056.29,24.94,0.0987,-0.2925,1203.99,115.31,1,1,1
LJ500_R164_C059,690750,9583250,2023,7,2023-07,3105,18.29,-0.7924,-0.5136,2202.73,1700.59,0.98,1,1
LJ500_R166_C072,697250,9584250,2023,7,2023-07,2703.72,23.69,-0.1855,-0.6705,3258.83,3426.37,0.98,1,1
LJ500_R167_C067,694750,9584750,2023,7,2023-07,2436.62,24.15,0.376,-0.4321,1786.06,1277.5,1,1,1
LJ500_R168_C045,683750,9585250,2023,7,2023-07,3119.59,16.2,0.1488,0.3374,2527.85,1693.09,1,1,1
LJ500_R173_C033,677750,9587750,2023,7,2023-07,3118.72,20.57,0.0846,0.4514,3964.85,4393.18,1,1,1
LJ500_R178_C063,692750,9590250,2023,7,2023-07,2701.84,14.62,-0.4474,-0.7489,2144.76,200,0.98,1,1
LJ500_R179_C046,684250,9590750,2023,7,2023-07,3463.75,23.67,-0.3683,0.7856,5199.04,3309.08,1,1,1
LJ500_R180_C071,696750,9591250,2023,7,2023-07,2990.12,23.96,-0.7064,-0.2605,4703.19,4260.28,0.98,1,1
LJ500_R183_C039,680750,9592750,2023,7,2023-07,3643.62,16.63,-0.2761,-0.6396,2614.73,6072.03,0.9185,0.7282,0.7282
LJ500_R184_C039,680750,9593250,2023,7,2023-07,3647.59,23.61,0.46,-0.4402,2517,6330.27,0.7082,1,1
LJ500_R184_C066,694250,9593250,2023,7,2023-07,3154.7,13.68,0.0763,-0.6214,1745.45,1739.66,0.9716,0.9972,0.9972
LJ500_R108_C065,693750,9555250,2023,8,2023-08,2608.83,32.12,-0.4848,-0.8746,,,0.5391,0,0
LJ500_R109_C088,705250,9555750,2023,8,2023-08,2662.52,32.8,0.2588,-0.3936,2263.4,2341.75,0.98,1,1
LJ500_R119_C079,700750,9560750,2023,8,2023-08,2115.91,17.82,0.7681,-0.3348,89.91,123.83,1,1,1
LJ500_R122_C070,696250,9562250,2023,8,2023-08,2147.39,5.9213,0.1833,0.5344,8,77.66,1,1,1
LJ500_R125_C065,693750,9563750,2023,8,2023-08,2306.59,16.23,-0.3146,0.9013,519.8,140,0.98,1,1
LJ500_R131_C053,687750,9566750,2023,8,2023-08,1857.8,21.06,0.1985,-0.6097,1253.97,718.41,0.98,1,1
LJ500_R132_C080,701250,9567250,2023,8,2023-08,2633.64,23.79,0.5886,0.4698,1349.1,267.51,0.98,1,1
LJ500_R138_C087,704750,9570250,2023,8,2023-08,2135.26,33.65,0.3321,-0.708,520.85,1649.83,1,1,1
LJ500_R142_C071,696750,9572250,2023,8,2023-08,2116.51,26.49,-0.1667,0.1456,119.12,285.97,0.9604,1,1
LJ500_R145_C054,688250,9573750,2023,8,2023-08,2843.37,16.76,-0.4861,0.103,1841.2,1633.03,0.98,1,1
LJ500_R147_C083,702750,9574750,2023,8,2023-08,2315.88,21.17,-0.5859,0.1455,541.56,1299.06,0.98,1,1
LJ500_R156_C028,675250,9579250,2023,8,2023-08,2312.5,31.55,-0.2856,-0.5531,2283.58,1587.48,1,1,1
LJ500_R156_C067,694750,9579250,2023,8,2023-08,2329.91,32.93,-0.2221,-0.6634,190.49,504.31,1,1,1
LJ500_R156_C079,700750,9579250,2023,8,2023-08,2863.93,23.4,-0.5845,-0.0295,2424.87,4385.2,1,1,1
LJ500_R157_C009,665750,9579750,2023,8,2023-08,1194.66,24.24,0.4562,0.415,272.1,1131.02,0.98,1,1
LJ500_R158_C065,693750,9580250,2023,8,2023-08,2368.29,33.75,-0.3608,0.7344,654.7,265.1,0.98,1,1
LJ500_R160_C074,698250,9581250,2023,8,2023-08,2563.93,21.97,0.0816,-0.5437,1840.78,3751,0.9604,1,1
LJ500_R161_C066,694250,9581750,2023,8,2023-08,2182.48,26.29,-0.0873,-0.1268,123.12,99.83,1,1,1
LJ500_R164_C043,682750,9583250,2023,8,2023-08,3056.29,24.94,0.0987,-0.2925,1203.99,115.31,1,1,1
LJ500_R164_C059,690750,9583250,2023,8,2023-08,3105,18.29,-0.7924,-0.5136,2202.73,1700.59,0.98,1,1
LJ500_R166_C072,697250,9584250,2023,8,2023-08,2703.72,23.69,-0.1855,-0.6705,3258.83,3426.37,0.98,1,1
LJ500_R167_C067,694750,9584750,2023,8,2023-08,2436.62,24.15,0.376,-0.4321,1786.06,1277.5,1,1,1
LJ500_R168_C045,683750,9585250,2023,8,2023-08,3119.59,16.2,0.1488,0.3374,2527.85,1693.09,1,1,1
LJ500_R173_C033,677750,9587750,2023,8,2023-08,3118.72,20.57,0.0846,0.4514,3964.85,4393.18,1,1,1
LJ500_R178_C063,692750,9590250,2023,8,2023-08,2701.84,14.62,-0.4474,-0.7489,2144.76,200,0.98,1,1
LJ500_R179_C046,684250,9590750,2023,8,2023-08,3463.75,23.67,-0.3683,0.7856,5199.04,3309.08,1,1,1
LJ500_R180_C071,696750,9591250,2023,8,2023-08,2990.12,23.96,-0.7064,-0.2605,4703.19,4260.28,0.98,1,1
LJ500_R183_C039,680750,9592750,2023,8,2023-08,3643.62,16.63,-0.2761,-0.6396,2614.73,6072.03,0.9185,0.7282,0.7282
LJ500_R184_C039,680750,9593250,2023,8,2023-08,3647.59,23.61,0.46,-0.4402,2517,6330.27,0.7082,1,1
LJ500_R184_C066,694250,9593250,2023,8,2023-08,3154.7,13.68,0.0763,-0.6214,1745.45,1739.66,0.9716,0.9972,0.9972
LJ500_R108_C065,693750,9555250,2023,9,2023-09,2608.83,32.12,-0.4848,-0.8746,,,0.5391,0,0
LJ500_R109_C088,705250,9555750,2023,9,2023-09,2662.52,32.8,0.2588,-0.3936,2263.4,2341.75,0.98,1,1
LJ500_R119_C079,700750,9560750,2023,9,2023-09,2115.91,17.82,0.7681,-0.3348,89.91,123.83,1,1,1
LJ500_R122_C070,696250,9562250,2023,9,2023-09,2147.39,5.9213,0.1833,0.5344,8,77.66,1,1,1
LJ500_R125_C065,693750,9563750,2023,9,2023-09,2306.59,16.23,-0.3146,0.9013,519.8,140,0.98,1,1
LJ500_R131_C053,687750,9566750,2023,9,2023-09,1857.8,21.06,0.1985,-0.6097,1253.97,718.41,0.98,1,1
LJ500_R132_C080,701250,9567250,2023,9,2023-09,2633.64,23.79,0.5886,0.4698,1349.1,267.51,0.98,1,1
LJ500_R138_C087,704750,9570250,2023,9,2023-09,2135.26,33.65,0.3321,-0.708,520.85,1649.83,1,1,1
LJ500_R142_C071,696750,9572250,2023,9,2023-09,2116.51,26.49,-0.1667,0.1456,119.12,285.97,0.9604,1,1
LJ500_R145_C054,688250,9573750,2023,9,2023-09,2843.37,16.76,-0.4861,0.103,1841.2,1633.03,0.98,1,1
LJ500_R147_C083,702750,9574750,2023,9,2023-09,2315.88,21.17,-0.5859,0.1455,541.56,1299.06,0.98,1,1
LJ500_R156_C028,675250,9579250,2023,9,2023-09,2312.5,31.55,-0.2856,-0.5531,2283.58,1587.48,1,1,1
LJ500_R156_C067,694750,9579250,2023,9,2023-09,2329.91,32.93,-0.2221,-0.6634,190.49,504.31,1,1,1
LJ500_R156_C079,700750,9579250,2023,9,2023-09,2863.93,23.4,-0.5845,-0.0295,2424.87,4385.2,1,1,1
LJ500_R157_C009,665750,9579750,2023,9,2023-09,1194.66,24.24,0.4562,0.415,272.1,1131.02,0.98,1,1
LJ500_R158_C065,693750,9580250,2023,9,2023-09,2368.29,33.75,-0.3608,0.7344,654.7,265.1,0.98,1,1
LJ500_R160_C074,698250,9581250,2023,9,2023-09,2563.93,21.97,0.0816,-0.5437,1840.78,3751,0.9604,1,1
LJ500_R161_C066,694250,9581750,2023,9,2023-09,2182.48,26.29,-0.0873,-0.1268,123.12,99.83,1,1,1
LJ500_R164_C043,682750,9583250,2023,9,2023-09,3056.29,24.94,0.0987,-0.2925,1203.99,115.31,1,1,1
LJ500_R164_C059,690750,9583250,2023,9,2023-09,3105,18.29,-0.7924,-0.5136,2202.73,1700.59,0.98,1,1
LJ500_R166_C072,697250,9584250,2023,9,2023-09,2703.72,23.69,-0.1855,-0.6705,3258.83,3426.37,0.98,1,1
LJ500_R167_C067,694750,9584750,2023,9,2023-09,2436.62,24.15,0.376,-0.4321,1786.06,1277.5,1,1,1
LJ500_R168_C045,683750,9585250,2023,9,2023-09,3119.59,16.2,0.1488,0.3374,2527.85,1693.09,1,1,1
LJ500_R173_C033,677750,9587750,2023,9,2023-09,3118.72,20.57,0.0846,0.4514,3964.85,4393.18,1,1,1
LJ500_R178_C063,692750,9590250,2023,9,2023-09,2701.84,14.62,-0.4474,-0.7489,2144.76,200,0.98,1,1
LJ500_R179_C046,684250,9590750,2023,9,2023-09,3463.75,23.67,-0.3683,0.7856,5199.04,3309.08,1,1,1
LJ500_R180_C071,696750,9591250,2023,9,2023-09,2990.12,23.96,-0.7064,-0.2605,4703.19,4260.28,0.98,1,1
LJ500_R183_C039,680750,9592750,2023,9,2023-09,3643.62,16.63,-0.2761,-0.6396,2614.73,6072.03,0.9185,0.7282,0.7282
LJ500_R184_C039,680750,9593250,2023,9,2023-09,3647.59,23.61,0.46,-0.4402,2517,6330.27,0.7082,1,1
LJ500_R184_C066,694250,9593250,2023,9,2023-09,3154.7,13.68,0.0763,-0.6214,1745.45,1739.66,0.9716,0.9972,0.9972
LJ500_R108_C065,693750,9555250,2023,10,2023-10,2608.83,32.12,-0.4848,-0.8746,,,0.5391,0,0
LJ500_R109_C088,705250,9555750,2023,10,2023-10,2662.52,32.8,0.2588,-0.3936,2263.4,2341.75,0.98,1,1
LJ500_R119_C079,700750,9560750,2023,10,2023-10,2115.91,17.82,0.7681,-0.3348,89.91,123.83,1,1,1
LJ500_R122_C070,696250,9562250,2023,10,2023-10,2147.39,5.9213,0.1833,0.5344,8,77.66,1,1,1
LJ500_R125_C065,693750,9563750,2023,10,2023-10,2306.59,16.23,-0.3146,0.9013,519.8,140,0.98,1,1
LJ500_R131_C053,687750,9566750,2023,10,2023-10,1857.8,21.06,0.1985,-0.6097,1253.97,718.41,0.98,1,1
LJ500_R132_C080,701250,9567250,2023,10,2023-10,2633.64,23.79,0.5886,0.4698,1349.1,267.51,0.98,1,1
LJ500_R138_C087,704750,9570250,2023,10,2023-10,2135.26,33.65,0.3321,-0.708,520.85,1649.83,1,1,1
LJ500_R142_C071,696750,9572250,2023,10,2023-10,2116.51,26.49,-0.1667,0.1456,119.12,285.97,0.9604,1,1
LJ500_R145_C054,688250,9573750,2023,10,2023-10,2843.37,16.76,-0.4861,0.103,1841.2,1633.03,0.98,1,1
LJ500_R147_C083,702750,9574750,2023,10,2023-10,2315.88,21.17,-0.5859,0.1455,541.56,1299.06,0.98,1,1
LJ500_R156_C028,675250,9579250,2023,10,2023-10,2312.5,31.55,-0.2856,-0.5531,2283.58,1587.48,1,1,1
LJ500_R156_C067,694750,9579250,2023,10,2023-10,2329.91,32.93,-0.2221,-0.6634,190.49,504.31,1,1,1
LJ500_R156_C079,700750,9579250,2023,10,2023-10,2863.93,23.4,-0.5845,-0.0295,2424.87,4385.2,1,1,1
LJ500_R157_C009,665750,9579750,2023,10,2023-10,1194.66,24.24,0.4562,0.415,272.1,1131.02,0.98,1,1
LJ500_R158_C065,693750,9580250,2023,10,2023-10,2368.29,33.75,-0.3608,0.7344,654.7,265.1,0.98,1,1
LJ500_R160_C074,698250,9581250,2023,10,2023-10,2563.93,21.97,0.0816,-0.5437,1840.78,3751,0.9604,1,1
LJ500_R161_C066,694250,9581750,2023,10,2023-10,2182.48,26.29,-0.0873,-0.1268,123.12,99.83,1,1,1
LJ500_R164_C043,682750,9583250,2023,10,2023-10,3056.29,24.94,0.0987,-0.2925,1203.99,115.31,1,1,1
LJ500_R164_C059,690750,9583250,2023,10,2023-10,3105,18.29,-0.7924,-0.5136,2202.73,1700.59,0.98,1,1
LJ500_R166_C072,697250,9584250,2023,10,2023-10,2703.72,23.69,-0.1855,-0.6705,3258.83,3426.37,0.98,1,1
LJ500_R167_C067,694750,9584750,2023,10,2023-10,2436.62,24.15,0.376,-0.4321,1786.06,1277.5,1,1,1
LJ500_R168_C045,683750,9585250,2023,10,2023-10,3119.59,16.2,0.1488,0.3374,2527.85,1693.09,1,1,1
LJ500_R173_C033,677750,9587750,2023,10,2023-10,3118.72,20.57,0.0846,0.4514,3964.85,4393.18,1,1,1
LJ500_R178_C063,692750,9590250,2023,10,2023-10,2701.84,14.62,-0.4474,-0.7489,2144.76,200,0.98,1,1
LJ500_R179_C046,684250,9590750,2023,10,2023-10,3463.75,23.67,-0.3683,0.7856,5199.04,3309.08,1,1,1
LJ500_R180_C071,696750,9591250,2023,10,2023-10,2990.12,23.96,-0.7064,-0.2605,4703.19,4260.28,0.98,1,1
LJ500_R183_C039,680750,9592750,2023,10,2023-10,3643.62,16.63,-0.2761,-0.6396,2614.73,6072.03,0.9185,0.7282,0.7282
LJ500_R184_C039,680750,9593250,2023,10,2023-10,3647.59,23.61,0.46,-0.4402,2517,6330.27,0.7082,1,1
LJ500_R184_C066,694250,9593250,2023,10,2023-10,3154.7,13.68,0.0763,-0.6214,1745.45,1739.66,0.9716,0.9972,0.9972
LJ500_R108_C065,693750,9555250,2023,11,2023-11,2608.83,32.12,-0.4848,-0.8746,,,0.5391,0,0
LJ500_R109_C088,705250,9555750,2023,11,2023-11,2662.52,32.8,0.2588,-0.3936,2263.4,2341.75,0.98,1,1
LJ500_R119_C079,700750,9560750,2023,11,2023-11,2115.91,17.82,0.7681,-0.3348,89.91,123.83,1,1,1
LJ500_R122_C070,696250,9562250,2023,11,2023-11,2147.39,5.9213,0.1833,0.5344,8,77.66,1,1,1
LJ500_R125_C065,693750,9563750,2023,11,2023-11,2306.59,16.23,-0.3146,0.9013,519.8,140,0.98,1,1
LJ500_R131_C053,687750,9566750,2023,11,2023-11,1857.8,21.06,0.1985,-0.6097,1253.97,718.41,0.98,1,1
LJ500_R132_C080,701250,9567250,2023,11,2023-11,2633.64,23.79,0.5886,0.4698,1349.1,267.51,0.98,1,1
LJ500_R138_C087,704750,9570250,2023,11,2023-11,2135.26,33.65,0.3321,-0.708,520.85,1649.83,1,1,1
LJ500_R142_C071,696750,9572250,2023,11,2023-11,2116.51,26.49,-0.1667,0.1456,119.12,285.97,0.9604,1,1
LJ500_R145_C054,688250,9573750,2023,11,2023-11,2843.37,16.76,-0.4861,0.103,1841.2,1633.03,0.98,1,1
LJ500_R147_C083,702750,9574750,2023,11,2023-11,2315.88,21.17,-0.5859,0.1455,541.56,1299.06,0.98,1,1
LJ500_R156_C028,675250,9579250,2023,11,2023-11,2312.5,31.55,-0.2856,-0.5531,2283.58,1587.48,1,1,1
LJ500_R156_C067,694750,9579250,2023,11,2023-11,2329.91,32.93,-0.2221,-0.6634,190.49,504.31,1,1,1
LJ500_R156_C079,700750,9579250,2023,11,2023-11,2863.93,23.4,-0.5845,-0.0295,2424.87,4385.2,1,1,1
LJ500_R157_C009,665750,9579750,2023,11,2023-11,1194.66,24.24,0.4562,0.415,272.1,1131.02,0.98,1,1
LJ500_R158_C065,693750,9580250,2023,11,2023-11,2368.29,33.75,-0.3608,0.7344,654.7,265.1,0.98,1,1
LJ500_R160_C074,698250,9581250,2023,11,2023-11,2563.93,21.97,0.0816,-0.5437,1840.78,3751,0.9604,1,1
LJ500_R161_C066,694250,9581750,2023,11,2023-11,2182.48,26.29,-0.0873,-0.1268,123.12,99.83,1,1,1
LJ500_R164_C043,682750,9583250,2023,11,2023-11,3056.29,24.94,0.0987,-0.2925,1203.99,115.31,1,1,1
LJ500_R164_C059,690750,9583250,2023,11,2023-11,3105,18.29,-0.7924,-0.5136,2202.73,1700.59,0.98,1,1
LJ500_R166_C072,697250,9584250,2023,11,2023-11,2703.72,23.69,-0.1855,-0.6705,3258.83,3426.37,0.98,1,1
LJ500_R167_C067,694750,9584750,2023,11,2023-11,2436.62,24.15,0.376,-0.4321,1786.06,1277.5,1,1,1
LJ500_R168_C045,683750,9585250,2023,11,2023-11,3119.59,16.2,0.1488,0.3374,2527.85,1693.09,1,1,1
LJ500_R173_C033,677750,9587750,2023,11,2023-11,3118.72,20.57,0.0846,0.4514,3964.85,4393.18,1,1,1
LJ500_R178_C063,692750,9590250,2023,11,2023-11,2701.84,14.62,-0.4474,-0.7489,2144.76,200,0.98,1,1
LJ500_R179_C046,684250,9590750,2023,11,2023-11,3463.75,23.67,-0.3683,0.7856,5199.04,3309.08,1,1,1
LJ500_R180_C071,696750,9591250,2023,11,2023-11,2990.12,23.96,-0.7064,-0.2605,4703.19,4260.28,0.98,1,1
LJ500_R183_C039,680750,9592750,2023,11,2023-11,3643.62,16.63,-0.2761,-0.6396,2614.73,6072.03,0.9185,0.7282,0.7282
LJ500_R184_C039,680750,9593250,2023,11,2023-11,3647.59,23.61,0.46,-0.4402,2517,6330.27,0.7082,1,1
LJ500_R184_C066,694250,9593250,2023,11,2023-11,3154.7,13.68,0.0763,-0.6214,1745.45,1739.66,0.9716,0.9972,0.9972
LJ500_R108_C065,693750,9555250,2023,12,2023-12,2608.83,32.12,-0.4848,-0.8746,,,0.5391,0,0
LJ500_R109_C088,705250,9555750,2023,12,2023-12,2662.52,32.8,0.2588,-0.3936,2263.4,2341.75,0.98,1,1
LJ500_R119_C079,700750,9560750,2023,12,2023-12,2115.91,17.82,0.7681,-0.3348,89.91,123.83,1,1,1
LJ500_R122_C070,696250,9562250,2023,12,2023-12,2147.39,5.9213,0.1833,0.5344,8,77.66,1,1,1
LJ500_R125_C065,693750,9563750,2023,12,2023-12,2306.59,16.23,-0.3146,0.9013,519.8,140,0.98,1,1
LJ500_R131_C053,687750,9566750,2023,12,2023-12,1857.8,21.06,0.1985,-0.6097,1253.97,718.41,0.98,1,1
LJ500_R132_C080,701250,9567250,2023,12,2023-12,2633.64,23.79,0.5886,0.4698,1349.1,267.51,0.98,1,1
LJ500_R138_C087,704750,9570250,2023,12,2023-12,2135.26,33.65,0.3321,-0.708,520.85,1649.83,1,1,1
LJ500_R142_C071,696750,9572250,2023,12,2023-12,2116.51,26.49,-0.1667,0.1456,119.12,285.97,0.9604,1,1
LJ500_R145_C054,688250,9573750,2023,12,2023-12,2843.37,16.76,-0.4861,0.103,1841.2,1633.03,0.98,1,1
LJ500_R147_C083,702750,9574750,2023,12,2023-12,2315.88,21.17,-0.5859,0.1455,541.56,1299.06,0.98,1,1
LJ500_R156_C028,675250,9579250,2023,12,2023-12,2312.5,31.55,-0.2856,-0.5531,2283.58,1587.48,1,1,1
LJ500_R156_C067,694750,9579250,2023,12,2023-12,2329.91,32.93,-0.2221,-0.6634,190.49,504.31,1,1,1
LJ500_R156_C079,700750,9579250,2023,12,2023-12,2863.93,23.4,-0.5845,-0.0295,2424.87,4385.2,1,1,1
LJ500_R157_C009,665750,9579750,2023,12,2023-12,1194.66,24.24,0.4562,0.415,272.1,1131.02,0.98,1,1
LJ500_R158_C065,693750,9580250,2023,12,2023-12,2368.29,33.75,-0.3608,0.7344,654.7,265.1,0.98,1,1
LJ500_R160_C074,698250,9581250,2023,12,2023-12,2563.93,21.97,0.0816,-0.5437,1840.78,3751,0.9604,1,1
LJ500_R161_C066,694250,9581750,2023,12,2023-12,2182.48,26.29,-0.0873,-0.1268,123.12,99.83,1,1,1
LJ500_R164_C043,682750,9583250,2023,12,2023-12,3056.29,24.94,0.0987,-0.2925,1203.99,115.31,1,1,1
LJ500_R164_C059,690750,9583250,2023,12,2023-12,3105,18.29,-0.7924,-0.5136,2202.73,1700.59,0.98,1,1
LJ500_R166_C072,697250,9584250,2023,12,2023-12,2703.72,23.69,-0.1855,-0.6705,3258.83,3426.37,0.98,1,1
LJ500_R167_C067,694750,9584750,2023,12,2023-12,2436.62,24.15,0.376,-0.4321,1786.06,1277.5,1,1,1
LJ500_R168_C045,683750,9585250,2023,12,2023-12,3119.59,16.2,0.1488,0.3374,2527.85,1693.09,1,1,1
LJ500_R173_C033,677750,9587750,2023,12,2023-12,3118.72,20.57,0.0846,0.4514,3964.85,4393.18,1,1,1
LJ500_R178_C063,692750,9590250,2023,12,2023-12,2701.84,14.62,-0.4474,-0.7489,2144.76,200,0.98,1,1
LJ500_R179_C046,684250,9590750,2023,12,2023-12,3463.75,23.67,-0.3683,0.7856,5199.04,3309.08,1,1,1
LJ500_R180_C071,696750,9591250,2023,12,2023-12,2990.12,23.96,-0.7064,-0.2605,4703.19,4260.28,0.98,1,1
LJ500_R183_C039,680750,9592750,2023,12,2023-12,3643.62,16.63,-0.2761,-0.6396,2614.73,6072.03,0.9185,0.7282,0.7282
LJ500_R184_C039,680750,9593250,2023,12,2023-12,3647.59,23.61,0.46,-0.4402,2517,6330.27,0.7082,1,1
LJ500_R184_C066,694250,9593250,2023,12,2023-12,3154.7,13.68,0.0763,-0.6214,1745.45,1739.66,0.9716,0.9972,0.9972
LJ500_R108_C065,693750,9555250,2024,1,2024-01,2608.83,32.12,-0.4848,-0.8746,,,0.5391,0,0
LJ500_R109_C088,705250,9555750,2024,1,2024-01,2662.52,32.8,0.2588,-0.3936,2263.4,2341.75,0.98,1,1
LJ500_R119_C079,700750,9560750,2024,1,2024-01,2115.91,17.82,0.7681,-0.3348,89.91,123.83,1,1,1
LJ500_R122_C070,696250,9562250,2024,1,2024-01,2147.39,5.9213,0.1833,0.5344,8,77.66,1,1,1
LJ500_R125_C065,693750,9563750,2024,1,2024-01,2306.59,16.23,-0.3146,0.9013,519.8,140,0.98,1,1
LJ500_R131_C053,687750,9566750,2024,1,2024-01,1857.8,21.06,0.1985,-0.6097,1253.97,718.41,0.98,1,1
LJ500_R132_C080,701250,9567250,2024,1,2024-01,2633.64,23.79,0.5886,0.4698,1349.1,267.51,0.98,1,1
LJ500_R138_C087,704750,9570250,2024,1,2024-01,2135.26,33.65,0.3321,-0.708,520.85,1649.83,1,1,1
LJ500_R142_C071,696750,9572250,2024,1,2024-01,2116.51,26.49,-0.1667,0.1456,119.12,285.97,0.9604,1,1
LJ500_R145_C054,688250,9573750,2024,1,2024-01,2843.37,16.76,-0.4861,0.103,1841.2,1633.03,0.98,1,1
LJ500_R147_C083,702750,9574750,2024,1,2024-01,2315.88,21.17,-0.5859,0.1455,541.56,1299.06,0.98,1,1
LJ500_R156_C028,675250,9579250,2024,1,2024-01,2312.5,31.55,-0.2856,-0.5531,2283.58,1587.48,1,1,1
LJ500_R156_C067,694750,9579250,2024,1,2024-01,2329.91,32.93,-0.2221,-0.6634,190.49,504.31,1,1,1
LJ500_R156_C079,700750,9579250,2024,1,2024-01,2863.93,23.4,-0.5845,-0.0295,2424.87,4385.2,1,1,1
LJ500_R157_C009,665750,9579750,2024,1,2024-01,1194.66,24.24,0.4562,0.415,272.1,1131.02,0.98,1,1
LJ500_R158_C065,693750,9580250,2024,1,2024-01,2368.29,33.75,-0.3608,0.7344,654.7,265.1,0.98,1,1
LJ500_R160_C074,698250,9581250,2024,1,2024-01,2563.93,21.97,0.0816,-0.5437,1840.78,3751,0.9604,1,1
LJ500_R161_C066,694250,9581750,2024,1,2024-01,2182.48,26.29,-0.0873,-0.1268,123.12,99.83,1,1,1
LJ500_R164_C043,682750,9583250,2024,1,2024-01,3056.29,24.94,0.0987,-0.2925,1203.99,115.31,1,1,1
LJ500_R164_C059,690750,9583250,2024,1,2024-01,3105,18.29,-0.7924,-0.5136,2202.73,1700.59,0.98,1,1
LJ500_R166_C072,697250,9584250,2024,1,2024-01,2703.72,23.69,-0.1855,-0.6705,3258.83,3426.37,0.98,1,1
LJ500_R167_C067,694750,9584750,2024,1,2024-01,2436.62,24.15,0.376,-0.4321,1786.06,1277.5,1,1,1
LJ500_R168_C045,683750,9585250,2024,1,2024-01,3119.59,16.2,0.1488,0.3374,2527.85,1693.09,1,1,1
LJ500_R173_C033,677750,9587750,2024,1,2024-01,3118.72,20.57,0.0846,0.4514,3964.85,4393.18,1,1,1
LJ500_R178_C063,692750,9590250,2024,1,2024-01,2701.84,14.62,-0.4474,-0.7489,2144.76,200,0.98,1,1
LJ500_R179_C046,684250,9590750,2024,1,2024-01,3463.75,23.67,-0.3683,0.7856,5199.04,3309.08,1,1,1
LJ500_R180_C071,696750,9591250,2024,1,2024-01,2990.12,23.96,-0.7064,-0.2605,4703.19,4260.28,0.98,1,1
LJ500_R183_C039,680750,9592750,2024,1,2024-01,3643.62,16.63,-0.2761,-0.6396,2614.73,6072.03,0.9185,0.7282,0.7282
LJ500_R184_C039,680750,9593250,2024,1,2024-01,3647.59,23.61,0.46,-0.4402,2517,6330.27,0.7082,1,1
LJ500_R184_C066,694250,9593250,2024,1,2024-01,3154.7,13.68,0.0763,-0.6214,1745.45,1739.66,0.9716,0.9972,0.9972
LJ500_R108_C065,693750,9555250,2024,2,2024-02,2608.83,32.12,-0.4848,-0.8746,,,0.5391,0,0
LJ500_R109_C088,705250,9555750,2024,2,2024-02,2662.52,32.8,0.2588,-0.3936,2263.4,2341.75,0.98,1,1
LJ500_R119_C079,700750,9560750,2024,2,2024-02,2115.91,17.82,0.7681,-0.3348,89.91,123.83,1,1,1
LJ500_R122_C070,696250,9562250,2024,2,2024-02,2147.39,5.9213,0.1833,0.5344,8,77.66,1,1,1
LJ500_R125_C065,693750,9563750,2024,2,2024-02,2306.59,16.23,-0.3146,0.9013,519.8,140,0.98,1,1
LJ500_R131_C053,687750,9566750,2024,2,2024-02,1857.8,21.06,0.1985,-0.6097,1253.97,718.41,0.98,1,1
LJ500_R132_C080,701250,9567250,2024,2,2024-02,2633.64,23.79,0.5886,0.4698,1349.1,267.51,0.98,1,1
LJ500_R138_C087,704750,9570250,2024,2,2024-02,2135.26,33.65,0.3321,-0.708,520.85,1649.83,1,1,1
LJ500_R142_C071,696750,9572250,2024,2,2024-02,2116.51,26.49,-0.1667,0.1456,119.12,285.97,0.9604,1,1
LJ500_R145_C054,688250,9573750,2024,2,2024-02,2843.37,16.76,-0.4861,0.103,1841.2,1633.03,0.98,1,1
LJ500_R147_C083,702750,9574750,2024,2,2024-02,2315.88,21.17,-0.5859,0.1455,541.56,1299.06,0.98,1,1
LJ500_R156_C028,675250,9579250,2024,2,2024-02,2312.5,31.55,-0.2856,-0.5531,2283.58,1587.48,1,1,1
LJ500_R156_C067,694750,9579250,2024,2,2024-02,2329.91,32.93,-0.2221,-0.6634,190.49,504.31,1,1,1
LJ500_R156_C079,700750,9579250,2024,2,2024-02,2863.93,23.4,-0.5845,-0.0295,2424.87,4385.2,1,1,1
LJ500_R157_C009,665750,9579750,2024,2,2024-02,1194.66,24.24,0.4562,0.415,272.1,1131.02,0.98,1,1
LJ500_R158_C065,693750,9580250,2024,2,2024-02,2368.29,33.75,-0.3608,0.7344,654.7,265.1,0.98,1,1
LJ500_R160_C074,698250,9581250,2024,2,2024-02,2563.93,21.97,0.0816,-0.5437,1840.78,3751,0.9604,1,1
LJ500_R161_C066,694250,9581750,2024,2,2024-02,2182.48,26.29,-0.0873,-0.1268,123.12,99.83,1,1,1
LJ500_R164_C043,682750,9583250,2024,2,2024-02,3056.29,24.94,0.0987,-0.2925,1203.99,115.31,1,1,1
LJ500_R164_C059,690750,9583250,2024,2,2024-02,3105,18.29,-0.7924,-0.5136,2202.73,1700.59,0.98,1,1
LJ500_R166_C072,697250,9584250,2024,2,2024-02,2703.72,23.69,-0.1855,-0.6705,3258.83,3426.37,0.98,1,1
LJ500_R167_C067,694750,9584750,2024,2,2024-02,2436.62,24.15,0.376,-0.4321,1786.06,1277.5,1,1,1
LJ500_R168_C045,683750,9585250,2024,2,2024-02,3119.59,16.2,0.1488,0.3374,2527.85,1693.09,1,1,1
LJ500_R173_C033,677750,9587750,2024,2,2024-02,3118.72,20.57,0.0846,0.4514,3964.85,4393.18,1,1,1
LJ500_R178_C063,692750,9590250,2024,2,2024-02,2701.84,14.62,-0.4474,-0.7489,2144.76,200,0.98,1,1
LJ500_R179_C046,684250,9590750,2024,2,2024-02,3463.75,23.67,-0.3683,0.7856,5199.04,3309.08,1,1,1
LJ500_R180_C071,696750,9591250,2024,2,2024-02,2990.12,23.96,-0.7064,-0.2605,4703.19,4260.28,0.98,1,1
LJ500_R183_C039,680750,9592750,2024,2,2024-02,3643.62,16.63,-0.2761,-0.6396,2614.73,6072.03,0.9185,0.7282,0.7282
LJ500_R184_C039,680750,9593250,2024,2,2024-02,3647.59,23.61,0.46,-0.4402,2517,6330.27,0.7082,1,1
LJ500_R184_C066,694250,9593250,2024,2,2024-02,3154.7,13.68,0.0763,-0.6214,1745.45,1739.66,0.9716,0.9972,0.9972
LJ500_R108_C065,693750,9555250,2024,3,2024-03,2608.83,32.12,-0.4848,-0.8746,,,0.5391,0,0
LJ500_R109_C088,705250,9555750,2024,3,2024-03,2662.52,32.8,0.2588,-0.3936,2263.4,2341.75,0.98,1,1
LJ500_R119_C079,700750,9560750,2024,3,2024-03,2115.91,17.82,0.7681,-0.3348,89.91,123.83,1,1,1
LJ500_R122_C070,696250,9562250,2024,3,2024-03,2147.39,5.9213,0.1833,0.5344,8,77.66,1,1,1
LJ500_R125_C065,693750,9563750,2024,3,2024-03,2306.59,16.23,-0.3146,0.9013,519.8,140,0.98,1,1
LJ500_R131_C053,687750,9566750,2024,3,2024-03,1857.8,21.06,0.1985,-0.6097,1253.97,718.41,0.98,1,1
LJ500_R132_C080,701250,9567250,2024,3,2024-03,2633.64,23.79,0.5886,0.4698,1349.1,267.51,0.98,1,1
LJ500_R138_C087,704750,9570250,2024,3,2024-03,2135.26,33.65,0.3321,-0.708,520.85,1649.83,1,1,1
LJ500_R142_C071,696750,9572250,2024,3,2024-03,2116.51,26.49,-0.1667,0.1456,119.12,285.97,0.9604,1,1
LJ500_R145_C054,688250,9573750,2024,3,2024-03,2843.37,16.76,-0.4861,0.103,1841.2,1633.03,0.98,1,1
LJ500_R147_C083,702750,9574750,2024,3,2024-03,2315.88,21.17,-0.5859,0.1455,541.56,1299.06,0.98,1,1
LJ500_R156_C028,675250,9579250,2024,3,2024-03,2312.5,31.55,-0.2856,-0.5531,2283.58,1587.48,1,1,1
LJ500_R156_C067,694750,9579250,2024,3,2024-03,2329.91,32.93,-0.2221,-0.6634,190.49,504.31,1,1,1
LJ500_R156_C079,700750,9579250,2024,3,2024-03,2863.93,23.4,-0.5845,-0.0295,2424.87,4385.2,1,1,1
LJ500_R157_C009,665750,9579750,2024,3,2024-03,1194.66,24.24,0.4562,0.415,272.1,1131.02,0.98,1,1
LJ500_R158_C065,693750,9580250,2024,3,2024-03,2368.29,33.75,-0.3608,0.7344,654.7,265.1,0.98,1,1
LJ500_R160_C074,698250,9581250,2024,3,2024-03,2563.93,21.97,0.0816,-0.5437,1840.78,3751,0.9604,1,1
LJ500_R161_C066,694250,9581750,2024,3,2024-03,2182.48,26.29,-0.0873,-0.1268,123.12,99.83,1,1,1
LJ500_R164_C043,682750,9583250,2024,3,2024-03,3056.29,24.94,0.0987,-0.2925,1203.99,115.31,1,1,1
LJ500_R164_C059,690750,9583250,2024,3,2024-03,3105,18.29,-0.7924,-0.5136,2202.73,1700.59,0.98,1,1
LJ500_R166_C072,697250,9584250,2024,3,2024-03,2703.72,23.69,-0.1855,-0.6705,3258.83,3426.37,0.98,1,1
LJ500_R167_C067,694750,9584750,2024,3,2024-03,2436.62,24.15,0.376,-0.4321,1786.06,1277.5,1,1,1
LJ500_R168_C045,683750,9585250,2024,3,2024-03,3119.59,16.2,0.1488,0.3374,2527.85,1693.09,1,1,1
LJ500_R173_C033,677750,9587750,2024,3,2024-03,3118.72,20.57,0.0846,0.4514,3964.85,4393.18,1,1,1
LJ500_R178_C063,692750,9590250,2024,3,2024-03,2701.84,14.62,-0.4474,-0.7489,2144.76,200,0.98,1,1
LJ500_R179_C046,684250,9590750,2024,3,2024-03,3463.75,23.67,-0.3683,0.7856,5199.04,3309.08,1,1,1
LJ500_R180_C071,696750,9591250,2024,3,2024-03,2990.12,23.96,-0.7064,-0.2605,4703.19,4260.28,0.98,1,1
LJ500_R183_C039,680750,9592750,2024,3,2024-03,3643.62,16.63,-0.2761,-0.6396,2614.73,6072.03,0.9185,0.7282,0.7282
LJ500_R184_C039,680750,9593250,2024,3,2024-03,3647.59,23.61,0.46,-0.4402,2517,6330.27,0.7082,1,1
LJ500_R184_C066,694250,9593250,2024,3,2024-03,3154.7,13.68,0.0763,-0.6214,1745.45,1739.66,0.9716,0.9972,0.9972
LJ500_R108_C065,693750,9555250,2024,4,2024-04,2608.83,32.12,-0.4848,-0.8746,,,0.5391,0,0
LJ500_R109_C088,705250,9555750,2024,4,2024-04,2662.52,32.8,0.2588,-0.3936,2263.4,2341.75,0.98,1,1
LJ500_R119_C079,700750,9560750,2024,4,2024-04,2115.91,17.82,0.7681,-0.3348,89.91,123.83,1,1,1
LJ500_R122_C070,696250,9562250,2024,4,2024-04,2147.39,5.9213,0.1833,0.5344,8,77.66,1,1,1
LJ500_R125_C065,693750,9563750,2024,4,2024-04,2306.59,16.23,-0.3146,0.9013,519.8,140,0.98,1,1
LJ500_R131_C053,687750,9566750,2024,4,2024-04,1857.8,21.06,0.1985,-0.6097,1253.97,718.41,0.98,1,1
LJ500_R132_C080,701250,9567250,2024,4,2024-04,2633.64,23.79,0.5886,0.4698,1349.1,267.51,0.98,1,1
LJ500_R138_C087,704750,9570250,2024,4,2024-04,2135.26,33.65,0.3321,-0.708,520.85,1649.83,1,1,1
LJ500_R142_C071,696750,9572250,2024,4,2024-04,2116.51,26.49,-0.1667,0.1456,119.12,285.97,0.9604,1,1
LJ500_R145_C054,688250,9573750,2024,4,2024-04,2843.37,16.76,-0.4861,0.103,1841.2,1633.03,0.98,1,1
LJ500_R147_C083,702750,9574750,2024,4,2024-04,2315.88,21.17,-0.5859,0.1455,541.56,1299.06,0.98,1,1
LJ500_R156_C028,675250,9579250,2024,4,2024-04,2312.5,31.55,-0.2856,-0.5531,2283.58,1587.48,1,1,1
LJ500_R156_C067,694750,9579250,2024,4,2024-04,2329.91,32.93,-0.2221,-0.6634,190.49,504.31,1,1,1
LJ500_R156_C079,700750,9579250,2024,4,2024-04,2863.93,23.4,-0.5845,-0.0295,2424.87,4385.2,1,1,1
LJ500_R157_C009,665750,9579750,2024,4,2024-04,1194.66,24.24,0.4562,0.415,272.1,1131.02,0.98,1,1
LJ500_R158_C065,693750,9580250,2024,4,2024-04,2368.29,33.75,-0.3608,0.7344,654.7,265.1,0.98,1,1
LJ500_R160_C074,698250,9581250,2024,4,2024-04,2563.93,21.97,0.0816,-0.5437,1840.78,3751,0.9604,1,1
LJ500_R161_C066,694250,9581750,2024,4,2024-04,2182.48,26.29,-0.0873,-0.1268,123.12,99.83,1,1,1
LJ500_R164_C043,682750,9583250,2024,4,2024-04,3056.29,24.94,0.0987,-0.2925,1203.99,115.31,1,1,1
LJ500_R164_C059,690750,9583250,2024,4,2024-04,3105,18.29,-0.7924,-0.5136,2202.73,1700.59,0.98,1,1
LJ500_R166_C072,697250,9584250,2024,4,2024-04,2703.72,23.69,-0.1855,-0.6705,3258.83,3426.37,0.98,1,1
LJ500_R167_C067,694750,9584750,2024,4,2024-04,2436.62,24.15,0.376,-0.4321,1786.06,1277.5,1,1,1
LJ500_R168_C045,683750,9585250,2024,4,2024-04,3119.59,16.2,0.1488,0.3374,2527.85,1693.09,1,1,1
LJ500_R173_C033,677750,9587750,2024,4,2024-04,3118.72,20.57,0.0846,0.4514,3964.85,4393.18,1,1,1
LJ500_R178_C063,692750,9590250,2024,4,2024-04,2701.84,14.62,-0.4474,-0.7489,2144.76,200,0.98,1,1
LJ500_R179_C046,684250,9590750,2024,4,2024-04,3463.75,23.67,-0.3683,0.7856,5199.04,3309.08,1,1,1
LJ500_R180_C071,696750,9591250,2024,4,2024-04,2990.12,23.96,-0.7064,-0.2605,4703.19,4260.28,0.98,1,1
LJ500_R183_C039,680750,9592750,2024,4,2024-04,3643.62,16.63,-0.2761,-0.6396,2614.73,6072.03,0.9185,0.7282,0.7282
LJ500_R184_C039,680750,9593250,2024,4,2024-04,3647.59,23.61,0.46,-0.4402,2517,6330.27,0.7082,1,1
LJ500_R184_C066,694250,9593250,2024,4,2024-04,3154.7,13.68,0.0763,-0.6214,1745.45,1739.66,0.9716,0.9972,0.9972
LJ500_R108_C065,693750,9555250,2024,5,2024-05,2608.83,32.12,-0.4848,-0.8746,,,0.5391,0,0
LJ500_R109_C088,705250,9555750,2024,5,2024-05,2662.52,32.8,0.2588,-0.3936,2263.4,2341.75,0.98,1,1
LJ500_R119_C079,700750,9560750,2024,5,2024-05,2115.91,17.82,0.7681,-0.3348,89.91,123.83,1,1,1
LJ500_R122_C070,696250,9562250,2024,5,2024-05,2147.39,5.9213,0.1833,0.5344,8,77.66,1,1,1
LJ500_R125_C065,693750,9563750,2024,5,2024-05,2306.59,16.23,-0.3146,0.9013,519.8,140,0.98,1,1
LJ500_R131_C053,687750,9566750,2024,5,2024-05,1857.8,21.06,0.1985,-0.6097,1253.97,718.41,0.98,1,1
LJ500_R132_C080,701250,9567250,2024,5,2024-05,2633.64,23.79,0.5886,0.4698,1349.1,267.51,0.98,1,1
LJ500_R138_C087,704750,9570250,2024,5,2024-05,2135.26,33.65,0.3321,-0.708,520.85,1649.83,1,1,1
LJ500_R142_C071,696750,9572250,2024,5,2024-05,2116.51,26.49,-0.1667,0.1456,119.12,285.97,0.9604,1,1
LJ500_R145_C054,688250,9573750,2024,5,2024-05,2843.37,16.76,-0.4861,0.103,1841.2,1633.03,0.98,1,1
LJ500_R147_C083,702750,9574750,2024,5,2024-05,2315.88,21.17,-0.5859,0.1455,541.56,1299.06,0.98,1,1
LJ500_R156_C028,675250,9579250,2024,5,2024-05,2312.5,31.55,-0.2856,-0.5531,2283.58,1587.48,1,1,1
LJ500_R156_C067,694750,9579250,2024,5,2024-05,2329.91,32.93,-0.2221,-0.6634,190.49,504.31,1,1,1
LJ500_R156_C079,700750,9579250,2024,5,2024-05,2863.93,23.4,-0.5845,-0.0295,2424.87,4385.2,1,1,1
LJ500_R157_C009,665750,9579750,2024,5,2024-05,1194.66,24.24,0.4562,0.415,272.1,1131.02,0.98,1,1
LJ500_R158_C065,693750,9580250,2024,5,2024-05,2368.29,33.75,-0.3608,0.7344,654.7,265.1,0.98,1,1
LJ500_R160_C074,698250,9581250,2024,5,2024-05,2563.93,21.97,0.0816,-0.5437,1840.78,3751,0.9604,1,1
LJ500_R161_C066,694250,9581750,2024,5,2024-05,2182.48,26.29,-0.0873,-0.1268,123.12,99.83,1,1,1
LJ500_R164_C043,682750,9583250,2024,5,2024-05,3056.29,24.94,0.0987,-0.2925,1203.99,115.31,1,1,1
LJ500_R164_C059,690750,9583250,2024,5,2024-05,3105,18.29,-0.7924,-0.5136,2202.73,1700.59,0.98,1,1
LJ500_R166_C072,697250,9584250,2024,5,2024-05,2703.72,23.69,-0.1855,-0.6705,3258.83,3426.37,0.98,1,1
LJ500_R167_C067,694750,9584750,2024,5,2024-05,2436.62,24.15,0.376,-0.4321,1786.06,1277.5,1,1,1
LJ500_R168_C045,683750,9585250,2024,5,2024-05,3119.59,16.2,0.1488,0.3374,2527.85,1693.09,1,1,1
LJ500_R173_C033,677750,9587750,2024,5,2024-05,3118.72,20.57,0.0846,0.4514,3964.85,4393.18,1,1,1
LJ500_R178_C063,692750,9590250,2024,5,2024-05,2701.84,14.62,-0.4474,-0.7489,2144.76,200,0.98,1,1
LJ500_R179_C046,684250,9590750,2024,5,2024-05,3463.75,23.67,-0.3683,0.7856,5199.04,3309.08,1,1,1
LJ500_R180_C071,696750,9591250,2024,5,2024-05,2990.12,23.96,-0.7064,-0.2605,4703.19,4260.28,0.98,1,1
LJ500_R183_C039,680750,9592750,2024,5,2024-05,3643.62,16.63,-0.2761,-0.6396,2614.73,6072.03,0.9185,0.7282,0.7282
LJ500_R184_C039,680750,9593250,2024,5,2024-05,3647.59,23.61,0.46,-0.4402,2517,6330.27,0.7082,1,1
LJ500_R184_C066,694250,9593250,2024,5,2024-05,3154.7,13.68,0.0763,-0.6214,1745.45,1739.66,0.9716,0.9972,0.9972
LJ500_R108_C065,693750,9555250,2024,6,2024-06,2608.83,32.12,-0.4848,-0.8746,,,0.5391,0,0
LJ500_R109_C088,705250,9555750,2024,6,2024-06,2662.52,32.8,0.2588,-0.3936,2263.4,2341.75,0.98,1,1
LJ500_R119_C079,700750,9560750,2024,6,2024-06,2115.91,17.82,0.7681,-0.3348,89.91,123.83,1,1,1
LJ500_R122_C070,696250,9562250,2024,6,2024-06,2147.39,5.9213,0.1833,0.5344,8,77.66,1,1,1
LJ500_R125_C065,693750,9563750,2024,6,2024-06,2306.59,16.23,-0.3146,0.9013,519.8,140,0.98,1,1
LJ500_R131_C053,687750,9566750,2024,6,2024-06,1857.8,21.06,0.1985,-0.6097,1253.97,718.41,0.98,1,1
LJ500_R132_C080,701250,9567250,2024,6,2024-06,2633.64,23.79,0.5886,0.4698,1349.1,267.51,0.98,1,1
LJ500_R138_C087,704750,9570250,2024,6,2024-06,2135.26,33.65,0.3321,-0.708,520.85,1649.83,1,1,1
LJ500_R142_C071,696750,9572250,2024,6,2024-06,2116.51,26.49,-0.1667,0.1456,119.12,285.97,0.9604,1,1
LJ500_R145_C054,688250,9573750,2024,6,2024-06,2843.37,16.76,-0.4861,0.103,1841.2,1633.03,0.98,1,1
LJ500_R147_C083,702750,9574750,2024,6,2024-06,2315.88,21.17,-0.5859,0.1455,541.56,1299.06,0.98,1,1
LJ500_R156_C028,675250,9579250,2024,6,2024-06,2312.5,31.55,-0.2856,-0.5531,2283.58,1587.48,1,1,1
LJ500_R156_C067,694750,9579250,2024,6,2024-06,2329.91,32.93,-0.2221,-0.6634,190.49,504.31,1,1,1
LJ500_R156_C079,700750,9579250,2024,6,2024-06,2863.93,23.4,-0.5845,-0.0295,2424.87,4385.2,1,1,1
LJ500_R157_C009,665750,9579750,2024,6,2024-06,1194.66,24.24,0.4562,0.415,272.1,1131.02,0.98,1,1
LJ500_R158_C065,693750,9580250,2024,6,2024-06,2368.29,33.75,-0.3608,0.7344,654.7,265.1,0.98,1,1
LJ500_R160_C074,698250,9581250,2024,6,2024-06,2563.93,21.97,0.0816,-0.5437,1840.78,3751,0.9604,1,1
LJ500_R161_C066,694250,9581750,2024,6,2024-06,2182.48,26.29,-0.0873,-0.1268,123.12,99.83,1,1,1
LJ500_R164_C043,682750,9583250,2024,6,2024-06,3056.29,24.94,0.0987,-0.2925,1203.99,115.31,1,1,1
LJ500_R164_C059,690750,9583250,2024,6,2024-06,3105,18.29,-0.7924,-0.5136,2202.73,1700.59,0.98,1,1
LJ500_R166_C072,697250,9584250,2024,6,2024-06,2703.72,23.69,-0.1855,-0.6705,3258.83,3426.37,0.98,1,1
LJ500_R167_C067,694750,9584750,2024,6,2024-06,2436.62,24.15,0.376,-0.4321,1786.06,1277.5,1,1,1
LJ500_R168_C045,683750,9585250,2024,6,2024-06,3119.59,16.2,0.1488,0.3374,2527.85,1693.09,1,1,1
LJ500_R173_C033,677750,9587750,2024,6,2024-06,3118.72,20.57,0.0846,0.4514,3964.85,4393.18,1,1,1
LJ500_R178_C063,692750,9590250,2024,6,2024-06,2701.84,14.62,-0.4474,-0.7489,2144.76,200,0.98,1,1
LJ500_R179_C046,684250,9590750,2024,6,2024-06,3463.75,23.67,-0.3683,0.7856,5199.04,3309.08,1,1,1
LJ500_R180_C071,696750,9591250,2024,6,2024-06,2990.12,23.96,-0.7064,-0.2605,4703.19,4260.28,0.98,1,1
LJ500_R183_C039,680750,9592750,2024,6,2024-06,3643.62,16.63,-0.2761,-0.6396,2614.73,6072.03,0.9185,0.7282,0.7282
LJ500_R184_C039,680750,9593250,2024,6,2024-06,3647.59,23.61,0.46,-0.4402,2517,6330.27,0.7082,1,1
LJ500_R184_C066,694250,9593250,2024,6,2024-06,3154.7,13.68,0.0763,-0.6214,1745.45,1739.66,0.9716,0.9972,0.9972
LJ500_R108_C065,693750,9555250,2024,7,2024-07,2608.83,32.12,-0.4848,-0.8746,,,0.5391,0,0
LJ500_R109_C088,705250,9555750,2024,7,2024-07,2662.52,32.8,0.2588,-0.3936,2263.4,2341.75,0.98,1,1
LJ500_R119_C079,700750,9560750,2024,7,2024-07,2115.91,17.82,0.7681,-0.3348,89.91,123.83,1,1,1
LJ500_R122_C070,696250,9562250,2024,7,2024-07,2147.39,5.9213,0.1833,0.5344,8,77.66,1,1,1
LJ500_R125_C065,693750,9563750,2024,7,2024-07,2306.59,16.23,-0.3146,0.9013,519.8,140,0.98,1,1
LJ500_R131_C053,687750,9566750,2024,7,2024-07,1857.8,21.06,0.1985,-0.6097,1253.97,718.41,0.98,1,1
LJ500_R132_C080,701250,9567250,2024,7,2024-07,2633.64,23.79,0.5886,0.4698,1349.1,267.51,0.98,1,1
LJ500_R138_C087,704750,9570250,2024,7,2024-07,2135.26,33.65,0.3321,-0.708,520.85,1649.83,1,1,1
LJ500_R142_C071,696750,9572250,2024,7,2024-07,2116.51,26.49,-0.1667,0.1456,119.12,285.97,0.9604,1,1
LJ500_R145_C054,688250,9573750,2024,7,2024-07,2843.37,16.76,-0.4861,0.103,1841.2,1633.03,0.98,1,1
LJ500_R147_C083,702750,9574750,2024,7,2024-07,2315.88,21.17,-0.5859,0.1455,541.56,1299.06,0.98,1,1
LJ500_R156_C028,675250,9579250,2024,7,2024-07,2312.5,31.55,-0.2856,-0.5531,2283.58,1587.48,1,1,1
LJ500_R156_C067,694750,9579250,2024,7,2024-07,2329.91,32.93,-0.2221,-0.6634,190.49,504.31,1,1,1
LJ500_R156_C079,700750,9579250,2024,7,2024-07,2863.93,23.4,-0.5845,-0.0295,2424.87,4385.2,1,1,1
LJ500_R157_C009,665750,9579750,2024,7,2024-07,1194.66,24.24,0.4562,0.415,272.1,1131.02,0.98,1,1
LJ500_R158_C065,693750,9580250,2024,7,2024-07,2368.29,33.75,-0.3608,0.7344,654.7,265.1,0.98,1,1
LJ500_R160_C074,698250,9581250,2024,7,2024-07,2563.93,21.97,0.0816,-0.5437,1840.78,3751,0.9604,1,1
LJ500_R161_C066,694250,9581750,2024,7,2024-07,2182.48,26.29,-0.0873,-0.1268,123.12,99.83,1,1,1
LJ500_R164_C043,682750,9583250,2024,7,2024-07,3056.29,24.94,0.0987,-0.2925,1203.99,115.31,1,1,1
LJ500_R164_C059,690750,9583250,2024,7,2024-07,3105,18.29,-0.7924,-0.5136,2202.73,1700.59,0.98,1,1
LJ500_R166_C072,697250,9584250,2024,7,2024-07,2703.72,23.69,-0.1855,-0.6705,3258.83,3426.37,0.98,1,1
LJ500_R167_C067,694750,9584750,2024,7,2024-07,2436.62,24.15,0.376,-0.4321,1786.06,1277.5,1,1,1
LJ500_R168_C045,683750,9585250,2024,7,2024-07,3119.59,16.2,0.1488,0.3374,2527.85,1693.09,1,1,1
LJ500_R173_C033,677750,9587750,2024,7,2024-07,3118.72,20.57,0.0846,0.4514,3964.85,4393.18,1,1,1
LJ500_R178_C063,692750,9590250,2024,7,2024-07,2701.84,14.62,-0.4474,-0.7489,2144.76,200,0.98,1,1
LJ500_R179_C046,684250,9590750,2024,7,2024-07,3463.75,23.67,-0.3683,0.7856,5199.04,3309.08,1,1,1
LJ500_R180_C071,696750,9591250,2024,7,2024-07,2990.12,23.96,-0.7064,-0.2605,4703.19,4260.28,0.98,1,1
LJ500_R183_C039,680750,9592750,2024,7,2024-07,3643.62,16.63,-0.2761,-0.6396,2614.73,6072.03,0.9185,0.7282,0.7282
LJ500_R184_C039,680750,9593250,2024,7,2024-07,3647.59,23.61,0.46,-0.4402,2517,6330.27,0.7082,1,1
LJ500_R184_C066,694250,9593250,2024,7,2024-07,3154.7,13.68,0.0763,-0.6214,1745.45,1739.66,0.9716,0.9972,0.9972
LJ500_R108_C065,693750,9555250,2024,8,2024-08,2608.83,32.12,-0.4848,-0.8746,,,0.5391,0,0
LJ500_R109_C088,705250,9555750,2024,8,2024-08,2662.52,32.8,0.2588,-0.3936,2263.4,2341.75,0.98,1,1
LJ500_R119_C079,700750,9560750,2024,8,2024-08,2115.91,17.82,0.7681,-0.3348,89.91,123.83,1,1,1
LJ500_R122_C070,696250,9562250,2024,8,2024-08,2147.39,5.9213,0.1833,0.5344,8,77.66,1,1,1
LJ500_R125_C065,693750,9563750,2024,8,2024-08,2306.59,16.23,-0.3146,0.9013,519.8,140,0.98,1,1
LJ500_R131_C053,687750,9566750,2024,8,2024-08,1857.8,21.06,0.1985,-0.6097,1253.97,718.41,0.98,1,1
LJ500_R132_C080,701250,9567250,2024,8,2024-08,2633.64,23.79,0.5886,0.4698,1349.1,267.51,0.98,1,1
LJ500_R138_C087,704750,9570250,2024,8,2024-08,2135.26,33.65,0.3321,-0.708,520.85,1649.83,1,1,1
LJ500_R142_C071,696750,9572250,2024,8,2024-08,2116.51,26.49,-0.1667,0.1456,119.12,285.97,0.9604,1,1
LJ500_R145_C054,688250,9573750,2024,8,2024-08,2843.37,16.76,-0.4861,0.103,1841.2,1633.03,0.98,1,1
LJ500_R147_C083,702750,9574750,2024,8,2024-08,2315.88,21.17,-0.5859,0.1455,541.56,1299.06,0.98,1,1
LJ500_R156_C028,675250,9579250,2024,8,2024-08,2312.5,31.55,-0.2856,-0.5531,2283.58,1587.48,1,1,1
LJ500_R156_C067,694750,9579250,2024,8,2024-08,2329.91,32.93,-0.2221,-0.6634,190.49,504.31,1,1,1
LJ500_R156_C079,700750,9579250,2024,8,2024-08,2863.93,23.4,-0.5845,-0.0295,2424.87,4385.2,1,1,1
LJ500_R157_C009,665750,9579750,2024,8,2024-08,1194.66,24.24,0.4562,0.415,272.1,1131.02,0.98,1,1
LJ500_R158_C065,693750,9580250,2024,8,2024-08,2368.29,33.75,-0.3608,0.7344,654.7,265.1,0.98,1,1
LJ500_R160_C074,698250,9581250,2024,8,2024-08,2563.93,21.97,0.0816,-0.5437,1840.78,3751,0.9604,1,1
LJ500_R161_C066,694250,9581750,2024,8,2024-08,2182.48,26.29,-0.0873,-0.1268,123.12,99.83,1,1,1
LJ500_R164_C043,682750,9583250,2024,8,2024-08,3056.29,24.94,0.0987,-0.2925,1203.99,115.31,1,1,1
LJ500_R164_C059,690750,9583250,2024,8,2024-08,3105,18.29,-0.7924,-0.5136,2202.73,1700.59,0.98,1,1
LJ500_R166_C072,697250,9584250,2024,8,2024-08,2703.72,23.69,-0.1855,-0.6705,3258.83,3426.37,0.98,1,1
LJ500_R167_C067,694750,9584750,2024,8,2024-08,2436.62,24.15,0.376,-0.4321,1786.06,1277.5,1,1,1
LJ500_R168_C045,683750,9585250,2024,8,2024-08,3119.59,16.2,0.1488,0.3374,2527.85,1693.09,1,1,1
LJ500_R173_C033,677750,9587750,2024,8,2024-08,3118.72,20.57,0.0846,0.4514,3964.85,4393.18,1,1,1
LJ500_R178_C063,692750,9590250,2024,8,2024-08,2701.84,14.62,-0.4474,-0.7489,2144.76,200,0.98,1,1
LJ500_R179_C046,684250,9590750,2024,8,2024-08,3463.75,23.67,-0.3683,0.7856,5199.04,3309.08,1,1,1
LJ500_R180_C071,696750,9591250,2024,8,2024-08,2990.12,23.96,-0.7064,-0.2605,4703.19,4260.28,0.98,1,1
LJ500_R183_C039,680750,9592750,2024,8,2024-08,3643.62,16.63,-0.2761,-0.6396,2614.73,6072.03,0.9185,0.7282,0.7282
LJ500_R184_C039,680750,9593250,2024,8,2024-08,3647.59,23.61,0.46,-0.4402,2517,6330.27,0.7082,1,1
LJ500_R184_C066,694250,9593250,2024,8,2024-08,3154.7,13.68,0.0763,-0.6214,1745.45,1739.66,0.9716,0.9972,0.9972
LJ500_R108_C065,693750,9555250,2024,9,2024-09,2608.83,32.12,-0.4848,-0.8746,,,0.5391,0,0
LJ500_R109_C088,705250,9555750,2024,9,2024-09,2662.52,32.8,0.2588,-0.3936,2263.4,2341.75,0.98,1,1
LJ500_R119_C079,700750,9560750,2024,9,2024-09,2115.91,17.82,0.7681,-0.3348,89.91,123.83,1,1,1
LJ500_R122_C070,696250,9562250,2024,9,2024-09,2147.39,5.9213,0.1833,0.5344,8,77.66,1,1,1
LJ500_R125_C065,693750,9563750,2024,9,2024-09,2306.59,16.23,-0.3146,0.9013,519.8,140,0.98,1,1
LJ500_R131_C053,687750,9566750,2024,9,2024-09,1857.8,21.06,0.1985,-0.6097,1253.97,718.41,0.98,1,1
LJ500_R132_C080,701250,9567250,2024,9,2024-09,2633.64,23.79,0.5886,0.4698,1349.1,267.51,0.98,1,1
LJ500_R138_C087,704750,9570250,2024,9,2024-09,2135.26,33.65,0.3321,-0.708,520.85,1649.83,1,1,1
LJ500_R142_C071,696750,9572250,2024,9,2024-09,2116.51,26.49,-0.1667,0.1456,119.12,285.97,0.9604,1,1
LJ500_R145_C054,688250,9573750,2024,9,2024-09,2843.37,16.76,-0.4861,0.103,1841.2,1633.03,0.98,1,1
LJ500_R147_C083,702750,9574750,2024,9,2024-09,2315.88,21.17,-0.5859,0.1455,541.56,1299.06,0.98,1,1
LJ500_R156_C028,675250,9579250,2024,9,2024-09,2312.5,31.55,-0.2856,-0.5531,2283.58,1587.48,1,1,1
LJ500_R156_C067,694750,9579250,2024,9,2024-09,2329.91,32.93,-0.2221,-0.6634,190.49,504.31,1,1,1
LJ500_R156_C079,700750,9579250,2024,9,2024-09,2863.93,23.4,-0.5845,-0.0295,2424.87,4385.2,1,1,1
LJ500_R157_C009,665750,9579750,2024,9,2024-09,1194.66,24.24,0.4562,0.415,272.1,1131.02,0.98,1,1
LJ500_R158_C065,693750,9580250,2024,9,2024-09,2368.29,33.75,-0.3608,0.7344,654.7,265.1,0.98,1,1
LJ500_R160_C074,698250,9581250,2024,9,2024-09,2563.93,21.97,0.0816,-0.5437,1840.78,3751,0.9604,1,1
LJ500_R161_C066,694250,9581750,2024,9,2024-09,2182.48,26.29,-0.0873,-0.1268,123.12,99.83,1,1,1
LJ500_R164_C043,682750,9583250,2024,9,2024-09,3056.29,24.94,0.0987,-0.2925,1203.99,115.31,1,1,1
LJ500_R164_C059,690750,9583250,2024,9,2024-09,3105,18.29,-0.7924,-0.5136,2202.73,1700.59,0.98,1,1
LJ500_R166_C072,697250,9584250,2024,9,2024-09,2703.72,23.69,-0.1855,-0.6705,3258.83,3426.37,0.98,1,1
LJ500_R167_C067,694750,9584750,2024,9,2024-09,2436.62,24.15,0.376,-0.4321,1786.06,1277.5,1,1,1
LJ500_R168_C045,683750,9585250,2024,9,2024-09,3119.59,16.2,0.1488,0.3374,2527.85,1693.09,1,1,1
LJ500_R173_C033,677750,9587750,2024,9,2024-09,3118.72,20.57,0.0846,0.4514,3964.85,4393.18,1,1,1
LJ500_R178_C063,692750,9590250,2024,9,2024-09,2701.84,14.62,-0.4474,-0.7489,2144.76,200,0.98,1,1
LJ500_R179_C046,684250,9590750,2024,9,2024-09,3463.75,23.67,-0.3683,0.7856,5199.04,3309.08,1,1,1
LJ500_R180_C071,696750,9591250,2024,9,2024-09,2990.12,23.96,-0.7064,-0.2605,4703.19,4260.28,0.98,1,1
LJ500_R183_C039,680750,9592750,2024,9,2024-09,3643.62,16.63,-0.2761,-0.6396,2614.73,6072.03,0.9185,0.7282,0.7282
LJ500_R184_C039,680750,9593250,2024,9,2024-09,3647.59,23.61,0.46,-0.4402,2517,6330.27,0.7082,1,1
LJ500_R184_C066,694250,9593250,2024,9,2024-09,3154.7,13.68,0.0763,-0.6214,1745.45,1739.66,0.9716,0.9972,0.9972
LJ500_R108_C065,693750,9555250,2024,10,2024-10,2608.83,32.12,-0.4848,-0.8746,,,0.5391,0,0
LJ500_R109_C088,705250,9555750,2024,10,2024-10,2662.52,32.8,0.2588,-0.3936,2263.4,2341.75,0.98,1,1
LJ500_R119_C079,700750,9560750,2024,10,2024-10,2115.91,17.82,0.7681,-0.3348,89.91,123.83,1,1,1
LJ500_R122_C070,696250,9562250,2024,10,2024-10,2147.39,5.9213,0.1833,0.5344,8,77.66,1,1,1
LJ500_R125_C065,693750,9563750,2024,10,2024-10,2306.59,16.23,-0.3146,0.9013,519.8,140,0.98,1,1
LJ500_R131_C053,687750,9566750,2024,10,2024-10,1857.8,21.06,0.1985,-0.6097,1253.97,718.41,0.98,1,1
LJ500_R132_C080,701250,9567250,2024,10,2024-10,2633.64,23.79,0.5886,0.4698,1349.1,267.51,0.98,1,1
LJ500_R138_C087,704750,9570250,2024,10,2024-10,2135.26,33.65,0.3321,-0.708,520.85,1649.83,1,1,1
LJ500_R142_C071,696750,9572250,2024,10,2024-10,2116.51,26.49,-0.1667,0.1456,119.12,285.97,0.9604,1,1
LJ500_R145_C054,688250,9573750,2024,10,2024-10,2843.37,16.76,-0.4861,0.103,1841.2,1633.03,0.98,1,1
LJ500_R147_C083,702750,9574750,2024,10,2024-10,2315.88,21.17,-0.5859,0.1455,541.56,1299.06,0.98,1,1
LJ500_R156_C028,675250,9579250,2024,10,2024-10,2312.5,31.55,-0.2856,-0.5531,2283.58,1587.48,1,1,1
LJ500_R156_C067,694750,9579250,2024,10,2024-10,2329.91,32.93,-0.2221,-0.6634,190.49,504.31,1,1,1
LJ500_R156_C079,700750,9579250,2024,10,2024-10,2863.93,23.4,-0.5845,-0.0295,2424.87,4385.2,1,1,1
LJ500_R157_C009,665750,9579750,2024,10,2024-10,1194.66,24.24,0.4562,0.415,272.1,1131.02,0.98,1,1
LJ500_R158_C065,693750,9580250,2024,10,2024-10,2368.29,33.75,-0.3608,0.7344,654.7,265.1,0.98,1,1
LJ500_R160_C074,698250,9581250,2024,10,2024-10,2563.93,21.97,0.0816,-0.5437,1840.78,3751,0.9604,1,1
LJ500_R161_C066,694250,9581750,2024,10,2024-10,2182.48,26.29,-0.0873,-0.1268,123.12,99.83,1,1,1
LJ500_R164_C043,682750,9583250,2024,10,2024-10,3056.29,24.94,0.0987,-0.2925,1203.99,115.31,1,1,1
LJ500_R164_C059,690750,9583250,2024,10,2024-10,3105,18.29,-0.7924,-0.5136,2202.73,1700.59,0.98,1,1
LJ500_R166_C072,697250,9584250,2024,10,2024-10,2703.72,23.69,-0.1855,-0.6705,3258.83,3426.37,0.98,1,1
LJ500_R167_C067,694750,9584750,2024,10,2024-10,2436.62,24.15,0.376,-0.4321,1786.06,1277.5,1,1,1
LJ500_R168_C045,683750,9585250,2024,10,2024-10,3119.59,16.2,0.1488,0.3374,2527.85,1693.09,1,1,1
LJ500_R173_C033,677750,9587750,2024,10,2024-10,3118.72,20.57,0.0846,0.4514,3964.85,4393.18,1,1,1
LJ500_R178_C063,692750,9590250,2024,10,2024-10,2701.84,14.62,-0.4474,-0.7489,2144.76,200,0.98,1,1
LJ500_R179_C046,684250,9590750,2024,10,2024-10,3463.75,23.67,-0.3683,0.7856,5199.04,3309.08,1,1,1
LJ500_R180_C071,696750,9591250,2024,10,2024-10,2990.12,23.96,-0.7064,-0.2605,4703.19,4260.28,0.98,1,1
LJ500_R183_C039,680750,9592750,2024,10,2024-10,3643.62,16.63,-0.2761,-0.6396,2614.73,6072.03,0.9185,0.7282,0.7282
LJ500_R184_C039,680750,9593250,2024,10,2024-10,3647.59,23.61,0.46,-0.4402,2517,6330.27,0.7082,1,1
LJ500_R184_C066,694250,9593250,2024,10,2024-10,3154.7,13.68,0.0763,-0.6214,1745.45,1739.66,0.9716,0.9972,0.9972
LJ500_R108_C065,693750,9555250,2024,11,2024-11,2608.83,32.12,-0.4848,-0.8746,,,0.5391,0,0
LJ500_R109_C088,705250,9555750,2024,11,2024-11,2662.52,32.8,0.2588,-0.3936,2263.4,2341.75,0.98,1,1
LJ500_R119_C079,700750,9560750,2024,11,2024-11,2115.91,17.82,0.7681,-0.3348,89.91,123.83,1,1,1
LJ500_R122_C070,696250,9562250,2024,11,2024-11,2147.39,5.9213,0.1833,0.5344,8,77.66,1,1,1
LJ500_R125_C065,693750,9563750,2024,11,2024-11,2306.59,16.23,-0.3146,0.9013,519.8,140,0.98,1,1
LJ500_R131_C053,687750,9566750,2024,11,2024-11,1857.8,21.06,0.1985,-0.6097,1253.97,718.41,0.98,1,1
LJ500_R132_C080,701250,9567250,2024,11,2024-11,2633.64,23.79,0.5886,0.4698,1349.1,267.51,0.98,1,1
LJ500_R138_C087,704750,9570250,2024,11,2024-11,2135.26,33.65,0.3321,-0.708,520.85,1649.83,1,1,1
LJ500_R142_C071,696750,9572250,2024,11,2024-11,2116.51,26.49,-0.1667,0.1456,119.12,285.97,0.9604,1,1
LJ500_R145_C054,688250,9573750,2024,11,2024-11,2843.37,16.76,-0.4861,0.103,1841.2,1633.03,0.98,1,1
LJ500_R147_C083,702750,9574750,2024,11,2024-11,2315.88,21.17,-0.5859,0.1455,541.56,1299.06,0.98,1,1
LJ500_R156_C028,675250,9579250,2024,11,2024-11,2312.5,31.55,-0.2856,-0.5531,2283.58,1587.48,1,1,1
LJ500_R156_C067,694750,9579250,2024,11,2024-11,2329.91,32.93,-0.2221,-0.6634,190.49,504.31,1,1,1
LJ500_R156_C079,700750,9579250,2024,11,2024-11,2863.93,23.4,-0.5845,-0.0295,2424.87,4385.2,1,1,1
LJ500_R157_C009,665750,9579750,2024,11,2024-11,1194.66,24.24,0.4562,0.415,272.1,1131.02,0.98,1,1
LJ500_R158_C065,693750,9580250,2024,11,2024-11,2368.29,33.75,-0.3608,0.7344,654.7,265.1,0.98,1,1
LJ500_R160_C074,698250,9581250,2024,11,2024-11,2563.93,21.97,0.0816,-0.5437,1840.78,3751,0.9604,1,1
LJ500_R161_C066,694250,9581750,2024,11,2024-11,2182.48,26.29,-0.0873,-0.1268,123.12,99.83,1,1,1
LJ500_R164_C043,682750,9583250,2024,11,2024-11,3056.29,24.94,0.0987,-0.2925,1203.99,115.31,1,1,1
LJ500_R164_C059,690750,9583250,2024,11,2024-11,3105,18.29,-0.7924,-0.5136,2202.73,1700.59,0.98,1,1
LJ500_R166_C072,697250,9584250,2024,11,2024-11,2703.72,23.69,-0.1855,-0.6705,3258.83,3426.37,0.98,1,1
LJ500_R167_C067,694750,9584750,2024,11,2024-11,2436.62,24.15,0.376,-0.4321,1786.06,1277.5,1,1,1
LJ500_R168_C045,683750,9585250,2024,11,2024-11,3119.59,16.2,0.1488,0.3374,2527.85,1693.09,1,1,1
LJ500_R173_C033,677750,9587750,2024,11,2024-11,3118.72,20.57,0.0846,0.4514,3964.85,4393.18,1,1,1
LJ500_R178_C063,692750,9590250,2024,11,2024-11,2701.84,14.62,-0.4474,-0.7489,2144.76,200,0.98,1,1
LJ500_R179_C046,684250,9590750,2024,11,2024-11,3463.75,23.67,-0.3683,0.7856,5199.04,3309.08,1,1,1
LJ500_R180_C071,696750,9591250,2024,11,2024-11,2990.12,23.96,-0.7064,-0.2605,4703.19,4260.28,0.98,1,1
LJ500_R183_C039,680750,9592750,2024,11,2024-11,3643.62,16.63,-0.2761,-0.6396,2614.73,6072.03,0.9185,0.7282,0.7282
LJ500_R184_C039,680750,9593250,2024,11,2024-11,3647.59,23.61,0.46,-0.4402,2517,6330.27,0.7082,1,1
LJ500_R184_C066,694250,9593250,2024,11,2024-11,3154.7,13.68,0.0763,-0.6214,1745.45,1739.66,0.9716,0.9972,0.9972
LJ500_R108_C065,693750,9555250,2024,12,2024-12,2608.83,32.12,-0.4848,-0.8746,,,0.5391,0,0
LJ500_R109_C088,705250,9555750,2024,12,2024-12,2662.52,32.8,0.2588,-0.3936,2263.4,2341.75,0.98,1,1
LJ500_R119_C079,700750,9560750,2024,12,2024-12,2115.91,17.82,0.7681,-0.3348,89.91,123.83,1,1,1
LJ500_R122_C070,696250,9562250,2024,12,2024-12,2147.39,5.9213,0.1833,0.5344,8,77.66,1,1,1
LJ500_R125_C065,693750,9563750,2024,12,2024-12,2306.59,16.23,-0.3146,0.9013,519.8,140,0.98,1,1
LJ500_R131_C053,687750,9566750,2024,12,2024-12,1857.8,21.06,0.1985,-0.6097,1253.97,718.41,0.98,1,1
LJ500_R132_C080,701250,9567250,2024,12,2024-12,2633.64,23.79,0.5886,0.4698,1349.1,267.51,0.98,1,1
LJ500_R138_C087,704750,9570250,2024,12,2024-12,2135.26,33.65,0.3321,-0.708,520.85,1649.83,1,1,1
LJ500_R142_C071,696750,9572250,2024,12,2024-12,2116.51,26.49,-0.1667,0.1456,119.12,285.97,0.9604,1,1
LJ500_R145_C054,688250,9573750,2024,12,2024-12,2843.37,16.76,-0.4861,0.103,1841.2,1633.03,0.98,1,1
LJ500_R147_C083,702750,9574750,2024,12,2024-12,2315.88,21.17,-0.5859,0.1455,541.56,1299.06,0.98,1,1
LJ500_R156_C028,675250,9579250,2024,12,2024-12,2312.5,31.55,-0.2856,-0.5531,2283.58,1587.48,1,1,1
LJ500_R156_C067,694750,9579250,2024,12,2024-12,2329.91,32.93,-0.2221,-0.6634,190.49,504.31,1,1,1
LJ500_R156_C079,700750,9579250,2024,12,2024-12,2863.93,23.4,-0.5845,-0.0295,2424.87,4385.2,1,1,1
LJ500_R157_C009,665750,9579750,2024,12,2024-12,1194.66,24.24,0.4562,0.415,272.1,1131.02,0.98,1,1
LJ500_R158_C065,693750,9580250,2024,12,2024-12,2368.29,33.75,-0.3608,0.7344,654.7,265.1,0.98,1,1
LJ500_R160_C074,698250,9581250,2024,12,2024-12,2563.93,21.97,0.0816,-0.5437,1840.78,3751,0.9604,1,1
LJ500_R161_C066,694250,9581750,2024,12,2024-12,2182.48,26.29,-0.0873,-0.1268,123.12,99.83,1,1,1
LJ500_R164_C043,682750,9583250,2024,12,2024-12,3056.29,24.94,0.0987,-0.2925,1203.99,115.31,1,1,1
LJ500_R164_C059,690750,9583250,2024,12,2024-12,3105,18.29,-0.7924,-0.5136,2202.73,1700.59,0.98,1,1
LJ500_R166_C072,697250,9584250,2024,12,2024-12,2703.72,23.69,-0.1855,-0.6705,3258.83,3426.37,0.98,1,1
LJ500_R167_C067,694750,9584750,2024,12,2024-12,2436.62,24.15,0.376,-0.4321,1786.06,1277.5,1,1,1
LJ500_R168_C045,683750,9585250,2024,12,2024-12,3119.59,16.2,0.1488,0.3374,2527.85,1693.09,1,1,1
LJ500_R173_C033,677750,9587750,2024,12,2024-12,3118.72,20.57,0.0846,0.4514,3964.85,4393.18,1,1,1
LJ500_R178_C063,692750,9590250,2024,12,2024-12,2701.84,14.62,-0.4474,-0.7489,2144.76,200,0.98,1,1
LJ500_R179_C046,684250,9590750,2024,12,2024-12,3463.75,23.67,-0.3683,0.7856,5199.04,3309.08,1,1,1
LJ500_R180_C071,696750,9591250,2024,12,2024-12,2990.12,23.96,-0.7064,-0.2605,4703.19,4260.28,0.98,1,1
LJ500_R183_C039,680750,9592750,2024,12,2024-12,3643.62,16.63,-0.2761,-0.6396,2614.73,6072.03,0.9185,0.7282,0.7282
LJ500_R184_C039,680750,9593250,2024,12,2024-12,3647.59,23.61,0.46,-0.4402,2517,6330.27,0.7082,1,1
LJ500_R184_C066,694250,9593250,2024,12,2024-12,3154.7,13.68,0.0763,-0.6214,1745.45,1739.66,0.9716,0.9972,0.9972
