cell_id,centro_x_m,centro_y_m,anio,mes,anio_mes,prop_bosque_nativo,prop_paramo,prop_vegetacion_natural_arbustiva_herbacea,prop_plantacion_forestal,prop_cobertura_agropecuaria_total,prop_area_poblada,prop_infraestructura,prop_area_sin_cobertura_vegetal,prop_cuerpo_de_agua_natural,suma_prop_maate_9v,s2_ndvi_mean,s2_ndmi_mean,s2_nbr_mean,s2_ndwi_mean,s2_cobertura_valida_pct,sentinel_t1_missing
LJ500_R006_C075,698750,9504250,2019,1,2019-01,0.4991,0,0.5009,0,0,0,0,0,0,1,,,,,,1
LJ500_R011_C068,695250,9506750,2019,1,2019-01,1,0,0,0,0,0,0,0,0,1,,,,,,1
LJ500_R012_C055,688750,9507250,2019,1,2019-01,1,0,0,0,0,0,0,0,0,1,,,,,,1
LJ500_R020_C061,691750,9511250,2019,1,2019-01,0,0,1,0,0,0,0,0,0,1,,,,,,1
LJ500_R033_C056,689250,9517750,2019,1,2019-01,0.7601,0,0.2399,0,0,0,0,0,0,1,,,,,,1
LJ500_R035_C085,703750,9518750,2019,1,2019-01,0,0,0.6992,0,0.3008,0,0,0,0,1,,,,,,1
LJ500_R039_C072,697250,9520750,2019,1,2019-01,0,0,0.019,0,0.972,0,0,0.0089,0,1,,,,,,1
LJ500_R040_C060,691250,9521250,2019,1,2019-01,0.0093,0,0.9907,0,0,0,0,0,0,1,,,,,,1
LJ500_R041_C061,691750,9521750,2019,1,2019-01,0.6217,0,0.3783,0,0,0,0,0,0,1,,,,,,1
LJ500_R043_C058,690250,9522750,2019,1,2019-01,0,0,0.6724,0,0,0,0,0.3276,0,1,,,,,,1
LJ500_R045_C083,702750,9523750,2019,1,2019-01,0.0975,0,0.9025,0,0,0,0,0,0,1,,,,,,1
LJ500_R046_C064,693250,9524250,2019,1,2019-01,0,0,0.1216,0,0,0.2178,0,0.6606,0,1,,,,,,1
LJ500_R048_C071,696750,9525250,2019,1,2019-01,0,0,1,0,0,0,0,0,0,1,,,,,,1
LJ500_R050_C095,708750,9526250,2019,1,2019-01,0.2432,0.6234,0.1334,0,0,0,0,0,0,1,,,,,,1
LJ500_R056_C049,685750,9529250,2019,1,2019-01,0,0,1,0,0,0,0,0,0,1,,,,,,1
LJ500_R058_C079,700750,9530250,2019,1,2019-01,0,0,0.7206,0,0.2794,0,0,0,0,1,,,,,,1
LJ500_R063_C060,691250,9532750,2019,1,2019-01,0,0,0.4901,0,0.4472,0.0627,0,0,0,1,,,,,,1
LJ500_R064_C084,703250,9533250,2019,1,2019-01,0.235,0,0.7298,0,0.0352,0,0,0,0,1,,,,,,1
LJ500_R069_C057,689750,9535750,2019,1,2019-01,0,0,0.1213,0,0.8787,0,0,0,0,1,,,,,,1
LJ500_R072_C062,692250,9537250,2019,1,2019-01,0,0,0.4122,0,0.5878,0,0,0,0,1,,,,,,1
LJ500_R072_C095,708750,9537250,2019,1,2019-01,0.7205,0.2795,0,0,0,0,0,0,0,1,,,,,,1
LJ500_R074_C074,698250,9538250,2019,1,2019-01,0,0,0.1778,0,0.8222,0,0,0,0,1,,,,,,1
LJ500_R078_C076,699250,9540250,2019,1,2019-01,0.071,0,0.0635,0,0.8655,0,0,0,0,1,,,,,,1
LJ500_R079_C076,699250,9540750,2019,1,2019-01,0,0,0,0,0.9922,0.0078,0,0,0,1,,,,,,1
LJ500_R093_C071,696750,9547750,2019,1,2019-01,0.1849,0,0,0,0.8151,0,0,0,0,1,,,,,,1
LJ500_R093_C073,697750,9547750,2019,1,2019-01,0.0013,0,0.5724,0,0.4263,0,0,0,0,1,,,,,,1
LJ500_R096_C074,698250,9549250,2019,1,2019-01,0.4564,0,0.2184,0.311,0.0142,0,0,0,0,1,,,,,,1
LJ500_R098_C085,703750,9550250,2019,1,2019-01,1,0,0,0,0,0,0,0,0,1,,,,,,1
LJ500_R101_C091,706750,9551750,2019,1,2019-01,0.0455,0.9545,0,0,0,0,0,0,0,1,,,,,,1
LJ500_R106_C080,701250,9554250,2019,1,2019-01,0,0,0.2691,0.5021,0.2289,0,0,0,0,1,,,,,,1
LJ500_R108_C065,693750,9555250,2019,1,2019-01,0,0,0.0703,0.9297,0,0,0,0,0,1,,,,,,1
LJ500_R109_C088,705250,9555750,2019,1,2019-01,1,0,0,0,0,0,0,0,0,1,,,,,,1
LJ500_R119_C079,700750,9560750,2019,1,2019-01,0,0,0.0076,0,0.8026,0.1897,0,0,0,1,,,,,,1
LJ500_R122_C070,696250,9562250,2019,1,2019-01,0,0,0,0,0.635,0.365,0,0,0,1,,,,,,1
LJ500_R125_C065,693750,9563750,2019,1,2019-01,0,0,0.0771,0,0.9229,0,0,0,0,1,,,,,,1
LJ500_R131_C053,687750,9566750,2019,1,2019-01,0,0,0.1735,0,0.8265,0,0,0,0,1,,,,,,1
LJ500_R132_C080,701250,9567250,2019,1,2019-01,0.9327,0,0.0078,0,0.0594,0,0,0,0,1,,,,,,1
LJ500_R138_C087,704750,9570250,2019,1,2019-01,0.2364,0,0.5005,0,0.2631,0,0,0,0,1,,,,,,1
LJ500_R142_C071,696750,9572250,2019,1,2019-01,0,0,0,0,1,0,0,0,0,1,,,,,,1
LJ500_R145_C054,688250,9573750,2019,1,2019-01,0,0,0.7423,0,0.2577,0,0,0,0,1,,,,,,1
LJ500_R147_C083,702750,9574750,2019,1,2019-01,0.3027,0,0,0,0.6973,0,0,0,0,1,,,,,,1
LJ500_R156_C028,675250,9579250,2019,1,2019-01,0.6724,0,0.3276,0,0,0,0,0,0,1,,,,,,1
LJ500_R156_C067,694750,9579250,2019,1,2019-01,0,0,0,0,1,0,0,0,0,1,,,,,,1
LJ500_R156_C079,700750,9579250,2019,1,2019-01,1,0,0,0,0,0,0,0,0,1,,,,,,1
LJ500_R157_C009,665750,9579750,2019,1,2019-01,0.0008,0,0.666,0,0.3333,0,0,0,0,1,,,,,,1
LJ500_R158_C065,693750,9580250,2019,1,2019-01,0,0,0.7476,0.135,0.1174,0,0,0,0,1,,,,,,1
LJ500_R160_C074,698250,9581250,2019,1,2019-01,0.325,0,0,0,0.675,0,0,0,0,1,,,,,,1
LJ500_R161_C066,694250,9581750,2019,1,2019-01,0,0,0.0311,0.0756,0.8933,0,0,0,0,1,,,,,,1
LJ500_R164_C043,682750,9583250,2019,1,2019-01,0,0.6371,0,0,0.3629,0,0,0,0,1,,,,,,1
LJ500_R164_C059,690750,9583250,2019,1,2019-01,0.6643,0.3177,0.018,0,0,0,0,0,0,1,,,,,,1
LJ500_R166_C072,697250,9584250,2019,1,2019-01,0,0,0,0,1,0,0,0,0,1,,,,,,1
LJ500_R167_C067,694750,9584750,2019,1,2019-01,0,0,0,0,1,0,0,0,0,1,,,,,,1
LJ500_R168_C045,683750,9585250,2019,1,2019-01,0.083,0.79,0,0,0.1269,0,0,0,0,1,,,,,,1
LJ500_R173_C033,677750,9587750,2019,1,2019-01,0.0493,0.4112,0,0,0.5395,0,0,0,0,1,,,,,,1
LJ500_R178_C063,692750,9590250,2019,1,2019-01,0,0,0,0,1,0,0,0,0,1,,,,,,1
LJ500_R179_C046,684250,9590750,2019,1,2019-01,0,1,0,0,0,0,0,0,0,1,,,,,,1
LJ500_R180_C071,696750,9591250,2019,1,2019-01,0.1157,0,0.1808,0,0.7035,0,0,0,0,1,,,,,,1
LJ500_R183_C039,680750,9592750,2019,1,2019-01,0,1,0,0,0,0,0,0,0,1,,,,,,1
LJ500_R184_C039,680750,9593250,2019,1,2019-01,0,1,0,0,0,0,0,0,0,1,,,,,,1
LJ500_R184_C066,694250,9593250,2019,1,2019-01,0.0203,0,0,0,0.9797,0,0,0,0,1,,,,,,1
LJ500_R006_C075,698750,9504250,2019,2,2019-02,0.4991,0,0.5009,0,0,0,0,0,0,1,0.7442,0.3788,0.6407,-0.6498,15.36,0
LJ500_R011_C068,695250,9506750,2019,2,2019-02,1,0,0,0,0,0,0,0,0,1,,,,,0,1
LJ500_R012_C055,688750,9507250,2019,2,2019-02,1,0,0,0,0,0,0,0,0,1,0.779,0.3498,0.6278,-0.6986,90.56,0
LJ500_R020_C061,691750,9511250,2019,2,2019-02,0,0,1,0,0,0,0,0,0,1,0.6445,0.1225,0.3811,-0.5595,39.36,0
LJ500_R033_C056,689250,9517750,2019,2,2019-02,0.7601,0,0.2399,0,0,0,0,0,0,1,0.4608,0.0608,0.2155,-0.4228,41.92,0
LJ500_R035_C085,703750,9518750,2019,2,2019-02,0,0,0.6992,0,0.3008,0,0,0,0,1,0.7383,0.2539,0.5507,-0.6232,10.08,0
LJ500_R039_C072,697250,9520750,2019,2,2019-02,0,0,0.019,0,0.972,0,0,0.0089,0,1,0.4349,0.0776,0.2395,-0.4025,96,0
LJ500_R040_C060,691250,9521250,2019,2,2019-02,0.0093,0,0.9907,0,0,0,0,0,0,1,0.4085,-0.1016,0.0212,-0.4122,100,0
LJ500_R041_C061,691750,9521750,2019,2,2019-02,0.6217,0,0.3783,0,0,0,0,0,0,1,0.7063,0.1635,0.4201,-0.5962,100,0
LJ500_R043_C058,690250,9522750,2019,2,2019-02,0,0,0.6724,0,0,0,0,0.3276,0,1,0.4897,-0.0833,0.1445,-0.4908,100,0
LJ500_R045_C083,702750,9523750,2019,2,2019-02,0.0975,0,0.9025,0,0,0,0,0,0,1,0.744,0.1822,0.4706,-0.6562,88.8,0
LJ500_R046_C064,693250,9524250,2019,2,2019-02,0,0,0.1216,0,0,0.2178,0,0.6606,0,1,0.4359,-0.0364,0.1343,-0.4277,100,0
LJ500_R048_C071,696750,9525250,2019,2,2019-02,0,0,1,0,0,0,0,0,0,1,0.5319,-0.0488,0.1942,-0.5087,100,0
LJ500_R050_C095,708750,9526250,2019,2,2019-02,0.2432,0.6234,0.1334,0,0,0,0,0,0,1,0.6945,0.2569,0.5408,-0.6283,82.08,0
LJ500_R056_C049,685750,9529250,2019,2,2019-02,0,0,1,0,0,0,0,0,0,1,0.4955,-0.1008,0.1057,-0.5046,100,0
LJ500_R058_C079,700750,9530250,2019,2,2019-02,0,0,0.7206,0,0.2794,0,0,0,0,1,0.7589,0.2332,0.5168,-0.665,4.96,0
LJ500_R063_C060,691250,9532750,2019,2,2019-02,0,0,0.4901,0,0.4472,0.0627,0,0,0,1,0.7477,0.2459,0.4959,-0.664,100,0
LJ500_R064_C084,703250,9533250,2019,2,2019-02,0.235,0,0.7298,0,0.0352,0,0,0,0,1,0.842,0.3012,0.6096,-0.7294,100,0
LJ500_R069_C057,689750,9535750,2019,2,2019-02,0,0,0.1213,0,0.8787,0,0,0,0,1,0.4498,-0.0482,0.1429,-0.4643,100,0
LJ500_R072_C062,692250,9537250,2019,2,2019-02,0,0,0.4122,0,0.5878,0,0,0,0,1,0.5753,0.0198,0.2278,-0.5385,100,0
LJ500_R072_C095,708750,9537250,2019,2,2019-02,0.7205,0.2795,0,0,0,0,0,0,0,1,0.8073,0.3389,0.6342,-0.709,44.64,0
LJ500_R074_C074,698250,9538250,2019,2,2019-02,0,0,0.1778,0,0.8222,0,0,0,0,1,0.6849,0.1903,0.4431,-0.5954,100,0
LJ500_R078_C076,699250,9540250,2019,2,2019-02,0.071,0,0.0635,0,0.8655,0,0,0,0,1,0.7079,0.1385,0.432,-0.6021,100,0
LJ500_R079_C076,699250,9540750,2019,2,2019-02,0,0,0,0,0.9922,0.0078,0,0,0,1,0.771,0.2138,0.5035,-0.6638,100,0
LJ500_R093_C071,696750,9547750,2019,2,2019-02,0.1849,0,0,0,0.8151,0,0,0,0,1,0.7603,0.2088,0.5028,-0.6632,2.4015,0
LJ500_R093_C073,697750,9547750,2019,2,2019-02,0.0013,0,0.5724,0,0.4263,0,0,0,0,1,0.7387,0.152,0.4431,-0.6605,100,0
LJ500_R096_C074,698250,9549250,2019,2,2019-02,0.4564,0,0.2184,0.311,0.0142,0,0,0,0,1,0.7126,0.2061,0.4631,-0.6318,42.72,0
LJ500_R098_C085,703750,9550250,2019,2,2019-02,1,0,0,0,0,0,0,0,0,1,0.7964,0.333,0.617,-0.703,24,0
LJ500_R101_C091,706750,9551750,2019,2,2019-02,0.0455,0.9545,0,0,0,0,0,0,0,1,,,,,0,1
LJ500_R106_C080,701250,9554250,2019,2,2019-02,0,0,0.2691,0.5021,0.2289,0,0,0,0,1,0.6855,0.1103,0.3835,-0.638,100,0
LJ500_R108_C065,693750,9555250,2019,2,2019-02,0,0,0.0703,0.9297,0,0,0,0,0,1,,,,,0,1
LJ500_R109_C088,705250,9555750,2019,2,2019-02,1,0,0,0,0,0,0,0,0,1,0.6496,0.2708,0.5008,-0.5688,28.8,0
LJ500_R119_C079,700750,9560750,2019,2,2019-02,0,0,0.0076,0,0.8026,0.1897,0,0,0,1,0.5292,0.0972,0.274,-0.4798,1.44,0
LJ500_R122_C070,696250,9562250,2019,2,2019-02,0,0,0,0,0.635,0.365,0,0,0,1,0.3788,0.0793,0.2127,-0.3568,0.48,0
LJ500_R125_C065,693750,9563750,2019,2,2019-02,0,0,0.0771,0,0.9229,0,0,0,0,1,,,,,0,1
LJ500_R131_C053,687750,9566750,2019,2,2019-02,0,0,0.1735,0,0.8265,0,0,0,0,1,0.6207,0.1863,0.427,-0.558,100,0
LJ500_R132_C080,701250,9567250,2019,2,2019-02,0.9327,0,0.0078,0,0.0594,0,0,0,0,1,,,,,0,1
LJ500_R138_C087,704750,9570250,2019,2,2019-02,0.2364,0,0.5005,0,0.2631,0,0,0,0,1,,,,,0,1
LJ500_R142_C071,696750,9572250,2019,2,2019-02,0,0,0,0,1,0,0,0,0,1,0.572,0.0011,0.2368,-0.5403,73.92,0
LJ500_R145_C054,688250,9573750,2019,2,2019-02,0,0,0.7423,0,0.2577,0,0,0,0,1,0.5809,0.0022,0.2452,-0.5678,44.48,0
LJ500_R147_C083,702750,9574750,2019,2,2019-02,0.3027,0,0,0,0.6973,0,0,0,0,1,0.6838,0.2667,0.5659,-0.5747,8.8,0
LJ500_R156_C028,675250,9579250,2019,2,2019-02,0.6724,0,0.3276,0,0,0,0,0,0,1,0.7126,0.2063,0.4874,-0.5979,40.48,0
LJ500_R156_C067,694750,9579250,2019,2,2019-02,0,0,0,0,1,0,0,0,0,1,,,,,0,1
LJ500_R156_C079,700750,9579250,2019,2,2019-02,1,0,0,0,0,0,0,0,0,1,0.7326,0.2471,0.5371,-0.6741,87.84,0
LJ500_R157_C009,665750,9579750,2019,2,2019-02,0.0008,0,0.666,0,0.3333,0,0,0,0,1,0.6759,0.1202,0.3835,-0.5907,91.52,0
LJ500_R158_C065,693750,9580250,2019,2,2019-02,0,0,0.7476,0.135,0.1174,0,0,0,0,1,0.4946,0.0474,0.2973,-0.4763,21.28,0
LJ500_R160_C074,698250,9581250,2019,2,2019-02,0.325,0,0,0,0.675,0,0,0,0,1,0.6461,0.3094,0.5837,-0.5315,9.28,0
LJ500_R161_C066,694250,9581750,2019,2,2019-02,0,0,0.0311,0.0756,0.8933,0,0,0,0,1,,,,,0,1
LJ500_R164_C043,682750,9583250,2019,2,2019-02,0,0.6371,0,0,0.3629,0,0,0,0,1,0.5286,0.0258,0.2766,-0.5117,100,0
LJ500_R164_C059,690750,9583250,2019,2,2019-02,0.6643,0.3177,0.018,0,0,0,0,0,0,1,,,,,0,1
LJ500_R166_C072,697250,9584250,2019,2,2019-02,0,0,0,0,1,0,0,0,0,1,,,,,0,1
LJ500_R167_C067,694750,9584750,2019,2,2019-02,0,0,0,0,1,0,0,0,0,1,,,,,0,1
LJ500_R168_C045,683750,9585250,2019,2,2019-02,0.083,0.79,0,0,0.1269,0,0,0,0,1,0.499,0.1661,0.4228,-0.4612,51.68,0
LJ500_R173_C033,677750,9587750,2019,2,2019-02,0.0493,0.4112,0,0,0.5395,0,0,0,0,1,0.6545,0.1012,0.3678,-0.6015,99.84,0
LJ500_R178_C063,692750,9590250,2019,2,2019-02,0,0,0,0,1,0,0,0,0,1,0.6758,0.2644,0.5224,-0.597,64,0
LJ500_R179_C046,684250,9590750,2019,2,2019-02,0,1,0,0,0,0,0,0,0,1,,,,,0,1
LJ500_R180_C071,696750,9591250,2019,2,2019-02,0.1157,0,0.1808,0,0.7035,0,0,0,0,1,,,,,0,1
LJ500_R183_C039,680750,9592750,2019,2,2019-02,0,1,0,0,0,0,0,0,0,1,0.2869,-0.1626,0.0588,-0.3363,6.3027,0
LJ500_R184_C039,680750,9593250,2019,2,2019-02,0,1,0,0,0,0,0,0,0,1,,,,,0,1
LJ500_R184_C066,694250,9593250,2019,2,2019-02,0.0203,0,0,0,0.9797,0,0,0,0,1,,,,,0,1
LJ500_R006_C075,698750,9504250,2019,3,2019-03,0.4991,0,0.5009,0,0,0,0,0,0,1,,,,,0,1
LJ500_R011_C068,695250,9506750,2019,3,2019-03,1,0,0,0,0,0,0,0,0,1,,,,,0,1
LJ500_R012_C055,688750,9507250,2019,3,2019-03,1,0,0,0,0,0,0,0,0,1,,,,,0,1
LJ500_R020_C061,691750,9511250,2019,3,2019-03,0,0,1,0,0,0,0,0,0,1,,,,,0,1
LJ500_R033_C056,689250,9517750,2019,3,2019-03,0.7601,0,0.2399,0,0,0,0,0,0,1,,,,,0,1
LJ500_R035_C085,703750,9518750,2019,3,2019-03,0,0,0.6992,0,0.3008,0,0,0,0,1,0.7998,0.2731,0.5769,-0.7362,15.52,0
LJ500_R039_C072,697250,9520750,2019,3,2019-03,0,0,0.019,0,0.972,0,0,0.0089,0,1,0.4574,0.2773,0.5811,-0.3686,19.36,0
LJ500_R040_C060,691250,9521250,2019,3,2019-03,0.0093,0,0.9907,0,0,0,0,0,0,1,,,,,0,1
LJ500_R041_C061,691750,9521750,2019,3,2019-03,0.6217,0,0.3783,0,0,0,0,0,0,1,0.5695,0.1559,0.4012,-0.4588,48.96,0
LJ500_R043_C058,690250,9522750,2019,3,2019-03,0,0,0.6724,0,0,0,0,0.3276,0,1,0.4687,-0.0567,0.2078,-0.478,6.24,0
LJ500_R045_C083,702750,9523750,2019,3,2019-03,0.0975,0,0.9025,0,0,0,0,0,0,1,0.8588,0.2297,0.5196,-0.785,23.36,0
LJ500_R046_C064,693250,9524250,2019,3,2019-03,0,0,0.1216,0,0,0.2178,0,0.6606,0,1,,,,,0,1
LJ500_R048_C071,696750,9525250,2019,3,2019-03,0,0,1,0,0,0,0,0,0,1,0.5037,0.159,0.4281,-0.4181,2.56,0
LJ500_R050_C095,708750,9526250,2019,3,2019-03,0.2432,0.6234,0.1334,0,0,0,0,0,0,1,,,,,0,1
LJ500_R056_C049,685750,9529250,2019,3,2019-03,0,0,1,0,0,0,0,0,0,1,0.3144,0.0218,0.1932,-0.2734,6.24,0
LJ500_R058_C079,700750,9530250,2019,3,2019-03,0,0,0.7206,0,0.2794,0,0,0,0,1,,,,,0,1
LJ500_R063_C060,691250,9532750,2019,3,2019-03,0,0,0.4901,0,0.4472,0.0627,0,0,0,1,,,,,0,1
LJ500_R064_C084,703250,9533250,2019,3,2019-03,0.235,0,0.7298,0,0.0352,0,0,0,0,1,0.7583,0.3239,0.6103,-0.6497,72.48,0
LJ500_R069_C057,689750,9535750,2019,3,2019-03,0,0,0.1213,0,0.8787,0,0,0,0,1,0.4208,0.082,0.2922,-0.3924,85.6,0
LJ500_R072_C062,692250,9537250,2019,3,2019-03,0,0,0.4122,0,0.5878,0,0,0,0,1,0.6071,0.1953,0.4456,-0.5203,55.52,0
LJ500_R072_C095,708750,9537250,2019,3,2019-03,0.7205,0.2795,0,0,0,0,0,0,0,1,,,,,0,1
LJ500_R074_C074,698250,9538250,2019,3,2019-03,0,0,0.1778,0,0.8222,0,0,0,0,1,0.6523,0.225,0.4817,-0.5518,76.64,0
LJ500_R078_C076,699250,9540250,2019,3,2019-03,0.071,0,0.0635,0,0.8655,0,0,0,0,1,,,,,0,1
LJ500_R079_C076,699250,9540750,2019,3,2019-03,0,0,0,0,0.9922,0.0078,0,0,0,1,,,,,0,1
LJ500_R093_C071,696750,9547750,2019,3,2019-03,0.1849,0,0,0,0.8151,0,0,0,0,1,,,,,0,1
LJ500_R093_C073,697750,9547750,2019,3,2019-03,0.0013,0,0.5724,0,0.4263,0,0,0,0,1,,,,,0,1
LJ500_R096_C074,698250,9549250,2019,3,2019-03,0.4564,0,0.2184,0.311,0.0142,0,0,0,0,1,,,,,0,1
LJ500_R098_C085,703750,9550250,2019,3,2019-03,1,0,0,0,0,0,0,0,0,1,,,,,0,1
LJ500_R101_C091,706750,9551750,2019,3,2019-03,0.0455,0.9545,0,0,0,0,0,0,0,1,,,,,0,1
LJ500_R106_C080,701250,9554250,2019,3,2019-03,0,0,0.2691,0.5021,0.2289,0,0,0,0,1,,,,,0,1
LJ500_R108_C065,693750,9555250,2019,3,2019-03,0,0,0.0703,0.9297,0,0,0,0,0,1,,,,,0,1
LJ500_R109_C088,705250,9555750,2019,3,2019-03,1,0,0,0,0,0,0,0,0,1,,,,,0,1
LJ500_R119_C079,700750,9560750,2019,3,2019-03,0,0,0.0076,0,0.8026,0.1897,0,0,0,1,,,,,0,1
LJ500_R122_C070,696250,9562250,2019,3,2019-03,0,0,0,0,0.635,0.365,0,0,0,1,0.6659,0.2742,0.5512,-0.5841,16,0
LJ500_R125_C065,693750,9563750,2019,3,2019-03,0,0,0.0771,0,0.9229,0,0,0,0,1,,,,,0,1
LJ500_R131_C053,687750,9566750,2019,3,2019-03,0,0,0.1735,0,0.8265,0,0,0,0,1,,,,,0,1
LJ500_R132_C080,701250,9567250,2019,3,2019-03,0.9327,0,0.0078,0,0.0594,0,0,0,0,1,,,,,0,1
LJ500_R138_C087,704750,9570250,2019,3,2019-03,0.2364,0,0.5005,0,0.2631,0,0,0,0,1,,,,,0,1
LJ500_R142_C071,696750,9572250,2019,3,2019-03,0,0,0,0,1,0,0,0,0,1,,,,,0,1
LJ500_R145_C054,688250,9573750,2019,3,2019-03,0,0,0.7423,0,0.2577,0,0,0,0,1,,,,,0,1
LJ500_R147_C083,702750,9574750,2019,3,2019-03,0.3027,0,0,0,0.6973,0,0,0,0,1,,,,,0,1
LJ500_R156_C028,675250,9579250,2019,3,2019-03,0.6724,0,0.3276,0,0,0,0,0,0,1,,,,,0,1
LJ500_R156_C067,694750,9579250,2019,3,2019-03,0,0,0,0,1,0,0,0,0,1,,,,,0,1
LJ500_R156_C079,700750,9579250,2019,3,2019-03,1,0,0,0,0,0,0,0,0,1,,,,,0,1
LJ500_R157_C009,665750,9579750,2019,3,2019-03,0.0008,0,0.666,0,0.3333,0,0,0,0,1,,,,,0,1
LJ500_R158_C065,693750,9580250,2019,3,2019-03,0,0,0.7476,0.135,0.1174,0,0,0,0,1,,,,,0,1
LJ500_R160_C074,698250,9581250,2019,3,2019-03,0.325,0,0,0,0.675,0,0,0,0,1,,,,,0,1
LJ500_R161_C066,694250,9581750,2019,3,2019-03,0,0,0.0311,0.0756,0.8933,0,0,0,0,1,,,,,0,1
LJ500_R164_C043,682750,9583250,2019,3,2019-03,0,0.6371,0,0,0.3629,0,0,0,0,1,,,,,0,1
LJ500_R164_C059,690750,9583250,2019,3,2019-03,0.6643,0.3177,0.018,0,0,0,0,0,0,1,,,,,0,1
LJ500_R166_C072,697250,9584250,2019,3,2019-03,0,0,0,0,1,0,0,0,0,1,,,,,0,1
LJ500_R167_C067,694750,9584750,2019,3,2019-03,0,0,0,0,1,0,0,0,0,1,,,,,0,1
LJ500_R168_C045,683750,9585250,2019,3,2019-03,0.083,0.79,0,0,0.1269,0,0,0,0,1,,,,,0,1
LJ500_R173_C033,677750,9587750,2019,3,2019-03,0.0493,0.4112,0,0,0.5395,0,0,0,0,1,0.5901,0.1403,0.4416,-0.5269,6.72,0
LJ500_R178_C063,692750,9590250,2019,3,2019-03,0,0,0,0,1,0,0,0,0,1,0.5005,0.356,0.5414,-0.3923,0.32,0
LJ500_R179_C046,684250,9590750,2019,3,2019-03,0,1,0,0,0,0,0,0,0,1,,,,,0,1
LJ500_R180_C071,696750,9591250,2019,3,2019-03,0.1157,0,0.1808,0,0.7035,0,0,0,0,1,,,,,0,1
LJ500_R183_C039,680750,9592750,2019,3,2019-03,0,1,0,0,0,0,0,0,0,1,,,,,0,1
LJ500_R184_C039,680750,9593250,2019,3,2019-03,0,1,0,0,0,0,0,0,0,1,,,,,0,1
LJ500_R184_C066,694250,9593250,2019,3,2019-03,0.0203,0,0,0,0.9797,0,0,0,0,1,,,,,0,1
LJ500_R006_C075,698750,9504250,2019,4,2019-04,0.4991,0,0.5009,0,0,0,0,0,0,1,,,,,0,1
LJ500_R011_C068,695250,9506750,2019,4,2019-04,1,0,0,0,0,0,0,0,0,1,,,,,0,1
LJ500_R012_C055,688750,9507250,2019,4,2019-04,1,0,0,0,0,0,0,0,0,1,0.6584,0.3287,0.5743,-0.5906,26.72,0
LJ500_R020_C061,691750,9511250,2019,4,2019-04,0,0,1,0,0,0,0,0,0,1,0.632,0.1509,0.4157,-0.5441,93.76,0
LJ500_R033_C056,689250,9517750,2019,4,2019-04,0.7601,0,0.2399,0,0,0,0,0,0,1,0.6436,0.1956,0.4119,-0.5567,68.32,0
LJ500_R035_C085,703750,9518750,2019,4,2019-04,0,0,0.6992,0,0.3008,0,0,0,0,1,0.6799,0.2316,0.4948,-0.6009,67.68,0
LJ500_R039_C072,697250,9520750,2019,4,2019-04,0,0,0.019,0,0.972,0,0,0.0089,0,1,0.6244,0.1911,0.4213,-0.5343,100,0
LJ500_R040_C060,691250,9521250,2019,4,2019-04,0.0093,0,0.9907,0,0,0,0,0,0,1,0.5609,0.028,0.2336,-0.5076,100,0
LJ500_R041_C061,691750,9521750,2019,4,2019-04,0.6217,0,0.3783,0,0,0,0,0,0,1,0.7681,0.2192,0.4933,-0.6546,100,0
LJ500_R043_C058,690250,9522750,2019,4,2019-04,0,0,0.6724,0,0,0,0,0.3276,0,1,0.5604,-0.0439,0.1977,-0.5338,100,0
LJ500_R045_C083,702750,9523750,2019,4,2019-04,0.0975,0,0.9025,0,0,0,0,0,0,1,0.7001,0.1834,0.4631,-0.6095,71.68,0
LJ500_R046_C064,693250,9524250,2019,4,2019-04,0,0,0.1216,0,0,0.2178,0,0.6606,0,1,0.5395,0.0694,0.2715,-0.4945,100,0
LJ500_R048_C071,696750,9525250,2019,4,2019-04,0,0,1,0,0,0,0,0,0,1,0.569,-0.0106,0.2446,-0.5208,100,0
LJ500_R050_C095,708750,9526250,2019,4,2019-04,0.2432,0.6234,0.1334,0,0,0,0,0,0,1,,,,,0,1
LJ500_R056_C049,685750,9529250,2019,4,2019-04,0,0,1,0,0,0,0,0,0,1,0.5668,-0.0061,0.2324,-0.5257,100,0
LJ500_R058_C079,700750,9530250,2019,4,2019-04,0,0,0.7206,0,0.2794,0,0,0,0,1,0.7077,0.2342,0.5015,-0.5996,54.56,0
LJ500_R063_C060,691250,9532750,2019,4,2019-04,0,0,0.4901,0,0.4472,0.0627,0,0,0,1,0.7702,0.2816,0.5453,-0.6881,100,0
LJ500_R064_C084,703250,9533250,2019,4,2019-04,0.235,0,0.7298,0,0.0352,0,0,0,0,1,0.7421,0.3292,0.5979,-0.6354,100,0
LJ500_R069_C057,689750,9535750,2019,4,2019-04,0,0,0.1213,0,0.8787,0,0,0,0,1,0.5659,0.0586,0.2889,-0.5299,100,0
LJ500_R072_C062,692250,9537250,2019,4,2019-04,0,0,0.4122,0,0.5878,0,0,0,0,1,0.632,0.1065,0.3459,-0.5672,100,0
LJ500_R072_C095,708750,9537250,2019,4,2019-04,0.7205,0.2795,0,0,0,0,0,0,0,1,,,,,0,1
LJ500_R074_C074,698250,9538250,2019,4,2019-04,0,0,0.1778,0,0.8222,0,0,0,0,1,0.6424,0.171,0.4253,-0.555,100,0
LJ500_R078_C076,699250,9540250,2019,4,2019-04,0.071,0,0.0635,0,0.8655,0,0,0,0,1,0.7175,0.206,0.4926,-0.593,100,0
LJ500_R079_C076,699250,9540750,2019,4,2019-04,0,0,0,0,0.9922,0.0078,0,0,0,1,0.753,0.2587,0.5401,-0.636,100,0
LJ500_R093_C071,696750,9547750,2019,4,2019-04,0.1849,0,0,0,0.8151,0,0,0,0,1,0.8003,0.3098,0.5921,-0.7019,70.92,0
LJ500_R093_C073,697750,9547750,2019,4,2019-04,0.0013,0,0.5724,0,0.4263,0,0,0,0,1,0.7009,0.2175,0.4694,-0.6175,99.04,0
LJ500_R096_C074,698250,9549250,2019,4,2019-04,0.4564,0,0.2184,0.311,0.0142,0,0,0,0,1,0.5865,0.1811,0.3651,-0.5336,37.44,0
LJ500_R098_C085,703750,9550250,2019,4,2019-04,1,0,0,0,0,0,0,0,0,1,0.7561,0.31,0.5882,-0.6625,50.72,0
LJ500_R101_C091,706750,9551750,2019,4,2019-04,0.0455,0.9545,0,0,0,0,0,0,0,1,,,,,0,1
LJ500_R106_C080,701250,9554250,2019,4,2019-04,0,0,0.2691,0.5021,0.2289,0,0,0,0,1,0.6787,0.2784,0.5254,-0.6001,1.76,0
LJ500_R108_C065,693750,9555250,2019,4,2019-04,0,0,0.0703,0.9297,0,0,0,0,0,1,0.7697,0.2975,0.5921,-0.6555,100,0
LJ500_R109_C088,705250,9555750,2019,4,2019-04,1,0,0,0,0,0,0,0,0,1,0.5639,0.2164,0.4155,-0.4982,93.92,0
LJ500_R119_C079,700750,9560750,2019,4,2019-04,0,0,0.0076,0,0.8026,0.1897,0,0,0,1,0.7451,0.2414,0.5169,-0.641,10.24,0
LJ500_R122_C070,696250,9562250,2019,4,2019-04,0,0,0,0,0.635,0.365,0,0,0,1,0.6672,0.2265,0.4625,-0.5868,46.56,0
LJ500_R125_C065,693750,9563750,2019,4,2019-04,0,0,0.0771,0,0.9229,0,0,0,0,1,0.6169,0.2056,0.4545,-0.541,52.8,0
LJ500_R131_C053,687750,9566750,2019,4,2019-04,0,0,0.1735,0,0.8265,0,0,0,0,1,0.5862,0.1536,0.3599,-0.5281,100,0
LJ500_R132_C080,701250,9567250,2019,4,2019-04,0.9327,0,0.0078,0,0.0594,0,0,0,0,1,,,,,0,1
LJ500_R138_C087,704750,9570250,2019,4,2019-04,0.2364,0,0.5005,0,0.2631,0,0,0,0,1,0.5991,0.1951,0.4141,-0.5022,32,0
LJ500_R142_C071,696750,9572250,2019,4,2019-04,0,0,0,0,1,0,0,0,0,1,0.6267,0.1146,0.3676,-0.5555,100,0
LJ500_R145_C054,688250,9573750,2019,4,2019-04,0,0,0.7423,0,0.2577,0,0,0,0,1,0.5557,0.0542,0.2863,-0.5355,22.72,0
LJ500_R147_C083,702750,9574750,2019,4,2019-04,0.3027,0,0,0,0.6973,0,0,0,0,1,,,,,0,1
LJ500_R156_C028,675250,9579250,2019,4,2019-04,0.6724,0,0.3276,0,0,0,0,0,0,1,,,,,0,1
LJ500_R156_C067,694750,9579250,2019,4,2019-04,0,0,0,0,1,0,0,0,0,1,,,,,0,1
LJ500_R156_C079,700750,9579250,2019,4,2019-04,1,0,0,0,0,0,0,0,0,1,,,,,0,1
LJ500_R157_C009,665750,9579750,2019,4,2019-04,0.0008,0,0.666,0,0.3333,0,0,0,0,1,0.7755,0.2307,0.5352,-0.6474,92.8,0
LJ500_R158_C065,693750,9580250,2019,4,2019-04,0,0,0.7476,0.135,0.1174,0,0,0,0,1,0.6235,0.0823,0.3511,-0.5791,52.8,0
LJ500_R160_C074,698250,9581250,2019,4,2019-04,0.325,0,0,0,0.675,0,0,0,0,1,,,,,0,1
LJ500_R161_C066,694250,9581750,2019,4,2019-04,0,0,0.0311,0.0756,0.8933,0,0,0,0,1,0.5948,0.1044,0.3543,-0.5438,68.32,0
LJ500_R164_C043,682750,9583250,2019,4,2019-04,0,0.6371,0,0,0.3629,0,0,0,0,1,0.5055,0.0442,0.2901,-0.4871,100,0
LJ500_R164_C059,690750,9583250,2019,4,2019-04,0.6643,0.3177,0.018,0,0,0,0,0,0,1,0.6433,0.2919,0.5363,-0.5831,11.36,0
LJ500_R166_C072,697250,9584250,2019,4,2019-04,0,0,0,0,1,0,0,0,0,1,,,,,0,1
LJ500_R167_C067,694750,9584750,2019,4,2019-04,0,0,0,0,1,0,0,0,0,1,,,,,0,1
LJ500_R168_C045,683750,9585250,2019,4,2019-04,0.083,0.79,0,0,0.1269,0,0,0,0,1,0.5483,0.1258,0.3769,-0.5209,16.96,0
LJ500_R173_C033,677750,9587750,2019,4,2019-04,0.0493,0.4112,0,0,0.5395,0,0,0,0,1,,,,,0,1
LJ500_R178_C063,692750,9590250,2019,4,2019-04,0,0,0,0,1,0,0,0,0,1,0.7671,0.3046,0.584,-0.6724,32.64,0
LJ500_R179_C046,684250,9590750,2019,4,2019-04,0,1,0,0,0,0,0,0,0,1,0.3588,-0.1054,0.1589,-0.4152,0.32,0
LJ500_R180_C071,696750,9591250,2019,4,2019-04,0.1157,0,0.1808,0,0.7035,0,0,0,0,1,,,,,0,1
LJ500_R183_C039,680750,9592750,2019,4,2019-04,0,1,0,0,0,0,0,0,0,1,0.111,-0.0208,0.1417,-0.1154,0.2174,0
LJ500_R184_C039,680750,9593250,2019,4,2019-04,0,1,0,0,0,0,0,0,0,1,,,,,0,1
LJ500_R184_C066,694250,9593250,2019,4,2019-04,0.0203,0,0,0,0.9797,0,0,0,0,1,0.6383,0.2158,0.4732,-0.5828,13.94,0
LJ500_R006_C075,698750,9504250,2019,5,2019-05,0.4991,0,0.5009,0,0,0,0,0,0,1,0.8213,0.3589,0.6532,-0.7419,100,0
LJ500_R011_C068,695250,9506750,2019,5,2019-05,1,0,0,0,0,0,0,0,0,1,0.691,0.3287,0.5659,-0.6064,1.6,0
LJ500_R012_C055,688750,9507250,2019,5,2019-05,1,0,0,0,0,0,0,0,0,1,0.7521,0.3247,0.5808,-0.6853,20,0
LJ500_R020_C061,691750,9511250,2019,5,2019-05,0,0,1,0,0,0,0,0,0,1,0.6858,0.1262,0.3969,-0.5973,100,0
LJ500_R033_C056,689250,9517750,2019,5,2019-05,0.7601,0,0.2399,0,0,0,0,0,0,1,0.6835,0.191,0.4235,-0.5902,100,0
LJ500_R035_C085,703750,9518750,2019,5,2019-05,0,0,0.6992,0,0.3008,0,0,0,0,1,,,,,0,1
LJ500_R039_C072,697250,9520750,2019,5,2019-05,0,0,0.019,0,0.972,0,0,0.0089,0,1,0.6988,0.2413,0.4775,-0.6219,100,0
LJ500_R040_C060,691250,9521250,2019,5,2019-05,0.0093,0,0.9907,0,0,0,0,0,0,1,0.5871,0.0293,0.2414,-0.5505,85.44,0
LJ500_R041_C061,691750,9521750,2019,5,2019-05,0.6217,0,0.3783,0,0,0,0,0,0,1,0.8052,0.2323,0.5169,-0.6959,100,0
LJ500_R043_C058,690250,9522750,2019,5,2019-05,0,0,0.6724,0,0,0,0,0.3276,0,1,0.569,0.005,0.2619,-0.5453,96.48,0
LJ500_R045_C083,702750,9523750,2019,5,2019-05,0.0975,0,0.9025,0,0,0,0,0,0,1,0.7778,0.2335,0.5291,-0.6787,100,0
LJ500_R046_C064,693250,9524250,2019,5,2019-05,0,0,0.1216,0,0,0.2178,0,0.6606,0,1,0.566,0.0865,0.3013,-0.5191,100,0
LJ500_R048_C071,696750,9525250,2019,5,2019-05,0,0,1,0,0,0,0,0,0,1,0.6095,0.0045,0.2648,-0.5635,100,0
LJ500_R050_C095,708750,9526250,2019,5,2019-05,0.2432,0.6234,0.1334,0,0,0,0,0,0,1,,,,,0,1
LJ500_R056_C049,685750,9529250,2019,5,2019-05,0,0,1,0,0,0,0,0,0,1,0.5717,0.063,0.3017,-0.5159,45.44,0
LJ500_R058_C079,700750,9530250,2019,5,2019-05,0,0,0.7206,0,0.2794,0,0,0,0,1,,,,,0,1
LJ500_R063_C060,691250,9532750,2019,5,2019-05,0,0,0.4901,0,0.4472,0.0627,0,0,0,1,0.793,0.2928,0.5623,-0.7059,100,0
LJ500_R064_C084,703250,9533250,2019,5,2019-05,0.235,0,0.7298,0,0.0352,0,0,0,0,1,0.7253,0.2799,0.5327,-0.6444,100,0
LJ500_R069_C057,689750,9535750,2019,5,2019-05,0,0,0.1213,0,0.8787,0,0,0,0,1,0.6048,0.0689,0.3118,-0.5617,100,0
LJ500_R072_C062,692250,9537250,2019,5,2019-05,0,0,0.4122,0,0.5878,0,0,0,0,1,0.701,0.1503,0.4065,-0.6247,100,0
LJ500_R072_C095,708750,9537250,2019,5,2019-05,0.7205,0.2795,0,0,0,0,0,0,0,1,0.6702,0.3208,0.5631,-0.5948,7.52,0
LJ500_R074_C074,698250,9538250,2019,5,2019-05,0,0,0.1778,0,0.8222,0,0,0,0,1,0.6924,0.1793,0.4356,-0.6028,100,0
LJ500_R078_C076,699250,9540250,2019,5,2019-05,0.071,0,0.0635,0,0.8655,0,0,0,0,1,0.7641,0.2077,0.5011,-0.6426,100,0
LJ500_R079_C076,699250,9540750,2019,5,2019-05,0,0,0,0,0.9922,0.0078,0,0,0,1,0.7901,0.2276,0.5146,-0.6899,100,0
LJ500_R093_C071,696750,9547750,2019,5,2019-05,0.1849,0,0,0,0.8151,0,0,0,0,1,0.8215,0.3014,0.5909,-0.7287,100,0
LJ500_R093_C073,697750,9547750,2019,5,2019-05,0.0013,0,0.5724,0,0.4263,0,0,0,0,1,0.7931,0.2528,0.5399,-0.6977,100,0
LJ500_R096_C074,698250,9549250,2019,5,2019-05,0.4564,0,0.2184,0.311,0.0142,0,0,0,0,1,0.7968,0.2322,0.5201,-0.7148,100,0
LJ500_R098_C085,703750,9550250,2019,5,2019-05,1,0,0,0,0,0,0,0,0,1,0.8138,0.3215,0.614,-0.7337,100,0
LJ500_R101_C091,706750,9551750,2019,5,2019-05,0.0455,0.9545,0,0,0,0,0,0,0,1,0.6268,0.1589,0.4309,-0.6307,20.68,0
LJ500_R106_C080,701250,9554250,2019,5,2019-05,0,0,0.2691,0.5021,0.2289,0,0,0,0,1,0.719,0.1905,0.4618,-0.6533,100,0
LJ500_R108_C065,693750,9555250,2019,5,2019-05,0,0,0.0703,0.9297,0,0,0,0,0,1,0.8087,0.2697,0.5592,-0.7248,100,0
LJ500_R109_C088,705250,9555750,2019,5,2019-05,1,0,0,0,0,0,0,0,0,1,0.7746,0.2782,0.5665,-0.7019,100,0
LJ500_R119_C079,700750,9560750,2019,5,2019-05,0,0,0.0076,0,0.8026,0.1897,0,0,0,1,0.7227,0.1805,0.4512,-0.6402,100,0
LJ500_R122_C070,696250,9562250,2019,5,2019-05,0,0,0,0,0.635,0.365,0,0,0,1,0.6458,0.1716,0.398,-0.5882,100,0
LJ500_R125_C065,693750,9563750,2019,5,2019-05,0,0,0.0771,0,0.9229,0,0,0,0,1,0.6509,0.1208,0.366,-0.6067,100,0
LJ500_R131_C053,687750,9566750,2019,5,2019-05,0,0,0.1735,0,0.8265,0,0,0,0,1,0.684,0.1632,0.4024,-0.6257,100,0
LJ500_R132_C080,701250,9567250,2019,5,2019-05,0.9327,0,0.0078,0,0.0594,0,0,0,0,1,0.7841,0.3096,0.5941,-0.7023,54.24,0
LJ500_R138_C087,704750,9570250,2019,5,2019-05,0.2364,0,0.5005,0,0.2631,0,0,0,0,1,0.6183,0.2376,0.4599,-0.5308,100,0
LJ500_R142_C071,696750,9572250,2019,5,2019-05,0,0,0,0,1,0,0,0,0,1,0.6675,0.1253,0.3815,-0.599,100,0
LJ500_R145_C054,688250,9573750,2019,5,2019-05,0,0,0.7423,0,0.2577,0,0,0,0,1,0.596,0.0596,0.3098,-0.5692,100,0
LJ500_R147_C083,702750,9574750,2019,5,2019-05,0.3027,0,0,0,0.6973,0,0,0,0,1,0.5124,0.1659,0.3929,-0.4578,70.88,0
LJ500_R156_C028,675250,9579250,2019,5,2019-05,0.6724,0,0.3276,0,0,0,0,0,0,1,0.6834,0.264,0.4946,-0.6036,24.32,0
LJ500_R156_C067,694750,9579250,2019,5,2019-05,0,0,0,0,1,0,0,0,0,1,0.6159,0.1052,0.3696,-0.5838,100,0
LJ500_R156_C079,700750,9579250,2019,5,2019-05,1,0,0,0,0,0,0,0,0,1,0.4324,0.117,0.2868,-0.4346,1.44,0
LJ500_R157_C009,665750,9579750,2019,5,2019-05,0.0008,0,0.666,0,0.3333,0,0,0,0,1,0.7608,0.2167,0.5089,-0.6449,100,0
LJ500_R158_C065,693750,9580250,2019,5,2019-05,0,0,0.7476,0.135,0.1174,0,0,0,0,1,0.6069,0.0565,0.3185,-0.5769,100,0
LJ500_R160_C074,698250,9581250,2019,5,2019-05,0.325,0,0,0,0.675,0,0,0,0,1,,,,,0,1
LJ500_R161_C066,694250,9581750,2019,5,2019-05,0,0,0.0311,0.0756,0.8933,0,0,0,0,1,0.5857,0.1314,0.3802,-0.5384,95.52,0
LJ500_R164_C043,682750,9583250,2019,5,2019-05,0,0.6371,0,0,0.3629,0,0,0,0,1,0.5514,0.0523,0.3165,-0.5388,100,0
LJ500_R164_C059,690750,9583250,2019,5,2019-05,0.6643,0.3177,0.018,0,0,0,0,0,0,1,,,,,0,1
LJ500_R166_C072,697250,9584250,2019,5,2019-05,0,0,0,0,1,0,0,0,0,1,0.4867,0.2261,0.4079,-0.4412,1.28,0
LJ500_R167_C067,694750,9584750,2019,5,2019-05,0,0,0,0,1,0,0,0,0,1,0.6602,0.2423,0.4896,-0.5883,70.56,0
LJ500_R168_C045,683750,9585250,2019,5,2019-05,0.083,0.79,0,0,0.1269,0,0,0,0,1,0.5494,0.0617,0.3253,-0.5307,100,0
LJ500_R173_C033,677750,9587750,2019,5,2019-05,0.0493,0.4112,0,0,0.5395,0,0,0,0,1,0.684,0.1524,0.4275,-0.618,98.24,0
LJ500_R178_C063,692750,9590250,2019,5,2019-05,0,0,0,0,1,0,0,0,0,1,,,,,0,1
LJ500_R179_C046,684250,9590750,2019,5,2019-05,0,1,0,0,0,0,0,0,0,1,,,,,0,1
LJ500_R180_C071,696750,9591250,2019,5,2019-05,0.1157,0,0.1808,0,0.7035,0,0,0,0,1,,,,,0,1
LJ500_R183_C039,680750,9592750,2019,5,2019-05,0,1,0,0,0,0,0,0,0,1,0.2517,-0.0347,0.1806,-0.2649,1.7394,0
LJ500_R184_C039,680750,9593250,2019,5,2019-05,0,1,0,0,0,0,0,0,0,1,,,,,0,1
LJ500_R184_C066,694250,9593250,2019,5,2019-05,0.0203,0,0,0,0.9797,0,0,0,0,1,,,,,0,1
LJ500_R006_C075,698750,9504250,2019,6,2019-06,0.4991,0,0.5009,0,0,0,0,0,0,1,0.8736,0.3722,0.667,-0.8113,100,0
LJ500_R011_C068,695250,9506750,2019,6,2019-06,1,0,0,0,0,0,0,0,0,1,0.8374,0.3683,0.6587,-0.7582,100,0
LJ500_R012_C055,688750,9507250,2019,6,2019-06,1,0,0,0,0,0,0,0,0,1,0.8476,0.3556,0.6474,-0.7917,100,0
LJ500_R020_C061,691750,9511250,2019,6,2019-06,0,0,1,0,0,0,0,0,0,1,0.6797,0.0869,0.3601,-0.6253,100,0
LJ500_R033_C056,689250,9517750,2019,6,2019-06,0.7601,0,0.2399,0,0,0,0,0,0,1,0.7564,0.2038,0.4661,-0.6626,100,0
LJ500_R035_C085,703750,9518750,2019,6,2019-06,0,0,0.6992,0,0.3008,0,0,0,0,1,0.7877,0.205,0.51,-0.7137,100,0
LJ500_R039_C072,697250,9520750,2019,6,2019-06,0,0,0.019,0,0.972,0,0,0.0089,0,1,0.6687,0.2126,0.4485,-0.6311,100,0
LJ500_R040_C060,691250,9521250,2019,6,2019-06,0.0093,0,0.9907,0,0,0,0,0,0,1,0.5656,0.0062,0.2145,-0.5774,100,0
LJ500_R041_C061,691750,9521750,2019,6,2019-06,0.6217,0,0.3783,0,0,0,0,0,0,1,0.7633,0.1746,0.4626,-0.6868,100,0
LJ500_R043_C058,690250,9522750,2019,6,2019-06,0,0,0.6724,0,0,0,0,0.3276,0,1,0.5691,-0.0484,0.2073,-0.5739,100,0
LJ500_R045_C083,702750,9523750,2019,6,2019-06,0.0975,0,0.9025,0,0,0,0,0,0,1,0.7857,0.2066,0.5082,-0.7085,100,0
LJ500_R046_C064,693250,9524250,2019,6,2019-06,0,0,0.1216,0,0,0.2178,0,0.6606,0,1,0.5167,0.0214,0.2304,-0.5113,100,0
LJ500_R048_C071,696750,9525250,2019,6,2019-06,0,0,1,0,0,0,0,0,0,1,0.5704,-0.0534,0.2029,-0.5831,100,0
LJ500_R050_C095,708750,9526250,2019,6,2019-06,0.2432,0.6234,0.1334,0,0,0,0,0,0,1,0.7266,0.2584,0.5401,-0.684,82.4,0
LJ500_R056_C049,685750,9529250,2019,6,2019-06,0,0,1,0,0,0,0,0,0,1,0.5916,-0.0109,0.2388,-0.5773,100,0
LJ500_R058_C079,700750,9530250,2019,6,2019-06,0,0,0.7206,0,0.2794,0,0,0,0,1,0.7742,0.2258,0.5197,-0.7003,100,0
LJ500_R063_C060,691250,9532750,2019,6,2019-06,0,0,0.4901,0,0.4472,0.0627,0,0,0,1,0.7356,0.2344,0.4863,-0.6785,100,0
LJ500_R064_C084,703250,9533250,2019,6,2019-06,0.235,0,0.7298,0,0.0352,0,0,0,0,1,0.8711,0.3157,0.6344,-0.7723,100,0
LJ500_R069_C057,689750,9535750,2019,6,2019-06,0,0,0.1213,0,0.8787,0,0,0,0,1,0.4882,-0.025,0.189,-0.5087,100,0
LJ500_R072_C062,692250,9537250,2019,6,2019-06,0,0,0.4122,0,0.5878,0,0,0,0,1,0.6043,0.042,0.2763,-0.5807,100,0
LJ500_R072_C095,708750,9537250,2019,6,2019-06,0.7205,0.2795,0,0,0,0,0,0,0,1,0.8324,0.3197,0.6144,-0.7715,100,0
LJ500_R074_C074,698250,9538250,2019,6,2019-06,0,0,0.1778,0,0.8222,0,0,0,0,1,0.6793,0.1463,0.4102,-0.6142,100,0
LJ500_R078_C076,699250,9540250,2019,6,2019-06,0.071,0,0.0635,0,0.8655,0,0,0,0,1,0.7675,0.1938,0.5009,-0.6631,100,0
LJ500_R079_C076,699250,9540750,2019,6,2019-06,0,0,0,0,0.9922,0.0078,0,0,0,1,0.786,0.2018,0.5016,-0.713,100,0
LJ500_R093_C071,696750,9547750,2019,6,2019-06,0.1849,0,0,0,0.8151,0,0,0,0,1,0.8122,0.2856,0.5803,-0.7314,100,0
LJ500_R093_C073,697750,9547750,2019,6,2019-06,0.0013,0,0.5724,0,0.4263,0,0,0,0,1,0.7896,0.2341,0.5318,-0.7039,100,0
LJ500_R096_C074,698250,9549250,2019,6,2019-06,0.4564,0,0.2184,0.311,0.0142,0,0,0,0,1,0.8049,0.2444,0.542,-0.7283,100,0
LJ500_R098_C085,703750,9550250,2019,6,2019-06,1,0,0,0,0,0,0,0,0,1,0.8515,0.3493,0.6463,-0.7783,100,0
LJ500_R101_C091,706750,9551750,2019,6,2019-06,0.0455,0.9545,0,0,0,0,0,0,0,1,0.6641,0.2137,0.4852,-0.6513,57.26,0
LJ500_R106_C080,701250,9554250,2019,6,2019-06,0,0,0.2691,0.5021,0.2289,0,0,0,0,1,0.7397,0.1958,0.4853,-0.6803,100,0
LJ500_R108_C065,693750,9555250,2019,6,2019-06,0,0,0.0703,0.9297,0,0,0,0,0,1,0.8481,0.3264,0.6135,-0.7634,100,0
LJ500_R109_C088,705250,9555750,2019,6,2019-06,1,0,0,0,0,0,0,0,0,1,0.7974,0.2977,0.5923,-0.7267,100,0
LJ500_R119_C079,700750,9560750,2019,6,2019-06,0,0,0.0076,0,0.8026,0.1897,0,0,0,1,0.7415,0.1876,0.4751,-0.6659,100,0
LJ500_R122_C070,696250,9562250,2019,6,2019-06,0,0,0,0,0.635,0.365,0,0,0,1,0.6403,0.156,0.3922,-0.5893,100,0
LJ500_R125_C065,693750,9563750,2019,6,2019-06,0,0,0.0771,0,0.9229,0,0,0,0,1,0.6534,0.1158,0.373,-0.6152,100,0
LJ500_R131_C053,687750,9566750,2019,6,2019-06,0,0,0.1735,0,0.8265,0,0,0,0,1,0.6898,0.167,0.4111,-0.6386,100,0
LJ500_R132_C080,701250,9567250,2019,6,2019-06,0.9327,0,0.0078,0,0.0594,0,0,0,0,1,0.8307,0.3166,0.6232,-0.7537,100,0
LJ500_R138_C087,704750,9570250,2019,6,2019-06,0.2364,0,0.5005,0,0.2631,0,0,0,0,1,0.8034,0.2417,0.5556,-0.699,100,0
LJ500_R142_C071,696750,9572250,2019,6,2019-06,0,0,0,0,1,0,0,0,0,1,0.6756,0.1198,0.394,-0.6155,100,0
LJ500_R145_C054,688250,9573750,2019,6,2019-06,0,0,0.7423,0,0.2577,0,0,0,0,1,0.5926,0.064,0.3191,-0.5671,100,0
LJ500_R147_C083,702750,9574750,2019,6,2019-06,0.3027,0,0,0,0.6973,0,0,0,0,1,0.7075,0.1516,0.4383,-0.655,100,0
LJ500_R156_C028,675250,9579250,2019,6,2019-06,0.6724,0,0.3276,0,0,0,0,0,0,1,0.7642,0.2306,0.5252,-0.664,100,0
LJ500_R156_C067,694750,9579250,2019,6,2019-06,0,0,0,0,1,0,0,0,0,1,0.6301,0.0896,0.3627,-0.6026,100,0
LJ500_R156_C079,700750,9579250,2019,6,2019-06,1,0,0,0,0,0,0,0,0,1,0.7522,0.2392,0.5286,-0.7139,84,0
LJ500_R157_C009,665750,9579750,2019,6,2019-06,0.0008,0,0.666,0,0.3333,0,0,0,0,1,0.7839,0.2126,0.5297,-0.6701,100,0
LJ500_R158_C065,693750,9580250,2019,6,2019-06,0,0,0.7476,0.135,0.1174,0,0,0,0,1,0.6266,0.0584,0.3383,-0.6047,100,0
LJ500_R160_C074,698250,9581250,2019,6,2019-06,0.325,0,0,0,0.675,0,0,0,0,1,0.7874,0.2439,0.5561,-0.7078,88.48,0
LJ500_R161_C066,694250,9581750,2019,6,2019-06,0,0,0.0311,0.0756,0.8933,0,0,0,0,1,0.6203,0.0898,0.3574,-0.5885,100,0
LJ500_R164_C043,682750,9583250,2019,6,2019-06,0,0.6371,0,0,0.3629,0,0,0,0,1,0.5973,0.0362,0.3129,-0.5929,100,0
LJ500_R164_C059,690750,9583250,2019,6,2019-06,0.6643,0.3177,0.018,0,0,0,0,0,0,1,0.7536,0.286,0.5624,-0.7033,100,0
LJ500_R166_C072,697250,9584250,2019,6,2019-06,0,0,0,0,1,0,0,0,0,1,0.5524,0.1799,0.4267,-0.4872,72.64,0
LJ500_R167_C067,694750,9584750,2019,6,2019-06,0,0,0,0,1,0,0,0,0,1,0.6973,0.1867,0.4722,-0.6253,100,0
LJ500_R168_C045,683750,9585250,2019,6,2019-06,0.083,0.79,0,0,0.1269,0,0,0,0,1,0.6092,0.0699,0.363,-0.606,100,0
LJ500_R173_C033,677750,9587750,2019,6,2019-06,0.0493,0.4112,0,0,0.5395,0,0,0,0,1,0.6781,0.1531,0.4431,-0.6267,76.48,0
LJ500_R178_C063,692750,9590250,2019,6,2019-06,0,0,0,0,1,0,0,0,0,1,0.7399,0.2587,0.5395,-0.6673,90.56,0
LJ500_R179_C046,684250,9590750,2019,6,2019-06,0,1,0,0,0,0,0,0,0,1,0.5115,-0.0662,0.2169,-0.5729,100,0
LJ500_R180_C071,696750,9591250,2019,6,2019-06,0.1157,0,0.1808,0,0.7035,0,0,0,0,1,0.6993,0.2505,0.5231,-0.644,95.84,0
LJ500_R183_C039,680750,9592750,2019,6,2019-06,0,1,0,0,0,0,0,0,0,1,0.2722,-0.0865,0.1149,-0.3067,26.23,0
LJ500_R184_C039,680750,9593250,2019,6,2019-06,0,1,0,0,0,0,0,0,0,1,0.2905,-0.032,0.159,-0.3045,46.51,0
LJ500_R184_C066,694250,9593250,2019,6,2019-06,0.0203,0,0,0,0.9797,0,0,0,0,1,0.6753,0.186,0.4701,-0.6459,100,0
LJ500_R006_C075,698750,9504250,2019,7,2019-07,0.4991,0,0.5009,0,0,0,0,0,0,1,,,,,0,1
LJ500_R011_C068,695250,9506750,2019,7,2019-07,1,0,0,0,0,0,0,0,0,1,0.7926,0.3704,0.6452,-0.7105,77.12,0
LJ500_R012_C055,688750,9507250,2019,7,2019-07,1,0,0,0,0,0,0,0,0,1,0.7541,0.3528,0.6256,-0.6936,97.92,0
LJ500_R020_C061,691750,9511250,2019,7,2019-07,0,0,1,0,0,0,0,0,0,1,0.6189,0.0523,0.3168,-0.58,100,0
LJ500_R033_C056,689250,9517750,2019,7,2019-07,0.7601,0,0.2399,0,0,0,0,0,0,1,,,,,0,1
LJ500_R035_C085,703750,9518750,2019,7,2019-07,0,0,0.6992,0,0.3008,0,0,0,0,1,0.8186,0.3304,0.623,-0.7161,4.64,0
LJ500_R039_C072,697250,9520750,2019,7,2019-07,0,0,0.019,0,0.972,0,0,0.0089,0,1,0.5983,0.1808,0.3989,-0.5816,100,0
LJ500_R040_C060,691250,9521250,2019,7,2019-07,0.0093,0,0.9907,0,0,0,0,0,0,1,0.4627,-0.0757,0.1204,-0.5252,100,0
LJ500_R041_C061,691750,9521750,2019,7,2019-07,0.6217,0,0.3783,0,0,0,0,0,0,1,0.6631,0.0649,0.3336,-0.631,100,0
LJ500_R043_C058,690250,9522750,2019,7,2019-07,0,0,0.6724,0,0,0,0,0.3276,0,1,0.4674,-0.1148,0.1211,-0.5417,100,0
LJ500_R045_C083,702750,9523750,2019,7,2019-07,0.0975,0,0.9025,0,0,0,0,0,0,1,0.7691,0.224,0.5205,-0.6933,39.36,0
LJ500_R046_C064,693250,9524250,2019,7,2019-07,0,0,0.1216,0,0,0.2178,0,0.6606,0,1,0.4316,-0.0415,0.1528,-0.4553,100,0
LJ500_R048_C071,696750,9525250,2019,7,2019-07,0,0,1,0,0,0,0,0,0,1,0.5165,-0.0996,0.1411,-0.5261,100,0
LJ500_R050_C095,708750,9526250,2019,7,2019-07,0.2432,0.6234,0.1334,0,0,0,0,0,0,1,,,,,0,1
LJ500_R056_C049,685750,9529250,2019,7,2019-07,0,0,1,0,0,0,0,0,0,1,0.5663,-0.0341,0.2046,-0.5595,100,0
LJ500_R058_C079,700750,9530250,2019,7,2019-07,0,0,0.7206,0,0.2794,0,0,0,0,1,0.7486,0.2095,0.5045,-0.6555,100,0
LJ500_R063_C060,691250,9532750,2019,7,2019-07,0,0,0.4901,0,0.4472,0.0627,0,0,0,1,0.6964,0.1817,0.4259,-0.6501,100,0
LJ500_R064_C084,703250,9533250,2019,7,2019-07,0.235,0,0.7298,0,0.0352,0,0,0,0,1,0.7964,0.3187,0.6157,-0.6921,50.88,0
LJ500_R069_C057,689750,9535750,2019,7,2019-07,0,0,0.1213,0,0.8787,0,0,0,0,1,0.3816,-0.0946,0.0967,-0.4375,100,0
LJ500_R072_C062,692250,9537250,2019,7,2019-07,0,0,0.4122,0,0.5878,0,0,0,0,1,0.5056,-0.0382,0.1762,-0.5161,100,0
LJ500_R072_C095,708750,9537250,2019,7,2019-07,0.7205,0.2795,0,0,0,0,0,0,0,1,,,,,0,1
LJ500_R074_C074,698250,9538250,2019,7,2019-07,0,0,0.1778,0,0.8222,0,0,0,0,1,0.6486,0.1262,0.3843,-0.5819,100,0
LJ500_R078_C076,699250,9540250,2019,7,2019-07,0.071,0,0.0635,0,0.8655,0,0,0,0,1,0.722,0.1857,0.4813,-0.6198,76.64,0
LJ500_R079_C076,699250,9540750,2019,7,2019-07,0,0,0,0,0.9922,0.0078,0,0,0,1,0.7525,0.2155,0.512,-0.6645,49.76,0
LJ500_R093_C071,696750,9547750,2019,7,2019-07,0.1849,0,0,0,0.8151,0,0,0,0,1,0.664,0.3162,0.5594,-0.5816,3.8321,0
LJ500_R093_C073,697750,9547750,2019,7,2019-07,0.0013,0,0.5724,0,0.4263,0,0,0,0,1,0.7508,0.4205,0.6676,-0.6236,11.04,0
LJ500_R096_C074,698250,9549250,2019,7,2019-07,0.4564,0,0.2184,0.311,0.0142,0,0,0,0,1,0.6299,0.4024,0.6917,-0.5232,1.76,0
LJ500_R098_C085,703750,9550250,2019,7,2019-07,1,0,0,0,0,0,0,0,0,1,,,,,0,1
LJ500_R101_C091,706750,9551750,2019,7,2019-07,0.0455,0.9545,0,0,0,0,0,0,0,1,,,,,0,1
LJ500_R106_C080,701250,9554250,2019,7,2019-07,0,0,0.2691,0.5021,0.2289,0,0,0,0,1,,,,,0,1
LJ500_R108_C065,693750,9555250,2019,7,2019-07,0,0,0.0703,0.9297,0,0,0,0,0,1,,,,,0,1
LJ500_R109_C088,705250,9555750,2019,7,2019-07,1,0,0,0,0,0,0,0,0,1,0.6791,0.3551,0.6175,-0.5659,0.16,0
LJ500_R119_C079,700750,9560750,2019,7,2019-07,0,0,0.0076,0,0.8026,0.1897,0,0,0,1,,,,,0,1
LJ500_R122_C070,696250,9562250,2019,7,2019-07,0,0,0,0,0.635,0.365,0,0,0,1,0.607,0.3341,0.622,-0.5308,67.2,0
LJ500_R125_C065,693750,9563750,2019,7,2019-07,0,0,0.0771,0,0.9229,0,0,0,0,1,,,,,0,1
LJ500_R131_C053,687750,9566750,2019,7,2019-07,0,0,0.1735,0,0.8265,0,0,0,0,1,0.6252,0.1203,0.3639,-0.5687,41.76,0
LJ500_R132_C080,701250,9567250,2019,7,2019-07,0.9327,0,0.0078,0,0.0594,0,0,0,0,1,,,,,0,1
LJ500_R138_C087,704750,9570250,2019,7,2019-07,0.2364,0,0.5005,0,0.2631,0,0,0,0,1,,,,,0,1
LJ500_R142_C071,696750,9572250,2019,7,2019-07,0,0,0,0,1,0,0,0,0,1,,,,,0,1
LJ500_R145_C054,688250,9573750,2019,7,2019-07,0,0,0.7423,0,0.2577,0,0,0,0,1,,,,,0,1
LJ500_R147_C083,702750,9574750,2019,7,2019-07,0.3027,0,0,0,0.6973,0,0,0,0,1,,,,,0,1
LJ500_R156_C028,675250,9579250,2019,7,2019-07,0.6724,0,0.3276,0,0,0,0,0,0,1,0.7282,0.1978,0.4875,-0.6548,100,0
LJ500_R156_C067,694750,9579250,2019,7,2019-07,0,0,0,0,1,0,0,0,0,1,,,,,0,1
LJ500_R156_C079,700750,9579250,2019,7,2019-07,1,0,0,0,0,0,0,0,0,1,0.7363,0.3985,0.6936,-0.6269,5.6,0
LJ500_R157_C009,665750,9579750,2019,7,2019-07,0.0008,0,0.666,0,0.3333,0,0,0,0,1,0.7748,0.1977,0.508,-0.6795,100,0
LJ500_R158_C065,693750,9580250,2019,7,2019-07,0,0,0.7476,0.135,0.1174,0,0,0,0,1,,,,,0,1
LJ500_R160_C074,698250,9581250,2019,7,2019-07,0.325,0,0,0,0.675,0,0,0,0,1,,,,,0,1
LJ500_R161_C066,694250,9581750,2019,7,2019-07,0,0,0.0311,0.0756,0.8933,0,0,0,0,1,,,,,0,1
LJ500_R164_C043,682750,9583250,2019,7,2019-07,0,0.6371,0,0,0.3629,0,0,0,0,1,0.5755,0.0574,0.3373,-0.5583,100,0
LJ500_R164_C059,690750,9583250,2019,7,2019-07,0.6643,0.3177,0.018,0,0,0,0,0,0,1,,,,,0,1
LJ500_R166_C072,697250,9584250,2019,7,2019-07,0,0,0,0,1,0,0,0,0,1,,,,,0,1
LJ500_R167_C067,694750,9584750,2019,7,2019-07,0,0,0,0,1,0,0,0,0,1,0.4936,0.2378,0.4796,-0.4162,17.44,0
LJ500_R168_C045,683750,9585250,2019,7,2019-07,0.083,0.79,0,0,0.1269,0,0,0,0,1,0.5649,0.0771,0.371,-0.5634,96.8,0
LJ500_R173_C033,677750,9587750,2019,7,2019-07,0.0493,0.4112,0,0,0.5395,0,0,0,0,1,0.693,0.1205,0.4135,-0.6507,100,0
LJ500_R178_C063,692750,9590250,2019,7,2019-07,0,0,0,0,1,0,0,0,0,1,0.5505,0.2668,0.5148,-0.4691,0.96,0
LJ500_R179_C046,684250,9590750,2019,7,2019-07,0,1,0,0,0,0,0,0,0,1,,,,,0,1
LJ500_R180_C071,696750,9591250,2019,7,2019-07,0.1157,0,0.1808,0,0.7035,0,0,0,0,1,,,,,0,1
LJ500_R183_C039,680750,9592750,2019,7,2019-07,0,1,0,0,0,0,0,0,0,1,0.287,-0.1252,0.0828,-0.3284,10.6,0
LJ500_R184_C039,680750,9593250,2019,7,2019-07,0,1,0,0,0,0,0,0,0,1,,,,,0,1
LJ500_R184_C066,694250,9593250,2019,7,2019-07,0.0203,0,0,0,0.9797,0,0,0,0,1,,,,,0,1
LJ500_R006_C075,698750,9504250,2019,8,2019-08,0.4991,0,0.5009,0,0,0,0,0,0,1,0.8031,0.373,0.6452,-0.7326,53.76,0
LJ500_R011_C068,695250,9506750,2019,8,2019-08,1,0,0,0,0,0,0,0,0,1,0.8357,0.3738,0.6537,-0.7604,100,0
LJ500_R012_C055,688750,9507250,2019,8,2019-08,1,0,0,0,0,0,0,0,0,1,0.8137,0.3508,0.6263,-0.755,100,0
LJ500_R020_C061,691750,9511250,2019,8,2019-08,0,0,1,0,0,0,0,0,0,1,0.5251,-0.0097,0.2176,-0.5431,100,0
LJ500_R033_C056,689250,9517750,2019,8,2019-08,0.7601,0,0.2399,0,0,0,0,0,0,1,0.7232,0.1546,0.4012,-0.6667,100,0
LJ500_R035_C085,703750,9518750,2019,8,2019-08,0,0,0.6992,0,0.3008,0,0,0,0,1,0.7519,0.171,0.4594,-0.6886,100,0
LJ500_R039_C072,697250,9520750,2019,8,2019-08,0,0,0.019,0,0.972,0,0,0.0089,0,1,0.5384,0.1476,0.3404,-0.5621,100,0
LJ500_R040_C060,691250,9521250,2019,8,2019-08,0.0093,0,0.9907,0,0,0,0,0,0,1,0.3539,-0.1349,0.0349,-0.4817,100,0
LJ500_R041_C061,691750,9521750,2019,8,2019-08,0.6217,0,0.3783,0,0,0,0,0,0,1,0.5162,-0.0741,0.1468,-0.5573,100,0
LJ500_R043_C058,690250,9522750,2019,8,2019-08,0,0,0.6724,0,0,0,0,0.3276,0,1,0.4178,-0.1476,0.0653,-0.5252,100,0
LJ500_R045_C083,702750,9523750,2019,8,2019-08,0.0975,0,0.9025,0,0,0,0,0,0,1,0.6701,0.0951,0.3656,-0.6398,91.2,0
LJ500_R046_C064,693250,9524250,2019,8,2019-08,0,0,0.1216,0,0,0.2178,0,0.6606,0,1,0.3298,-0.1165,0.0396,-0.4024,100,0
LJ500_R048_C071,696750,9525250,2019,8,2019-08,0,0,1,0,0,0,0,0,0,1,0.3896,-0.1513,0.0438,-0.5017,98.56,0
LJ500_R050_C095,708750,9526250,2019,8,2019-08,0.2432,0.6234,0.1334,0,0,0,0,0,0,1,0.6525,0.261,0.5133,-0.5943,27.84,0
LJ500_R056_C049,685750,9529250,2019,8,2019-08,0,0,1,0,0,0,0,0,0,1,0.4615,-0.1063,0.0963,-0.5385,100,0
LJ500_R058_C079,700750,9530250,2019,8,2019-08,0,0,0.7206,0,0.2794,0,0,0,0,1,0.6702,0.1701,0.4467,-0.598,41.6,0
LJ500_R063_C060,691250,9532750,2019,8,2019-08,0,0,0.4901,0,0.4472,0.0627,0,0,0,1,0.6107,0.1046,0.3158,-0.597,100,0
LJ500_R064_C084,703250,9533250,2019,8,2019-08,0.235,0,0.7298,0,0.0352,0,0,0,0,1,0.8489,0.2769,0.5902,-0.7579,100,0
LJ500_R069_C057,689750,9535750,2019,8,2019-08,0,0,0.1213,0,0.8787,0,0,0,0,1,0.3,-0.1585,-0.0122,-0.3934,100,0
LJ500_R072_C062,692250,9537250,2019,8,2019-08,0,0,0.4122,0,0.5878,0,0,0,0,1,0.3676,-0.1546,0.0022,-0.4272,100,0
LJ500_R072_C095,708750,9537250,2019,8,2019-08,0.7205,0.2795,0,0,0,0,0,0,0,1,0.7324,0.2897,0.5469,-0.6724,16.64,0
LJ500_R074_C074,698250,9538250,2019,8,2019-08,0,0,0.1778,0,0.8222,0,0,0,0,1,0.4961,-0.0133,0.1594,-0.5011,98.72,0
LJ500_R078_C076,699250,9540250,2019,8,2019-08,0.071,0,0.0635,0,0.8655,0,0,0,0,1,0.6985,0.1413,0.4107,-0.6181,99.84,0
LJ500_R079_C076,699250,9540750,2019,8,2019-08,0,0,0,0,0.9922,0.0078,0,0,0,1,0.7053,0.1689,0.435,-0.6428,99.04,0
LJ500_R093_C071,696750,9547750,2019,8,2019-08,0.1849,0,0,0,0.8151,0,0,0,0,1,0.6521,0.321,0.5622,-0.5846,0.1883,0
LJ500_R093_C073,697750,9547750,2019,8,2019-08,0.0013,0,0.5724,0,0.4263,0,0,0,0,1,,,,,0,1
LJ500_R096_C074,698250,9549250,2019,8,2019-08,0.4564,0,0.2184,0.311,0.0142,0,0,0,0,1,0.7591,0.2527,0.5357,-0.6827,44.96,0
LJ500_R098_C085,703750,9550250,2019,8,2019-08,1,0,0,0,0,0,0,0,0,1,0.8322,0.3577,0.6416,-0.7511,69.92,0
LJ500_R101_C091,706750,9551750,2019,8,2019-08,0.0455,0.9545,0,0,0,0,0,0,0,1,,,,,0,1
LJ500_R106_C080,701250,9554250,2019,8,2019-08,0,0,0.2691,0.5021,0.2289,0,0,0,0,1,0.7194,0.1817,0.4588,-0.6676,100,0
LJ500_R108_C065,693750,9555250,2019,8,2019-08,0,0,0.0703,0.9297,0,0,0,0,0,1,0.818,0.3019,0.5706,-0.7339,100,0
LJ500_R109_C088,705250,9555750,2019,8,2019-08,1,0,0,0,0,0,0,0,0,1,0.7676,0.324,0.5964,-0.6921,10.72,0
LJ500_R119_C079,700750,9560750,2019,8,2019-08,0,0,0.0076,0,0.8026,0.1897,0,0,0,1,0.6727,0.1207,0.3851,-0.6216,100,0
LJ500_R122_C070,696250,9562250,2019,8,2019-08,0,0,0,0,0.635,0.365,0,0,0,1,0.6099,0.1318,0.3471,-0.5668,100,0
LJ500_R125_C065,693750,9563750,2019,8,2019-08,0,0,0.0771,0,0.9229,0,0,0,0,1,0.6087,0.0905,0.335,-0.5761,100,0
LJ500_R131_C053,687750,9566750,2019,8,2019-08,0,0,0.1735,0,0.8265,0,0,0,0,1,0.5971,0.1132,0.3455,-0.5537,100,0
LJ500_R132_C080,701250,9567250,2019,8,2019-08,0.9327,0,0.0078,0,0.0594,0,0,0,0,1,,,,,0,1
LJ500_R138_C087,704750,9570250,2019,8,2019-08,0.2364,0,0.5005,0,0.2631,0,0,0,0,1,0.7633,0.2059,0.5067,-0.6677,100,0
LJ500_R142_C071,696750,9572250,2019,8,2019-08,0,0,0,0,1,0,0,0,0,1,0.6322,0.0869,0.3341,-0.5897,100,0
LJ500_R145_C054,688250,9573750,2019,8,2019-08,0,0,0.7423,0,0.2577,0,0,0,0,1,0.6084,0.046,0.2992,-0.5983,100,0
LJ500_R147_C083,702750,9574750,2019,8,2019-08,0.3027,0,0,0,0.6973,0,0,0,0,1,0.6355,0.126,0.3998,-0.5863,49.12,0
LJ500_R156_C028,675250,9579250,2019,8,2019-08,0.6724,0,0.3276,0,0,0,0,0,0,1,0.7542,0.1897,0.4753,-0.6833,100,0
LJ500_R156_C067,694750,9579250,2019,8,2019-08,0,0,0,0,1,0,0,0,0,1,0.624,0.1016,0.3644,-0.5814,100,0
LJ500_R156_C079,700750,9579250,2019,8,2019-08,1,0,0,0,0,0,0,0,0,1,0.6219,0.2072,0.4633,-0.5815,27.84,0
LJ500_R157_C009,665750,9579750,2019,8,2019-08,0.0008,0,0.666,0,0.3333,0,0,0,0,1,0.671,0.0806,0.365,-0.6396,100,0
LJ500_R158_C065,693750,9580250,2019,8,2019-08,0,0,0.7476,0.135,0.1174,0,0,0,0,1,0.6227,0.053,0.3172,-0.6058,100,0
LJ500_R160_C074,698250,9581250,2019,8,2019-08,0.325,0,0,0,0.675,0,0,0,0,1,0.5803,0.2453,0.5047,-0.5045,9.44,0
LJ500_R161_C066,694250,9581750,2019,8,2019-08,0,0,0.0311,0.0756,0.8933,0,0,0,0,1,0.6159,0.0692,0.3203,-0.5828,100,0
LJ500_R164_C043,682750,9583250,2019,8,2019-08,0,0.6371,0,0,0.3629,0,0,0,0,1,0.5589,0.0429,0.3072,-0.5589,100,0
LJ500_R164_C059,690750,9583250,2019,8,2019-08,0.6643,0.3177,0.018,0,0,0,0,0,0,1,0.2415,0.0329,0.165,-0.2382,1.76,0
LJ500_R166_C072,697250,9584250,2019,8,2019-08,0,0,0,0,1,0,0,0,0,1,0.7059,0.1508,0.4317,-0.637,100,0
LJ500_R167_C067,694750,9584750,2019,8,2019-08,0,0,0,0,1,0,0,0,0,1,0.7258,0.1587,0.4466,-0.6547,100,0
LJ500_R168_C045,683750,9585250,2019,8,2019-08,0.083,0.79,0,0,0.1269,0,0,0,0,1,0.5653,0.0676,0.3479,-0.58,100,0
LJ500_R173_C033,677750,9587750,2019,8,2019-08,0.0493,0.4112,0,0,0.5395,0,0,0,0,1,0.6915,0.1324,0.411,-0.6512,100,0
LJ500_R178_C063,692750,9590250,2019,8,2019-08,0,0,0,0,1,0,0,0,0,1,0.6133,0.2116,0.4252,-0.5648,2.08,0
LJ500_R179_C046,684250,9590750,2019,8,2019-08,0,1,0,0,0,0,0,0,0,1,0.4263,-0.0582,0.1924,-0.4824,41.12,0
LJ500_R180_C071,696750,9591250,2019,8,2019-08,0.1157,0,0.1808,0,0.7035,0,0,0,0,1,0.7022,0.1761,0.456,-0.6632,53.92,0
LJ500_R183_C039,680750,9592750,2019,8,2019-08,0,1,0,0,0,0,0,0,0,1,0.322,-0.1437,0.0836,-0.3694,11.24,0
LJ500_R184_C039,680750,9593250,2019,8,2019-08,0,1,0,0,0,0,0,0,0,1,,,,,0,1
LJ500_R184_C066,694250,9593250,2019,8,2019-08,0.0203,0,0,0,0.9797,0,0,0,0,1,,,,,0,1
LJ500_R006_C075,698750,9504250,2019,9,2019-09,0.4991,0,0.5009,0,0,0,0,0,0,1,,,,,0,1
LJ500_R011_C068,695250,9506750,2019,9,2019-09,1,0,0,0,0,0,0,0,0,1,,,,,0,1
LJ500_R012_C055,688750,9507250,2019,9,2019-09,1,0,0,0,0,0,0,0,0,1,,,,,0,1
LJ500_R020_C061,691750,9511250,2019,9,2019-09,0,0,1,0,0,0,0,0,0,1,,,,,0,1
LJ500_R033_C056,689250,9517750,2019,9,2019-09,0.7601,0,0.2399,0,0,0,0,0,0,1,0.5713,0.1195,0.3511,-0.5167,72.32,0
LJ500_R035_C085,703750,9518750,2019,9,2019-09,0,0,0.6992,0,0.3008,0,0,0,0,1,0.7316,0.2332,0.5236,-0.6248,26.4,0
LJ500_R039_C072,697250,9520750,2019,9,2019-09,0,0,0.019,0,0.972,0,0,0.0089,0,1,0.3588,-0.0055,0.1708,-0.4233,30.08,0
LJ500_R040_C060,691250,9521250,2019,9,2019-09,0.0093,0,0.9907,0,0,0,0,0,0,1,0.307,-0.143,0.0211,-0.4372,100,0
LJ500_R041_C061,691750,9521750,2019,9,2019-09,0.6217,0,0.3783,0,0,0,0,0,0,1,0.4386,-0.1072,0.1115,-0.4885,100,0
LJ500_R043_C058,690250,9522750,2019,9,2019-09,0,0,0.6724,0,0,0,0,0.3276,0,1,0.3416,-0.1616,0.0374,-0.469,100,0
LJ500_R045_C083,702750,9523750,2019,9,2019-09,0.0975,0,0.9025,0,0,0,0,0,0,1,,,,,0,1
LJ500_R046_C064,693250,9524250,2019,9,2019-09,0,0,0.1216,0,0,0.2178,0,0.6606,0,1,0.2844,-0.1251,0.0362,-0.3535,100,0
LJ500_R048_C071,696750,9525250,2019,9,2019-09,0,0,1,0,0,0,0,0,0,1,0.3351,-0.1139,0.074,-0.3867,1.12,0
LJ500_R050_C095,708750,9526250,2019,9,2019-09,0.2432,0.6234,0.1334,0,0,0,0,0,0,1,,,,,0,1
LJ500_R056_C049,685750,9529250,2019,9,2019-09,0,0,1,0,0,0,0,0,0,1,0.3766,-0.1268,0.0668,-0.4737,100,0
LJ500_R058_C079,700750,9530250,2019,9,2019-09,0,0,0.7206,0,0.2794,0,0,0,0,1,0.5798,0.0882,0.3514,-0.5371,59.2,0
LJ500_R063_C060,691250,9532750,2019,9,2019-09,0,0,0.4901,0,0.4472,0.0627,0,0,0,1,0.5521,0.0588,0.2691,-0.5541,100,0
LJ500_R064_C084,703250,9533250,2019,9,2019-09,0.235,0,0.7298,0,0.0352,0,0,0,0,1,,,,,0,1
LJ500_R069_C057,689750,9535750,2019,9,2019-09,0,0,0.1213,0,0.8787,0,0,0,0,1,0.2276,-0.1933,-0.051,-0.3245,68.48,0
LJ500_R072_C062,692250,9537250,2019,9,2019-09,0,0,0.4122,0,0.5878,0,0,0,0,1,0.3034,-0.187,-0.0458,-0.3745,100,0
LJ500_R072_C095,708750,9537250,2019,9,2019-09,0.7205,0.2795,0,0,0,0,0,0,0,1,,,,,0,1
LJ500_R074_C074,698250,9538250,2019,9,2019-09,0,0,0.1778,0,0.8222,0,0,0,0,1,0.4629,-0.0404,0.142,-0.4604,99.36,0
LJ500_R078_C076,699250,9540250,2019,9,2019-09,0.071,0,0.0635,0,0.8655,0,0,0,0,1,0.6543,0.1575,0.4419,-0.5457,100,0
LJ500_R079_C076,699250,9540750,2019,9,2019-09,0,0,0,0,0.9922,0.0078,0,0,0,1,0.6864,0.1904,0.4682,-0.5946,100,0
LJ500_R093_C071,696750,9547750,2019,9,2019-09,0.1849,0,0,0,0.8151,0,0,0,0,1,,,,,0,1
LJ500_R093_C073,697750,9547750,2019,9,2019-09,0.0013,0,0.5724,0,0.4263,0,0,0,0,1,,,,,0,1
LJ500_R096_C074,698250,9549250,2019,9,2019-09,0.4564,0,0.2184,0.311,0.0142,0,0,0,0,1,,,,,0,1
LJ500_R098_C085,703750,9550250,2019,9,2019-09,1,0,0,0,0,0,0,0,0,1,,,,,0,1
LJ500_R101_C091,706750,9551750,2019,9,2019-09,0.0455,0.9545,0,0,0,0,0,0,0,1,,,,,0,1
LJ500_R106_C080,701250,9554250,2019,9,2019-09,0,0,0.2691,0.5021,0.2289,0,0,0,0,1,0.6941,0.23,0.5114,-0.6132,1.28,0
LJ500_R108_C065,693750,9555250,2019,9,2019-09,0,0,0.0703,0.9297,0,0,0,0,0,1,0.7734,0.4125,0.6719,-0.6662,95.42,0
LJ500_R109_C088,705250,9555750,2019,9,2019-09,1,0,0,0,0,0,0,0,0,1,0.6628,0.3183,0.5749,-0.5578,32.64,0
LJ500_R119_C079,700750,9560750,2019,9,2019-09,0,0,0.0076,0,0.8026,0.1897,0,0,0,1,0.6083,0.0984,0.3467,-0.552,17.12,0
LJ500_R122_C070,696250,9562250,2019,9,2019-09,0,0,0,0,0.635,0.365,0,0,0,1,0.5109,0.1992,0.4132,-0.3997,3.04,0
LJ500_R125_C065,693750,9563750,2019,9,2019-09,0,0,0.0771,0,0.9229,0,0,0,0,1,0.5473,0.0165,0.2399,-0.5344,45.76,0
LJ500_R131_C053,687750,9566750,2019,9,2019-09,0,0,0.1735,0,0.8265,0,0,0,0,1,0.5574,0.0554,0.2644,-0.531,100,0
LJ500_R132_C080,701250,9567250,2019,9,2019-09,0.9327,0,0.0078,0,0.0594,0,0,0,0,1,0.6669,0.3115,0.5672,-0.5776,7.04,0
LJ500_R138_C087,704750,9570250,2019,9,2019-09,0.2364,0,0.5005,0,0.2631,0,0,0,0,1,0.7007,0.1801,0.4818,-0.6019,100,0
LJ500_R142_C071,696750,9572250,2019,9,2019-09,0,0,0,0,1,0,0,0,0,1,,,,,0,1
LJ500_R145_C054,688250,9573750,2019,9,2019-09,0,0,0.7423,0,0.2577,0,0,0,0,1,0.5391,0.0296,0.2779,-0.5173,100,0
LJ500_R147_C083,702750,9574750,2019,9,2019-09,0.3027,0,0,0,0.6973,0,0,0,0,1,,,,,0,1
LJ500_R156_C028,675250,9579250,2019,9,2019-09,0.6724,0,0.3276,0,0,0,0,0,0,1,0.6735,0.1287,0.3984,-0.6378,100,0
LJ500_R156_C067,694750,9579250,2019,9,2019-09,0,0,0,0,1,0,0,0,0,1,,,,,0,1
LJ500_R156_C079,700750,9579250,2019,9,2019-09,1,0,0,0,0,0,0,0,0,1,0.6296,0.2184,0.4811,-0.5645,44.16,0
LJ500_R157_C009,665750,9579750,2019,9,2019-09,0.0008,0,0.666,0,0.3333,0,0,0,0,1,0.6095,0.0376,0.3044,-0.5984,100,0
LJ500_R158_C065,693750,9580250,2019,9,2019-09,0,0,0.7476,0.135,0.1174,0,0,0,0,1,0.5243,0.0286,0.2843,-0.5047,46.4,0
LJ500_R160_C074,698250,9581250,2019,9,2019-09,0.325,0,0,0,0.675,0,0,0,0,1,,,,,0,1
LJ500_R161_C066,694250,9581750,2019,9,2019-09,0,0,0.0311,0.0756,0.8933,0,0,0,0,1,0.5743,0.1186,0.3998,-0.5092,15.36,0
LJ500_R164_C043,682750,9583250,2019,9,2019-09,0,0.6371,0,0,0.3629,0,0,0,0,1,0.5234,0.0104,0.2729,-0.5413,100,0
LJ500_R164_C059,690750,9583250,2019,9,2019-09,0.6643,0.3177,0.018,0,0,0,0,0,0,1,,,,,0,1
LJ500_R166_C072,697250,9584250,2019,9,2019-09,0,0,0,0,1,0,0,0,0,1,,,,,0,1
LJ500_R167_C067,694750,9584750,2019,9,2019-09,0,0,0,0,1,0,0,0,0,1,0.3738,0.0448,0.2499,-0.3397,2.56,0
LJ500_R168_C045,683750,9585250,2019,9,2019-09,0.083,0.79,0,0,0.1269,0,0,0,0,1,0.4364,-0.0116,0.2378,-0.4747,43.36,0
LJ500_R173_C033,677750,9587750,2019,9,2019-09,0.0493,0.4112,0,0,0.5395,0,0,0,0,1,0.6663,0.0953,0.3799,-0.6368,100,0
LJ500_R178_C063,692750,9590250,2019,9,2019-09,0,0,0,0,1,0,0,0,0,1,,,,,0,1
LJ500_R179_C046,684250,9590750,2019,9,2019-09,0,1,0,0,0,0,0,0,0,1,0.4598,-0.0517,0.2205,-0.5202,70.72,0
LJ500_R180_C071,696750,9591250,2019,9,2019-09,0.1157,0,0.1808,0,0.7035,0,0,0,0,1,,,,,0,1
LJ500_R183_C039,680750,9592750,2019,9,2019-09,0,1,0,0,0,0,0,0,0,1,,,,,0,1
LJ500_R184_C039,680750,9593250,2019,9,2019-09,0,1,0,0,0,0,0,0,0,1,0.5144,0.0325,0.297,-0.5258,2.1497,0
LJ500_R184_C066,694250,9593250,2019,9,2019-09,0.0203,0,0,0,0.9797,0,0,0,0,1,,,,,0,1
LJ500_R006_C075,698750,9504250,2019,10,2019-10,0.4991,0,0.5009,0,0,0,0,0,0,1,0.7668,0.3014,0.5894,-0.6889,100,0
LJ500_R011_C068,695250,9506750,2019,10,2019-10,1,0,0,0,0,0,0,0,0,1,0.7441,0.3415,0.6089,-0.6579,7.2,0
LJ500_R012_C055,688750,9507250,2019,10,2019-10,1,0,0,0,0,0,0,0,0,1,,,,,0,1
LJ500_R020_C061,691750,9511250,2019,10,2019-10,0,0,1,0,0,0,0,0,0,1,0.4373,-0.0942,0.1135,-0.4932,100,0
LJ500_R033_C056,689250,9517750,2019,10,2019-10,0.7601,0,0.2399,0,0,0,0,0,0,1,0.5827,0.0957,0.3005,-0.5515,78.72,0
LJ500_R035_C085,703750,9518750,2019,10,2019-10,0,0,0.6992,0,0.3008,0,0,0,0,1,0.6672,0.0819,0.3576,-0.6268,72.48,0
LJ500_R039_C072,697250,9520750,2019,10,2019-10,0,0,0.019,0,0.972,0,0,0.0089,0,1,0.4532,0.0943,0.2693,-0.4891,100,0
LJ500_R040_C060,691250,9521250,2019,10,2019-10,0.0093,0,0.9907,0,0,0,0,0,0,1,0.2696,-0.1593,-0.0202,-0.4269,100,0
LJ500_R041_C061,691750,9521750,2019,10,2019-10,0.6217,0,0.3783,0,0,0,0,0,0,1,0.3968,-0.1325,0.0597,-0.4835,100,0
LJ500_R043_C058,690250,9522750,2019,10,2019-10,0,0,0.6724,0,0,0,0,0.3276,0,1,0.1927,-0.3538,-0.3555,-0.2923,100,0
LJ500_R045_C083,702750,9523750,2019,10,2019-10,0.0975,0,0.9025,0,0,0,0,0,0,1,0.3912,-0.0187,0.1422,-0.4545,0.48,0
LJ500_R046_C064,693250,9524250,2019,10,2019-10,0,0,0.1216,0,0,0.2178,0,0.6606,0,1,0.2384,-0.1472,-0.0171,-0.3296,100,0
LJ500_R048_C071,696750,9525250,2019,10,2019-10,0,0,1,0,0,0,0,0,0,1,0.2836,-0.1871,-0.0149,-0.4329,100,0
LJ500_R050_C095,708750,9526250,2019,10,2019-10,0.2432,0.6234,0.1334,0,0,0,0,0,0,1,0.6604,0.1925,0.4771,-0.6029,98.56,0
LJ500_R056_C049,685750,9529250,2019,10,2019-10,0,0,1,0,0,0,0,0,0,1,0.3297,-0.1652,0.0084,-0.4641,100,0
LJ500_R058_C079,700750,9530250,2019,10,2019-10,0,0,0.7206,0,0.2794,0,0,0,0,1,0.5803,0.0622,0.3173,-0.5715,100,0
LJ500_R063_C060,691250,9532750,2019,10,2019-10,0,0,0.4901,0,0.4472,0.0627,0,0,0,1,0.5038,0.041,0.2433,-0.5223,100,0
LJ500_R064_C084,703250,9533250,2019,10,2019-10,0.235,0,0.7298,0,0.0352,0,0,0,0,1,0.7869,0.2285,0.5366,-0.7008,100,0
LJ500_R069_C057,689750,9535750,2019,10,2019-10,0,0,0.1213,0,0.8787,0,0,0,0,1,0.2068,-0.1865,-0.059,-0.3121,100,0
LJ500_R072_C062,692250,9537250,2019,10,2019-10,0,0,0.4122,0,0.5878,0,0,0,0,1,0.2658,-0.1928,-0.0634,-0.3551,100,0
LJ500_R072_C095,708750,9537250,2019,10,2019-10,0.7205,0.2795,0,0,0,0,0,0,0,1,0.7071,0.2472,0.5252,-0.633,93.12,0
LJ500_R074_C074,698250,9538250,2019,10,2019-10,0,0,0.1778,0,0.8222,0,0,0,0,1,0.4186,-0.0325,0.1446,-0.4193,98.72,0
LJ500_R078_C076,699250,9540250,2019,10,2019-10,0.071,0,0.0635,0,0.8655,0,0,0,0,1,0.6323,0.0786,0.3376,-0.5729,65.44,0
LJ500_R079_C076,699250,9540750,2019,10,2019-10,0,0,0,0,0.9922,0.0078,0,0,0,1,0.6312,0.1043,0.3489,-0.5876,100,0
LJ500_R093_C071,696750,9547750,2019,10,2019-10,0.1849,0,0,0,0.8151,0,0,0,0,1,0.6618,0.1482,0.4149,-0.6132,99.76,0
LJ500_R093_C073,697750,9547750,2019,10,2019-10,0.0013,0,0.5724,0,0.4263,0,0,0,0,1,0.6904,0.1439,0.4232,-0.6313,100,0
LJ500_R096_C074,698250,9549250,2019,10,2019-10,0.4564,0,0.2184,0.311,0.0142,0,0,0,0,1,0.6563,0.1891,0.4484,-0.5973,83.84,0
LJ500_R098_C085,703750,9550250,2019,10,2019-10,1,0,0,0,0,0,0,0,0,1,0.7526,0.325,0.596,-0.6685,6.24,0
LJ500_R101_C091,706750,9551750,2019,10,2019-10,0.0455,0.9545,0,0,0,0,0,0,0,1,0.4276,0.0491,0.2458,-0.4434,41.74,0
LJ500_R106_C080,701250,9554250,2019,10,2019-10,0,0,0.2691,0.5021,0.2289,0,0,0,0,1,0.6783,0.1522,0.4302,-0.6255,100,0
LJ500_R108_C065,693750,9555250,2019,10,2019-10,0,0,0.0703,0.9297,0,0,0,0,0,1,0.6734,0.1984,0.4502,-0.6137,100,0
LJ500_R109_C088,705250,9555750,2019,10,2019-10,1,0,0,0,0,0,0,0,0,1,0.6211,0.2583,0.5222,-0.5409,9.28,0
LJ500_R119_C079,700750,9560750,2019,10,2019-10,0,0,0.0076,0,0.8026,0.1897,0,0,0,1,0.6189,0.0691,0.3216,-0.5804,100,0
LJ500_R122_C070,696250,9562250,2019,10,2019-10,0,0,0,0,0.635,0.365,0,0,0,1,0.5398,0.0334,0.2532,-0.522,30.72,0
LJ500_R125_C065,693750,9563750,2019,10,2019-10,0,0,0.0771,0,0.9229,0,0,0,0,1,0.5362,0.0157,0.2364,-0.5352,100,0
LJ500_R131_C053,687750,9566750,2019,10,2019-10,0,0,0.1735,0,0.8265,0,0,0,0,1,0.5141,0.0397,0.2493,-0.498,55.04,0
LJ500_R132_C080,701250,9567250,2019,10,2019-10,0.9327,0,0.0078,0,0.0594,0,0,0,0,1,0.7837,0.2461,0.5467,-0.7093,100,0
LJ500_R138_C087,704750,9570250,2019,10,2019-10,0.2364,0,0.5005,0,0.2631,0,0,0,0,1,0.7181,0.1541,0.4405,-0.6354,100,0
LJ500_R142_C071,696750,9572250,2019,10,2019-10,0,0,0,0,1,0,0,0,0,1,0.5899,0.0462,0.2778,-0.5533,100,0
LJ500_R145_C054,688250,9573750,2019,10,2019-10,0,0,0.7423,0,0.2577,0,0,0,0,1,0.5172,-0.0235,0.2031,-0.5179,100,0
LJ500_R147_C083,702750,9574750,2019,10,2019-10,0.3027,0,0,0,0.6973,0,0,0,0,1,0.6272,0.0563,0.3072,-0.596,100,0
LJ500_R156_C028,675250,9579250,2019,10,2019-10,0.6724,0,0.3276,0,0,0,0,0,0,1,0.6148,0.11,0.3724,-0.589,100,0
LJ500_R156_C067,694750,9579250,2019,10,2019-10,0,0,0,0,1,0,0,0,0,1,0.565,0.0388,0.2836,-0.5407,100,0
LJ500_R156_C079,700750,9579250,2019,10,2019-10,1,0,0,0,0,0,0,0,0,1,0.7076,0.191,0.476,-0.6603,100,0
LJ500_R157_C009,665750,9579750,2019,10,2019-10,0.0008,0,0.666,0,0.3333,0,0,0,0,1,0.5298,-0.0234,0.2203,-0.5554,100,0
LJ500_R158_C065,693750,9580250,2019,10,2019-10,0,0,0.7476,0.135,0.1174,0,0,0,0,1,0.5659,0.0168,0.2629,-0.5521,100,0
LJ500_R160_C074,698250,9581250,2019,10,2019-10,0.325,0,0,0,0.675,0,0,0,0,1,0.7304,0.1598,0.451,-0.6701,100,0
LJ500_R161_C066,694250,9581750,2019,10,2019-10,0,0,0.0311,0.0756,0.8933,0,0,0,0,1,0.5497,0.0177,0.2439,-0.5286,100,0
LJ500_R164_C043,682750,9583250,2019,10,2019-10,0,0.6371,0,0,0.3629,0,0,0,0,1,0.4022,0.0191,0.247,-0.4066,50.08,0
LJ500_R164_C059,690750,9583250,2019,10,2019-10,0.6643,0.3177,0.018,0,0,0,0,0,0,1,0.5741,0.1056,0.3568,-0.5432,18.4,0
LJ500_R166_C072,697250,9584250,2019,10,2019-10,0,0,0,0,1,0,0,0,0,1,0.6273,0.063,0.3167,-0.577,73.92,0
LJ500_R167_C067,694750,9584750,2019,10,2019-10,0,0,0,0,1,0,0,0,0,1,0.6367,0.1018,0.3732,-0.5745,40.96,0
LJ500_R168_C045,683750,9585250,2019,10,2019-10,0.083,0.79,0,0,0.1269,0,0,0,0,1,0.4862,0.0078,0.2637,-0.5007,96.16,0
LJ500_R173_C033,677750,9587750,2019,10,2019-10,0.0493,0.4112,0,0,0.5395,0,0,0,0,1,0.6255,0.0845,0.3614,-0.5973,91.04,0
LJ500_R178_C063,692750,9590250,2019,10,2019-10,0,0,0,0,1,0,0,0,0,1,0.675,0.138,0.4079,-0.6148,100,0
LJ500_R179_C046,684250,9590750,2019,10,2019-10,0,1,0,0,0,0,0,0,0,1,,,,,0,1
LJ500_R180_C071,696750,9591250,2019,10,2019-10,0.1157,0,0.1808,0,0.7035,0,0,0,0,1,,,,,0,1
LJ500_R183_C039,680750,9592750,2019,10,2019-10,0,1,0,0,0,0,0,0,0,1,0.292,-0.2099,-0.0192,-0.3439,47.78,0
LJ500_R184_C039,680750,9593250,2019,10,2019-10,0,1,0,0,0,0,0,0,0,1,0.1348,-0.0343,0.0205,-0.1251,8.7844,0
LJ500_R184_C066,694250,9593250,2019,10,2019-10,0.0203,0,0,0,0.9797,0,0,0,0,1,,,,,0,1
LJ500_R006_C075,698750,9504250,2019,11,2019-11,0.4991,0,0.5009,0,0,0,0,0,0,1,0.6827,0.3339,0.5983,-0.5825,11.84,0
LJ500_R011_C068,695250,9506750,2019,11,2019-11,1,0,0,0,0,0,0,0,0,1,,,,,0,1
LJ500_R012_C055,688750,9507250,2019,11,2019-11,1,0,0,0,0,0,0,0,0,1,,,,,0,1
LJ500_R020_C061,691750,9511250,2019,11,2019-11,0,0,1,0,0,0,0,0,0,1,0.4169,-0.0249,0.2117,-0.3998,13.12,0
LJ500_R033_C056,689250,9517750,2019,11,2019-11,0.7601,0,0.2399,0,0,0,0,0,0,1,0.5416,0.1008,0.3345,-0.4806,62.4,0
LJ500_R035_C085,703750,9518750,2019,11,2019-11,0,0,0.6992,0,0.3008,0,0,0,0,1,0.6656,0.1328,0.4277,-0.5955,33.6,0
LJ500_R039_C072,697250,9520750,2019,11,2019-11,0,0,0.019,0,0.972,0,0,0.0089,0,1,0.5052,0.1193,0.3102,-0.4821,100,0
LJ500_R040_C060,691250,9521250,2019,11,2019-11,0.0093,0,0.9907,0,0,0,0,0,0,1,0.3187,-0.1553,0.0066,-0.3957,100,0
LJ500_R041_C061,691750,9521750,2019,11,2019-11,0.6217,0,0.3783,0,0,0,0,0,0,1,0.4595,-0.0616,0.1406,-0.4574,100,0
LJ500_R043_C058,690250,9522750,2019,11,2019-11,0,0,0.6724,0,0,0,0,0.3276,0,1,0.1763,-0.303,-0.2571,-0.2758,100,0
LJ500_R045_C083,702750,9523750,2019,11,2019-11,0.0975,0,0.9025,0,0,0,0,0,0,1,,,,,0,1
LJ500_R046_C064,693250,9524250,2019,11,2019-11,0,0,0.1216,0,0,0.2178,0,0.6606,0,1,0.2849,-0.1198,0.0293,-0.3164,100,0
LJ500_R048_C071,696750,9525250,2019,11,2019-11,0,0,1,0,0,0,0,0,0,1,0.323,-0.1777,0.0108,-0.3824,100,0
LJ500_R050_C095,708750,9526250,2019,11,2019-11,0.2432,0.6234,0.1334,0,0,0,0,0,0,1,0.6477,0.2443,0.5199,-0.5722,17.12,0
LJ500_R056_C049,685750,9529250,2019,11,2019-11,0,0,1,0,0,0,0,0,0,1,0.3792,-0.162,0.0223,-0.4194,92,0
LJ500_R058_C079,700750,9530250,2019,11,2019-11,0,0,0.7206,0,0.2794,0,0,0,0,1,0.5407,0.1176,0.3425,-0.4775,24.48,0
LJ500_R063_C060,691250,9532750,2019,11,2019-11,0,0,0.4901,0,0.4472,0.0627,0,0,0,1,0.6024,0.095,0.3333,-0.5486,100,0
LJ500_R064_C084,703250,9533250,2019,11,2019-11,0.235,0,0.7298,0,0.0352,0,0,0,0,1,,,,,0,1
LJ500_R069_C057,689750,9535750,2019,11,2019-11,0,0,0.1213,0,0.8787,0,0,0,0,1,0.3341,-0.1154,0.0531,-0.3756,100,0
LJ500_R072_C062,692250,9537250,2019,11,2019-11,0,0,0.4122,0,0.5878,0,0,0,0,1,0.3993,-0.0977,0.0736,-0.4124,100,0
LJ500_R072_C095,708750,9537250,2019,11,2019-11,0.7205,0.2795,0,0,0,0,0,0,0,1,0.4841,0.272,0.4688,-0.4391,41.12,0
LJ500_R074_C074,698250,9538250,2019,11,2019-11,0,0,0.1778,0,0.8222,0,0,0,0,1,0.4413,0.0388,0.2216,-0.4301,100,0
LJ500_R078_C076,699250,9540250,2019,11,2019-11,0.071,0,0.0635,0,0.8655,0,0,0,0,1,0.5973,0.186,0.4319,-0.541,85.28,0
LJ500_R079_C076,699250,9540750,2019,11,2019-11,0,0,0,0,0.9922,0.0078,0,0,0,1,0.607,0.2081,0.4376,-0.5621,56.8,0
LJ500_R093_C071,696750,9547750,2019,11,2019-11,0.1849,0,0,0,0.8151,0,0,0,0,1,0.657,0.2133,0.4778,-0.6009,100,0
LJ500_R093_C073,697750,9547750,2019,11,2019-11,0.0013,0,0.5724,0,0.4263,0,0,0,0,1,0.5931,0.1893,0.4386,-0.543,100,0
LJ500_R096_C074,698250,9549250,2019,11,2019-11,0.4564,0,0.2184,0.311,0.0142,0,0,0,0,1,0.6086,0.22,0.4631,-0.563,100,0
LJ500_R098_C085,703750,9550250,2019,11,2019-11,1,0,0,0,0,0,0,0,0,1,0.6446,0.3044,0.5453,-0.5871,100,0
LJ500_R101_C091,706750,9551750,2019,11,2019-11,0.0455,0.9545,0,0,0,0,0,0,0,1,,,,,0,1
LJ500_R106_C080,701250,9554250,2019,11,2019-11,0,0,0.2691,0.5021,0.2289,0,0,0,0,1,0.3982,0.1197,0.307,-0.3367,2.4,0
LJ500_R108_C065,693750,9555250,2019,11,2019-11,0,0,0.0703,0.9297,0,0,0,0,0,1,0.5897,0.2355,0.4594,-0.5616,100,0
LJ500_R109_C088,705250,9555750,2019,11,2019-11,1,0,0,0,0,0,0,0,0,1,0.6188,0.2566,0.4997,-0.564,75.68,0
LJ500_R119_C079,700750,9560750,2019,11,2019-11,0,0,0.0076,0,0.8026,0.1897,0,0,0,1,0.6226,0.1291,0.3831,-0.5809,100,0
LJ500_R122_C070,696250,9562250,2019,11,2019-11,0,0,0,0,0.635,0.365,0,0,0,1,0.479,0.0937,0.2995,-0.46,88.96,0
LJ500_R125_C065,693750,9563750,2019,11,2019-11,0,0,0.0771,0,0.9229,0,0,0,0,1,0.5137,0.0325,0.2566,-0.5217,100,0
LJ500_R131_C053,687750,9566750,2019,11,2019-11,0,0,0.1735,0,0.8265,0,0,0,0,1,0.4964,0.057,0.2526,-0.4981,100,0
LJ500_R132_C080,701250,9567250,2019,11,2019-11,0.9327,0,0.0078,0,0.0594,0,0,0,0,1,0.744,0.2674,0.5447,-0.6816,100,0
LJ500_R138_C087,704750,9570250,2019,11,2019-11,0.2364,0,0.5005,0,0.2631,0,0,0,0,1,0.7637,0.2059,0.5031,-0.6682,100,0
LJ500_R142_C071,696750,9572250,2019,11,2019-11,0,0,0,0,1,0,0,0,0,1,0.6097,0.0768,0.3223,-0.5784,100,0
LJ500_R145_C054,688250,9573750,2019,11,2019-11,0,0,0.7423,0,0.2577,0,0,0,0,1,0.5213,0.0058,0.2418,-0.5323,100,0
LJ500_R147_C083,702750,9574750,2019,11,2019-11,0.3027,0,0,0,0.6973,0,0,0,0,1,0.6514,0.1165,0.3915,-0.5998,92.8,0
LJ500_R156_C028,675250,9579250,2019,11,2019-11,0.6724,0,0.3276,0,0,0,0,0,0,1,0.647,0.0948,0.3644,-0.5987,100,0
LJ500_R156_C067,694750,9579250,2019,11,2019-11,0,0,0,0,1,0,0,0,0,1,0.5994,0.1111,0.3802,-0.5556,100,0
LJ500_R156_C079,700750,9579250,2019,11,2019-11,1,0,0,0,0,0,0,0,0,1,0.7145,0.2076,0.4929,-0.6766,100,0
LJ500_R157_C009,665750,9579750,2019,11,2019-11,0.0008,0,0.666,0,0.3333,0,0,0,0,1,0.5632,-0.0231,0.222,-0.55,100,0
LJ500_R158_C065,693750,9580250,2019,11,2019-11,0,0,0.7476,0.135,0.1174,0,0,0,0,1,0.6016,0.0359,0.2976,-0.5963,100,0
LJ500_R160_C074,698250,9581250,2019,11,2019-11,0.325,0,0,0,0.675,0,0,0,0,1,0.7198,0.2284,0.5186,-0.6411,40.16,0
LJ500_R161_C066,694250,9581750,2019,11,2019-11,0,0,0.0311,0.0756,0.8933,0,0,0,0,1,0.5706,0.0359,0.2746,-0.5669,100,0
LJ500_R164_C043,682750,9583250,2019,11,2019-11,0,0.6371,0,0,0.3629,0,0,0,0,1,0.4166,-0.1387,0.0439,-0.4959,100,0
LJ500_R164_C059,690750,9583250,2019,11,2019-11,0.6643,0.3177,0.018,0,0,0,0,0,0,1,0.791,0.2591,0.5355,-0.7505,31.04,0
LJ500_R166_C072,697250,9584250,2019,11,2019-11,0,0,0,0,1,0,0,0,0,1,0.6951,0.1547,0.43,-0.6316,100,0
LJ500_R167_C067,694750,9584750,2019,11,2019-11,0,0,0,0,1,0,0,0,0,1,0.5341,0.0889,0.3199,-0.5198,0.64,0
LJ500_R168_C045,683750,9585250,2019,11,2019-11,0.083,0.79,0,0,0.1269,0,0,0,0,1,0.482,-0.0037,0.2522,-0.5141,100,0
LJ500_R173_C033,677750,9587750,2019,11,2019-11,0.0493,0.4112,0,0,0.5395,0,0,0,0,1,0.5705,0.0546,0.3195,-0.5521,90.72,0
LJ500_R178_C063,692750,9590250,2019,11,2019-11,0,0,0,0,1,0,0,0,0,1,0.6819,0.1795,0.4445,-0.6248,100,0
LJ500_R179_C046,684250,9590750,2019,11,2019-11,0,1,0,0,0,0,0,0,0,1,0.4213,-0.1162,0.137,-0.4888,100,0
LJ500_R180_C071,696750,9591250,2019,11,2019-11,0.1157,0,0.1808,0,0.7035,0,0,0,0,1,0.5713,0.1372,0.3875,-0.5546,92,0
LJ500_R183_C039,680750,9592750,2019,11,2019-11,0,1,0,0,0,0,0,0,0,1,0.3623,-0.2119,0.0181,-0.4468,100,0
LJ500_R184_C039,680750,9593250,2019,11,2019-11,0,1,0,0,0,0,0,0,0,1,0.3335,-0.0679,0.1465,-0.3509,100,0
LJ500_R184_C066,694250,9593250,2019,11,2019-11,0.0203,0,0,0,0.9797,0,0,0,0,1,0.6219,0.1484,0.4188,-0.5942,100,0
LJ500_R006_C075,698750,9504250,2019,12,2019-12,0.4991,0,0.5009,0,0,0,0,0,0,1,0.642,0.3328,0.571,-0.571,100,0
LJ500_R011_C068,695250,9506750,2019,12,2019-12,1,0,0,0,0,0,0,0,0,1,0.6126,0.3285,0.5564,-0.5525,100,0
LJ500_R012_C055,688750,9507250,2019,12,2019-12,1,0,0,0,0,0,0,0,0,1,0.4346,0.2231,0.3737,-0.3881,42.56,0
LJ500_R020_C061,691750,9511250,2019,12,2019-12,0,0,1,0,0,0,0,0,0,1,0.4273,0.1034,0.2996,-0.3816,87.84,0
LJ500_R033_C056,689250,9517750,2019,12,2019-12,0.7601,0,0.2399,0,0,0,0,0,0,1,0.5866,0.0805,0.328,-0.5265,59.36,0
LJ500_R035_C085,703750,9518750,2019,12,2019-12,0,0,0.6992,0,0.3008,0,0,0,0,1,0.7218,0.1823,0.4705,-0.6376,75.04,0
LJ500_R039_C072,697250,9520750,2019,12,2019-12,0,0,0.019,0,0.972,0,0,0.0089,0,1,0.5744,0.1547,0.3601,-0.5202,100,0
LJ500_R040_C060,691250,9521250,2019,12,2019-12,0.0093,0,0.9907,0,0,0,0,0,0,1,0.411,-0.0948,0.0819,-0.4301,100,0
LJ500_R041_C061,691750,9521750,2019,12,2019-12,0.6217,0,0.3783,0,0,0,0,0,0,1,0.6183,0.0723,0.3083,-0.5509,100,0
LJ500_R043_C058,690250,9522750,2019,12,2019-12,0,0,0.6724,0,0,0,0,0.3276,0,1,0.2555,-0.2187,-0.1489,-0.3104,91.2,0
LJ500_R045_C083,702750,9523750,2019,12,2019-12,0.0975,0,0.9025,0,0,0,0,0,0,1,0.703,0.1207,0.3907,-0.6319,100,0
LJ500_R046_C064,693250,9524250,2019,12,2019-12,0,0,0.1216,0,0,0.2178,0,0.6606,0,1,0.3384,-0.1161,0.0191,-0.3726,100,0
LJ500_R048_C071,696750,9525250,2019,12,2019-12,0,0,1,0,0,0,0,0,0,1,0.4085,-0.1457,0.041,-0.4345,100,0
LJ500_R050_C095,708750,9526250,2019,12,2019-12,0.2432,0.6234,0.1334,0,0,0,0,0,0,1,0.5829,0.2084,0.4453,-0.5365,4.32,0
LJ500_R056_C049,685750,9529250,2019,12,2019-12,0,0,1,0,0,0,0,0,0,1,0.4508,-0.1378,0.0527,-0.4691,100,0
LJ500_R058_C079,700750,9530250,2019,12,2019-12,0,0,0.7206,0,0.2794,0,0,0,0,1,0.7031,0.1171,0.3896,-0.6242,100,0
LJ500_R063_C060,691250,9532750,2019,12,2019-12,0,0,0.4901,0,0.4472,0.0627,0,0,0,1,0.6481,0.127,0.3698,-0.5917,100,0
LJ500_R064_C084,703250,9533250,2019,12,2019-12,0.235,0,0.7298,0,0.0352,0,0,0,0,1,0.8222,0.2803,0.5925,-0.7081,100,0
LJ500_R069_C057,689750,9535750,2019,12,2019-12,0,0,0.1213,0,0.8787,0,0,0,0,1,0.3964,-0.0765,0.0846,-0.4283,100,0
LJ500_R072_C062,692250,9537250,2019,12,2019-12,0,0,0.4122,0,0.5878,0,0,0,0,1,0.4718,-0.0573,0.1124,-0.474,100,0
LJ500_R072_C095,708750,9537250,2019,12,2019-12,0.7205,0.2795,0,0,0,0,0,0,0,1,0.7046,0.3277,0.6001,-0.6203,15.36,0
LJ500_R074_C074,698250,9538250,2019,12,2019-12,0,0,0.1778,0,0.8222,0,0,0,0,1,0.6146,0.1306,0.3501,-0.5497,100,0
LJ500_R078_C076,699250,9540250,2019,12,2019-12,0.071,0,0.0635,0,0.8655,0,0,0,0,1,0.713,0.1595,0.4426,-0.6102,100,0
LJ500_R079_C076,699250,9540750,2019,12,2019-12,0,0,0,0,0.9922,0.0078,0,0,0,1,0.7316,0.1881,0.4634,-0.6427,100,0
LJ500_R093_C071,696750,9547750,2019,12,2019-12,0.1849,0,0,0,0.8151,0,0,0,0,1,0.6173,0.1824,0.4577,-0.5481,46.67,0
LJ500_R093_C073,697750,9547750,2019,12,2019-12,0.0013,0,0.5724,0,0.4263,0,0,0,0,1,0.7126,0.1698,0.4568,-0.6359,99.2,0
LJ500_R096_C074,698250,9549250,2019,12,2019-12,0.4564,0,0.2184,0.311,0.0142,0,0,0,0,1,0.7397,0.2049,0.4964,-0.6631,100,0
LJ500_R098_C085,703750,9550250,2019,12,2019-12,1,0,0,0,0,0,0,0,0,1,0.6964,0.3046,0.5686,-0.6274,1.6,0
LJ500_R101_C091,706750,9551750,2019,12,2019-12,0.0455,0.9545,0,0,0,0,0,0,0,1,0.552,0.086,0.3388,-0.555,9.1413,0
LJ500_R106_C080,701250,9554250,2019,12,2019-12,0,0,0.2691,0.5021,0.2289,0,0,0,0,1,0.6967,0.1522,0.433,-0.6411,95.36,0
LJ500_R108_C065,693750,9555250,2019,12,2019-12,0,0,0.0703,0.9297,0,0,0,0,0,1,,,,,0,1
LJ500_R109_C088,705250,9555750,2019,12,2019-12,1,0,0,0,0,0,0,0,0,1,0.7551,0.2642,0.5547,-0.6745,100,0
LJ500_R119_C079,700750,9560750,2019,12,2019-12,0,0,0.0076,0,0.8026,0.1897,0,0,0,1,0.7057,0.1733,0.4419,-0.6263,100,0
LJ500_R122_C070,696250,9562250,2019,12,2019-12,0,0,0,0,0.635,0.365,0,0,0,1,0.5536,0.1089,0.3156,-0.5109,100,0
LJ500_R125_C065,693750,9563750,2019,12,2019-12,0,0,0.0771,0,0.9229,0,0,0,0,1,0.5714,0.0432,0.2701,-0.5459,100,0
LJ500_R131_C053,687750,9566750,2019,12,2019-12,0,0,0.1735,0,0.8265,0,0,0,0,1,0.6465,0.1745,0.4088,-0.5668,100,0
LJ500_R132_C080,701250,9567250,2019,12,2019-12,0.9327,0,0.0078,0,0.0594,0,0,0,0,1,0.7671,0.3109,0.5921,-0.6866,12.32,0
LJ500_R138_C087,704750,9570250,2019,12,2019-12,0.2364,0,0.5005,0,0.2631,0,0,0,0,1,0.7637,0.2291,0.5271,-0.6544,100,0
LJ500_R142_C071,696750,9572250,2019,12,2019-12,0,0,0,0,1,0,0,0,0,1,0.6171,0.0882,0.3314,-0.5693,100,0
LJ500_R145_C054,688250,9573750,2019,12,2019-12,0,0,0.7423,0,0.2577,0,0,0,0,1,0.5599,0.0005,0.2419,-0.5417,18.4,0
LJ500_R147_C083,702750,9574750,2019,12,2019-12,0.3027,0,0,0,0.6973,0,0,0,0,1,0.6925,0.1352,0.4055,-0.6257,100,0
LJ500_R156_C028,675250,9579250,2019,12,2019-12,0.6724,0,0.3276,0,0,0,0,0,0,1,0.7287,0.1427,0.415,-0.6565,100,0
LJ500_R156_C067,694750,9579250,2019,12,2019-12,0,0,0,0,1,0,0,0,0,1,0.6348,0.1088,0.3747,-0.5917,100,0
LJ500_R156_C079,700750,9579250,2019,12,2019-12,1,0,0,0,0,0,0,0,0,1,0.5823,0.163,0.3947,-0.5466,51.52,0
LJ500_R157_C009,665750,9579750,2019,12,2019-12,0.0008,0,0.666,0,0.3333,0,0,0,0,1,0.6979,0.1107,0.3874,-0.6071,100,0
LJ500_R158_C065,693750,9580250,2019,12,2019-12,0,0,0.7476,0.135,0.1174,0,0,0,0,1,0.5935,0.0425,0.3005,-0.5755,100,0
LJ500_R160_C074,698250,9581250,2019,12,2019-12,0.325,0,0,0,0.675,0,0,0,0,1,0.6865,0.2485,0.5247,-0.6025,2.56,0
LJ500_R161_C066,694250,9581750,2019,12,2019-12,0,0,0.0311,0.0756,0.8933,0,0,0,0,1,0.5789,0.0941,0.3448,-0.538,100,0
LJ500_R164_C043,682750,9583250,2019,12,2019-12,0,0.6371,0,0,0.3629,0,0,0,0,1,0.5043,-0.064,0.1289,-0.5122,100,0
LJ500_R164_C059,690750,9583250,2019,12,2019-12,0.6643,0.3177,0.018,0,0,0,0,0,0,1,,,,,0,1
LJ500_R166_C072,697250,9584250,2019,12,2019-12,0,0,0,0,1,0,0,0,0,1,0.6944,0.1993,0.4704,-0.6146,99.84,0
LJ500_R167_C067,694750,9584750,2019,12,2019-12,0,0,0,0,1,0,0,0,0,1,0.6872,0.2497,0.5237,-0.5937,79.52,0
LJ500_R168_C045,683750,9585250,2019,12,2019-12,0.083,0.79,0,0,0.1269,0,0,0,0,1,0.54,0.0167,0.2751,-0.5429,83.04,0
LJ500_R173_C033,677750,9587750,2019,12,2019-12,0.0493,0.4112,0,0,0.5395,0,0,0,0,1,0.6276,0.0909,0.3539,-0.5866,100,0
LJ500_R178_C063,692750,9590250,2019,12,2019-12,0,0,0,0,1,0,0,0,0,1,0.7109,0.1954,0.4693,-0.6426,100,0
LJ500_R179_C046,684250,9590750,2019,12,2019-12,0,1,0,0,0,0,0,0,0,1,0.3922,-0.0193,0.217,-0.3966,1.92,0
LJ500_R180_C071,696750,9591250,2019,12,2019-12,0.1157,0,0.1808,0,0.7035,0,0,0,0,1,0.6641,0.1306,0.4102,-0.6302,30.88,0
LJ500_R183_C039,680750,9592750,2019,12,2019-12,0,1,0,0,0,0,0,0,0,1,,,,,0,1
LJ500_R184_C039,680750,9593250,2019,12,2019-12,0,1,0,0,0,0,0,0,0,1,,,,,0,1
LJ500_R184_C066,694250,9593250,2019,12,2019-12,0.0203,0,0,0,0.9797,0,0,0,0,1,0.5859,0.1695,0.4217,-0.547,66.85,0
LJ500_R006_C075,698750,9504250,2020,1,2020-01,0.4991,0,0.5009,0,0,0,0,0,0,1,0.743,0.3633,0.6421,-0.6479,25.28,0
LJ500_R011_C068,695250,9506750,2020,1,2020-01,1,0,0,0,0,0,0,0,0,1,,,,,0,1
LJ500_R012_C055,688750,9507250,2020,1,2020-01,1,0,0,0,0,0,0,0,0,1,0.6646,0.3284,0.5775,-0.6085,7.84,0
LJ500_R020_C061,691750,9511250,2020,1,2020-01,0,0,1,0,0,0,0,0,0,1,0.5664,0.0569,0.2929,-0.4993,94.08,0
LJ500_R033_C056,689250,9517750,2020,1,2020-01,0.7601,0,0.2399,0,0,0,0,0,0,1,0.5746,0.2431,0.4798,-0.4662,7.52,0
LJ500_R035_C085,703750,9518750,2020,1,2020-01,0,0,0.6992,0,0.3008,0,0,0,0,1,0.7742,0.2223,0.516,-0.6826,76.8,0
LJ500_R039_C072,697250,9520750,2020,1,2020-01,0,0,0.019,0,0.972,0,0,0.0089,0,1,0.654,0.2004,0.4416,-0.5689,100,0
LJ500_R040_C060,691250,9521250,2020,1,2020-01,0.0093,0,0.9907,0,0,0,0,0,0,1,0.5728,0.0127,0.2522,-0.5192,100,0
LJ500_R041_C061,691750,9521750,2020,1,2020-01,0.6217,0,0.3783,0,0,0,0,0,0,1,0.7597,0.1968,0.4736,-0.6315,100,0
LJ500_R043_C058,690250,9522750,2020,1,2020-01,0,0,0.6724,0,0,0,0,0.3276,0,1,0.3945,-0.1246,0.0016,-0.3916,100,0
LJ500_R045_C083,702750,9523750,2020,1,2020-01,0.0975,0,0.9025,0,0,0,0,0,0,1,0.7553,0.1802,0.4639,-0.6635,100,0
LJ500_R046_C064,693250,9524250,2020,1,2020-01,0,0,0.1216,0,0,0.2178,0,0.6606,0,1,0.4567,-0.0121,0.1792,-0.4312,100,0
LJ500_R048_C071,696750,9525250,2020,1,2020-01,0,0,1,0,0,0,0,0,0,1,0.4825,-0.1021,0.1179,-0.475,100,0
LJ500_R050_C095,708750,9526250,2020,1,2020-01,0.2432,0.6234,0.1334,0,0,0,0,0,0,1,0.5571,0.1876,0.4326,-0.5212,17.44,0
LJ500_R056_C049,685750,9529250,2020,1,2020-01,0,0,1,0,0,0,0,0,0,1,0.3936,-0.0511,0.172,-0.3678,11.52,0
LJ500_R058_C079,700750,9530250,2020,1,2020-01,0,0,0.7206,0,0.2794,0,0,0,0,1,0.745,0.1597,0.4484,-0.6512,100,0
LJ500_R063_C060,691250,9532750,2020,1,2020-01,0,0,0.4901,0,0.4472,0.0627,0,0,0,1,0.7039,0.193,0.4619,-0.6136,100,0
LJ500_R064_C084,703250,9533250,2020,1,2020-01,0.235,0,0.7298,0,0.0352,0,0,0,0,1,0.8367,0.3265,0.6376,-0.7149,100,0
LJ500_R069_C057,689750,9535750,2020,1,2020-01,0,0,0.1213,0,0.8787,0,0,0,0,1,0.4401,-0.0652,0.1256,-0.4561,100,0
LJ500_R072_C062,692250,9537250,2020,1,2020-01,0,0,0.4122,0,0.5878,0,0,0,0,1,0.567,0.021,0.2371,-0.5265,100,0
LJ500_R072_C095,708750,9537250,2020,1,2020-01,0.7205,0.2795,0,0,0,0,0,0,0,1,,,,,0,1
LJ500_R074_C074,698250,9538250,2020,1,2020-01,0,0,0.1778,0,0.8222,0,0,0,0,1,0.6595,0.1764,0.42,-0.5803,100,0
LJ500_R078_C076,699250,9540250,2020,1,2020-01,0.071,0,0.0635,0,0.8655,0,0,0,0,1,0.728,0.1923,0.4871,-0.6136,100,0
LJ500_R079_C076,699250,9540750,2020,1,2020-01,0,0,0,0,0.9922,0.0078,0,0,0,1,0.7604,0.2366,0.5249,-0.6522,100,0
LJ500_R093_C071,696750,9547750,2020,1,2020-01,0.1849,0,0,0,0.8151,0,0,0,0,1,0.7173,0.2357,0.5224,-0.6306,100,0
LJ500_R093_C073,697750,9547750,2020,1,2020-01,0.0013,0,0.5724,0,0.4263,0,0,0,0,1,0.7455,0.2364,0.5275,-0.6529,68.16,0
LJ500_R096_C074,698250,9549250,2020,1,2020-01,0.4564,0,0.2184,0.311,0.0142,0,0,0,0,1,0.7531,0.2432,0.5389,-0.6594,100,0
LJ500_R098_C085,703750,9550250,2020,1,2020-01,1,0,0,0,0,0,0,0,0,1,0.8384,0.3668,0.6582,-0.7557,9.76,0
LJ500_R101_C091,706750,9551750,2020,1,2020-01,0.0455,0.9545,0,0,0,0,0,0,0,1,0.6664,0.1739,0.4508,-0.6539,100,0
LJ500_R106_C080,701250,9554250,2020,1,2020-01,0,0,0.2691,0.5021,0.2289,0,0,0,0,1,0.7001,0.1866,0.4712,-0.6321,70.56,0
LJ500_R108_C065,693750,9555250,2020,1,2020-01,0,0,0.0703,0.9297,0,0,0,0,0,1,0.7953,0.3097,0.589,-0.7025,100,0
LJ500_R109_C088,705250,9555750,2020,1,2020-01,1,0,0,0,0,0,0,0,0,1,0.7046,0.2706,0.5503,-0.6226,100,0
LJ500_R119_C079,700750,9560750,2020,1,2020-01,0,0,0.0076,0,0.8026,0.1897,0,0,0,1,0.7173,0.1895,0.4663,-0.6365,100,0
LJ500_R122_C070,696250,9562250,2020,1,2020-01,0,0,0,0,0.635,0.365,0,0,0,1,0.5832,0.1574,0.3805,-0.5298,76,0
LJ500_R125_C065,693750,9563750,2020,1,2020-01,0,0,0.0771,0,0.9229,0,0,0,0,1,0.627,0.0957,0.3441,-0.5872,100,0
LJ500_R131_C053,687750,9566750,2020,1,2020-01,0,0,0.1735,0,0.8265,0,0,0,0,1,0.7009,0.2221,0.472,-0.61,100,0
LJ500_R132_C080,701250,9567250,2020,1,2020-01,0.9327,0,0.0078,0,0.0594,0,0,0,0,1,0.8047,0.3,0.6017,-0.7257,100,0
LJ500_R138_C087,704750,9570250,2020,1,2020-01,0.2364,0,0.5005,0,0.2631,0,0,0,0,1,0.7698,0.2588,0.5559,-0.6596,100,0
LJ500_R142_C071,696750,9572250,2020,1,2020-01,0,0,0,0,1,0,0,0,0,1,0.6407,0.1146,0.376,-0.5856,100,0
LJ500_R145_C054,688250,9573750,2020,1,2020-01,0,0,0.7423,0,0.2577,0,0,0,0,1,0.631,0.0478,0.312,-0.6109,100,0
LJ500_R147_C083,702750,9574750,2020,1,2020-01,0.3027,0,0,0,0.6973,0,0,0,0,1,0.6994,0.1466,0.4217,-0.6323,100,0
LJ500_R156_C028,675250,9579250,2020,1,2020-01,0.6724,0,0.3276,0,0,0,0,0,0,1,0.7819,0.2036,0.4995,-0.6927,100,0
LJ500_R156_C067,694750,9579250,2020,1,2020-01,0,0,0,0,1,0,0,0,0,1,0.6448,0.1211,0.3986,-0.6025,100,0
LJ500_R156_C079,700750,9579250,2020,1,2020-01,1,0,0,0,0,0,0,0,0,1,0.7169,0.2373,0.5215,-0.6705,100,0
LJ500_R157_C009,665750,9579750,2020,1,2020-01,0.0008,0,0.666,0,0.3333,0,0,0,0,1,0.7825,0.1808,0.4896,-0.6679,100,0
LJ500_R158_C065,693750,9580250,2020,1,2020-01,0,0,0.7476,0.135,0.1174,0,0,0,0,1,0.6175,0.0614,0.3351,-0.5969,100,0
LJ500_R160_C074,698250,9581250,2020,1,2020-01,0.325,0,0,0,0.675,0,0,0,0,1,0.7812,0.2248,0.5302,-0.6947,56.96,0
LJ500_R161_C066,694250,9581750,2020,1,2020-01,0,0,0.0311,0.0756,0.8933,0,0,0,0,1,0.5399,0.0694,0.3156,-0.5221,52.32,0
LJ500_R164_C043,682750,9583250,2020,1,2020-01,0,0.6371,0,0,0.3629,0,0,0,0,1,0.5115,-0.0205,0.2041,-0.5072,100,0
LJ500_R164_C059,690750,9583250,2020,1,2020-01,0.6643,0.3177,0.018,0,0,0,0,0,0,1,0.751,0.3291,0.5926,-0.6974,61.44,0
LJ500_R166_C072,697250,9584250,2020,1,2020-01,0,0,0,0,1,0,0,0,0,1,0.7433,0.2123,0.5053,-0.6585,100,0
LJ500_R167_C067,694750,9584750,2020,1,2020-01,0,0,0,0,1,0,0,0,0,1,0.7385,0.2349,0.5298,-0.6495,100,0
LJ500_R168_C045,683750,9585250,2020,1,2020-01,0.083,0.79,0,0,0.1269,0,0,0,0,1,0.5666,0.048,0.3246,-0.5604,100,0
LJ500_R173_C033,677750,9587750,2020,1,2020-01,0.0493,0.4112,0,0,0.5395,0,0,0,0,1,0.6286,0.1011,0.3856,-0.5686,100,0
LJ500_R178_C063,692750,9590250,2020,1,2020-01,0,0,0,0,1,0,0,0,0,1,0.74,0.3167,0.5659,-0.6609,32.96,0
LJ500_R179_C046,684250,9590750,2020,1,2020-01,0,1,0,0,0,0,0,0,0,1,0.4301,-0.11,0.1518,-0.4722,85.6,0
LJ500_R180_C071,696750,9591250,2020,1,2020-01,0.1157,0,0.1808,0,0.7035,0,0,0,0,1,0.6645,0.1294,0.4184,-0.6349,35.2,0
LJ500_R183_C039,680750,9592750,2020,1,2020-01,0,1,0,0,0,0,0,0,0,1,0.4051,-0.1457,0.1012,-0.448,100,0
LJ500_R184_C039,680750,9593250,2020,1,2020-01,0,1,0,0,0,0,0,0,0,1,0.4167,-0.036,0.1896,-0.4232,100,0
LJ500_R184_C066,694250,9593250,2020,1,2020-01,0.0203,0,0,0,0.9797,0,0,0,0,1,0.6676,0.2532,0.5296,-0.607,43.47,0
LJ500_R006_C075,698750,9504250,2020,2,2020-02,0.4991,0,0.5009,0,0,0,0,0,0,1,,,,,0,1
LJ500_R011_C068,695250,9506750,2020,2,2020-02,1,0,0,0,0,0,0,0,0,1,0.8164,0.3211,0.6145,-0.7373,100,0
LJ500_R012_C055,688750,9507250,2020,2,2020-02,1,0,0,0,0,0,0,0,0,1,0.7688,0.3393,0.6045,-0.7054,100,0
LJ500_R020_C061,691750,9511250,2020,2,2020-02,0,0,1,0,0,0,0,0,0,1,0.7005,0.108,0.3781,-0.6159,100,0
LJ500_R033_C056,689250,9517750,2020,2,2020-02,0.7601,0,0.2399,0,0,0,0,0,0,1,0.6719,0.2322,0.4779,-0.5618,52.8,0
LJ500_R035_C085,703750,9518750,2020,2,2020-02,0,0,0.6992,0,0.3008,0,0,0,0,1,0.8147,0.2469,0.5467,-0.7167,100,0
LJ500_R039_C072,697250,9520750,2020,2,2020-02,0,0,0.019,0,0.972,0,0,0.0089,0,1,0.6651,0.2075,0.445,-0.5845,100,0
LJ500_R040_C060,691250,9521250,2020,2,2020-02,0.0093,0,0.9907,0,0,0,0,0,0,1,0.6418,0.0591,0.3103,-0.5727,100,0
LJ500_R041_C061,691750,9521750,2020,2,2020-02,0.6217,0,0.3783,0,0,0,0,0,0,1,0.7986,0.2391,0.528,-0.6738,100,0
LJ500_R043_C058,690250,9522750,2020,2,2020-02,0,0,0.6724,0,0,0,0,0.3276,0,1,0.4707,-0.0722,0.0736,-0.4552,100,0
LJ500_R045_C083,702750,9523750,2020,2,2020-02,0.0975,0,0.9025,0,0,0,0,0,0,1,0.7648,0.219,0.4994,-0.6665,100,0
LJ500_R046_C064,693250,9524250,2020,2,2020-02,0,0,0.1216,0,0,0.2178,0,0.6606,0,1,0.5257,0.0409,0.232,-0.4908,100,0
LJ500_R048_C071,696750,9525250,2020,2,2020-02,0,0,1,0,0,0,0,0,0,1,0.5043,-0.0959,0.1035,-0.5041,100,0
LJ500_R050_C095,708750,9526250,2020,2,2020-02,0.2432,0.6234,0.1334,0,0,0,0,0,0,1,0.6748,0.2091,0.4877,-0.6361,86.08,0
LJ500_R056_C049,685750,9529250,2020,2,2020-02,0,0,1,0,0,0,0,0,0,1,0.5388,-0.0625,0.1557,-0.5203,100,0
LJ500_R058_C079,700750,9530250,2020,2,2020-02,0,0,0.7206,0,0.2794,0,0,0,0,1,0.7617,0.1722,0.457,-0.6713,100,0
LJ500_R063_C060,691250,9532750,2020,2,2020-02,0,0,0.4901,0,0.4472,0.0627,0,0,0,1,0.5361,0.0548,0.2572,-0.5235,100,0
LJ500_R064_C084,703250,9533250,2020,2,2020-02,0.235,0,0.7298,0,0.0352,0,0,0,0,1,0.8728,0.3262,0.6354,-0.7654,100,0
LJ500_R069_C057,689750,9535750,2020,2,2020-02,0,0,0.1213,0,0.8787,0,0,0,0,1,0.4434,-0.0569,0.1256,-0.4603,100,0
LJ500_R072_C062,692250,9537250,2020,2,2020-02,0,0,0.4122,0,0.5878,0,0,0,0,1,0.5826,0.0377,0.2517,-0.5395,100,0
LJ500_R072_C095,708750,9537250,2020,2,2020-02,0.7205,0.2795,0,0,0,0,0,0,0,1,0.7052,0.2991,0.5647,-0.6428,65.92,0
LJ500_R074_C074,698250,9538250,2020,2,2020-02,0,0,0.1778,0,0.8222,0,0,0,0,1,0.6718,0.1979,0.4506,-0.5789,100,0
LJ500_R078_C076,699250,9540250,2020,2,2020-02,0.071,0,0.0635,0,0.8655,0,0,0,0,1,0.742,0.1917,0.4825,-0.6331,100,0
LJ500_R079_C076,699250,9540750,2020,2,2020-02,0,0,0,0,0.9922,0.0078,0,0,0,1,0.7955,0.2379,0.5214,-0.6984,100,0
LJ500_R093_C071,696750,9547750,2020,2,2020-02,0.1849,0,0,0,0.8151,0,0,0,0,1,0.7693,0.2387,0.5273,-0.6922,100,0
LJ500_R093_C073,697750,9547750,2020,2,2020-02,0.0013,0,0.5724,0,0.4263,0,0,0,0,1,0.7754,0.2091,0.5036,-0.6936,100,0
LJ500_R096_C074,698250,9549250,2020,2,2020-02,0.4564,0,0.2184,0.311,0.0142,0,0,0,0,1,0.7837,0.2321,0.5205,-0.7065,100,0
LJ500_R098_C085,703750,9550250,2020,2,2020-02,1,0,0,0,0,0,0,0,0,1,0.7993,0.3313,0.6148,-0.7257,100,0
LJ500_R101_C091,706750,9551750,2020,2,2020-02,0.0455,0.9545,0,0,0,0,0,0,0,1,0.6999,0.1892,0.4606,-0.687,100,0
LJ500_R106_C080,701250,9554250,2020,2,2020-02,0,0,0.2691,0.5021,0.2289,0,0,0,0,1,0.7334,0.1973,0.4864,-0.6672,100,0
LJ500_R108_C065,693750,9555250,2020,2,2020-02,0,0,0.0703,0.9297,0,0,0,0,0,1,0.7884,0.3108,0.5886,-0.6971,100,0
LJ500_R109_C088,705250,9555750,2020,2,2020-02,1,0,0,0,0,0,0,0,0,1,0.7973,0.2827,0.5719,-0.7261,100,0
LJ500_R119_C079,700750,9560750,2020,2,2020-02,0,0,0.0076,0,0.8026,0.1897,0,0,0,1,0.7391,0.2212,0.4994,-0.6469,100,0
LJ500_R122_C070,696250,9562250,2020,2,2020-02,0,0,0,0,0.635,0.365,0,0,0,1,0.6435,0.1742,0.3972,-0.5823,100,0
LJ500_R125_C065,693750,9563750,2020,2,2020-02,0,0,0.0771,0,0.9229,0,0,0,0,1,0.642,0.1162,0.3627,-0.5899,100,0
LJ500_R131_C053,687750,9566750,2020,2,2020-02,0,0,0.1735,0,0.8265,0,0,0,0,1,0.7196,0.2326,0.4877,-0.6301,100,0
LJ500_R132_C080,701250,9567250,2020,2,2020-02,0.9327,0,0.0078,0,0.0594,0,0,0,0,1,0.8438,0.3464,0.6457,-0.7555,81.76,0
LJ500_R138_C087,704750,9570250,2020,2,2020-02,0.2364,0,0.5005,0,0.2631,0,0,0,0,1,0.7912,0.2695,0.5694,-0.6785,100,0
LJ500_R142_C071,696750,9572250,2020,2,2020-02,0,0,0,0,1,0,0,0,0,1,0.6428,0.1133,0.3761,-0.5822,100,0
LJ500_R145_C054,688250,9573750,2020,2,2020-02,0,0,0.7423,0,0.2577,0,0,0,0,1,,,,,0,1
LJ500_R147_C083,702750,9574750,2020,2,2020-02,0.3027,0,0,0,0.6973,0,0,0,0,1,0.7111,0.1738,0.4527,-0.6378,100,0
LJ500_R156_C028,675250,9579250,2020,2,2020-02,0.6724,0,0.3276,0,0,0,0,0,0,1,0.5696,0.1944,0.3944,-0.443,0.32,0
LJ500_R156_C067,694750,9579250,2020,2,2020-02,0,0,0,0,1,0,0,0,0,1,0.6229,0.1402,0.4134,-0.5773,65.12,0
LJ500_R156_C079,700750,9579250,2020,2,2020-02,1,0,0,0,0,0,0,0,0,1,0.5309,0.1567,0.3532,-0.5098,4.96,0
LJ500_R157_C009,665750,9579750,2020,2,2020-02,0.0008,0,0.666,0,0.3333,0,0,0,0,1,0.6973,0.252,0.5457,-0.5738,99.68,0
LJ500_R158_C065,693750,9580250,2020,2,2020-02,0,0,0.7476,0.135,0.1174,0,0,0,0,1,0.6114,0.0694,0.337,-0.585,100,0
LJ500_R160_C074,698250,9581250,2020,2,2020-02,0.325,0,0,0,0.675,0,0,0,0,1,0.7052,0.362,0.6404,-0.5844,7.04,0
LJ500_R161_C066,694250,9581750,2020,2,2020-02,0,0,0.0311,0.0756,0.8933,0,0,0,0,1,0.6053,0.1149,0.3681,-0.5623,100,0
LJ500_R164_C043,682750,9583250,2020,2,2020-02,0,0.6371,0,0,0.3629,0,0,0,0,1,0.5421,0.0454,0.275,-0.5152,100,0
LJ500_R164_C059,690750,9583250,2020,2,2020-02,0.6643,0.3177,0.018,0,0,0,0,0,0,1,0.7384,0.2544,0.5283,-0.6945,16.96,0
LJ500_R166_C072,697250,9584250,2020,2,2020-02,0,0,0,0,1,0,0,0,0,1,0.7386,0.2927,0.5828,-0.6379,8.32,0
LJ500_R167_C067,694750,9584750,2020,2,2020-02,0,0,0,0,1,0,0,0,0,1,0.7642,0.243,0.5344,-0.6734,100,0
LJ500_R168_C045,683750,9585250,2020,2,2020-02,0.083,0.79,0,0,0.1269,0,0,0,0,1,0.5967,0.0618,0.3332,-0.5888,100,0
LJ500_R173_C033,677750,9587750,2020,2,2020-02,0.0493,0.4112,0,0,0.5395,0,0,0,0,1,0.6841,0.1386,0.4156,-0.6277,58.88,0
LJ500_R178_C063,692750,9590250,2020,2,2020-02,0,0,0,0,1,0,0,0,0,1,0.7538,0.2494,0.533,-0.6757,100,0
LJ500_R179_C046,684250,9590750,2020,2,2020-02,0,1,0,0,0,0,0,0,0,1,0.4483,-0.0887,0.1533,-0.4885,24.96,0
LJ500_R180_C071,696750,9591250,2020,2,2020-02,0.1157,0,0.1808,0,0.7035,0,0,0,0,1,0.6715,0.1902,0.4665,-0.6329,27.52,0
LJ500_R183_C039,680750,9592750,2020,2,2020-02,0,1,0,0,0,0,0,0,0,1,0.3722,-0.1175,0.1223,-0.4165,28.7,0
LJ500_R184_C039,680750,9593250,2020,2,2020-02,0,1,0,0,0,0,0,0,0,1,,,,,0,1
LJ500_R184_C066,694250,9593250,2020,2,2020-02,0.0203,0,0,0,0.9797,0,0,0,0,1,0.6941,0.1872,0.4674,-0.651,100,0
LJ500_R006_C075,698750,9504250,2020,3,2020-03,0.4991,0,0.5009,0,0,0,0,0,0,1,0.7482,0.3542,0.6266,-0.6575,18.4,0
LJ500_R011_C068,695250,9506750,2020,3,2020-03,1,0,0,0,0,0,0,0,0,1,0.7857,0.3181,0.6077,-0.704,100,0
LJ500_R012_C055,688750,9507250,2020,3,2020-03,1,0,0,0,0,0,0,0,0,1,,,,,0,1
LJ500_R020_C061,691750,9511250,2020,3,2020-03,0,0,1,0,0,0,0,0,0,1,0.6739,0.1268,0.3994,-0.5783,99.2,0
LJ500_R033_C056,689250,9517750,2020,3,2020-03,0.7601,0,0.2399,0,0,0,0,0,0,1,0.7316,0.2249,0.4851,-0.6361,100,0
LJ500_R035_C085,703750,9518750,2020,3,2020-03,0,0,0.6992,0,0.3008,0,0,0,0,1,0.7771,0.2479,0.5442,-0.6859,100,0
LJ500_R039_C072,697250,9520750,2020,3,2020-03,0,0,0.019,0,0.972,0,0,0.0089,0,1,0.6508,0.1815,0.4204,-0.5867,100,0
LJ500_R040_C060,691250,9521250,2020,3,2020-03,0.0093,0,0.9907,0,0,0,0,0,0,1,0.6431,0.0632,0.3092,-0.5911,100,0
LJ500_R041_C061,691750,9521750,2020,3,2020-03,0.6217,0,0.3783,0,0,0,0,0,0,1,0.7933,0.2385,0.5228,-0.6895,100,0
LJ500_R043_C058,690250,9522750,2020,3,2020-03,0,0,0.6724,0,0,0,0,0.3276,0,1,0.5131,-0.0288,0.1343,-0.4974,100,0
LJ500_R045_C083,702750,9523750,2020,3,2020-03,0.0975,0,0.9025,0,0,0,0,0,0,1,0.6773,0.2088,0.4894,-0.5652,0.32,0
LJ500_R046_C064,693250,9524250,2020,3,2020-03,0,0,0.1216,0,0,0.2178,0,0.6606,0,1,0.5366,0.0573,0.2544,-0.5032,100,0
LJ500_R048_C071,696750,9525250,2020,3,2020-03,0,0,1,0,0,0,0,0,0,1,0.6954,0.1705,0.4202,-0.5952,2.56,0
LJ500_R050_C095,708750,9526250,2020,3,2020-03,0.2432,0.6234,0.1334,0,0,0,0,0,0,1,0.7465,0.2486,0.5394,-0.6931,100,0
LJ500_R056_C049,685750,9529250,2020,3,2020-03,0,0,1,0,0,0,0,0,0,1,0.5509,-0.0248,0.1987,-0.5271,100,0
LJ500_R058_C079,700750,9530250,2020,3,2020-03,0,0,0.7206,0,0.2794,0,0,0,0,1,0.7272,0.1812,0.4683,-0.6359,100,0
LJ500_R063_C060,691250,9532750,2020,3,2020-03,0,0,0.4901,0,0.4472,0.0627,0,0,0,1,0.5957,0.1005,0.3112,-0.5594,100,0
LJ500_R064_C084,703250,9533250,2020,3,2020-03,0.235,0,0.7298,0,0.0352,0,0,0,0,1,0.8227,0.3257,0.6281,-0.7216,100,0
LJ500_R069_C057,689750,9535750,2020,3,2020-03,0,0,0.1213,0,0.8787,0,0,0,0,1,0.4928,-0.0052,0.1967,-0.493,100,0
LJ500_R072_C062,692250,9537250,2020,3,2020-03,0,0,0.4122,0,0.5878,0,0,0,0,1,0.6051,0.0899,0.3168,-0.5547,100,0
LJ500_R072_C095,708750,9537250,2020,3,2020-03,0.7205,0.2795,0,0,0,0,0,0,0,1,0.7906,0.3311,0.6102,-0.7053,62.4,0
LJ500_R074_C074,698250,9538250,2020,3,2020-03,0,0,0.1778,0,0.8222,0,0,0,0,1,0.6741,0.1808,0.4297,-0.5931,100,0
LJ500_R078_C076,699250,9540250,2020,3,2020-03,0.071,0,0.0635,0,0.8655,0,0,0,0,1,0.7453,0.1733,0.4634,-0.6412,100,0
LJ500_R079_C076,699250,9540750,2020,3,2020-03,0,0,0,0,0.9922,0.0078,0,0,0,1,0.7899,0.2247,0.5068,-0.6943,100,0
LJ500_R093_C071,696750,9547750,2020,3,2020-03,0.1849,0,0,0,0.8151,0,0,0,0,1,0.7914,0.274,0.5589,-0.7043,100,0
LJ500_R093_C073,697750,9547750,2020,3,2020-03,0.0013,0,0.5724,0,0.4263,0,0,0,0,1,0.7487,0.1961,0.4836,-0.6734,100,0
LJ500_R096_C074,698250,9549250,2020,3,2020-03,0.4564,0,0.2184,0.311,0.0142,0,0,0,0,1,0.79,0.2343,0.5213,-0.7141,100,0
LJ500_R098_C085,703750,9550250,2020,3,2020-03,1,0,0,0,0,0,0,0,0,1,0.8038,0.3455,0.6236,-0.7226,78.56,0
LJ500_R101_C091,706750,9551750,2020,3,2020-03,0.0455,0.9545,0,0,0,0,0,0,0,1,,,,,0,1
LJ500_R106_C080,701250,9554250,2020,3,2020-03,0,0,0.2691,0.5021,0.2289,0,0,0,0,1,0.7215,0.1894,0.4689,-0.6632,100,0
LJ500_R108_C065,693750,9555250,2020,3,2020-03,0,0,0.0703,0.9297,0,0,0,0,0,1,0.7596,0.2863,0.546,-0.6715,100,0
LJ500_R109_C088,705250,9555750,2020,3,2020-03,1,0,0,0,0,0,0,0,0,1,0.7531,0.2747,0.5542,-0.6805,100,0
LJ500_R119_C079,700750,9560750,2020,3,2020-03,0,0,0.0076,0,0.8026,0.1897,0,0,0,1,0.6577,0.1989,0.4509,-0.5811,100,0
LJ500_R122_C070,696250,9562250,2020,3,2020-03,0,0,0,0,0.635,0.365,0,0,0,1,0.634,0.1796,0.4093,-0.5687,70.24,0
LJ500_R125_C065,693750,9563750,2020,3,2020-03,0,0,0.0771,0,0.9229,0,0,0,0,1,0.5988,0.1529,0.3914,-0.54,6.72,0
LJ500_R131_C053,687750,9566750,2020,3,2020-03,0,0,0.1735,0,0.8265,0,0,0,0,1,0.6893,0.203,0.4479,-0.6206,100,0
LJ500_R132_C080,701250,9567250,2020,3,2020-03,0.9327,0,0.0078,0,0.0594,0,0,0,0,1,0.7395,0.3036,0.5711,-0.6678,78.24,0
LJ500_R138_C087,704750,9570250,2020,3,2020-03,0.2364,0,0.5005,0,0.2631,0,0,0,0,1,0.7401,0.2505,0.5467,-0.629,100,0
LJ500_R142_C071,696750,9572250,2020,3,2020-03,0,0,0,0,1,0,0,0,0,1,0.6273,0.1159,0.3613,-0.5734,64.96,0
LJ500_R145_C054,688250,9573750,2020,3,2020-03,0,0,0.7423,0,0.2577,0,0,0,0,1,0.6153,0.0682,0.3241,-0.5927,100,0
LJ500_R147_C083,702750,9574750,2020,3,2020-03,0.3027,0,0,0,0.6973,0,0,0,0,1,0.6745,0.1629,0.4287,-0.6093,71.2,0
LJ500_R156_C028,675250,9579250,2020,3,2020-03,0.6724,0,0.3276,0,0,0,0,0,0,1,0.7988,0.2278,0.5293,-0.7053,99.84,0
LJ500_R156_C067,694750,9579250,2020,3,2020-03,0,0,0,0,1,0,0,0,0,1,0.6643,0.1506,0.4309,-0.61,100,0
LJ500_R156_C079,700750,9579250,2020,3,2020-03,1,0,0,0,0,0,0,0,0,1,0.7423,0.2581,0.5364,-0.6978,100,0
LJ500_R157_C009,665750,9579750,2020,3,2020-03,0.0008,0,0.666,0,0.3333,0,0,0,0,1,0.7667,0.2407,0.5406,-0.6478,97.92,0
LJ500_R158_C065,693750,9580250,2020,3,2020-03,0,0,0.7476,0.135,0.1174,0,0,0,0,1,0.5999,0.0508,0.3123,-0.5859,100,0
LJ500_R160_C074,698250,9581250,2020,3,2020-03,0.325,0,0,0,0.675,0,0,0,0,1,0.775,0.2395,0.5372,-0.6987,100,0
LJ500_R161_C066,694250,9581750,2020,3,2020-03,0,0,0.0311,0.0756,0.8933,0,0,0,0,1,0.6271,0.1119,0.3631,-0.5879,100,0
LJ500_R164_C043,682750,9583250,2020,3,2020-03,0,0.6371,0,0,0.3629,0,0,0,0,1,0.5744,0.0259,0.2506,-0.5625,100,0
LJ500_R164_C059,690750,9583250,2020,3,2020-03,0.6643,0.3177,0.018,0,0,0,0,0,0,1,0.7171,0.2777,0.5379,-0.6723,35.68,0
LJ500_R166_C072,697250,9584250,2020,3,2020-03,0,0,0,0,1,0,0,0,0,1,0.7239,0.1982,0.4823,-0.644,100,0
LJ500_R167_C067,694750,9584750,2020,3,2020-03,0,0,0,0,1,0,0,0,0,1,0.7538,0.2309,0.5219,-0.6663,100,0
LJ500_R168_C045,683750,9585250,2020,3,2020-03,0.083,0.79,0,0,0.1269,0,0,0,0,1,0.5797,0.0635,0.3282,-0.5797,100,0
LJ500_R173_C033,677750,9587750,2020,3,2020-03,0.0493,0.4112,0,0,0.5395,0,0,0,0,1,0.6913,0.1482,0.4262,-0.6425,100,0
LJ500_R178_C063,692750,9590250,2020,3,2020-03,0,0,0,0,1,0,0,0,0,1,0.7178,0.2208,0.4968,-0.6511,100,0
LJ500_R179_C046,684250,9590750,2020,3,2020-03,0,1,0,0,0,0,0,0,0,1,0.4879,-0.0964,0.1588,-0.5458,100,0
LJ500_R180_C071,696750,9591250,2020,3,2020-03,0.1157,0,0.1808,0,0.7035,0,0,0,0,1,0.7031,0.1976,0.477,-0.6613,100,0
LJ500_R183_C039,680750,9592750,2020,3,2020-03,0,1,0,0,0,0,0,0,0,1,0.4577,-0.1497,0.0933,-0.5327,100,0
LJ500_R184_C039,680750,9593250,2020,3,2020-03,0,1,0,0,0,0,0,0,0,1,0.4554,-0.0536,0.185,-0.4746,100,0
LJ500_R184_C066,694250,9593250,2020,3,2020-03,0.0203,0,0,0,0.9797,0,0,0,0,1,0.6763,0.1817,0.4585,-0.6335,100,0
LJ500_R006_C075,698750,9504250,2020,4,2020-04,0.4991,0,0.5009,0,0,0,0,0,0,1,0.7527,0.3392,0.6061,-0.6706,79.2,0
LJ500_R011_C068,695250,9506750,2020,4,2020-04,1,0,0,0,0,0,0,0,0,1,0.6697,0.31,0.5545,-0.613,84.48,0
LJ500_R012_C055,688750,9507250,2020,4,2020-04,1,0,0,0,0,0,0,0,0,1,0.6804,0.3231,0.5671,-0.6317,100,0
LJ500_R020_C061,691750,9511250,2020,4,2020-04,0,0,1,0,0,0,0,0,0,1,0.6559,0.14,0.4028,-0.5833,100,0
LJ500_R033_C056,689250,9517750,2020,4,2020-04,0.7601,0,0.2399,0,0,0,0,0,0,1,0.7727,0.2498,0.5235,-0.6675,100,0
LJ500_R035_C085,703750,9518750,2020,4,2020-04,0,0,0.6992,0,0.3008,0,0,0,0,1,0.8258,0.2712,0.5715,-0.7315,100,0
LJ500_R039_C072,697250,9520750,2020,4,2020-04,0,0,0.019,0,0.972,0,0,0.0089,0,1,0.6584,0.2038,0.4503,-0.5865,100,0
LJ500_R040_C060,691250,9521250,2020,4,2020-04,0.0093,0,0.9907,0,0,0,0,0,0,1,0.6389,0.0592,0.3213,-0.6025,100,0
LJ500_R041_C061,691750,9521750,2020,4,2020-04,0.6217,0,0.3783,0,0,0,0,0,0,1,0.8277,0.247,0.5435,-0.7202,100,0
LJ500_R043_C058,690250,9522750,2020,4,2020-04,0,0,0.6724,0,0,0,0,0.3276,0,1,0.5663,0.0296,0.2443,-0.539,100,0
LJ500_R045_C083,702750,9523750,2020,4,2020-04,0.0975,0,0.9025,0,0,0,0,0,0,1,0.8324,0.2654,0.5597,-0.7313,100,0
LJ500_R046_C064,693250,9524250,2020,4,2020-04,0,0,0.1216,0,0,0.2178,0,0.6606,0,1,0.5535,0.0849,0.3019,-0.5128,100,0
LJ500_R048_C071,696750,9525250,2020,4,2020-04,0,0,1,0,0,0,0,0,0,1,0.4808,-0.0333,0.1344,-0.4458,100,0
LJ500_R050_C095,708750,9526250,2020,4,2020-04,0.2432,0.6234,0.1334,0,0,0,0,0,0,1,0.7928,0.2971,0.5888,-0.7436,49.76,0
LJ500_R056_C049,685750,9529250,2020,4,2020-04,0,0,1,0,0,0,0,0,0,1,0.5555,0.0193,0.2587,-0.5199,100,0
LJ500_R058_C079,700750,9530250,2020,4,2020-04,0,0,0.7206,0,0.2794,0,0,0,0,1,0.6796,0.1969,0.4571,-0.613,100,0
LJ500_R063_C060,691250,9532750,2020,4,2020-04,0,0,0.4901,0,0.4472,0.0627,0,0,0,1,0.7259,0.208,0.4713,-0.6426,100,0
LJ500_R064_C084,703250,9533250,2020,4,2020-04,0.235,0,0.7298,0,0.0352,0,0,0,0,1,0.71,0.3088,0.5627,-0.6366,89.44,0
LJ500_R069_C057,689750,9535750,2020,4,2020-04,0,0,0.1213,0,0.8787,0,0,0,0,1,0.6082,0.0906,0.3399,-0.5637,100,0
LJ500_R072_C062,692250,9537250,2020,4,2020-04,0,0,0.4122,0,0.5878,0,0,0,0,1,0.6383,0.1578,0.397,-0.5776,100,0
LJ500_R072_C095,708750,9537250,2020,4,2020-04,0.7205,0.2795,0,0,0,0,0,0,0,1,0.5162,0.2303,0.4093,-0.4738,6.72,0
LJ500_R074_C074,698250,9538250,2020,4,2020-04,0,0,0.1778,0,0.8222,0,0,0,0,1,0.6241,0.196,0.4299,-0.5556,100,0
LJ500_R078_C076,699250,9540250,2020,4,2020-04,0.071,0,0.0635,0,0.8655,0,0,0,0,1,0.6868,0.2568,0.5434,-0.567,36.48,0
LJ500_R079_C076,699250,9540750,2020,4,2020-04,0,0,0,0,0.9922,0.0078,0,0,0,1,0.7042,0.2493,0.5394,-0.5799,15.04,0
LJ500_R093_C071,696750,9547750,2020,4,2020-04,0.1849,0,0,0,0.8151,0,0,0,0,1,,,,,0,1
LJ500_R093_C073,697750,9547750,2020,4,2020-04,0.0013,0,0.5724,0,0.4263,0,0,0,0,1,,,,,0,1
LJ500_R096_C074,698250,9549250,2020,4,2020-04,0.4564,0,0.2184,0.311,0.0142,0,0,0,0,1,,,,,0,1
LJ500_R098_C085,703750,9550250,2020,4,2020-04,1,0,0,0,0,0,0,0,0,1,,,,,0,1
LJ500_R101_C091,706750,9551750,2020,4,2020-04,0.0455,0.9545,0,0,0,0,0,0,0,1,,,,,0,1
LJ500_R106_C080,701250,9554250,2020,4,2020-04,0,0,0.2691,0.5021,0.2289,0,0,0,0,1,,,,,0,1
LJ500_R108_C065,693750,9555250,2020,4,2020-04,0,0,0.0703,0.9297,0,0,0,0,0,1,,,,,0,1
LJ500_R109_C088,705250,9555750,2020,4,2020-04,1,0,0,0,0,0,0,0,0,1,,,,,0,1
LJ500_R119_C079,700750,9560750,2020,4,2020-04,0,0,0.0076,0,0.8026,0.1897,0,0,0,1,0.7399,0.1802,0.458,-0.6682,100,0
LJ500_R122_C070,696250,9562250,2020,4,2020-04,0,0,0,0,0.635,0.365,0,0,0,1,0.621,0.1653,0.3938,-0.5707,99.52,0
LJ500_R125_C065,693750,9563750,2020,4,2020-04,0,0,0.0771,0,0.9229,0,0,0,0,1,0.6772,0.1262,0.404,-0.6316,12,0
LJ500_R131_C053,687750,9566750,2020,4,2020-04,0,0,0.1735,0,0.8265,0,0,0,0,1,0.7064,0.1985,0.4472,-0.64,100,0
LJ500_R132_C080,701250,9567250,2020,4,2020-04,0.9327,0,0.0078,0,0.0594,0,0,0,0,1,0.8325,0.3039,0.6082,-0.7564,100,0
LJ500_R138_C087,704750,9570250,2020,4,2020-04,0.2364,0,0.5005,0,0.2631,0,0,0,0,1,0.7545,0.2373,0.5299,-0.6581,99.36,0
LJ500_R142_C071,696750,9572250,2020,4,2020-04,0,0,0,0,1,0,0,0,0,1,0.5611,0.1144,0.3601,-0.5246,38.88,0
LJ500_R145_C054,688250,9573750,2020,4,2020-04,0,0,0.7423,0,0.2577,0,0,0,0,1,0.5106,0.09,0.3176,-0.5069,70.24,0
LJ500_R147_C083,702750,9574750,2020,4,2020-04,0.3027,0,0,0,0.6973,0,0,0,0,1,0.5838,0.1855,0.4256,-0.535,100,0
LJ500_R156_C028,675250,9579250,2020,4,2020-04,0.6724,0,0.3276,0,0,0,0,0,0,1,0.6542,0.2293,0.4868,-0.5884,100,0
LJ500_R156_C067,694750,9579250,2020,4,2020-04,0,0,0,0,1,0,0,0,0,1,,,,,0,1
LJ500_R156_C079,700750,9579250,2020,4,2020-04,1,0,0,0,0,0,0,0,0,1,0.4864,0.1901,0.4117,-0.4723,0.48,0
LJ500_R157_C009,665750,9579750,2020,4,2020-04,0.0008,0,0.666,0,0.3333,0,0,0,0,1,0.7854,0.2571,0.5576,-0.6663,44.8,0
LJ500_R158_C065,693750,9580250,2020,4,2020-04,0,0,0.7476,0.135,0.1174,0,0,0,0,1,,,,,0,1
LJ500_R160_C074,698250,9581250,2020,4,2020-04,0.325,0,0,0,0.675,0,0,0,0,1,0.6361,0.2318,0.5014,-0.5759,23.04,0
LJ500_R161_C066,694250,9581750,2020,4,2020-04,0,0,0.0311,0.0756,0.8933,0,0,0,0,1,,,,,0,1
LJ500_R164_C043,682750,9583250,2020,4,2020-04,0,0.6371,0,0,0.3629,0,0,0,0,1,0.483,0.0702,0.2895,-0.4715,100,0
LJ500_R164_C059,690750,9583250,2020,4,2020-04,0.6643,0.3177,0.018,0,0,0,0,0,0,1,0.5932,0.2641,0.4706,-0.5775,13.92,0
LJ500_R166_C072,697250,9584250,2020,4,2020-04,0,0,0,0,1,0,0,0,0,1,0.6315,0.3273,0.6147,-0.5309,100,0
LJ500_R167_C067,694750,9584750,2020,4,2020-04,0,0,0,0,1,0,0,0,0,1,0.6328,0.2068,0.4709,-0.5719,15.2,0
LJ500_R168_C045,683750,9585250,2020,4,2020-04,0.083,0.79,0,0,0.1269,0,0,0,0,1,0.527,0.0781,0.3391,-0.5255,100,0
LJ500_R173_C033,677750,9587750,2020,4,2020-04,0.0493,0.4112,0,0,0.5395,0,0,0,0,1,0.5581,0.1396,0.3707,-0.5203,45.28,0
LJ500_R178_C063,692750,9590250,2020,4,2020-04,0,0,0,0,1,0,0,0,0,1,0.7362,0.2075,0.4902,-0.672,100,0
LJ500_R179_C046,684250,9590750,2020,4,2020-04,0,1,0,0,0,0,0,0,0,1,0.5075,-0.1001,0.1673,-0.5689,100,0
LJ500_R180_C071,696750,9591250,2020,4,2020-04,0.1157,0,0.1808,0,0.7035,0,0,0,0,1,0.7491,0.2004,0.4925,-0.7065,100,0
LJ500_R183_C039,680750,9592750,2020,4,2020-04,0,1,0,0,0,0,0,0,0,1,0.4953,-0.1331,0.1212,-0.5812,100,0
LJ500_R184_C039,680750,9593250,2020,4,2020-04,0,1,0,0,0,0,0,0,0,1,0.5463,-0.1282,0.1056,-0.6057,100,0
LJ500_R184_C066,694250,9593250,2020,4,2020-04,0.0203,0,0,0,0.9797,0,0,0,0,1,0.7139,0.192,0.4763,-0.6666,86.76,0
LJ500_R006_C075,698750,9504250,2020,5,2020-05,0.4991,0,0.5009,0,0,0,0,0,0,1,0.7936,0.339,0.6174,-0.7153,34.72,0
LJ500_R011_C068,695250,9506750,2020,5,2020-05,1,0,0,0,0,0,0,0,0,1,0.8101,0.3333,0.6309,-0.7316,79.36,0
LJ500_R012_C055,688750,9507250,2020,5,2020-05,1,0,0,0,0,0,0,0,0,1,0.7312,0.2555,0.5191,-0.6851,1.28,0
LJ500_R020_C061,691750,9511250,2020,5,2020-05,0,0,1,0,0,0,0,0,0,1,0.7087,0.1499,0.4378,-0.6185,75.36,0
LJ500_R033_C056,689250,9517750,2020,5,2020-05,0.7601,0,0.2399,0,0,0,0,0,0,1,0.7716,0.2206,0.4983,-0.6749,100,0
LJ500_R035_C085,703750,9518750,2020,5,2020-05,0,0,0.6992,0,0.3008,0,0,0,0,1,,,,,0,1
LJ500_R039_C072,697250,9520750,2020,5,2020-05,0,0,0.019,0,0.972,0,0,0.0089,0,1,0.6287,0.16,0.4025,-0.5667,100,0
LJ500_R040_C060,691250,9521250,2020,5,2020-05,0.0093,0,0.9907,0,0,0,0,0,0,1,0.6117,0.0065,0.2601,-0.5977,100,0
LJ500_R041_C061,691750,9521750,2020,5,2020-05,0.6217,0,0.3783,0,0,0,0,0,0,1,0.7816,0.1924,0.487,-0.6887,100,0
LJ500_R043_C058,690250,9522750,2020,5,2020-05,0,0,0.6724,0,0,0,0,0.3276,0,1,0.5562,0.0046,0.2243,-0.5422,100,0
LJ500_R045_C083,702750,9523750,2020,5,2020-05,0.0975,0,0.9025,0,0,0,0,0,0,1,0.801,0.2566,0.5586,-0.6866,100,0
LJ500_R046_C064,693250,9524250,2020,5,2020-05,0,0,0.1216,0,0,0.2178,0,0.6606,0,1,0.5509,0.0564,0.2736,-0.508,100,0
LJ500_R048_C071,696750,9525250,2020,5,2020-05,0,0,1,0,0,0,0,0,0,1,0.5593,0.0245,0.2251,-0.4866,100,0
LJ500_R050_C095,708750,9526250,2020,5,2020-05,0.2432,0.6234,0.1334,0,0,0,0,0,0,1,,,,,0,1
LJ500_R056_C049,685750,9529250,2020,5,2020-05,0,0,1,0,0,0,0,0,0,1,0.5285,0.0135,0.2355,-0.5012,100,0
LJ500_R058_C079,700750,9530250,2020,5,2020-05,0,0,0.7206,0,0.2794,0,0,0,0,1,0.7365,0.1872,0.4693,-0.6498,100,0
LJ500_R063_C060,691250,9532750,2020,5,2020-05,0,0,0.4901,0,0.4472,0.0627,0,0,0,1,0.745,0.2469,0.5153,-0.657,100,0
LJ500_R064_C084,703250,9533250,2020,5,2020-05,0.235,0,0.7298,0,0.0352,0,0,0,0,1,0.8464,0.3023,0.6206,-0.7299,100,0
LJ500_R069_C057,689750,9535750,2020,5,2020-05,0,0,0.1213,0,0.8787,0,0,0,0,1,0.6233,0.0984,0.3468,-0.5815,100,0
LJ500_R072_C062,692250,9537250,2020,5,2020-05,0,0,0.4122,0,0.5878,0,0,0,0,1,0.6902,0.1698,0.4185,-0.621,100,0
LJ500_R072_C095,708750,9537250,2020,5,2020-05,0.7205,0.2795,0,0,0,0,0,0,0,1,0.3185,0.1029,0.2293,-0.3147,0.32,0
LJ500_R074_C074,698250,9538250,2020,5,2020-05,0,0,0.1778,0,0.8222,0,0,0,0,1,0.6743,0.1713,0.423,-0.5838,100,0
LJ500_R078_C076,699250,9540250,2020,5,2020-05,0.071,0,0.0635,0,0.8655,0,0,0,0,1,0.6945,0.1905,0.4666,-0.5802,78.24,0
LJ500_R079_C076,699250,9540750,2020,5,2020-05,0,0,0,0,0.9922,0.0078,0,0,0,1,0.7467,0.2184,0.5045,-0.6436,73.28,0
LJ500_R093_C071,696750,9547750,2020,5,2020-05,0.1849,0,0,0,0.8151,0,0,0,0,1,0.7479,0.2929,0.5619,-0.666,27.29,0
LJ500_R093_C073,697750,9547750,2020,5,2020-05,0.0013,0,0.5724,0,0.4263,0,0,0,0,1,,,,,0,1
LJ500_R096_C074,698250,9549250,2020,5,2020-05,0.4564,0,0.2184,0.311,0.0142,0,0,0,0,1,0.7251,0.24,0.5125,-0.6548,35.68,0
LJ500_R098_C085,703750,9550250,2020,5,2020-05,1,0,0,0,0,0,0,0,0,1,,,,,0,1
LJ500_R101_C091,706750,9551750,2020,5,2020-05,0.0455,0.9545,0,0,0,0,0,0,0,1,,,,,0,1
LJ500_R106_C080,701250,9554250,2020,5,2020-05,0,0,0.2691,0.5021,0.2289,0,0,0,0,1,0.7454,0.2236,0.5245,-0.6536,39.52,0
LJ500_R108_C065,693750,9555250,2020,5,2020-05,0,0,0.0703,0.9297,0,0,0,0,0,1,0.7986,0.3164,0.5905,-0.7084,100,0
LJ500_R109_C088,705250,9555750,2020,5,2020-05,1,0,0,0,0,0,0,0,0,1,0.6701,0.2353,0.4923,-0.5911,49.44,0
LJ500_R119_C079,700750,9560750,2020,5,2020-05,0,0,0.0076,0,0.8026,0.1897,0,0,0,1,0.7013,0.1607,0.4344,-0.623,54.4,0
LJ500_R122_C070,696250,9562250,2020,5,2020-05,0,0,0,0,0.635,0.365,0,0,0,1,0.6089,0.1358,0.3625,-0.5522,100,0
LJ500_R125_C065,693750,9563750,2020,5,2020-05,0,0,0.0771,0,0.9229,0,0,0,0,1,0.6297,0.1287,0.3733,-0.5649,70.72,0
LJ500_R131_C053,687750,9566750,2020,5,2020-05,0,0,0.1735,0,0.8265,0,0,0,0,1,0.6764,0.2054,0.465,-0.5773,44.32,0
LJ500_R132_C080,701250,9567250,2020,5,2020-05,0.9327,0,0.0078,0,0.0594,0,0,0,0,1,,,,,0,1
LJ500_R138_C087,704750,9570250,2020,5,2020-05,0.2364,0,0.5005,0,0.2631,0,0,0,0,1,0.6941,0.2119,0.4848,-0.5978,100,0
LJ500_R142_C071,696750,9572250,2020,5,2020-05,0,0,0,0,1,0,0,0,0,1,0.6198,0.063,0.3275,-0.5701,100,0
LJ500_R145_C054,688250,9573750,2020,5,2020-05,0,0,0.7423,0,0.2577,0,0,0,0,1,0.5937,0.0481,0.322,-0.575,60.32,0
LJ500_R147_C083,702750,9574750,2020,5,2020-05,0.3027,0,0,0,0.6973,0,0,0,0,1,0.5622,0.1242,0.3595,-0.5065,23.36,0
LJ500_R156_C028,675250,9579250,2020,5,2020-05,0.6724,0,0.3276,0,0,0,0,0,0,1,0.7891,0.2157,0.5218,-0.701,100,0
LJ500_R156_C067,694750,9579250,2020,5,2020-05,0,0,0,0,1,0,0,0,0,1,0.6244,0.1267,0.4015,-0.5609,74.4,0
LJ500_R156_C079,700750,9579250,2020,5,2020-05,1,0,0,0,0,0,0,0,0,1,,,,,0,1
LJ500_R157_C009,665750,9579750,2020,5,2020-05,0.0008,0,0.666,0,0.3333,0,0,0,0,1,0.7878,0.2114,0.5223,-0.674,100,0
LJ500_R158_C065,693750,9580250,2020,5,2020-05,0,0,0.7476,0.135,0.1174,0,0,0,0,1,0.5922,0.0481,0.308,-0.5563,100,0
LJ500_R160_C074,698250,9581250,2020,5,2020-05,0.325,0,0,0,0.675,0,0,0,0,1,0.6468,0.2632,0.4948,-0.5633,1.12,0
LJ500_R161_C066,694250,9581750,2020,5,2020-05,0,0,0.0311,0.0756,0.8933,0,0,0,0,1,0.6049,0.1094,0.3783,-0.5474,100,0
LJ500_R164_C043,682750,9583250,2020,5,2020-05,0,0.6371,0,0,0.3629,0,0,0,0,1,0.5876,0.035,0.2842,-0.561,100,0
LJ500_R164_C059,690750,9583250,2020,5,2020-05,0.6643,0.3177,0.018,0,0,0,0,0,0,1,,,,,0,1
LJ500_R166_C072,697250,9584250,2020,5,2020-05,0,0,0,0,1,0,0,0,0,1,0.6255,0.1621,0.4469,-0.5533,4.64,0
LJ500_R167_C067,694750,9584750,2020,5,2020-05,0,0,0,0,1,0,0,0,0,1,0.7304,0.2241,0.5194,-0.6334,100,0
LJ500_R168_C045,683750,9585250,2020,5,2020-05,0.083,0.79,0,0,0.1269,0,0,0,0,1,0.5632,0.0984,0.378,-0.5472,76.32,0
LJ500_R173_C033,677750,9587750,2020,5,2020-05,0.0493,0.4112,0,0,0.5395,0,0,0,0,1,0.6908,0.1266,0.4168,-0.6446,43.36,0
LJ500_R178_C063,692750,9590250,2020,5,2020-05,0,0,0,0,1,0,0,0,0,1,,,,,0,1
LJ500_R179_C046,684250,9590750,2020,5,2020-05,0,1,0,0,0,0,0,0,0,1,,,,,0,1
LJ500_R180_C071,696750,9591250,2020,5,2020-05,0.1157,0,0.1808,0,0.7035,0,0,0,0,1,0.6489,0.2469,0.5359,-0.5802,37.44,0
LJ500_R183_C039,680750,9592750,2020,5,2020-05,0,1,0,0,0,0,0,0,0,1,0.467,-0.1654,0.0919,-0.5315,87.48,0
LJ500_R184_C039,680750,9593250,2020,5,2020-05,0,1,0,0,0,0,0,0,0,1,0.6018,-0.0073,0.2747,-0.6158,42.75,0
LJ500_R184_C066,694250,9593250,2020,5,2020-05,0.0203,0,0,0,0.9797,0,0,0,0,1,0.6561,0.1843,0.4563,-0.6018,30.24,0
LJ500_R006_C075,698750,9504250,2020,6,2020-06,0.4991,0,0.5009,0,0,0,0,0,0,1,0.7912,0.3621,0.6437,-0.7319,0.96,0
LJ500_R011_C068,695250,9506750,2020,6,2020-06,1,0,0,0,0,0,0,0,0,1,0.8077,0.3375,0.6342,-0.7306,100,0
LJ500_R012_C055,688750,9507250,2020,6,2020-06,1,0,0,0,0,0,0,0,0,1,0.7973,0.3524,0.6326,-0.7364,6.4,0
LJ500_R020_C061,691750,9511250,2020,6,2020-06,0,0,1,0,0,0,0,0,0,1,0.6086,0.1499,0.4292,-0.5372,100,0
LJ500_R033_C056,689250,9517750,2020,6,2020-06,0.7601,0,0.2399,0,0,0,0,0,0,1,0.5269,0.1904,0.3792,-0.5031,0.8,0
LJ500_R035_C085,703750,9518750,2020,6,2020-06,0,0,0.6992,0,0.3008,0,0,0,0,1,0.8055,0.2454,0.5538,-0.7175,100,0
LJ500_R039_C072,697250,9520750,2020,6,2020-06,0,0,0.019,0,0.972,0,0,0.0089,0,1,0.5823,0.1271,0.3613,-0.5567,100,0
LJ500_R040_C060,691250,9521250,2020,6,2020-06,0.0093,0,0.9907,0,0,0,0,0,0,1,0.5564,-0.0318,0.2178,-0.5569,100,0
LJ500_R041_C061,691750,9521750,2020,6,2020-06,0.6217,0,0.3783,0,0,0,0,0,0,1,0.6926,0.1028,0.3874,-0.6315,100,0
LJ500_R043_C058,690250,9522750,2020,6,2020-06,0,0,0.6724,0,0,0,0,0.3276,0,1,0.5378,-0.0188,0.1978,-0.5386,100,0
LJ500_R045_C083,702750,9523750,2020,6,2020-06,0.0975,0,0.9025,0,0,0,0,0,0,1,0.7952,0.2436,0.5437,-0.7064,100,0
LJ500_R046_C064,693250,9524250,2020,6,2020-06,0,0,0.1216,0,0,0.2178,0,0.6606,0,1,0.4584,-0.0118,0.196,-0.4561,100,0
LJ500_R048_C071,696750,9525250,2020,6,2020-06,0,0,1,0,0,0,0,0,0,1,0.5605,0.0439,0.2598,-0.5165,100,0
LJ500_R050_C095,708750,9526250,2020,6,2020-06,0.2432,0.6234,0.1334,0,0,0,0,0,0,1,0.7532,0.2888,0.5817,-0.6908,29.28,0
LJ500_R056_C049,685750,9529250,2020,6,2020-06,0,0,1,0,0,0,0,0,0,1,0.5748,0.0033,0.2502,-0.5516,100,0
LJ500_R058_C079,700750,9530250,2020,6,2020-06,0,0,0.7206,0,0.2794,0,0,0,0,1,0.7469,0.1924,0.4778,-0.6682,100,0
LJ500_R063_C060,691250,9532750,2020,6,2020-06,0,0,0.4901,0,0.4472,0.0627,0,0,0,1,0.7216,0.2146,0.4737,-0.6539,100,0
LJ500_R064_C084,703250,9533250,2020,6,2020-06,0.235,0,0.7298,0,0.0352,0,0,0,0,1,0.7012,0.2652,0.5203,-0.6252,23.68,0
LJ500_R069_C057,689750,9535750,2020,6,2020-06,0,0,0.1213,0,0.8787,0,0,0,0,1,0.4929,-0.0084,0.2355,-0.4876,100,0
LJ500_R072_C062,692250,9537250,2020,6,2020-06,0,0,0.4122,0,0.5878,0,0,0,0,1,0.6841,0.1543,0.4136,-0.6241,100,0
LJ500_R072_C095,708750,9537250,2020,6,2020-06,0.7205,0.2795,0,0,0,0,0,0,0,1,0.7694,0.3122,0.5974,-0.6921,96.16,0
LJ500_R074_C074,698250,9538250,2020,6,2020-06,0,0,0.1778,0,0.8222,0,0,0,0,1,0.5658,0.1564,0.4006,-0.5096,100,0
LJ500_R078_C076,699250,9540250,2020,6,2020-06,0.071,0,0.0635,0,0.8655,0,0,0,0,1,0.7424,0.1776,0.4743,-0.6526,100,0
LJ500_R079_C076,699250,9540750,2020,6,2020-06,0,0,0,0,0.9922,0.0078,0,0,0,1,0.7204,0.1574,0.4283,-0.6672,100,0
LJ500_R093_C071,696750,9547750,2020,6,2020-06,0.1849,0,0,0,0.8151,0,0,0,0,1,0.7257,0.182,0.4718,-0.6595,48.7,0
LJ500_R093_C073,697750,9547750,2020,6,2020-06,0.0013,0,0.5724,0,0.4263,0,0,0,0,1,0.7524,0.1965,0.4929,-0.6786,100,0
LJ500_R096_C074,698250,9549250,2020,6,2020-06,0.4564,0,0.2184,0.311,0.0142,0,0,0,0,1,0.7895,0.2392,0.5337,-0.7106,100,0
LJ500_R098_C085,703750,9550250,2020,6,2020-06,1,0,0,0,0,0,0,0,0,1,0.7706,0.3438,0.6267,-0.6842,56,0
LJ500_R101_C091,706750,9551750,2020,6,2020-06,0.0455,0.9545,0,0,0,0,0,0,0,1,,,,,0,1
LJ500_R106_C080,701250,9554250,2020,6,2020-06,0,0,0.2691,0.5021,0.2289,0,0,0,0,1,0.7093,0.1999,0.4757,-0.6461,70.88,0
LJ500_R108_C065,693750,9555250,2020,6,2020-06,0,0,0.0703,0.9297,0,0,0,0,0,1,0.8588,0.3167,0.6049,-0.7756,100,0
LJ500_R109_C088,705250,9555750,2020,6,2020-06,1,0,0,0,0,0,0,0,0,1,0.6539,0.2387,0.4799,-0.6031,88.48,0
LJ500_R119_C079,700750,9560750,2020,6,2020-06,0,0,0.0076,0,0.8026,0.1897,0,0,0,1,0.7322,0.1615,0.4505,-0.6565,100,0
LJ500_R122_C070,696250,9562250,2020,6,2020-06,0,0,0,0,0.635,0.365,0,0,0,1,0.617,0.1255,0.357,-0.569,100,0
LJ500_R125_C065,693750,9563750,2020,6,2020-06,0,0,0.0771,0,0.9229,0,0,0,0,1,0.6259,0.1116,0.3662,-0.581,100,0
LJ500_R131_C053,687750,9566750,2020,6,2020-06,0,0,0.1735,0,0.8265,0,0,0,0,1,0.6055,0.2047,0.4822,-0.5363,51.84,0
LJ500_R132_C080,701250,9567250,2020,6,2020-06,0.9327,0,0.0078,0,0.0594,0,0,0,0,1,0.8424,0.4319,0.7126,-0.7508,2.56,0
LJ500_R138_C087,704750,9570250,2020,6,2020-06,0.2364,0,0.5005,0,0.2631,0,0,0,0,1,0.741,0.167,0.4651,-0.6541,100,0
LJ500_R142_C071,696750,9572250,2020,6,2020-06,0,0,0,0,1,0,0,0,0,1,0.6322,0.0506,0.319,-0.5862,100,0
LJ500_R145_C054,688250,9573750,2020,6,2020-06,0,0,0.7423,0,0.2577,0,0,0,0,1,,,,,0,1
LJ500_R147_C083,702750,9574750,2020,6,2020-06,0.3027,0,0,0,0.6973,0,0,0,0,1,0.6857,0.1378,0.4189,-0.6215,51.52,0
LJ500_R156_C028,675250,9579250,2020,6,2020-06,0.6724,0,0.3276,0,0,0,0,0,0,1,0.7516,0.2218,0.5344,-0.65,100,0
LJ500_R156_C067,694750,9579250,2020,6,2020-06,0,0,0,0,1,0,0,0,0,1,0.4742,0.106,0.3204,-0.44,87.04,0
LJ500_R156_C079,700750,9579250,2020,6,2020-06,1,0,0,0,0,0,0,0,0,1,0.7584,0.2634,0.557,-0.7015,74.88,0
LJ500_R157_C009,665750,9579750,2020,6,2020-06,0.0008,0,0.666,0,0.3333,0,0,0,0,1,0.7803,0.2062,0.5242,-0.6704,100,0
LJ500_R158_C065,693750,9580250,2020,6,2020-06,0,0,0.7476,0.135,0.1174,0,0,0,0,1,0.6663,0.2991,0.5852,-0.553,0.96,0
LJ500_R160_C074,698250,9581250,2020,6,2020-06,0.325,0,0,0,0.675,0,0,0,0,1,0.4311,0.172,0.3507,-0.3773,2.24,0
LJ500_R161_C066,694250,9581750,2020,6,2020-06,0,0,0.0311,0.0756,0.8933,0,0,0,0,1,0.4619,0.1477,0.414,-0.3973,26.4,0
LJ500_R164_C043,682750,9583250,2020,6,2020-06,0,0.6371,0,0,0.3629,0,0,0,0,1,0.5749,0.1284,0.3857,-0.5235,40.96,0
LJ500_R164_C059,690750,9583250,2020,6,2020-06,0.6643,0.3177,0.018,0,0,0,0,0,0,1,,,,,0,1
LJ500_R166_C072,697250,9584250,2020,6,2020-06,0,0,0,0,1,0,0,0,0,1,,,,,0,1
LJ500_R167_C067,694750,9584750,2020,6,2020-06,0,0,0,0,1,0,0,0,0,1,0.4348,0.2242,0.3968,-0.3845,0.48,0
LJ500_R168_C045,683750,9585250,2020,6,2020-06,0.083,0.79,0,0,0.1269,0,0,0,0,1,0.3495,0.1506,0.3289,-0.3285,0.32,0
LJ500_R173_C033,677750,9587750,2020,6,2020-06,0.0493,0.4112,0,0,0.5395,0,0,0,0,1,0.6795,0.2161,0.5143,-0.6122,99.84,0
LJ500_R178_C063,692750,9590250,2020,6,2020-06,0,0,0,0,1,0,0,0,0,1,0.7128,0.2653,0.5506,-0.6138,84,0
LJ500_R179_C046,684250,9590750,2020,6,2020-06,0,1,0,0,0,0,0,0,0,1,,,,,0,1
LJ500_R180_C071,696750,9591250,2020,6,2020-06,0.1157,0,0.1808,0,0.7035,0,0,0,0,1,0.5916,0.2768,0.522,-0.535,11.84,0
LJ500_R183_C039,680750,9592750,2020,6,2020-06,0,1,0,0,0,0,0,0,0,1,0.3237,-0.0182,0.2333,-0.3418,29.81,0
LJ500_R184_C039,680750,9593250,2020,6,2020-06,0,1,0,0,0,0,0,0,0,1,,,,,0,1
LJ500_R184_C066,694250,9593250,2020,6,2020-06,0.0203,0,0,0,0.9797,0,0,0,0,1,,,,,0,1
LJ500_R006_C075,698750,9504250,2020,7,2020-07,0.4991,0,0.5009,0,0,0,0,0,0,1,0.6929,0.3269,0.5749,-0.6122,18.4,0
LJ500_R011_C068,695250,9506750,2020,7,2020-07,1,0,0,0,0,0,0,0,0,1,0.8239,0.3597,0.6518,-0.7429,81.12,0
LJ500_R012_C055,688750,9507250,2020,7,2020-07,1,0,0,0,0,0,0,0,0,1,,,,,0,1
LJ500_R020_C061,691750,9511250,2020,7,2020-07,0,0,1,0,0,0,0,0,0,1,0.5052,0.0184,0.251,-0.4821,7.2,0
LJ500_R033_C056,689250,9517750,2020,7,2020-07,0.7601,0,0.2399,0,0,0,0,0,0,1,0.749,0.2164,0.4945,-0.6625,100,0
LJ500_R035_C085,703750,9518750,2020,7,2020-07,0,0,0.6992,0,0.3008,0,0,0,0,1,0.7744,0.2216,0.5303,-0.7128,7.04,0
LJ500_R039_C072,697250,9520750,2020,7,2020-07,0,0,0.019,0,0.972,0,0,0.0089,0,1,0.4991,0.068,0.2723,-0.5053,100,0
LJ500_R040_C060,691250,9521250,2020,7,2020-07,0.0093,0,0.9907,0,0,0,0,0,0,1,0.5232,-0.0702,0.1688,-0.5523,100,0
LJ500_R041_C061,691750,9521750,2020,7,2020-07,0.6217,0,0.3783,0,0,0,0,0,0,1,0.6508,0.0416,0.3036,-0.6073,100,0
LJ500_R043_C058,690250,9522750,2020,7,2020-07,0,0,0.6724,0,0,0,0,0.3276,0,1,0.5371,-0.0426,0.179,-0.563,100,0
LJ500_R045_C083,702750,9523750,2020,7,2020-07,0.0975,0,0.9025,0,0,0,0,0,0,1,0.8093,0.2583,0.5643,-0.713,92.16,0
LJ500_R046_C064,693250,9524250,2020,7,2020-07,0,0,0.1216,0,0,0.2178,0,0.6606,0,1,0.4349,-0.0657,0.1174,-0.4504,100,0
LJ500_R048_C071,696750,9525250,2020,7,2020-07,0,0,1,0,0,0,0,0,0,1,0.5459,0.0292,0.2503,-0.5235,100,0
LJ500_R050_C095,708750,9526250,2020,7,2020-07,0.2432,0.6234,0.1334,0,0,0,0,0,0,1,,,,,0,1
LJ500_R056_C049,685750,9529250,2020,7,2020-07,0,0,1,0,0,0,0,0,0,1,0.5921,-0.0045,0.2457,-0.5837,100,0
LJ500_R058_C079,700750,9530250,2020,7,2020-07,0,0,0.7206,0,0.2794,0,0,0,0,1,0.7162,0.2321,0.4743,-0.5977,0.16,0
LJ500_R063_C060,691250,9532750,2020,7,2020-07,0,0,0.4901,0,0.4472,0.0627,0,0,0,1,0.646,0.1311,0.3577,-0.6065,100,0
LJ500_R064_C084,703250,9533250,2020,7,2020-07,0.235,0,0.7298,0,0.0352,0,0,0,0,1,0.8431,0.3824,0.6651,-0.7584,0.32,0
LJ500_R069_C057,689750,9535750,2020,7,2020-07,0,0,0.1213,0,0.8787,0,0,0,0,1,0.3567,-0.1109,0.072,-0.4206,100,0
LJ500_R072_C062,692250,9537250,2020,7,2020-07,0,0,0.4122,0,0.5878,0,0,0,0,1,0.6103,0.0602,0.2989,-0.5834,100,0
LJ500_R072_C095,708750,9537250,2020,7,2020-07,0.7205,0.2795,0,0,0,0,0,0,0,1,0.5497,0.3085,0.5228,-0.4748,1.92,0
LJ500_R074_C074,698250,9538250,2020,7,2020-07,0,0,0.1778,0,0.8222,0,0,0,0,1,0.6293,0.1066,0.3522,-0.5824,100,0
LJ500_R078_C076,699250,9540250,2020,7,2020-07,0.071,0,0.0635,0,0.8655,0,0,0,0,1,0.7523,0.1946,0.496,-0.6608,86.88,0
LJ500_R079_C076,699250,9540750,2020,7,2020-07,0,0,0,0,0.9922,0.0078,0,0,0,1,0.7251,0.1652,0.4515,-0.6477,20.16,0
LJ500_R093_C071,696750,9547750,2020,7,2020-07,0.1849,0,0,0,0.8151,0,0,0,0,1,0.8026,0.3049,0.6074,-0.7196,19.33,0
LJ500_R093_C073,697750,9547750,2020,7,2020-07,0.0013,0,0.5724,0,0.4263,0,0,0,0,1,0.6977,0.3188,0.5823,-0.5832,4.8,0
LJ500_R096_C074,698250,9549250,2020,7,2020-07,0.4564,0,0.2184,0.311,0.0142,0,0,0,0,1,,,,,0,1
LJ500_R098_C085,703750,9550250,2020,7,2020-07,1,0,0,0,0,0,0,0,0,1,,,,,0,1
LJ500_R101_C091,706750,9551750,2020,7,2020-07,0.0455,0.9545,0,0,0,0,0,0,0,1,,,,,0,1
LJ500_R106_C080,701250,9554250,2020,7,2020-07,0,0,0.2691,0.5021,0.2289,0,0,0,0,1,0.7463,0.2141,0.5027,-0.6713,0.64,0
LJ500_R108_C065,693750,9555250,2020,7,2020-07,0,0,0.0703,0.9297,0,0,0,0,0,1,0.3874,0.1587,0.3692,-0.3546,100,0
LJ500_R109_C088,705250,9555750,2020,7,2020-07,1,0,0,0,0,0,0,0,0,1,0.7984,0.3308,0.6139,-0.7166,17.28,0
LJ500_R119_C079,700750,9560750,2020,7,2020-07,0,0,0.0076,0,0.8026,0.1897,0,0,0,1,,,,,0,1
LJ500_R122_C070,696250,9562250,2020,7,2020-07,0,0,0,0,0.635,0.365,0,0,0,1,0.5856,0.1255,0.3552,-0.5536,92.96,0
LJ500_R125_C065,693750,9563750,2020,7,2020-07,0,0,0.0771,0,0.9229,0,0,0,0,1,,,,,0,1
LJ500_R131_C053,687750,9566750,2020,7,2020-07,0,0,0.1735,0,0.8265,0,0,0,0,1,0.5903,0.0839,0.306,-0.5583,100,0
LJ500_R132_C080,701250,9567250,2020,7,2020-07,0.9327,0,0.0078,0,0.0594,0,0,0,0,1,,,,,0,1
LJ500_R138_C087,704750,9570250,2020,7,2020-07,0.2364,0,0.5005,0,0.2631,0,0,0,0,1,,,,,0,1
LJ500_R142_C071,696750,9572250,2020,7,2020-07,0,0,0,0,1,0,0,0,0,1,0.6379,0.0857,0.3601,-0.5791,100,0
LJ500_R145_C054,688250,9573750,2020,7,2020-07,0,0,0.7423,0,0.2577,0,0,0,0,1,0.5259,0.1418,0.3965,-0.486,8.96,0
LJ500_R147_C083,702750,9574750,2020,7,2020-07,0.3027,0,0,0,0.6973,0,0,0,0,1,0.7026,0.1879,0.4676,-0.6343,23.2,0
LJ500_R156_C028,675250,9579250,2020,7,2020-07,0.6724,0,0.3276,0,0,0,0,0,0,1,0.7261,0.2276,0.5085,-0.6426,100,0
LJ500_R156_C067,694750,9579250,2020,7,2020-07,0,0,0,0,1,0,0,0,0,1,0.5802,0.141,0.4099,-0.5386,55.2,0
LJ500_R156_C079,700750,9579250,2020,7,2020-07,1,0,0,0,0,0,0,0,0,1,,,,,0,1
LJ500_R157_C009,665750,9579750,2020,7,2020-07,0.0008,0,0.666,0,0.3333,0,0,0,0,1,0.7507,0.1872,0.4912,-0.6585,100,0
LJ500_R158_C065,693750,9580250,2020,7,2020-07,0,0,0.7476,0.135,0.1174,0,0,0,0,1,0.6122,0.1047,0.3818,-0.5771,35.36,0
LJ500_R160_C074,698250,9581250,2020,7,2020-07,0.325,0,0,0,0.675,0,0,0,0,1,,,,,0,1
LJ500_R161_C066,694250,9581750,2020,7,2020-07,0,0,0.0311,0.0756,0.8933,0,0,0,0,1,0.6529,0.1221,0.4033,-0.6125,12.48,0
LJ500_R164_C043,682750,9583250,2020,7,2020-07,0,0.6371,0,0,0.3629,0,0,0,0,1,0.5959,0.059,0.3111,-0.5708,100,0
LJ500_R164_C059,690750,9583250,2020,7,2020-07,0.6643,0.3177,0.018,0,0,0,0,0,0,1,0.7318,0.2932,0.5623,-0.6725,64.16,0
LJ500_R166_C072,697250,9584250,2020,7,2020-07,0,0,0,0,1,0,0,0,0,1,0.6973,0.2564,0.552,-0.5928,49.6,0
LJ500_R167_C067,694750,9584750,2020,7,2020-07,0,0,0,0,1,0,0,0,0,1,0.5511,0.2372,0.5043,-0.4674,3.36,0
LJ500_R168_C045,683750,9585250,2020,7,2020-07,0.083,0.79,0,0,0.1269,0,0,0,0,1,0.5366,0.0703,0.3339,-0.5338,92,0
LJ500_R173_C033,677750,9587750,2020,7,2020-07,0.0493,0.4112,0,0,0.5395,0,0,0,0,1,0.6331,0.1973,0.4806,-0.5938,0.32,0
LJ500_R178_C063,692750,9590250,2020,7,2020-07,0,0,0,0,1,0,0,0,0,1,0.7068,0.2463,0.5296,-0.6333,45.44,0
LJ500_R179_C046,684250,9590750,2020,7,2020-07,0,1,0,0,0,0,0,0,0,1,0.4124,-0.1012,0.1687,-0.4632,22.72,0
LJ500_R180_C071,696750,9591250,2020,7,2020-07,0.1157,0,0.1808,0,0.7035,0,0,0,0,1,0.6642,0.2166,0.4955,-0.6141,93.44,0
LJ500_R183_C039,680750,9592750,2020,7,2020-07,0,1,0,0,0,0,0,0,0,1,0.4092,-0.1407,0.1104,-0.4597,100,0
LJ500_R184_C039,680750,9593250,2020,7,2020-07,0,1,0,0,0,0,0,0,0,1,0.4041,-0.0643,0.1722,-0.4097,100,0
LJ500_R184_C066,694250,9593250,2020,7,2020-07,0.0203,0,0,0,0.9797,0,0,0,0,1,0.6939,0.1932,0.4802,-0.6454,100,0
LJ500_R006_C075,698750,9504250,2020,8,2020-08,0.4991,0,0.5009,0,0,0,0,0,0,1,,,,,0,1
LJ500_R011_C068,695250,9506750,2020,8,2020-08,1,0,0,0,0,0,0,0,0,1,0.832,0.3636,0.6572,-0.7477,100,0
LJ500_R012_C055,688750,9507250,2020,8,2020-08,1,0,0,0,0,0,0,0,0,1,,,,,0,1
LJ500_R020_C061,691750,9511250,2020,8,2020-08,0,0,1,0,0,0,0,0,0,1,0.5934,0.0141,0.2627,-0.5638,55.04,0
LJ500_R033_C056,689250,9517750,2020,8,2020-08,0.7601,0,0.2399,0,0,0,0,0,0,1,0.6782,0.1906,0.4581,-0.595,100,0
LJ500_R035_C085,703750,9518750,2020,8,2020-08,0,0,0.6992,0,0.3008,0,0,0,0,1,0.673,0.2686,0.5226,-0.5849,24.32,0
LJ500_R039_C072,697250,9520750,2020,8,2020-08,0,0,0.019,0,0.972,0,0,0.0089,0,1,0.3906,-0.0428,0.1181,-0.4532,100,0
LJ500_R040_C060,691250,9521250,2020,8,2020-08,0.0093,0,0.9907,0,0,0,0,0,0,1,0.467,-0.093,0.1345,-0.5029,100,0
LJ500_R041_C061,691750,9521750,2020,8,2020-08,0.6217,0,0.3783,0,0,0,0,0,0,1,0.5331,-0.0166,0.2107,-0.5116,100,0
LJ500_R043_C058,690250,9522750,2020,8,2020-08,0,0,0.6724,0,0,0,0,0.3276,0,1,0.4462,-0.0728,0.13,-0.4775,100,0
LJ500_R045_C083,702750,9523750,2020,8,2020-08,0.0975,0,0.9025,0,0,0,0,0,0,1,0.7813,0.2701,0.569,-0.6944,16.96,0
LJ500_R046_C064,693250,9524250,2020,8,2020-08,0,0,0.1216,0,0,0.2178,0,0.6606,0,1,0.3656,-0.0954,0.0694,-0.3908,100,0
LJ500_R048_C071,696750,9525250,2020,8,2020-08,0,0,1,0,0,0,0,0,0,1,0.4765,-0.0145,0.1912,-0.4854,100,0
LJ500_R050_C095,708750,9526250,2020,8,2020-08,0.2432,0.6234,0.1334,0,0,0,0,0,0,1,0.7451,0.2851,0.5788,-0.678,57.6,0
LJ500_R056_C049,685750,9529250,2020,8,2020-08,0,0,1,0,0,0,0,0,0,1,0.5291,-0.0415,0.1933,-0.5394,100,0
LJ500_R058_C079,700750,9530250,2020,8,2020-08,0,0,0.7206,0,0.2794,0,0,0,0,1,0.7684,0.283,0.5826,-0.6631,100,0
LJ500_R063_C060,691250,9532750,2020,8,2020-08,0,0,0.4901,0,0.4472,0.0627,0,0,0,1,0.6328,0.1213,0.3383,-0.5931,100,0
LJ500_R064_C084,703250,9533250,2020,8,2020-08,0.235,0,0.7298,0,0.0352,0,0,0,0,1,0.8565,0.3238,0.6404,-0.7442,52.32,0
LJ500_R069_C057,689750,9535750,2020,8,2020-08,0,0,0.1213,0,0.8787,0,0,0,0,1,0.3081,-0.157,-0.0021,-0.3784,100,0
LJ500_R072_C062,692250,9537250,2020,8,2020-08,0,0,0.4122,0,0.5878,0,0,0,0,1,0.5172,-0.0176,0.1879,-0.5108,100,0
LJ500_R072_C095,708750,9537250,2020,8,2020-08,0.7205,0.2795,0,0,0,0,0,0,0,1,0.5217,0.2504,0.4807,-0.4561,2.24,0
LJ500_R074_C074,698250,9538250,2020,8,2020-08,0,0,0.1778,0,0.8222,0,0,0,0,1,0.5247,0.118,0.3473,-0.4699,60.64,0
LJ500_R078_C076,699250,9540250,2020,8,2020-08,0.071,0,0.0635,0,0.8655,0,0,0,0,1,0.6071,0.1758,0.4489,-0.4887,12.96,0
LJ500_R079_C076,699250,9540750,2020,8,2020-08,0,0,0,0,0.9922,0.0078,0,0,0,1,0.6586,0.255,0.5224,-0.5645,3.84,0
LJ500_R093_C071,696750,9547750,2020,8,2020-08,0.1849,0,0,0,0.8151,0,0,0,0,1,0.7359,0.2774,0.554,-0.6514,52.03,0
LJ500_R093_C073,697750,9547750,2020,8,2020-08,0.0013,0,0.5724,0,0.4263,0,0,0,0,1,0.6935,0.2274,0.4868,-0.6169,71.68,0
LJ500_R096_C074,698250,9549250,2020,8,2020-08,0.4564,0,0.2184,0.311,0.0142,0,0,0,0,1,0.7707,0.2547,0.5406,-0.6825,24,0
LJ500_R098_C085,703750,9550250,2020,8,2020-08,1,0,0,0,0,0,0,0,0,1,0.6773,0.2973,0.5304,-0.6043,0.96,0
LJ500_R101_C091,706750,9551750,2020,8,2020-08,0.0455,0.9545,0,0,0,0,0,0,0,1,,,,,0,1
LJ500_R106_C080,701250,9554250,2020,8,2020-08,0,0,0.2691,0.5021,0.2289,0,0,0,0,1,0.7389,0.2852,0.5784,-0.6477,10.08,0
LJ500_R108_C065,693750,9555250,2020,8,2020-08,0,0,0.0703,0.9297,0,0,0,0,0,1,0.7465,0.3306,0.6311,-0.6059,100,0
LJ500_R109_C088,705250,9555750,2020,8,2020-08,1,0,0,0,0,0,0,0,0,1,0.6851,0.2709,0.52,-0.6144,56.32,0
LJ500_R119_C079,700750,9560750,2020,8,2020-08,0,0,0.0076,0,0.8026,0.1897,0,0,0,1,0.724,0.1576,0.4404,-0.6512,100,0
LJ500_R122_C070,696250,9562250,2020,8,2020-08,0,0,0,0,0.635,0.365,0,0,0,1,0.4728,0.1847,0.3969,-0.3998,11.04,0
LJ500_R125_C065,693750,9563750,2020,8,2020-08,0,0,0.0771,0,0.9229,0,0,0,0,1,0.6304,0.0836,0.3317,-0.595,100,0
LJ500_R131_C053,687750,9566750,2020,8,2020-08,0,0,0.1735,0,0.8265,0,0,0,0,1,0.6428,0.1047,0.3372,-0.6084,100,0
LJ500_R132_C080,701250,9567250,2020,8,2020-08,0.9327,0,0.0078,0,0.0594,0,0,0,0,1,0.786,0.3534,0.6287,-0.7058,48.96,0
LJ500_R138_C087,704750,9570250,2020,8,2020-08,0.2364,0,0.5005,0,0.2631,0,0,0,0,1,0.7003,0.2049,0.5134,-0.5899,1.28,0
LJ500_R142_C071,696750,9572250,2020,8,2020-08,0,0,0,0,1,0,0,0,0,1,0.6608,0.0988,0.3657,-0.6034,100,0
LJ500_R145_C054,688250,9573750,2020,8,2020-08,0,0,0.7423,0,0.2577,0,0,0,0,1,0.5256,0.1136,0.348,-0.4955,14.56,0
LJ500_R147_C083,702750,9574750,2020,8,2020-08,0.3027,0,0,0,0.6973,0,0,0,0,1,0.704,0.1786,0.4655,-0.6278,100,0
LJ500_R156_C028,675250,9579250,2020,8,2020-08,0.6724,0,0.3276,0,0,0,0,0,0,1,0.439,0.1305,0.3022,-0.3921,6.08,0
LJ500_R156_C067,694750,9579250,2020,8,2020-08,0,0,0,0,1,0,0,0,0,1,0.6394,0.1179,0.3999,-0.6097,93.6,0
LJ500_R156_C079,700750,9579250,2020,8,2020-08,1,0,0,0,0,0,0,0,0,1,0.7492,0.2676,0.5569,-0.6944,89.44,0
LJ500_R157_C009,665750,9579750,2020,8,2020-08,0.0008,0,0.666,0,0.3333,0,0,0,0,1,0.7575,0.1669,0.4662,-0.6702,100,0
LJ500_R158_C065,693750,9580250,2020,8,2020-08,0,0,0.7476,0.135,0.1174,0,0,0,0,1,0.6223,0.0535,0.319,-0.6057,100,0
LJ500_R160_C074,698250,9581250,2020,8,2020-08,0.325,0,0,0,0.675,0,0,0,0,1,0.5102,0.2226,0.397,-0.4562,5.92,0
LJ500_R161_C066,694250,9581750,2020,8,2020-08,0,0,0.0311,0.0756,0.8933,0,0,0,0,1,0.6348,0.0968,0.3701,-0.5997,100,0
LJ500_R164_C043,682750,9583250,2020,8,2020-08,0,0.6371,0,0,0.3629,0,0,0,0,1,0.5911,0.0619,0.3139,-0.5629,100,0
LJ500_R164_C059,690750,9583250,2020,8,2020-08,0.6643,0.3177,0.018,0,0,0,0,0,0,1,0.7147,0.2703,0.5383,-0.6593,38.72,0
LJ500_R166_C072,697250,9584250,2020,8,2020-08,0,0,0,0,1,0,0,0,0,1,0.4465,0.1913,0.3841,-0.3878,2.24,0
LJ500_R167_C067,694750,9584750,2020,8,2020-08,0,0,0,0,1,0,0,0,0,1,0.6236,0.2099,0.4779,-0.5573,5.76,0
LJ500_R168_C045,683750,9585250,2020,8,2020-08,0.083,0.79,0,0,0.1269,0,0,0,0,1,0.5714,0.0849,0.3653,-0.5748,48,0
LJ500_R173_C033,677750,9587750,2020,8,2020-08,0.0493,0.4112,0,0,0.5395,0,0,0,0,1,0.7462,0.2356,0.5367,-0.6699,17.6,0
LJ500_R178_C063,692750,9590250,2020,8,2020-08,0,0,0,0,1,0,0,0,0,1,,,,,0,1
LJ500_R179_C046,684250,9590750,2020,8,2020-08,0,1,0,0,0,0,0,0,0,1,,,,,0,1
LJ500_R180_C071,696750,9591250,2020,8,2020-08,0.1157,0,0.1808,0,0.7035,0,0,0,0,1,0.4597,0.2035,0.3635,-0.4217,1.44,0
LJ500_R183_C039,680750,9592750,2020,8,2020-08,0,1,0,0,0,0,0,0,0,1,0.3046,-0.0447,0.144,-0.33,46.99,0
LJ500_R184_C039,680750,9593250,2020,8,2020-08,0,1,0,0,0,0,0,0,0,1,,,,,0,1
LJ500_R184_C066,694250,9593250,2020,8,2020-08,0.0203,0,0,0,0.9797,0,0,0,0,1,,,,,0,1
LJ500_R006_C075,698750,9504250,2020,9,2020-09,0.4991,0,0.5009,0,0,0,0,0,0,1,0.7964,0.3325,0.6119,-0.7414,100,0
LJ500_R011_C068,695250,9506750,2020,9,2020-09,1,0,0,0,0,0,0,0,0,1,0.8173,0.3605,0.6533,-0.7336,100,0
LJ500_R012_C055,688750,9507250,2020,9,2020-09,1,0,0,0,0,0,0,0,0,1,0.8096,0.3274,0.6044,-0.7555,100,0
LJ500_R020_C061,691750,9511250,2020,9,2020-09,0,0,1,0,0,0,0,0,0,1,0.474,-0.0231,0.2057,-0.4835,100,0
LJ500_R033_C056,689250,9517750,2020,9,2020-09,0.7601,0,0.2399,0,0,0,0,0,0,1,0.689,0.1487,0.4137,-0.633,100,0
LJ500_R035_C085,703750,9518750,2020,9,2020-09,0,0,0.6992,0,0.3008,0,0,0,0,1,0.7581,0.2031,0.4989,-0.6827,100,0
LJ500_R039_C072,697250,9520750,2020,9,2020-09,0,0,0.019,0,0.972,0,0,0.0089,0,1,0.3289,-0.059,0.0939,-0.3954,100,0
LJ500_R040_C060,691250,9521250,2020,9,2020-09,0.0093,0,0.9907,0,0,0,0,0,0,1,0.3923,-0.1521,0.0455,-0.5044,100,0
LJ500_R041_C061,691750,9521750,2020,9,2020-09,0.6217,0,0.3783,0,0,0,0,0,0,1,0.4858,-0.1174,0.0809,-0.5264,100,0
LJ500_R043_C058,690250,9522750,2020,9,2020-09,0,0,0.6724,0,0,0,0,0.3276,0,1,0.4135,-0.1098,0.0794,-0.4984,100,0
LJ500_R045_C083,702750,9523750,2020,9,2020-09,0.0975,0,0.9025,0,0,0,0,0,0,1,0.716,0.139,0.4311,-0.6636,100,0
LJ500_R046_C064,693250,9524250,2020,9,2020-09,0,0,0.1216,0,0,0.2178,0,0.6606,0,1,0.3032,-0.1472,-0.0152,-0.3629,100,0
LJ500_R048_C071,696750,9525250,2020,9,2020-09,0,0,1,0,0,0,0,0,0,1,0.3841,-0.0816,0.085,-0.474,100,0
LJ500_R050_C095,708750,9526250,2020,9,2020-09,0.2432,0.6234,0.1334,0,0,0,0,0,0,1,0.7416,0.2278,0.5132,-0.6991,100,0
LJ500_R056_C049,685750,9529250,2020,9,2020-09,0,0,1,0,0,0,0,0,0,1,0.4705,-0.0862,0.1209,-0.5157,100,0
LJ500_R058_C079,700750,9530250,2020,9,2020-09,0,0,0.7206,0,0.2794,0,0,0,0,1,0.7045,0.1474,0.4248,-0.6552,100,0
LJ500_R063_C060,691250,9532750,2020,9,2020-09,0,0,0.4901,0,0.4472,0.0627,0,0,0,1,0.5835,0.0924,0.2911,-0.58,100,0
LJ500_R064_C084,703250,9533250,2020,9,2020-09,0.235,0,0.7298,0,0.0352,0,0,0,0,1,0.7985,0.268,0.569,-0.705,100,0
LJ500_R069_C057,689750,9535750,2020,9,2020-09,0,0,0.1213,0,0.8787,0,0,0,0,1,0.2757,-0.1392,0.0169,-0.3671,100,0
LJ500_R072_C062,692250,9537250,2020,9,2020-09,0,0,0.4122,0,0.5878,0,0,0,0,1,0.381,-0.1101,0.0536,-0.441,100,0
LJ500_R072_C095,708750,9537250,2020,9,2020-09,0.7205,0.2795,0,0,0,0,0,0,0,1,0.804,0.2864,0.5793,-0.7429,100,0
LJ500_R074_C074,698250,9538250,2020,9,2020-09,0,0,0.1778,0,0.8222,0,0,0,0,1,0.5029,0.01,0.2124,-0.5166,100,0
LJ500_R078_C076,699250,9540250,2020,9,2020-09,0.071,0,0.0635,0,0.8655,0,0,0,0,1,0.6562,0.114,0.3859,-0.5999,100,0
LJ500_R079_C076,699250,9540750,2020,9,2020-09,0,0,0,0,0.9922,0.0078,0,0,0,1,0.623,0.1325,0.3779,-0.5893,100,0
LJ500_R093_C071,696750,9547750,2020,9,2020-09,0.1849,0,0,0,0.8151,0,0,0,0,1,0.7412,0.2014,0.4797,-0.6911,100,0
LJ500_R093_C073,697750,9547750,2020,9,2020-09,0.0013,0,0.5724,0,0.4263,0,0,0,0,1,0.6991,0.1771,0.4554,-0.6436,100,0
LJ500_R096_C074,698250,9549250,2020,9,2020-09,0.4564,0,0.2184,0.311,0.0142,0,0,0,0,1,0.8076,0.2738,0.5707,-0.732,100,0
LJ500_R098_C085,703750,9550250,2020,9,2020-09,1,0,0,0,0,0,0,0,0,1,0.8136,0.3496,0.6215,-0.7406,100,0
LJ500_R101_C091,706750,9551750,2020,9,2020-09,0.0455,0.9545,0,0,0,0,0,0,0,1,0.676,0.1719,0.4402,-0.6594,100,0
LJ500_R106_C080,701250,9554250,2020,9,2020-09,0,0,0.2691,0.5021,0.2289,0,0,0,0,1,0.7294,0.1905,0.4743,-0.6792,100,0
LJ500_R108_C065,693750,9555250,2020,9,2020-09,0,0,0.0703,0.9297,0,0,0,0,0,1,0.797,0.2739,0.5582,-0.7126,100,0
LJ500_R109_C088,705250,9555750,2020,9,2020-09,1,0,0,0,0,0,0,0,0,1,0.7382,0.2689,0.541,-0.6764,100,0
LJ500_R119_C079,700750,9560750,2020,9,2020-09,0,0,0.0076,0,0.8026,0.1897,0,0,0,1,0.6772,0.1162,0.3896,-0.6301,100,0
LJ500_R122_C070,696250,9562250,2020,9,2020-09,0,0,0,0,0.635,0.365,0,0,0,1,0.5542,0.0745,0.2857,-0.5363,100,0
LJ500_R125_C065,693750,9563750,2020,9,2020-09,0,0,0.0771,0,0.9229,0,0,0,0,1,0.5857,0.0389,0.2743,-0.5772,100,0
LJ500_R131_C053,687750,9566750,2020,9,2020-09,0,0,0.1735,0,0.8265,0,0,0,0,1,0.5743,0.065,0.2825,-0.5635,100,0
LJ500_R132_C080,701250,9567250,2020,9,2020-09,0.9327,0,0.0078,0,0.0594,0,0,0,0,1,0.8289,0.313,0.6125,-0.7513,100,0
LJ500_R138_C087,704750,9570250,2020,9,2020-09,0.2364,0,0.5005,0,0.2631,0,0,0,0,1,0.6859,0.1687,0.4291,-0.6078,100,0
LJ500_R142_C071,696750,9572250,2020,9,2020-09,0,0,0,0,1,0,0,0,0,1,0.6323,0.0562,0.3119,-0.597,100,0
LJ500_R145_C054,688250,9573750,2020,9,2020-09,0,0,0.7423,0,0.2577,0,0,0,0,1,0.6074,0.0417,0.3052,-0.6059,100,0
LJ500_R147_C083,702750,9574750,2020,9,2020-09,0.3027,0,0,0,0.6973,0,0,0,0,1,0.6847,0.135,0.407,-0.6369,100,0
LJ500_R156_C028,675250,9579250,2020,9,2020-09,0.6724,0,0.3276,0,0,0,0,0,0,1,0.7286,0.1776,0.454,-0.6796,100,0
LJ500_R156_C067,694750,9579250,2020,9,2020-09,0,0,0,0,1,0,0,0,0,1,0.6264,0.0821,0.3499,-0.6073,100,0
LJ500_R156_C079,700750,9579250,2020,9,2020-09,1,0,0,0,0,0,0,0,0,1,0.6954,0.2411,0.4983,-0.6551,100,0
LJ500_R157_C009,665750,9579750,2020,9,2020-09,0.0008,0,0.666,0,0.3333,0,0,0,0,1,0.6684,0.0997,0.3776,-0.6379,100,0
LJ500_R158_C065,693750,9580250,2020,9,2020-09,0,0,0.7476,0.135,0.1174,0,0,0,0,1,0.6177,0.0458,0.3068,-0.609,100,0
LJ500_R160_C074,698250,9581250,2020,9,2020-09,0.325,0,0,0,0.675,0,0,0,0,1,0.7702,0.2207,0.5169,-0.7035,100,0
LJ500_R161_C066,694250,9581750,2020,9,2020-09,0,0,0.0311,0.0756,0.8933,0,0,0,0,1,0.6184,0.0635,0.3156,-0.5942,100,0
LJ500_R164_C043,682750,9583250,2020,9,2020-09,0,0.6371,0,0,0.3629,0,0,0,0,1,0.5837,0.0305,0.2716,-0.5843,100,0
LJ500_R164_C059,690750,9583250,2020,9,2020-09,0.6643,0.3177,0.018,0,0,0,0,0,0,1,0.7248,0.2743,0.5369,-0.6731,100,0
LJ500_R166_C072,697250,9584250,2020,9,2020-09,0,0,0,0,1,0,0,0,0,1,0.7074,0.1666,0.4517,-0.6377,100,0
LJ500_R167_C067,694750,9584750,2020,9,2020-09,0,0,0,0,1,0,0,0,0,1,0.7108,0.1507,0.4374,-0.6486,100,0
LJ500_R168_C045,683750,9585250,2020,9,2020-09,0.083,0.79,0,0,0.1269,0,0,0,0,1,0.5711,0.0512,0.3229,-0.5865,100,0
LJ500_R173_C033,677750,9587750,2020,9,2020-09,0.0493,0.4112,0,0,0.5395,0,0,0,0,1,0.6888,0.1169,0.411,-0.6522,100,0
LJ500_R178_C063,692750,9590250,2020,9,2020-09,0,0,0,0,1,0,0,0,0,1,0.6864,0.1667,0.4341,-0.6408,100,0
LJ500_R179_C046,684250,9590750,2020,9,2020-09,0,1,0,0,0,0,0,0,0,1,0.5004,-0.0762,0.1762,-0.5613,100,0
LJ500_R180_C071,696750,9591250,2020,9,2020-09,0.1157,0,0.1808,0,0.7035,0,0,0,0,1,0.6079,0.1433,0.375,-0.585,100,0
LJ500_R183_C039,680750,9592750,2020,9,2020-09,0,1,0,0,0,0,0,0,0,1,0.4362,-0.1784,0.0651,-0.5256,100,0
LJ500_R184_C039,680750,9593250,2020,9,2020-09,0,1,0,0,0,0,0,0,0,1,0.3957,-0.0501,0.1694,-0.4275,100,0
LJ500_R184_C066,694250,9593250,2020,9,2020-09,0.0203,0,0,0,0.9797,0,0,0,0,1,0.656,0.1378,0.408,-0.6328,100,0
LJ500_R006_C075,698750,9504250,2020,10,2020-10,0.4991,0,0.5009,0,0,0,0,0,0,1,,,,,0,1
LJ500_R011_C068,695250,9506750,2020,10,2020-10,1,0,0,0,0,0,0,0,0,1,0.739,0.3459,0.6183,-0.6486,56.32,0
LJ500_R012_C055,688750,9507250,2020,10,2020-10,1,0,0,0,0,0,0,0,0,1,,,,,0,1
LJ500_R020_C061,691750,9511250,2020,10,2020-10,0,0,1,0,0,0,0,0,0,1,,,,,0,1
LJ500_R033_C056,689250,9517750,2020,10,2020-10,0.7601,0,0.2399,0,0,0,0,0,0,1,0.6408,0.1637,0.466,-0.5351,7.68,0
LJ500_R035_C085,703750,9518750,2020,10,2020-10,0,0,0.6992,0,0.3008,0,0,0,0,1,0.5728,0.1649,0.4304,-0.5022,23.52,0
LJ500_R039_C072,697250,9520750,2020,10,2020-10,0,0,0.019,0,0.972,0,0,0.0089,0,1,0.3093,-0.0816,0.0552,-0.36,100,0
LJ500_R040_C060,691250,9521250,2020,10,2020-10,0.0093,0,0.9907,0,0,0,0,0,0,1,0.3319,-0.1697,0.0215,-0.4461,93.28,0
LJ500_R041_C061,691750,9521750,2020,10,2020-10,0.6217,0,0.3783,0,0,0,0,0,0,1,0.4249,-0.124,0.0748,-0.4622,79.68,0
LJ500_R043_C058,690250,9522750,2020,10,2020-10,0,0,0.6724,0,0,0,0,0.3276,0,1,0.393,-0.0973,0.1152,-0.4719,39.68,0
LJ500_R045_C083,702750,9523750,2020,10,2020-10,0.0975,0,0.9025,0,0,0,0,0,0,1,,,,,0,1
LJ500_R046_C064,693250,9524250,2020,10,2020-10,0,0,0.1216,0,0,0.2178,0,0.6606,0,1,0.2735,-0.1566,-0.0265,-0.3234,100,0
LJ500_R048_C071,696750,9525250,2020,10,2020-10,0,0,1,0,0,0,0,0,0,1,0.3154,-0.1001,0.074,-0.3806,52.16,0
LJ500_R050_C095,708750,9526250,2020,10,2020-10,0.2432,0.6234,0.1334,0,0,0,0,0,0,1,,,,,0,1
LJ500_R056_C049,685750,9529250,2020,10,2020-10,0,0,1,0,0,0,0,0,0,1,0.3142,-0.1382,0.0402,-0.3724,1.12,0
LJ500_R058_C079,700750,9530250,2020,10,2020-10,0,0,0.7206,0,0.2794,0,0,0,0,1,0.6226,0.107,0.3746,-0.5751,100,0
LJ500_R063_C060,691250,9532750,2020,10,2020-10,0,0,0.4901,0,0.4472,0.0627,0,0,0,1,0.5692,0.0994,0.305,-0.5479,100,0
LJ500_R064_C084,703250,9533250,2020,10,2020-10,0.235,0,0.7298,0,0.0352,0,0,0,0,1,0.7562,0.253,0.557,-0.6526,38.24,0
LJ500_R069_C057,689750,9535750,2020,10,2020-10,0,0,0.1213,0,0.8787,0,0,0,0,1,0.265,-0.136,0.0145,-0.3327,57.92,0
LJ500_R072_C062,692250,9537250,2020,10,2020-10,0,0,0.4122,0,0.5878,0,0,0,0,1,0.1319,-0.1568,0.0003,-0.1655,0.48,0
LJ500_R072_C095,708750,9537250,2020,10,2020-10,0.7205,0.2795,0,0,0,0,0,0,0,1,,,,,0,1
LJ500_R074_C074,698250,9538250,2020,10,2020-10,0,0,0.1778,0,0.8222,0,0,0,0,1,,,,,0,1
LJ500_R078_C076,699250,9540250,2020,10,2020-10,0.071,0,0.0635,0,0.8655,0,0,0,0,1,,,,,0,1
LJ500_R079_C076,699250,9540750,2020,10,2020-10,0,0,0,0,0.9922,0.0078,0,0,0,1,,,,,0,1
LJ500_R093_C071,696750,9547750,2020,10,2020-10,0.1849,0,0,0,0.8151,0,0,0,0,1,,,,,0,1
LJ500_R093_C073,697750,9547750,2020,10,2020-10,0.0013,0,0.5724,0,0.4263,0,0,0,0,1,,,,,0,1
LJ500_R096_C074,698250,9549250,2020,10,2020-10,0.4564,0,0.2184,0.311,0.0142,0,0,0,0,1,,,,,0,1
LJ500_R098_C085,703750,9550250,2020,10,2020-10,1,0,0,0,0,0,0,0,0,1,0.7809,0.3727,0.6484,-0.6705,35.2,0
LJ500_R101_C091,706750,9551750,2020,10,2020-10,0.0455,0.9545,0,0,0,0,0,0,0,1,,,,,0,1
LJ500_R106_C080,701250,9554250,2020,10,2020-10,0,0,0.2691,0.5021,0.2289,0,0,0,0,1,0.7026,0.2155,0.4885,-0.6334,43.84,0
LJ500_R108_C065,693750,9555250,2020,10,2020-10,0,0,0.0703,0.9297,0,0,0,0,0,1,,,,,0,1
LJ500_R109_C088,705250,9555750,2020,10,2020-10,1,0,0,0,0,0,0,0,0,1,0.7224,0.2923,0.5619,-0.6189,8.16,0
LJ500_R119_C079,700750,9560750,2020,10,2020-10,0,0,0.0076,0,0.8026,0.1897,0,0,0,1,0.6477,0.1673,0.4673,-0.5656,59.04,0
LJ500_R122_C070,696250,9562250,2020,10,2020-10,0,0,0,0,0.635,0.365,0,0,0,1,0.2858,0.0386,0.1785,-0.2735,2.72,0
LJ500_R125_C065,693750,9563750,2020,10,2020-10,0,0,0.0771,0,0.9229,0,0,0,0,1,,,,,0,1
LJ500_R131_C053,687750,9566750,2020,10,2020-10,0,0,0.1735,0,0.8265,0,0,0,0,1,0.5193,0.0622,0.2708,-0.5006,100,0
LJ500_R132_C080,701250,9567250,2020,10,2020-10,0.9327,0,0.0078,0,0.0594,0,0,0,0,1,,,,,0,1
LJ500_R138_C087,704750,9570250,2020,10,2020-10,0.2364,0,0.5005,0,0.2631,0,0,0,0,1,0.6756,0.1425,0.3968,-0.5828,100,0
LJ500_R142_C071,696750,9572250,2020,10,2020-10,0,0,0,0,1,0,0,0,0,1,0.5986,0.0611,0.322,-0.5484,100,0
LJ500_R145_C054,688250,9573750,2020,10,2020-10,0,0,0.7423,0,0.2577,0,0,0,0,1,0.5428,0.0152,0.2688,-0.5294,36.32,0
LJ500_R147_C083,702750,9574750,2020,10,2020-10,0.3027,0,0,0,0.6973,0,0,0,0,1,0.669,0.1294,0.4102,-0.6061,95.52,0
LJ500_R156_C028,675250,9579250,2020,10,2020-10,0.6724,0,0.3276,0,0,0,0,0,0,1,0.6853,0.1511,0.4262,-0.6338,100,0
LJ500_R156_C067,694750,9579250,2020,10,2020-10,0,0,0,0,1,0,0,0,0,1,,,,,0,1
LJ500_R156_C079,700750,9579250,2020,10,2020-10,1,0,0,0,0,0,0,0,0,1,,,,,0,1
LJ500_R157_C009,665750,9579750,2020,10,2020-10,0.0008,0,0.666,0,0.3333,0,0,0,0,1,0.6086,0.041,0.3032,-0.5918,100,0
LJ500_R158_C065,693750,9580250,2020,10,2020-10,0,0,0.7476,0.135,0.1174,0,0,0,0,1,,,,,0,1
LJ500_R160_C074,698250,9581250,2020,10,2020-10,0.325,0,0,0,0.675,0,0,0,0,1,0.7502,0.2642,0.546,-0.6577,8.96,0
LJ500_R161_C066,694250,9581750,2020,10,2020-10,0,0,0.0311,0.0756,0.8933,0,0,0,0,1,0.5313,0.0783,0.3228,-0.4951,58.56,0
LJ500_R164_C043,682750,9583250,2020,10,2020-10,0,0.6371,0,0,0.3629,0,0,0,0,1,0.5349,0.0938,0.3424,-0.487,15.52,0
LJ500_R164_C059,690750,9583250,2020,10,2020-10,0.6643,0.3177,0.018,0,0,0,0,0,0,1,,,,,0,1
LJ500_R166_C072,697250,9584250,2020,10,2020-10,0,0,0,0,1,0,0,0,0,1,0.6688,0.1114,0.3976,-0.6012,100,0
LJ500_R167_C067,694750,9584750,2020,10,2020-10,0,0,0,0,1,0,0,0,0,1,0.6697,0.1389,0.4253,-0.6018,96.48,0
LJ500_R168_C045,683750,9585250,2020,10,2020-10,0.083,0.79,0,0,0.1269,0,0,0,0,1,,,,,0,1
LJ500_R173_C033,677750,9587750,2020,10,2020-10,0.0493,0.4112,0,0,0.5395,0,0,0,0,1,0.543,0.157,0.352,-0.5095,0.48,0
LJ500_R178_C063,692750,9590250,2020,10,2020-10,0,0,0,0,1,0,0,0,0,1,0.569,0.1875,0.471,-0.5015,23.36,0
LJ500_R179_C046,684250,9590750,2020,10,2020-10,0,1,0,0,0,0,0,0,0,1,0.6152,0.1769,0.4626,-0.5654,0.96,0
LJ500_R180_C071,696750,9591250,2020,10,2020-10,0.1157,0,0.1808,0,0.7035,0,0,0,0,1,0.6087,0.1054,0.374,-0.579,77.28,0
LJ500_R183_C039,680750,9592750,2020,10,2020-10,0,1,0,0,0,0,0,0,0,1,0.2825,-0.1317,0.0814,-0.2998,46.47,0
LJ500_R184_C039,680750,9593250,2020,10,2020-10,0,1,0,0,0,0,0,0,0,1,,,,,0,1
LJ500_R184_C066,694250,9593250,2020,10,2020-10,0.0203,0,0,0,0.9797,0,0,0,0,1,0.5574,0.123,0.3976,-0.5217,51.28,0
LJ500_R006_C075,698750,9504250,2020,11,2020-11,0.4991,0,0.5009,0,0,0,0,0,0,1,,,,,0,1
LJ500_R011_C068,695250,9506750,2020,11,2020-11,1,0,0,0,0,0,0,0,0,1,,,,,0,1
LJ500_R012_C055,688750,9507250,2020,11,2020-11,1,0,0,0,0,0,0,0,0,1,,,,,0,1
LJ500_R020_C061,691750,9511250,2020,11,2020-11,0,0,1,0,0,0,0,0,0,1,,,,,0,1
LJ500_R033_C056,689250,9517750,2020,11,2020-11,0.7601,0,0.2399,0,0,0,0,0,0,1,0.5537,0.0805,0.3254,-0.527,21.12,0
LJ500_R035_C085,703750,9518750,2020,11,2020-11,0,0,0.6992,0,0.3008,0,0,0,0,1,,,,,0,1
LJ500_R039_C072,697250,9520750,2020,11,2020-11,0,0,0.019,0,0.972,0,0,0.0089,0,1,0.3323,-0.032,0.1235,-0.3712,98.88,0
LJ500_R040_C060,691250,9521250,2020,11,2020-11,0.0093,0,0.9907,0,0,0,0,0,0,1,0.3122,-0.1723,0.0062,-0.4261,100,0
LJ500_R041_C061,691750,9521750,2020,11,2020-11,0.6217,0,0.3783,0,0,0,0,0,0,1,0.4348,-0.1144,0.0742,-0.4572,100,0
LJ500_R043_C058,690250,9522750,2020,11,2020-11,0,0,0.6724,0,0,0,0,0.3276,0,1,0.34,-0.1381,0.029,-0.4328,100,0
LJ500_R045_C083,702750,9523750,2020,11,2020-11,0.0975,0,0.9025,0,0,0,0,0,0,1,0.7315,0.2246,0.5079,-0.6452,8.8,0
LJ500_R046_C064,693250,9524250,2020,11,2020-11,0,0,0.1216,0,0,0.2178,0,0.6606,0,1,0.2547,-0.1619,-0.0449,-0.3078,94.56,0
LJ500_R048_C071,696750,9525250,2020,11,2020-11,0,0,1,0,0,0,0,0,0,1,0.3221,-0.115,0.0339,-0.3994,100,0
LJ500_R050_C095,708750,9526250,2020,11,2020-11,0.2432,0.6234,0.1334,0,0,0,0,0,0,1,,,,,0,1
LJ500_R056_C049,685750,9529250,2020,11,2020-11,0,0,1,0,0,0,0,0,0,1,0.3978,-0.1274,0.0572,-0.4468,100,0
LJ500_R058_C079,700750,9530250,2020,11,2020-11,0,0,0.7206,0,0.2794,0,0,0,0,1,,,,,0,1
LJ500_R063_C060,691250,9532750,2020,11,2020-11,0,0,0.4901,0,0.4472,0.0627,0,0,0,1,0.5661,0.0868,0.2804,-0.5555,100,0
LJ500_R064_C084,703250,9533250,2020,11,2020-11,0.235,0,0.7298,0,0.0352,0,0,0,0,1,,,,,0,1
LJ500_R069_C057,689750,9535750,2020,11,2020-11,0,0,0.1213,0,0.8787,0,0,0,0,1,0.2293,-0.1616,-0.0317,-0.3056,19.2,0
LJ500_R072_C062,692250,9537250,2020,11,2020-11,0,0,0.4122,0,0.5878,0,0,0,0,1,0.2742,-0.1848,-0.0638,-0.3504,100,0
LJ500_R072_C095,708750,9537250,2020,11,2020-11,0.7205,0.2795,0,0,0,0,0,0,0,1,,,,,0,1
LJ500_R074_C074,698250,9538250,2020,11,2020-11,0,0,0.1778,0,0.8222,0,0,0,0,1,0.4369,-0.0099,0.1735,-0.4405,53.92,0
LJ500_R078_C076,699250,9540250,2020,11,2020-11,0.071,0,0.0635,0,0.8655,0,0,0,0,1,0.6005,0.0768,0.3366,-0.5364,31.68,0
LJ500_R079_C076,699250,9540750,2020,11,2020-11,0,0,0,0,0.9922,0.0078,0,0,0,1,,,,,0,1
LJ500_R093_C071,696750,9547750,2020,11,2020-11,0.1849,0,0,0,0.8151,0,0,0,0,1,,,,,0,1
LJ500_R093_C073,697750,9547750,2020,11,2020-11,0.0013,0,0.5724,0,0.4263,0,0,0,0,1,,,,,0,1
LJ500_R096_C074,698250,9549250,2020,11,2020-11,0.4564,0,0.2184,0.311,0.0142,0,0,0,0,1,,,,,0,1
LJ500_R098_C085,703750,9550250,2020,11,2020-11,1,0,0,0,0,0,0,0,0,1,,,,,0,1
LJ500_R101_C091,706750,9551750,2020,11,2020-11,0.0455,0.9545,0,0,0,0,0,0,0,1,,,,,0,1
LJ500_R106_C080,701250,9554250,2020,11,2020-11,0,0,0.2691,0.5021,0.2289,0,0,0,0,1,,,,,0,1
LJ500_R108_C065,693750,9555250,2020,11,2020-11,0,0,0.0703,0.9297,0,0,0,0,0,1,0.5356,0.2496,0.4578,-0.4857,100,0
LJ500_R109_C088,705250,9555750,2020,11,2020-11,1,0,0,0,0,0,0,0,0,1,,,,,0,1
LJ500_R119_C079,700750,9560750,2020,11,2020-11,0,0,0.0076,0,0.8026,0.1897,0,0,0,1,0.6268,0.1334,0.3897,-0.5804,100,0
LJ500_R122_C070,696250,9562250,2020,11,2020-11,0,0,0,0,0.635,0.365,0,0,0,1,0.47,0.0441,0.2337,-0.4698,100,0
LJ500_R125_C065,693750,9563750,2020,11,2020-11,0,0,0.0771,0,0.9229,0,0,0,0,1,0.5048,0.0258,0.2482,-0.5046,100,0
LJ500_R131_C053,687750,9566750,2020,11,2020-11,0,0,0.1735,0,0.8265,0,0,0,0,1,0.4542,0.0636,0.248,-0.4427,35.52,0
LJ500_R132_C080,701250,9567250,2020,11,2020-11,0.9327,0,0.0078,0,0.0594,0,0,0,0,1,0.7005,0.3066,0.5738,-0.6308,100,0
LJ500_R138_C087,704750,9570250,2020,11,2020-11,0.2364,0,0.5005,0,0.2631,0,0,0,0,1,0.6562,0.1831,0.4376,-0.5699,100,0
LJ500_R142_C071,696750,9572250,2020,11,2020-11,0,0,0,0,1,0,0,0,0,1,0.5678,0.0827,0.3241,-0.5353,100,0
LJ500_R145_C054,688250,9573750,2020,11,2020-11,0,0,0.7423,0,0.2577,0,0,0,0,1,0.562,0.0533,0.2909,-0.5471,65.12,0
LJ500_R147_C083,702750,9574750,2020,11,2020-11,0.3027,0,0,0,0.6973,0,0,0,0,1,0.6892,0.1349,0.4121,-0.6411,100,0
LJ500_R156_C028,675250,9579250,2020,11,2020-11,0.6724,0,0.3276,0,0,0,0,0,0,1,0.684,0.1318,0.3985,-0.6375,100,0
LJ500_R156_C067,694750,9579250,2020,11,2020-11,0,0,0,0,1,0,0,0,0,1,0.6364,0.0917,0.3448,-0.6308,84.48,0
LJ500_R156_C079,700750,9579250,2020,11,2020-11,1,0,0,0,0,0,0,0,0,1,0.65,0.2354,0.4949,-0.5971,16.32,0
LJ500_R157_C009,665750,9579750,2020,11,2020-11,0.0008,0,0.666,0,0.3333,0,0,0,0,1,0.5647,-0.0048,0.2404,-0.568,100,0
LJ500_R158_C065,693750,9580250,2020,11,2020-11,0,0,0.7476,0.135,0.1174,0,0,0,0,1,0.6047,0.0499,0.3087,-0.602,100,0
LJ500_R160_C074,698250,9581250,2020,11,2020-11,0.325,0,0,0,0.675,0,0,0,0,1,0.7203,0.2176,0.5001,-0.6629,100,0
LJ500_R161_C066,694250,9581750,2020,11,2020-11,0,0,0.0311,0.0756,0.8933,0,0,0,0,1,0.5029,0.0688,0.3063,-0.4777,48.48,0
LJ500_R164_C043,682750,9583250,2020,11,2020-11,0,0.6371,0,0,0.3629,0,0,0,0,1,0.4784,0.028,0.2578,-0.4754,80.8,0
LJ500_R164_C059,690750,9583250,2020,11,2020-11,0.6643,0.3177,0.018,0,0,0,0,0,0,1,0.7558,0.2859,0.5602,-0.7083,82.88,0
LJ500_R166_C072,697250,9584250,2020,11,2020-11,0,0,0,0,1,0,0,0,0,1,0.6722,0.1693,0.4482,-0.6102,100,0
LJ500_R167_C067,694750,9584750,2020,11,2020-11,0,0,0,0,1,0,0,0,0,1,0.6878,0.1922,0.4749,-0.618,100,0
LJ500_R168_C045,683750,9585250,2020,11,2020-11,0.083,0.79,0,0,0.1269,0,0,0,0,1,0.5038,0.0229,0.285,-0.5209,100,0
LJ500_R173_C033,677750,9587750,2020,11,2020-11,0.0493,0.4112,0,0,0.5395,0,0,0,0,1,0.5255,0.1041,0.3553,-0.5077,26.88,0
LJ500_R178_C063,692750,9590250,2020,11,2020-11,0,0,0,0,1,0,0,0,0,1,,,,,0,1
LJ500_R179_C046,684250,9590750,2020,11,2020-11,0,1,0,0,0,0,0,0,0,1,0.377,-0.0482,0.1863,-0.4183,100,0
LJ500_R180_C071,696750,9591250,2020,11,2020-11,0.1157,0,0.1808,0,0.7035,0,0,0,0,1,0.5901,0.1744,0.4251,-0.5616,100,0
LJ500_R183_C039,680750,9592750,2020,11,2020-11,0,1,0,0,0,0,0,0,0,1,0.3207,-0.1398,0.0802,-0.3849,99.58,0
LJ500_R184_C039,680750,9593250,2020,11,2020-11,0,1,0,0,0,0,0,0,0,1,0.4824,-0.0558,0.1838,-0.5199,74.16,0
LJ500_R184_C066,694250,9593250,2020,11,2020-11,0.0203,0,0,0,0.9797,0,0,0,0,1,0.568,0.0886,0.3535,-0.5227,12.43,0
LJ500_R006_C075,698750,9504250,2020,12,2020-12,0.4991,0,0.5009,0,0,0,0,0,0,1,0.7468,0.3291,0.6213,-0.6701,100,0
LJ500_R011_C068,695250,9506750,2020,12,2020-12,1,0,0,0,0,0,0,0,0,1,0.6109,0.2852,0.5784,-0.5208,100,0
LJ500_R012_C055,688750,9507250,2020,12,2020-12,1,0,0,0,0,0,0,0,0,1,0.8121,0.3354,0.6207,-0.7483,100,0
LJ500_R020_C061,691750,9511250,2020,12,2020-12,0,0,1,0,0,0,0,0,0,1,0.4831,-0.0317,0.1704,-0.499,100,0
LJ500_R033_C056,689250,9517750,2020,12,2020-12,0.7601,0,0.2399,0,0,0,0,0,0,1,0.6328,0.0909,0.3343,-0.6088,100,0
LJ500_R035_C085,703750,9518750,2020,12,2020-12,0,0,0.6992,0,0.3008,0,0,0,0,1,0.6605,0.0941,0.3716,-0.6217,100,0
LJ500_R039_C072,697250,9520750,2020,12,2020-12,0,0,0.019,0,0.972,0,0,0.0089,0,1,0.3975,0.0064,0.1576,-0.4398,100,0
LJ500_R040_C060,691250,9521250,2020,12,2020-12,0.0093,0,0.9907,0,0,0,0,0,0,1,0.3134,-0.1822,-0.0054,-0.4295,100,0
LJ500_R041_C061,691750,9521750,2020,12,2020-12,0.6217,0,0.3783,0,0,0,0,0,0,1,0.465,-0.0862,0.1106,-0.5068,100,0
LJ500_R043_C058,690250,9522750,2020,12,2020-12,0,0,0.6724,0,0,0,0,0.3276,0,1,0.3287,-0.158,0.006,-0.4435,100,0
LJ500_R045_C083,702750,9523750,2020,12,2020-12,0.0975,0,0.9025,0,0,0,0,0,0,1,0.667,0.0763,0.3315,-0.6463,100,0
LJ500_R046_C064,693250,9524250,2020,12,2020-12,0,0,0.1216,0,0,0.2178,0,0.6606,0,1,0.2582,-0.1499,-0.0307,-0.3289,100,0
LJ500_R048_C071,696750,9525250,2020,12,2020-12,0,0,1,0,0,0,0,0,0,1,0.3365,-0.0703,0.0731,-0.3908,100,0
LJ500_R050_C095,708750,9526250,2020,12,2020-12,0.2432,0.6234,0.1334,0,0,0,0,0,0,1,0.7646,0.2188,0.5155,-0.7165,100,0
LJ500_R056_C049,685750,9529250,2020,12,2020-12,0,0,1,0,0,0,0,0,0,1,0.4001,-0.1286,0.0577,-0.4672,100,0
LJ500_R058_C079,700750,9530250,2020,12,2020-12,0,0,0.7206,0,0.2794,0,0,0,0,1,0.6216,0.0417,0.2795,-0.6185,100,0
LJ500_R063_C060,691250,9532750,2020,12,2020-12,0,0,0.4901,0,0.4472,0.0627,0,0,0,1,0.6094,0.1318,0.3424,-0.5877,100,0
LJ500_R064_C084,703250,9533250,2020,12,2020-12,0.235,0,0.7298,0,0.0352,0,0,0,0,1,0.7563,0.2222,0.5137,-0.6774,100,0
LJ500_R069_C057,689750,9535750,2020,12,2020-12,0,0,0.1213,0,0.8787,0,0,0,0,1,0.2348,-0.1728,-0.0347,-0.3332,100,0
LJ500_R072_C062,692250,9537250,2020,12,2020-12,0,0,0.4122,0,0.5878,0,0,0,0,1,0.3154,-0.158,-0.025,-0.3881,100,0
LJ500_R072_C095,708750,9537250,2020,12,2020-12,0.7205,0.2795,0,0,0,0,0,0,0,1,0.8101,0.2816,0.5766,-0.7437,100,0
LJ500_R074_C074,698250,9538250,2020,12,2020-12,0,0,0.1778,0,0.8222,0,0,0,0,1,0.5137,0.0601,0.2666,-0.4789,100,0
LJ500_R078_C076,699250,9540250,2020,12,2020-12,0.071,0,0.0635,0,0.8655,0,0,0,0,1,0.6483,0.1005,0.3617,-0.5888,100,0
LJ500_R079_C076,699250,9540750,2020,12,2020-12,0,0,0,0,0.9922,0.0078,0,0,0,1,0.6712,0.1227,0.3696,-0.6284,100,0
LJ500_R093_C071,696750,9547750,2020,12,2020-12,0.1849,0,0,0,0.8151,0,0,0,0,1,0.7253,0.1846,0.4586,-0.6735,100,0
LJ500_R093_C073,697750,9547750,2020,12,2020-12,0.0013,0,0.5724,0,0.4263,0,0,0,0,1,0.7005,0.1557,0.4273,-0.645,100,0
LJ500_R096_C074,698250,9549250,2020,12,2020-12,0.4564,0,0.2184,0.311,0.0142,0,0,0,0,1,0.789,0.2362,0.5245,-0.7203,100,0
LJ500_R098_C085,703750,9550250,2020,12,2020-12,1,0,0,0,0,0,0,0,0,1,0.8302,0.3468,0.6347,-0.7531,100,0
LJ500_R101_C091,706750,9551750,2020,12,2020-12,0.0455,0.9545,0,0,0,0,0,0,0,1,0.7082,0.1521,0.4274,-0.6846,100,0
LJ500_R106_C080,701250,9554250,2020,12,2020-12,0,0,0.2691,0.5021,0.2289,0,0,0,0,1,0.715,0.1707,0.4493,-0.6714,100,0
LJ500_R108_C065,693750,9555250,2020,12,2020-12,0,0,0.0703,0.9297,0,0,0,0,0,1,0.7565,0.2512,0.5215,-0.6952,100,0
LJ500_R109_C088,705250,9555750,2020,12,2020-12,1,0,0,0,0,0,0,0,0,1,0.7716,0.2701,0.5504,-0.7071,100,0
LJ500_R119_C079,700750,9560750,2020,12,2020-12,0,0,0.0076,0,0.8026,0.1897,0,0,0,1,0.6251,0.1114,0.3654,-0.5851,100,0
LJ500_R122_C070,696250,9562250,2020,12,2020-12,0,0,0,0,0.635,0.365,0,0,0,1,0.4382,0.0157,0.1941,-0.4572,100,0
LJ500_R125_C065,693750,9563750,2020,12,2020-12,0,0,0.0771,0,0.9229,0,0,0,0,1,0.505,-0.0147,0.1908,-0.5248,100,0
LJ500_R131_C053,687750,9566750,2020,12,2020-12,0,0,0.1735,0,0.8265,0,0,0,0,1,0.53,0.0558,0.2565,-0.5351,100,0
LJ500_R132_C080,701250,9567250,2020,12,2020-12,0.9327,0,0.0078,0,0.0594,0,0,0,0,1,0.8192,0.3165,0.6138,-0.7365,100,0
LJ500_R138_C087,704750,9570250,2020,12,2020-12,0.2364,0,0.5005,0,0.2631,0,0,0,0,1,0.7208,0.185,0.4617,-0.6336,100,0
LJ500_R142_C071,696750,9572250,2020,12,2020-12,0,0,0,0,1,0,0,0,0,1,0.5601,0.0361,0.2844,-0.5468,100,0
LJ500_R145_C054,688250,9573750,2020,12,2020-12,0,0,0.7423,0,0.2577,0,0,0,0,1,0.5688,0.0173,0.2643,-0.5751,100,0
LJ500_R147_C083,702750,9574750,2020,12,2020-12,0.3027,0,0,0,0.6973,0,0,0,0,1,0.6724,0.1169,0.3865,-0.6262,100,0
LJ500_R156_C028,675250,9579250,2020,12,2020-12,0.6724,0,0.3276,0,0,0,0,0,0,1,0.6829,0.1137,0.3886,-0.6421,100,0
LJ500_R156_C067,694750,9579250,2020,12,2020-12,0,0,0,0,1,0,0,0,0,1,0.5775,0.0597,0.2941,-0.5628,100,0
LJ500_R156_C079,700750,9579250,2020,12,2020-12,1,0,0,0,0,0,0,0,0,1,0.7661,0.2506,0.5358,-0.7238,100,0
LJ500_R157_C009,665750,9579750,2020,12,2020-12,0.0008,0,0.666,0,0.3333,0,0,0,0,1,0.5358,-0.0072,0.2205,-0.5454,100,0
LJ500_R158_C065,693750,9580250,2020,12,2020-12,0,0,0.7476,0.135,0.1174,0,0,0,0,1,0.5547,0.0241,0.2608,-0.5616,100,0
LJ500_R160_C074,698250,9581250,2020,12,2020-12,0.325,0,0,0,0.675,0,0,0,0,1,0.7644,0.2039,0.4969,-0.7068,100,0
LJ500_R161_C066,694250,9581750,2020,12,2020-12,0,0,0.0311,0.0756,0.8933,0,0,0,0,1,0.525,0.0252,0.2547,-0.5288,100,0
LJ500_R164_C043,682750,9583250,2020,12,2020-12,0,0.6371,0,0,0.3629,0,0,0,0,1,0.5515,0.0002,0.2178,-0.5597,100,0
LJ500_R164_C059,690750,9583250,2020,12,2020-12,0.6643,0.3177,0.018,0,0,0,0,0,0,1,0.7291,0.2578,0.527,-0.6779,100,0
LJ500_R166_C072,697250,9584250,2020,12,2020-12,0,0,0,0,1,0,0,0,0,1,0.6893,0.1185,0.3892,-0.6416,100,0
LJ500_R167_C067,694750,9584750,2020,12,2020-12,0,0,0,0,1,0,0,0,0,1,0.6969,0.1606,0.4314,-0.6398,100,0
LJ500_R168_C045,683750,9585250,2020,12,2020-12,0.083,0.79,0,0,0.1269,0,0,0,0,1,0.5351,0.0243,0.2947,-0.5492,100,0
LJ500_R173_C033,677750,9587750,2020,12,2020-12,0.0493,0.4112,0,0,0.5395,0,0,0,0,1,0.629,0.0814,0.3309,-0.6113,100,0
LJ500_R178_C063,692750,9590250,2020,12,2020-12,0,0,0,0,1,0,0,0,0,1,0.6942,0.1667,0.4334,-0.6447,100,0
LJ500_R179_C046,684250,9590750,2020,12,2020-12,0,1,0,0,0,0,0,0,0,1,0.4764,-0.1291,0.1065,-0.5428,100,0
LJ500_R180_C071,696750,9591250,2020,12,2020-12,0.1157,0,0.1808,0,0.7035,0,0,0,0,1,0.6875,0.1327,0.4015,-0.664,100,0
LJ500_R183_C039,680750,9592750,2020,12,2020-12,0,1,0,0,0,0,0,0,0,1,0.4374,-0.2335,-0.0094,-0.5327,100,0
LJ500_R184_C039,680750,9593250,2020,12,2020-12,0,1,0,0,0,0,0,0,0,1,0.4993,-0.2087,0.0311,-0.5632,100,0
LJ500_R184_C066,694250,9593250,2020,12,2020-12,0.0203,0,0,0,0.9797,0,0,0,0,1,0.6346,0.1029,0.3696,-0.6132,100,0
LJ500_R006_C075,698750,9504250,2021,1,2021-01,0.4991,0,0.5009,0,0,0,0,0,0,1,,,,,0,1
LJ500_R011_C068,695250,9506750,2021,1,2021-01,1,0,0,0,0,0,0,0,0,1,,,,,0,1
LJ500_R012_C055,688750,9507250,2021,1,2021-01,1,0,0,0,0,0,0,0,0,1,,,,,0,1
LJ500_R020_C061,691750,9511250,2021,1,2021-01,0,0,1,0,0,0,0,0,0,1,0.6315,0.0693,0.3327,-0.5631,22.08,0
LJ500_R033_C056,689250,9517750,2021,1,2021-01,0.7601,0,0.2399,0,0,0,0,0,0,1,0.6131,0.1773,0.4167,-0.5231,12.8,0
LJ500_R035_C085,703750,9518750,2021,1,2021-01,0,0,0.6992,0,0.3008,0,0,0,0,1,0.7608,0.1769,0.4665,-0.6727,98.56,0
LJ500_R039_C072,697250,9520750,2021,1,2021-01,0,0,0.019,0,0.972,0,0,0.0089,0,1,0.5829,0.2092,0.3779,-0.5308,22.24,0
LJ500_R040_C060,691250,9521250,2021,1,2021-01,0.0093,0,0.9907,0,0,0,0,0,0,1,0.2534,-0.0661,0.1332,-0.2643,96.48,0
LJ500_R041_C061,691750,9521750,2021,1,2021-01,0.6217,0,0.3783,0,0,0,0,0,0,1,0.3534,0.0458,0.2307,-0.295,100,0
LJ500_R043_C058,690250,9522750,2021,1,2021-01,0,0,0.6724,0,0,0,0,0.3276,0,1,0.3652,-0.1156,0.0866,-0.3669,44.8,0
LJ500_R045_C083,702750,9523750,2021,1,2021-01,0.0975,0,0.9025,0,0,0,0,0,0,1,0.8273,0.2599,0.5521,-0.7097,1.44,0
LJ500_R046_C064,693250,9524250,2021,1,2021-01,0,0,0.1216,0,0,0.2178,0,0.6606,0,1,0.3894,0.0693,0.2138,-0.3522,3.36,0
LJ500_R048_C071,696750,9525250,2021,1,2021-01,0,0,1,0,0,0,0,0,0,1,,,,,0,1
LJ500_R050_C095,708750,9526250,2021,1,2021-01,0.2432,0.6234,0.1334,0,0,0,0,0,0,1,0.6673,0.2633,0.5119,-0.6066,0.64,0
LJ500_R056_C049,685750,9529250,2021,1,2021-01,0,0,1,0,0,0,0,0,0,1,0.442,-0.0864,0.1306,-0.4571,100,0
LJ500_R058_C079,700750,9530250,2021,1,2021-01,0,0,0.7206,0,0.2794,0,0,0,0,1,0.6461,0.1242,0.3757,-0.5663,19.52,0
LJ500_R063_C060,691250,9532750,2021,1,2021-01,0,0,0.4901,0,0.4472,0.0627,0,0,0,1,0.764,0.2567,0.5082,-0.6814,100,0
LJ500_R064_C084,703250,9533250,2021,1,2021-01,0.235,0,0.7298,0,0.0352,0,0,0,0,1,0.776,0.2613,0.5557,-0.6745,100,0
LJ500_R069_C057,689750,9535750,2021,1,2021-01,0,0,0.1213,0,0.8787,0,0,0,0,1,0.4349,-0.0467,0.1289,-0.4373,100,0
LJ500_R072_C062,692250,9537250,2021,1,2021-01,0,0,0.4122,0,0.5878,0,0,0,0,1,0.5666,0.0779,0.2789,-0.5101,100,0
LJ500_R072_C095,708750,9537250,2021,1,2021-01,0.7205,0.2795,0,0,0,0,0,0,0,1,,,,,0,1
LJ500_R074_C074,698250,9538250,2021,1,2021-01,0,0,0.1778,0,0.8222,0,0,0,0,1,0.5339,0.0531,0.2704,-0.4869,1.28,0
LJ500_R078_C076,699250,9540250,2021,1,2021-01,0.071,0,0.0635,0,0.8655,0,0,0,0,1,0.5924,0.1623,0.3707,-0.5109,30.24,0
LJ500_R079_C076,699250,9540750,2021,1,2021-01,0,0,0,0,0.9922,0.0078,0,0,0,1,0.6184,0.2006,0.4142,-0.541,73.76,0
LJ500_R093_C071,696750,9547750,2021,1,2021-01,0.1849,0,0,0,0.8151,0,0,0,0,1,0.6692,0.258,0.5371,-0.5735,6.7677,0
LJ500_R093_C073,697750,9547750,2021,1,2021-01,0.0013,0,0.5724,0,0.4263,0,0,0,0,1,0.6758,0.2397,0.5171,-0.5876,64,0
LJ500_R096_C074,698250,9549250,2021,1,2021-01,0.4564,0,0.2184,0.311,0.0142,0,0,0,0,1,0.4235,0.2172,0.407,-0.3694,15.04,0
LJ500_R098_C085,703750,9550250,2021,1,2021-01,1,0,0,0,0,0,0,0,0,1,,,,,0,1
LJ500_R101_C091,706750,9551750,2021,1,2021-01,0.0455,0.9545,0,0,0,0,0,0,0,1,,,,,0,1
LJ500_R106_C080,701250,9554250,2021,1,2021-01,0,0,0.2691,0.5021,0.2289,0,0,0,0,1,,,,,0,1
LJ500_R108_C065,693750,9555250,2021,1,2021-01,0,0,0.0703,0.9297,0,0,0,0,0,1,0.5803,0.2204,0.4297,-0.5173,100,0
LJ500_R109_C088,705250,9555750,2021,1,2021-01,1,0,0,0,0,0,0,0,0,1,,,,,0,1
LJ500_R119_C079,700750,9560750,2021,1,2021-01,0,0,0.0076,0,0.8026,0.1897,0,0,0,1,0.6362,0.1969,0.4889,-0.5472,80.96,0
LJ500_R122_C070,696250,9562250,2021,1,2021-01,0,0,0,0,0.635,0.365,0,0,0,1,0.2795,0.1132,0.2753,-0.2245,0.64,0
LJ500_R125_C065,693750,9563750,2021,1,2021-01,0,0,0.0771,0,0.9229,0,0,0,0,1,,,,,0,1
LJ500_R131_C053,687750,9566750,2021,1,2021-01,0,0,0.1735,0,0.8265,0,0,0,0,1,0.5699,0.1191,0.3404,-0.51,33.28,0
LJ500_R132_C080,701250,9567250,2021,1,2021-01,0.9327,0,0.0078,0,0.0594,0,0,0,0,1,0.5968,0.2627,0.51,-0.5266,32.16,0
LJ500_R138_C087,704750,9570250,2021,1,2021-01,0.2364,0,0.5005,0,0.2631,0,0,0,0,1,0.6586,0.2481,0.5195,-0.5404,100,0
LJ500_R142_C071,696750,9572250,2021,1,2021-01,0,0,0,0,1,0,0,0,0,1,0.4941,0.0789,0.3174,-0.4544,92.16,0
LJ500_R145_C054,688250,9573750,2021,1,2021-01,0,0,0.7423,0,0.2577,0,0,0,0,1,0.5115,0.0418,0.287,-0.5028,13.92,0
LJ500_R147_C083,702750,9574750,2021,1,2021-01,0.3027,0,0,0,0.6973,0,0,0,0,1,0.5278,0.1053,0.3592,-0.4954,40.16,0
LJ500_R156_C028,675250,9579250,2021,1,2021-01,0.6724,0,0.3276,0,0,0,0,0,0,1,,,,,0,1
LJ500_R156_C067,694750,9579250,2021,1,2021-01,0,0,0,0,1,0,0,0,0,1,,,,,0,1
LJ500_R156_C079,700750,9579250,2021,1,2021-01,1,0,0,0,0,0,0,0,0,1,,,,,0,1
LJ500_R157_C009,665750,9579750,2021,1,2021-01,0.0008,0,0.666,0,0.3333,0,0,0,0,1,,,,,0,1
LJ500_R158_C065,693750,9580250,2021,1,2021-01,0,0,0.7476,0.135,0.1174,0,0,0,0,1,,,,,0,1
LJ500_R160_C074,698250,9581250,2021,1,2021-01,0.325,0,0,0,0.675,0,0,0,0,1,,,,,0,1
LJ500_R161_C066,694250,9581750,2021,1,2021-01,0,0,0.0311,0.0756,0.8933,0,0,0,0,1,0.561,0.0997,0.3537,-0.5178,61.44,0
LJ500_R164_C043,682750,9583250,2021,1,2021-01,0,0.6371,0,0,0.3629,0,0,0,0,1,0.5651,0.0544,0.3077,-0.5317,75.84,0
LJ500_R164_C059,690750,9583250,2021,1,2021-01,0.6643,0.3177,0.018,0,0,0,0,0,0,1,,,,,0,1
LJ500_R166_C072,697250,9584250,2021,1,2021-01,0,0,0,0,1,0,0,0,0,1,,,,,0,1
LJ500_R167_C067,694750,9584750,2021,1,2021-01,0,0,0,0,1,0,0,0,0,1,0.5871,0.1634,0.4181,-0.5128,25.6,0
LJ500_R168_C045,683750,9585250,2021,1,2021-01,0.083,0.79,0,0,0.1269,0,0,0,0,1,0.5112,0.0823,0.3539,-0.4945,68.48,0
LJ500_R173_C033,677750,9587750,2021,1,2021-01,0.0493,0.4112,0,0,0.5395,0,0,0,0,1,,,,,0,1
LJ500_R178_C063,692750,9590250,2021,1,2021-01,0,0,0,0,1,0,0,0,0,1,0.5734,0.2593,0.4721,-0.4972,4.64,0
LJ500_R179_C046,684250,9590750,2021,1,2021-01,0,1,0,0,0,0,0,0,0,1,0.3386,-0.1408,0.075,-0.3698,0.48,0
LJ500_R180_C071,696750,9591250,2021,1,2021-01,0.1157,0,0.1808,0,0.7035,0,0,0,0,1,,,,,0,1
LJ500_R183_C039,680750,9592750,2021,1,2021-01,0,1,0,0,0,0,0,0,0,1,0.295,-0.0581,0.1835,-0.299,6.388,0
LJ500_R184_C039,680750,9593250,2021,1,2021-01,0,1,0,0,0,0,0,0,0,1,,,,,0,1
LJ500_R184_C066,694250,9593250,2021,1,2021-01,0.0203,0,0,0,0.9797,0,0,0,0,1,0.6591,0.2272,0.5056,-0.6001,30.42,0
LJ500_R006_C075,698750,9504250,2021,2,2021-02,0.4991,0,0.5009,0,0,0,0,0,0,1,,,,,0,1
LJ500_R011_C068,695250,9506750,2021,2,2021-02,1,0,0,0,0,0,0,0,0,1,0.7089,0.3403,0.6113,-0.6222,8.96,0
LJ500_R012_C055,688750,9507250,2021,2,2021-02,1,0,0,0,0,0,0,0,0,1,,,,,0,1
LJ500_R020_C061,691750,9511250,2021,2,2021-02,0,0,1,0,0,0,0,0,0,1,0.5933,0.0639,0.3186,-0.5222,6.88,0
LJ500_R033_C056,689250,9517750,2021,2,2021-02,0.7601,0,0.2399,0,0,0,0,0,0,1,0.7143,0.1821,0.4446,-0.6263,97.6,0
LJ500_R035_C085,703750,9518750,2021,2,2021-02,0,0,0.6992,0,0.3008,0,0,0,0,1,0.6263,0.1407,0.4012,-0.5683,15.04,0
LJ500_R039_C072,697250,9520750,2021,2,2021-02,0,0,0.019,0,0.972,0,0,0.0089,0,1,0.6134,0.1799,0.3976,-0.5432,100,0
LJ500_R040_C060,691250,9521250,2021,2,2021-02,0.0093,0,0.9907,0,0,0,0,0,0,1,0.5944,-0.0142,0.2326,-0.5334,100,0
LJ500_R041_C061,691750,9521750,2021,2,2021-02,0.6217,0,0.3783,0,0,0,0,0,0,1,0.793,0.2229,0.5053,-0.6749,100,0
LJ500_R043_C058,690250,9522750,2021,2,2021-02,0,0,0.6724,0,0,0,0,0.3276,0,1,0.5807,-0.0135,0.2244,-0.5327,100,0
LJ500_R045_C083,702750,9523750,2021,2,2021-02,0.0975,0,0.9025,0,0,0,0,0,0,1,0.5247,0.1351,0.3154,-0.4791,39.84,0
LJ500_R046_C064,693250,9524250,2021,2,2021-02,0,0,0.1216,0,0,0.2178,0,0.6606,0,1,0.5704,0.0774,0.2728,-0.523,100,0
LJ500_R048_C071,696750,9525250,2021,2,2021-02,0,0,1,0,0,0,0,0,0,1,0.576,0.0881,0.3227,-0.4984,100,0
LJ500_R050_C095,708750,9526250,2021,2,2021-02,0.2432,0.6234,0.1334,0,0,0,0,0,0,1,0.6917,0.258,0.5356,-0.6387,56.96,0
LJ500_R056_C049,685750,9529250,2021,2,2021-02,0,0,1,0,0,0,0,0,0,1,0.5166,-0.0716,0.1135,-0.5083,100,0
LJ500_R058_C079,700750,9530250,2021,2,2021-02,0,0,0.7206,0,0.2794,0,0,0,0,1,0.6638,0.1447,0.4101,-0.5887,99.36,0
LJ500_R063_C060,691250,9532750,2021,2,2021-02,0,0,0.4901,0,0.4472,0.0627,0,0,0,1,0.773,0.2361,0.5039,-0.69,62.24,0
LJ500_R064_C084,703250,9533250,2021,2,2021-02,0.235,0,0.7298,0,0.0352,0,0,0,0,1,0.7858,0.3058,0.599,-0.6773,45.44,0
LJ500_R069_C057,689750,9535750,2021,2,2021-02,0,0,0.1213,0,0.8787,0,0,0,0,1,0.5855,0.0784,0.3033,-0.5469,100,0
LJ500_R072_C062,692250,9537250,2021,2,2021-02,0,0,0.4122,0,0.5878,0,0,0,0,1,0.6865,0.1514,0.3893,-0.6015,100,0
LJ500_R072_C095,708750,9537250,2021,2,2021-02,0.7205,0.2795,0,0,0,0,0,0,0,1,0.5875,0.2624,0.5075,-0.529,39.84,0
LJ500_R074_C074,698250,9538250,2021,2,2021-02,0,0,0.1778,0,0.8222,0,0,0,0,1,0.6859,0.19,0.4436,-0.5931,100,0
LJ500_R078_C076,699250,9540250,2021,2,2021-02,0.071,0,0.0635,0,0.8655,0,0,0,0,1,0.6895,0.1677,0.4607,-0.5839,100,0
LJ500_R079_C076,699250,9540750,2021,2,2021-02,0,0,0,0,0.9922,0.0078,0,0,0,1,0.7202,0.2191,0.5019,-0.6163,100,0
LJ500_R093_C071,696750,9547750,2021,2,2021-02,0.1849,0,0,0,0.8151,0,0,0,0,1,0.7716,0.2787,0.576,-0.6836,47.92,0
LJ500_R093_C073,697750,9547750,2021,2,2021-02,0.0013,0,0.5724,0,0.4263,0,0,0,0,1,0.7672,0.2488,0.5348,-0.6717,27.04,0
LJ500_R096_C074,698250,9549250,2021,2,2021-02,0.4564,0,0.2184,0.311,0.0142,0,0,0,0,1,0.7752,0.2454,0.5395,-0.6803,100,0
LJ500_R098_C085,703750,9550250,2021,2,2021-02,1,0,0,0,0,0,0,0,0,1,0.7799,0.3441,0.6203,-0.699,76.64,0
LJ500_R101_C091,706750,9551750,2021,2,2021-02,0.0455,0.9545,0,0,0,0,0,0,0,1,0.7155,0.2472,0.525,-0.6606,25.37,0
LJ500_R106_C080,701250,9554250,2021,2,2021-02,0,0,0.2691,0.5021,0.2289,0,0,0,0,1,0.73,0.1959,0.4804,-0.6658,100,0
LJ500_R108_C065,693750,9555250,2021,2,2021-02,0,0,0.0703,0.9297,0,0,0,0,0,1,0.7792,0.2405,0.5044,-0.709,100,0
LJ500_R109_C088,705250,9555750,2021,2,2021-02,1,0,0,0,0,0,0,0,0,1,0.7321,0.2833,0.5574,-0.6561,100,0
LJ500_R119_C079,700750,9560750,2021,2,2021-02,0,0,0.0076,0,0.8026,0.1897,0,0,0,1,0.7041,0.2036,0.4816,-0.6173,86.24,0
LJ500_R122_C070,696250,9562250,2021,2,2021-02,0,0,0,0,0.635,0.365,0,0,0,1,0.6386,0.2305,0.4596,-0.5633,100,0
LJ500_R125_C065,693750,9563750,2021,2,2021-02,0,0,0.0771,0,0.9229,0,0,0,0,1,0.6181,0.1188,0.3467,-0.5676,98.72,0
LJ500_R131_C053,687750,9566750,2021,2,2021-02,0,0,0.1735,0,0.8265,0,0,0,0,1,0.7114,0.2256,0.4682,-0.6283,100,0
LJ500_R132_C080,701250,9567250,2021,2,2021-02,0.9327,0,0.0078,0,0.0594,0,0,0,0,1,0.8012,0.3256,0.622,-0.7112,99.84,0
LJ500_R138_C087,704750,9570250,2021,2,2021-02,0.2364,0,0.5005,0,0.2631,0,0,0,0,1,0.7285,0.2469,0.5362,-0.6167,100,0
LJ500_R142_C071,696750,9572250,2021,2,2021-02,0,0,0,0,1,0,0,0,0,1,0.6602,0.1229,0.3952,-0.5888,100,0
LJ500_R145_C054,688250,9573750,2021,2,2021-02,0,0,0.7423,0,0.2577,0,0,0,0,1,0.6346,0.0692,0.329,-0.6091,100,0
LJ500_R147_C083,702750,9574750,2021,2,2021-02,0.3027,0,0,0,0.6973,0,0,0,0,1,0.6973,0.162,0.4437,-0.6279,100,0
LJ500_R156_C028,675250,9579250,2021,2,2021-02,0.6724,0,0.3276,0,0,0,0,0,0,1,0.7638,0.1819,0.4585,-0.6868,100,0
LJ500_R156_C067,694750,9579250,2021,2,2021-02,0,0,0,0,1,0,0,0,0,1,0.5767,0.1772,0.4285,-0.5196,36.16,0
LJ500_R156_C079,700750,9579250,2021,2,2021-02,1,0,0,0,0,0,0,0,0,1,0.7064,0.2871,0.5686,-0.6501,28.8,0
LJ500_R157_C009,665750,9579750,2021,2,2021-02,0.0008,0,0.666,0,0.3333,0,0,0,0,1,0.6926,0.1403,0.4381,-0.5887,90.4,0
LJ500_R158_C065,693750,9580250,2021,2,2021-02,0,0,0.7476,0.135,0.1174,0,0,0,0,1,0.5849,0.0435,0.2978,-0.5621,48.32,0
LJ500_R160_C074,698250,9581250,2021,2,2021-02,0.325,0,0,0,0.675,0,0,0,0,1,0.7306,0.3097,0.6023,-0.6365,73.28,0
LJ500_R161_C066,694250,9581750,2021,2,2021-02,0,0,0.0311,0.0756,0.8933,0,0,0,0,1,0.545,0.1185,0.3597,-0.5067,73.44,0
LJ500_R164_C043,682750,9583250,2021,2,2021-02,0,0.6371,0,0,0.3629,0,0,0,0,1,0.603,0.0462,0.2899,-0.5822,100,0
LJ500_R164_C059,690750,9583250,2021,2,2021-02,0.6643,0.3177,0.018,0,0,0,0,0,0,1,0.2919,0.0264,0.1113,-0.3238,0.32,0
LJ500_R166_C072,697250,9584250,2021,2,2021-02,0,0,0,0,1,0,0,0,0,1,,,,,0,1
LJ500_R167_C067,694750,9584750,2021,2,2021-02,0,0,0,0,1,0,0,0,0,1,0.6417,0.2718,0.5591,-0.5453,17.28,0
LJ500_R168_C045,683750,9585250,2021,2,2021-02,0.083,0.79,0,0,0.1269,0,0,0,0,1,0.5839,0.0595,0.3246,-0.5779,100,0
LJ500_R173_C033,677750,9587750,2021,2,2021-02,0.0493,0.4112,0,0,0.5395,0,0,0,0,1,0.706,0.1417,0.4124,-0.6526,100,0
LJ500_R178_C063,692750,9590250,2021,2,2021-02,0,0,0,0,1,0,0,0,0,1,,,,,0,1
LJ500_R179_C046,684250,9590750,2021,2,2021-02,0,1,0,0,0,0,0,0,0,1,0.4202,-0.1245,0.1043,-0.4814,47.36,0
LJ500_R180_C071,696750,9591250,2021,2,2021-02,0.1157,0,0.1808,0,0.7035,0,0,0,0,1,0.6463,0.1941,0.4474,-0.6001,65.76,0
LJ500_R183_C039,680750,9592750,2021,2,2021-02,0,1,0,0,0,0,0,0,0,1,0.4441,-0.1186,0.1181,-0.4892,85.91,0
LJ500_R184_C039,680750,9593250,2021,2,2021-02,0,1,0,0,0,0,0,0,0,1,0.5334,0.0039,0.2233,-0.5425,42.75,0
LJ500_R184_C066,694250,9593250,2021,2,2021-02,0.0203,0,0,0,0.9797,0,0,0,0,1,0.6861,0.2916,0.5677,-0.6133,25.26,0
LJ500_R006_C075,698750,9504250,2021,3,2021-03,0.4991,0,0.5009,0,0,0,0,0,0,1,0.7261,0.3437,0.6055,-0.6631,100,0
LJ500_R011_C068,695250,9506750,2021,3,2021-03,1,0,0,0,0,0,0,0,0,1,0.718,0.282,0.5504,-0.6583,100,0
LJ500_R012_C055,688750,9507250,2021,3,2021-03,1,0,0,0,0,0,0,0,0,1,0.6873,0.2952,0.5535,-0.6325,100,0
LJ500_R020_C061,691750,9511250,2021,3,2021-03,0,0,1,0,0,0,0,0,0,1,0.6317,0.101,0.3571,-0.5634,92.16,0
LJ500_R033_C056,689250,9517750,2021,3,2021-03,0.7601,0,0.2399,0,0,0,0,0,0,1,0.7524,0.1972,0.4757,-0.6556,88.32,0
LJ500_R035_C085,703750,9518750,2021,3,2021-03,0,0,0.6992,0,0.3008,0,0,0,0,1,0.7975,0.2427,0.5452,-0.6944,100,0
LJ500_R039_C072,697250,9520750,2021,3,2021-03,0,0,0.019,0,0.972,0,0,0.0089,0,1,0.6617,0.2107,0.4373,-0.5886,100,0
LJ500_R040_C060,691250,9521250,2021,3,2021-03,0.0093,0,0.9907,0,0,0,0,0,0,1,0.6384,0.0133,0.2768,-0.5778,100,0
LJ500_R041_C061,691750,9521750,2021,3,2021-03,0.6217,0,0.3783,0,0,0,0,0,0,1,0.8276,0.2378,0.53,-0.7147,100,0
LJ500_R043_C058,690250,9522750,2021,3,2021-03,0,0,0.6724,0,0,0,0,0.3276,0,1,0.5754,0.0358,0.281,-0.5295,100,0
LJ500_R045_C083,702750,9523750,2021,3,2021-03,0.0975,0,0.9025,0,0,0,0,0,0,1,0.6237,0.1418,0.3962,-0.5599,52.64,0
LJ500_R046_C064,693250,9524250,2021,3,2021-03,0,0,0.1216,0,0,0.2178,0,0.6606,0,1,0.5375,0.0477,0.2523,-0.5011,100,0
LJ500_R048_C071,696750,9525250,2021,3,2021-03,0,0,1,0,0,0,0,0,0,1,0.6048,0.1003,0.3467,-0.5395,100,0
LJ500_R050_C095,708750,9526250,2021,3,2021-03,0.2432,0.6234,0.1334,0,0,0,0,0,0,1,0.5703,0.2345,0.4736,-0.5346,100,0
LJ500_R056_C049,685750,9529250,2021,3,2021-03,0,0,1,0,0,0,0,0,0,1,0.5232,-0.0712,0.1297,-0.5104,100,0
LJ500_R058_C079,700750,9530250,2021,3,2021-03,0,0,0.7206,0,0.2794,0,0,0,0,1,0.6841,0.1801,0.4417,-0.6047,100,0
LJ500_R063_C060,691250,9532750,2021,3,2021-03,0,0,0.4901,0,0.4472,0.0627,0,0,0,1,0.7751,0.2633,0.5387,-0.6964,100,0
LJ500_R064_C084,703250,9533250,2021,3,2021-03,0.235,0,0.7298,0,0.0352,0,0,0,0,1,0.8046,0.3045,0.5962,-0.7089,100,0
LJ500_R069_C057,689750,9535750,2021,3,2021-03,0,0,0.1213,0,0.8787,0,0,0,0,1,0.5931,0.0944,0.3246,-0.5609,100,0
LJ500_R072_C062,692250,9537250,2021,3,2021-03,0,0,0.4122,0,0.5878,0,0,0,0,1,0.6516,0.1366,0.371,-0.593,100,0
LJ500_R072_C095,708750,9537250,2021,3,2021-03,0.7205,0.2795,0,0,0,0,0,0,0,1,0.5759,0.2689,0.5057,-0.5233,90.56,0
LJ500_R074_C074,698250,9538250,2021,3,2021-03,0,0,0.1778,0,0.8222,0,0,0,0,1,0.5869,0.1389,0.3518,-0.5372,70.72,0
LJ500_R078_C076,699250,9540250,2021,3,2021-03,0.071,0,0.0635,0,0.8655,0,0,0,0,1,0.6656,0.1615,0.4327,-0.5749,100,0
LJ500_R079_C076,699250,9540750,2021,3,2021-03,0,0,0,0,0.9922,0.0078,0,0,0,1,0.7766,0.2333,0.5029,-0.687,100,0
LJ500_R093_C071,696750,9547750,2021,3,2021-03,0.1849,0,0,0,0.8151,0,0,0,0,1,0.6079,0.1986,0.4224,-0.5552,14.66,0
LJ500_R093_C073,697750,9547750,2021,3,2021-03,0.0013,0,0.5724,0,0.4263,0,0,0,0,1,0.7134,0.1815,0.4723,-0.6317,46.4,0
LJ500_R096_C074,698250,9549250,2021,3,2021-03,0.4564,0,0.2184,0.311,0.0142,0,0,0,0,1,0.6417,0.2371,0.4918,-0.5755,21.6,0
LJ500_R098_C085,703750,9550250,2021,3,2021-03,1,0,0,0,0,0,0,0,0,1,0.671,0.3032,0.5578,-0.6056,100,0
LJ500_R101_C091,706750,9551750,2021,3,2021-03,0.0455,0.9545,0,0,0,0,0,0,0,1,,,,,0,1
LJ500_R106_C080,701250,9554250,2021,3,2021-03,0,0,0.2691,0.5021,0.2289,0,0,0,0,1,0.6842,0.1889,0.4535,-0.6305,100,0
LJ500_R108_C065,693750,9555250,2021,3,2021-03,0,0,0.0703,0.9297,0,0,0,0,0,1,,,,,0,1
LJ500_R109_C088,705250,9555750,2021,3,2021-03,1,0,0,0,0,0,0,0,0,1,0.6687,0.256,0.5112,-0.61,100,0
LJ500_R119_C079,700750,9560750,2021,3,2021-03,0,0,0.0076,0,0.8026,0.1897,0,0,0,1,0.7127,0.2186,0.4894,-0.6303,34.08,0
LJ500_R122_C070,696250,9562250,2021,3,2021-03,0,0,0,0,0.635,0.365,0,0,0,1,0.5374,0.1532,0.3442,-0.5017,8.8,0
LJ500_R125_C065,693750,9563750,2021,3,2021-03,0,0,0.0771,0,0.9229,0,0,0,0,1,,,,,0,1
LJ500_R131_C053,687750,9566750,2021,3,2021-03,0,0,0.1735,0,0.8265,0,0,0,0,1,0.6027,0.2138,0.4451,-0.5377,93.6,0
LJ500_R132_C080,701250,9567250,2021,3,2021-03,0.9327,0,0.0078,0,0.0594,0,0,0,0,1,0.6757,0.3083,0.5648,-0.609,77.44,0
LJ500_R138_C087,704750,9570250,2021,3,2021-03,0.2364,0,0.5005,0,0.2631,0,0,0,0,1,0.6839,0.2185,0.4873,-0.5927,82.24,0
LJ500_R142_C071,696750,9572250,2021,3,2021-03,0,0,0,0,1,0,0,0,0,1,,,,,0,1
LJ500_R145_C054,688250,9573750,2021,3,2021-03,0,0,0.7423,0,0.2577,0,0,0,0,1,0.6343,0.0674,0.3298,-0.6149,100,0
LJ500_R147_C083,702750,9574750,2021,3,2021-03,0.3027,0,0,0,0.6973,0,0,0,0,1,,,,,0,1
LJ500_R156_C028,675250,9579250,2021,3,2021-03,0.6724,0,0.3276,0,0,0,0,0,0,1,,,,,0,1
LJ500_R156_C067,694750,9579250,2021,3,2021-03,0,0,0,0,1,0,0,0,0,1,0.5545,0.144,0.3936,-0.52,97.12,0
LJ500_R156_C079,700750,9579250,2021,3,2021-03,1,0,0,0,0,0,0,0,0,1,0.7087,0.2259,0.4999,-0.6725,68.96,0
LJ500_R157_C009,665750,9579750,2021,3,2021-03,0.0008,0,0.666,0,0.3333,0,0,0,0,1,0.67,0.1894,0.4648,-0.5619,0.16,0
LJ500_R158_C065,693750,9580250,2021,3,2021-03,0,0,0.7476,0.135,0.1174,0,0,0,0,1,0.6274,0.0628,0.2962,-0.6087,100,0
LJ500_R160_C074,698250,9581250,2021,3,2021-03,0.325,0,0,0,0.675,0,0,0,0,1,0.7198,0.2014,0.4808,-0.661,68.8,0
LJ500_R161_C066,694250,9581750,2021,3,2021-03,0,0,0.0311,0.0756,0.8933,0,0,0,0,1,0.623,0.0922,0.3293,-0.6029,100,0
LJ500_R164_C043,682750,9583250,2021,3,2021-03,0,0.6371,0,0,0.3629,0,0,0,0,1,0.6118,0.023,0.2699,-0.6029,100,0
LJ500_R164_C059,690750,9583250,2021,3,2021-03,0.6643,0.3177,0.018,0,0,0,0,0,0,1,0.7005,0.2907,0.5498,-0.6625,76.64,0
LJ500_R166_C072,697250,9584250,2021,3,2021-03,0,0,0,0,1,0,0,0,0,1,0.7307,0.2079,0.4909,-0.6559,5.92,0
LJ500_R167_C067,694750,9584750,2021,3,2021-03,0,0,0,0,1,0,0,0,0,1,0.7086,0.2272,0.5037,-0.6312,100,0
LJ500_R168_C045,683750,9585250,2021,3,2021-03,0.083,0.79,0,0,0.1269,0,0,0,0,1,0.5671,0.0392,0.3045,-0.5672,100,0
LJ500_R173_C033,677750,9587750,2021,3,2021-03,0.0493,0.4112,0,0,0.5395,0,0,0,0,1,0.6986,0.1424,0.4232,-0.6419,100,0
LJ500_R178_C063,692750,9590250,2021,3,2021-03,0,0,0,0,1,0,0,0,0,1,0.7731,0.2395,0.5232,-0.6983,100,0
LJ500_R179_C046,684250,9590750,2021,3,2021-03,0,1,0,0,0,0,0,0,0,1,0.5198,-0.1093,0.1444,-0.5768,100,0
LJ500_R180_C071,696750,9591250,2021,3,2021-03,0.1157,0,0.1808,0,0.7035,0,0,0,0,1,0.7523,0.2002,0.4865,-0.7044,100,0
LJ500_R183_C039,680750,9592750,2021,3,2021-03,0,1,0,0,0,0,0,0,0,1,0.5054,-0.1479,0.0974,-0.5805,100,0
LJ500_R184_C039,680750,9593250,2021,3,2021-03,0,1,0,0,0,0,0,0,0,1,0.5596,-0.0926,0.1725,-0.5895,100,0
LJ500_R184_C066,694250,9593250,2021,3,2021-03,0.0203,0,0,0,0.9797,0,0,0,0,1,0.6968,0.1773,0.4478,-0.6506,45.68,0
LJ500_R006_C075,698750,9504250,2021,4,2021-04,0.4991,0,0.5009,0,0,0,0,0,0,1,0.7665,0.3658,0.6305,-0.6813,44.8,0
LJ500_R011_C068,695250,9506750,2021,4,2021-04,1,0,0,0,0,0,0,0,0,1,0.7585,0.3182,0.6066,-0.6735,100,0
LJ500_R012_C055,688750,9507250,2021,4,2021-04,1,0,0,0,0,0,0,0,0,1,0.7859,0.3902,0.6653,-0.7104,10.56,0
LJ500_R020_C061,691750,9511250,2021,4,2021-04,0,0,1,0,0,0,0,0,0,1,0.6961,0.1252,0.4069,-0.6051,100,0
LJ500_R033_C056,689250,9517750,2021,4,2021-04,0.7601,0,0.2399,0,0,0,0,0,0,1,0.7877,0.2576,0.5423,-0.6615,19.04,0
LJ500_R035_C085,703750,9518750,2021,4,2021-04,0,0,0.6992,0,0.3008,0,0,0,0,1,0.827,0.2588,0.5659,-0.7232,100,0
LJ500_R039_C072,697250,9520750,2021,4,2021-04,0,0,0.019,0,0.972,0,0,0.0089,0,1,0.7022,0.2296,0.4711,-0.617,100,0
LJ500_R040_C060,691250,9521250,2021,4,2021-04,0.0093,0,0.9907,0,0,0,0,0,0,1,0.6568,0.0498,0.325,-0.6093,100,0
LJ500_R041_C061,691750,9521750,2021,4,2021-04,0.6217,0,0.3783,0,0,0,0,0,0,1,0.8221,0.2436,0.5383,-0.7084,100,0
LJ500_R043_C058,690250,9522750,2021,4,2021-04,0,0,0.6724,0,0,0,0,0.3276,0,1,0.6239,0.0536,0.3185,-0.5858,100,0
LJ500_R045_C083,702750,9523750,2021,4,2021-04,0.0975,0,0.9025,0,0,0,0,0,0,1,0.8119,0.2444,0.5376,-0.7024,100,0
LJ500_R046_C064,693250,9524250,2021,4,2021-04,0,0,0.1216,0,0,0.2178,0,0.6606,0,1,0.601,0.1009,0.3369,-0.5412,100,0
LJ500_R048_C071,696750,9525250,2021,4,2021-04,0,0,1,0,0,0,0,0,0,1,0.6489,0.0864,0.3499,-0.5884,100,0
LJ500_R050_C095,708750,9526250,2021,4,2021-04,0.2432,0.6234,0.1334,0,0,0,0,0,0,1,0.7469,0.2796,0.5794,-0.6833,80.96,0
LJ500_R056_C049,685750,9529250,2021,4,2021-04,0,0,1,0,0,0,0,0,0,1,0.5877,0.0029,0.2412,-0.5551,100,0
LJ500_R058_C079,700750,9530250,2021,4,2021-04,0,0,0.7206,0,0.2794,0,0,0,0,1,0.7518,0.1842,0.4685,-0.6627,100,0
LJ500_R063_C060,691250,9532750,2021,4,2021-04,0,0,0.4901,0,0.4472,0.0627,0,0,0,1,0.7761,0.2823,0.5612,-0.693,100,0
LJ500_R064_C084,703250,9533250,2021,4,2021-04,0.235,0,0.7298,0,0.0352,0,0,0,0,1,0.855,0.3073,0.6232,-0.7401,100,0
LJ500_R069_C057,689750,9535750,2021,4,2021-04,0,0,0.1213,0,0.8787,0,0,0,0,1,0.7269,0.1961,0.4664,-0.6428,100,0
LJ500_R072_C062,692250,9537250,2021,4,2021-04,0,0,0.4122,0,0.5878,0,0,0,0,1,0.7217,0.1921,0.453,-0.6303,100,0
LJ500_R072_C095,708750,9537250,2021,4,2021-04,0.7205,0.2795,0,0,0,0,0,0,0,1,0.7448,0.3123,0.6009,-0.6597,73.12,0
LJ500_R074_C074,698250,9538250,2021,4,2021-04,0,0,0.1778,0,0.8222,0,0,0,0,1,0.6424,0.1557,0.4025,-0.5657,100,0
LJ500_R078_C076,699250,9540250,2021,4,2021-04,0.071,0,0.0635,0,0.8655,0,0,0,0,1,0.7548,0.1836,0.4814,-0.6358,100,0
LJ500_R079_C076,699250,9540750,2021,4,2021-04,0,0,0,0,0.9922,0.0078,0,0,0,1,0.7896,0.2282,0.5185,-0.6798,100,0
LJ500_R093_C071,696750,9547750,2021,4,2021-04,0.1849,0,0,0,0.8151,0,0,0,0,1,0.811,0.3303,0.6273,-0.7142,28.14,0
LJ500_R093_C073,697750,9547750,2021,4,2021-04,0.0013,0,0.5724,0,0.4263,0,0,0,0,1,0.7489,0.2146,0.5087,-0.6615,81.44,0
LJ500_R096_C074,698250,9549250,2021,4,2021-04,0.4564,0,0.2184,0.311,0.0142,0,0,0,0,1,0.792,0.2333,0.5332,-0.7085,100,0
LJ500_R098_C085,703750,9550250,2021,4,2021-04,1,0,0,0,0,0,0,0,0,1,0.8346,0.3564,0.6536,-0.74,16.32,0
LJ500_R101_C091,706750,9551750,2021,4,2021-04,0.0455,0.9545,0,0,0,0,0,0,0,1,0.7093,0.2553,0.5469,-0.6585,49.49,0
LJ500_R106_C080,701250,9554250,2021,4,2021-04,0,0,0.2691,0.5021,0.2289,0,0,0,0,1,0.7576,0.1943,0.4919,-0.6898,100,0
LJ500_R108_C065,693750,9555250,2021,4,2021-04,0,0,0.0703,0.9297,0,0,0,0,0,1,0.82,0.2833,0.5555,-0.728,100,0
LJ500_R109_C088,705250,9555750,2021,4,2021-04,1,0,0,0,0,0,0,0,0,1,0.7691,0.2826,0.5794,-0.6912,100,0
LJ500_R119_C079,700750,9560750,2021,4,2021-04,0,0,0.0076,0,0.8026,0.1897,0,0,0,1,0.7313,0.2106,0.4908,-0.6392,100,0
LJ500_R122_C070,696250,9562250,2021,4,2021-04,0,0,0,0,0.635,0.365,0,0,0,1,0.6557,0.2095,0.4502,-0.5793,100,0
LJ500_R125_C065,693750,9563750,2021,4,2021-04,0,0,0.0771,0,0.9229,0,0,0,0,1,0.638,0.1492,0.3925,-0.5737,100,0
LJ500_R131_C053,687750,9566750,2021,4,2021-04,0,0,0.1735,0,0.8265,0,0,0,0,1,0.6986,0.2019,0.4641,-0.6198,96.96,0
LJ500_R132_C080,701250,9567250,2021,4,2021-04,0.9327,0,0.0078,0,0.0594,0,0,0,0,1,0.8236,0.3209,0.6277,-0.7345,91.84,0
LJ500_R138_C087,704750,9570250,2021,4,2021-04,0.2364,0,0.5005,0,0.2631,0,0,0,0,1,0.7171,0.2109,0.4926,-0.6063,89.44,0
LJ500_R142_C071,696750,9572250,2021,4,2021-04,0,0,0,0,1,0,0,0,0,1,0.6298,0.1068,0.3751,-0.5716,100,0
LJ500_R145_C054,688250,9573750,2021,4,2021-04,0,0,0.7423,0,0.2577,0,0,0,0,1,0.6146,0.0842,0.3571,-0.5832,100,0
LJ500_R147_C083,702750,9574750,2021,4,2021-04,0.3027,0,0,0,0.6973,0,0,0,0,1,0.6817,0.1505,0.4366,-0.6103,100,0
LJ500_R156_C028,675250,9579250,2021,4,2021-04,0.6724,0,0.3276,0,0,0,0,0,0,1,,,,,0,1
LJ500_R156_C067,694750,9579250,2021,4,2021-04,0,0,0,0,1,0,0,0,0,1,0.6417,0.1511,0.4273,-0.5805,100,0
LJ500_R156_C079,700750,9579250,2021,4,2021-04,1,0,0,0,0,0,0,0,0,1,0.6053,0.2285,0.4694,-0.5509,99.84,0
LJ500_R157_C009,665750,9579750,2021,4,2021-04,0.0008,0,0.666,0,0.3333,0,0,0,0,1,0.7732,0.2413,0.5394,-0.6477,100,0
LJ500_R158_C065,693750,9580250,2021,4,2021-04,0,0,0.7476,0.135,0.1174,0,0,0,0,1,0.6009,0.0603,0.3113,-0.5649,100,0
LJ500_R160_C074,698250,9581250,2021,4,2021-04,0.325,0,0,0,0.675,0,0,0,0,1,0.7322,0.225,0.5213,-0.6464,100,0
LJ500_R161_C066,694250,9581750,2021,4,2021-04,0,0,0.0311,0.0756,0.8933,0,0,0,0,1,0.6106,0.1119,0.3768,-0.566,100,0
LJ500_R164_C043,682750,9583250,2021,4,2021-04,0,0.6371,0,0,0.3629,0,0,0,0,1,0.5943,0.0523,0.3064,-0.5637,100,0
LJ500_R164_C059,690750,9583250,2021,4,2021-04,0.6643,0.3177,0.018,0,0,0,0,0,0,1,,,,,0,1
LJ500_R166_C072,697250,9584250,2021,4,2021-04,0,0,0,0,1,0,0,0,0,1,0.7297,0.2476,0.5361,-0.6305,100,0
LJ500_R167_C067,694750,9584750,2021,4,2021-04,0,0,0,0,1,0,0,0,0,1,0.773,0.2846,0.58,-0.6668,100,0
LJ500_R168_C045,683750,9585250,2021,4,2021-04,0.083,0.79,0,0,0.1269,0,0,0,0,1,0.5651,0.0531,0.3254,-0.553,100,0
LJ500_R173_C033,677750,9587750,2021,4,2021-04,0.0493,0.4112,0,0,0.5395,0,0,0,0,1,0.6504,0.1904,0.4667,-0.5742,100,0
LJ500_R178_C063,692750,9590250,2021,4,2021-04,0,0,0,0,1,0,0,0,0,1,0.7163,0.2448,0.5332,-0.6358,67.52,0
LJ500_R179_C046,684250,9590750,2021,4,2021-04,0,1,0,0,0,0,0,0,0,1,0.4795,-0.0932,0.1565,-0.5235,52,0
LJ500_R180_C071,696750,9591250,2021,4,2021-04,0.1157,0,0.1808,0,0.7035,0,0,0,0,1,0.7469,0.2377,0.5372,-0.69,100,0
LJ500_R183_C039,680750,9592750,2021,4,2021-04,0,1,0,0,0,0,0,0,0,1,,,,,0,1
LJ500_R184_C039,680750,9593250,2021,4,2021-04,0,1,0,0,0,0,0,0,0,1,,,,,0,1
LJ500_R184_C066,694250,9593250,2021,4,2021-04,0.0203,0,0,0,0.9797,0,0,0,0,1,,,,,0,1
LJ500_R006_C075,698750,9504250,2021,5,2021-05,0.4991,0,0.5009,0,0,0,0,0,0,1,,,,,0,1
LJ500_R011_C068,695250,9506750,2021,5,2021-05,1,0,0,0,0,0,0,0,0,1,,,,,0,1
LJ500_R012_C055,688750,9507250,2021,5,2021-05,1,0,0,0,0,0,0,0,0,1,,,,,0,1
LJ500_R020_C061,691750,9511250,2021,5,2021-05,0,0,1,0,0,0,0,0,0,1,0.7055,0.1821,0.4689,-0.5967,19.52,0
LJ500_R033_C056,689250,9517750,2021,5,2021-05,0.7601,0,0.2399,0,0,0,0,0,0,1,0.7623,0.2379,0.5239,-0.6451,100,0
LJ500_R035_C085,703750,9518750,2021,5,2021-05,0,0,0.6992,0,0.3008,0,0,0,0,1,0.8045,0.2768,0.5916,-0.6936,100,0
LJ500_R039_C072,697250,9520750,2021,5,2021-05,0,0,0.019,0,0.972,0,0,0.0089,0,1,0.6286,0.1832,0.4137,-0.5597,100,0
LJ500_R040_C060,691250,9521250,2021,5,2021-05,0.0093,0,0.9907,0,0,0,0,0,0,1,0.6239,0.0457,0.3282,-0.5768,100,0
LJ500_R041_C061,691750,9521750,2021,5,2021-05,0.6217,0,0.3783,0,0,0,0,0,0,1,0.7094,0.1906,0.4583,-0.6146,100,0
LJ500_R043_C058,690250,9522750,2021,5,2021-05,0,0,0.6724,0,0,0,0,0.3276,0,1,0.5948,0.0564,0.3329,-0.5489,100,0
LJ500_R045_C083,702750,9523750,2021,5,2021-05,0.0975,0,0.9025,0,0,0,0,0,0,1,0.6218,0.1971,0.4294,-0.5378,99.52,0
LJ500_R046_C064,693250,9524250,2021,5,2021-05,0,0,0.1216,0,0,0.2178,0,0.6606,0,1,0.5325,0.0742,0.2899,-0.488,100,0
LJ500_R048_C071,696750,9525250,2021,5,2021-05,0,0,1,0,0,0,0,0,0,1,0.6245,0.067,0.3192,-0.563,100,0
LJ500_R050_C095,708750,9526250,2021,5,2021-05,0.2432,0.6234,0.1334,0,0,0,0,0,0,1,,,,,0,1
LJ500_R056_C049,685750,9529250,2021,5,2021-05,0,0,1,0,0,0,0,0,0,1,0.5906,0.0407,0.2848,-0.5376,100,0
LJ500_R058_C079,700750,9530250,2021,5,2021-05,0,0,0.7206,0,0.2794,0,0,0,0,1,0.5304,0.1352,0.3311,-0.4723,42.4,0
LJ500_R063_C060,691250,9532750,2021,5,2021-05,0,0,0.4901,0,0.4472,0.0627,0,0,0,1,0.4169,-0.0119,0.1895,-0.4257,0.16,0
LJ500_R064_C084,703250,9533250,2021,5,2021-05,0.235,0,0.7298,0,0.0352,0,0,0,0,1,0.7316,0.2735,0.5424,-0.6377,84.48,0
LJ500_R069_C057,689750,9535750,2021,5,2021-05,0,0,0.1213,0,0.8787,0,0,0,0,1,,,,,0,1
LJ500_R072_C062,692250,9537250,2021,5,2021-05,0,0,0.4122,0,0.5878,0,0,0,0,1,0.4183,0.18,0.3686,-0.3586,21.12,0
LJ500_R072_C095,708750,9537250,2021,5,2021-05,0.7205,0.2795,0,0,0,0,0,0,0,1,,,,,0,1
LJ500_R074_C074,698250,9538250,2021,5,2021-05,0,0,0.1778,0,0.8222,0,0,0,0,1,0.6049,0.1204,0.3595,-0.544,100,0
LJ500_R078_C076,699250,9540250,2021,5,2021-05,0.071,0,0.0635,0,0.8655,0,0,0,0,1,0.6188,0.1987,0.4153,-0.5214,72.16,0
LJ500_R079_C076,699250,9540750,2021,5,2021-05,0,0,0,0,0.9922,0.0078,0,0,0,1,,,,,0,1
LJ500_R093_C071,696750,9547750,2021,5,2021-05,0.1849,0,0,0,0.8151,0,0,0,0,1,,,,,0,1
LJ500_R093_C073,697750,9547750,2021,5,2021-05,0.0013,0,0.5724,0,0.4263,0,0,0,0,1,,,,,0,1
LJ500_R096_C074,698250,9549250,2021,5,2021-05,0.4564,0,0.2184,0.311,0.0142,0,0,0,0,1,0.4421,0.1285,0.3272,-0.4388,0.32,0
LJ500_R098_C085,703750,9550250,2021,5,2021-05,1,0,0,0,0,0,0,0,0,1,,,,,0,1
LJ500_R101_C091,706750,9551750,2021,5,2021-05,0.0455,0.9545,0,0,0,0,0,0,0,1,,,,,0,1
LJ500_R106_C080,701250,9554250,2021,5,2021-05,0,0,0.2691,0.5021,0.2289,0,0,0,0,1,,,,,0,1
LJ500_R108_C065,693750,9555250,2021,5,2021-05,0,0,0.0703,0.9297,0,0,0,0,0,1,,,,,0,1
LJ500_R109_C088,705250,9555750,2021,5,2021-05,1,0,0,0,0,0,0,0,0,1,,,,,0,1
LJ500_R119_C079,700750,9560750,2021,5,2021-05,0,0,0.0076,0,0.8026,0.1897,0,0,0,1,,,,,0,1
LJ500_R122_C070,696250,9562250,2021,5,2021-05,0,0,0,0,0.635,0.365,0,0,0,1,,,,,0,1
LJ500_R125_C065,693750,9563750,2021,5,2021-05,0,0,0.0771,0,0.9229,0,0,0,0,1,0.7128,0.2503,0.5416,-0.6195,17.6,0
LJ500_R131_C053,687750,9566750,2021,5,2021-05,0,0,0.1735,0,0.8265,0,0,0,0,1,0.6413,0.2564,0.5092,-0.5485,99.2,0
LJ500_R132_C080,701250,9567250,2021,5,2021-05,0.9327,0,0.0078,0,0.0594,0,0,0,0,1,,,,,0,1
LJ500_R138_C087,704750,9570250,2021,5,2021-05,0.2364,0,0.5005,0,0.2631,0,0,0,0,1,,,,,0,1
LJ500_R142_C071,696750,9572250,2021,5,2021-05,0,0,0,0,1,0,0,0,0,1,,,,,0,1
LJ500_R145_C054,688250,9573750,2021,5,2021-05,0,0,0.7423,0,0.2577,0,0,0,0,1,,,,,0,1
LJ500_R147_C083,702750,9574750,2021,5,2021-05,0.3027,0,0,0,0.6973,0,0,0,0,1,,,,,0,1
LJ500_R156_C028,675250,9579250,2021,5,2021-05,0.6724,0,0.3276,0,0,0,0,0,0,1,,,,,0,1
LJ500_R156_C067,694750,9579250,2021,5,2021-05,0,0,0,0,1,0,0,0,0,1,0.4733,0.2089,0.4753,-0.4055,60,0
LJ500_R156_C079,700750,9579250,2021,5,2021-05,1,0,0,0,0,0,0,0,0,1,,,,,0,1
LJ500_R157_C009,665750,9579750,2021,5,2021-05,0.0008,0,0.666,0,0.3333,0,0,0,0,1,0.7624,0.2078,0.5147,-0.6346,6.24,0
LJ500_R158_C065,693750,9580250,2021,5,2021-05,0,0,0.7476,0.135,0.1174,0,0,0,0,1,0.4957,0.1003,0.3251,-0.4688,40.64,0
LJ500_R160_C074,698250,9581250,2021,5,2021-05,0.325,0,0,0,0.675,0,0,0,0,1,,,,,0,1
LJ500_R161_C066,694250,9581750,2021,5,2021-05,0,0,0.0311,0.0756,0.8933,0,0,0,0,1,0.5098,0.1635,0.4247,-0.4567,99.36,0
LJ500_R164_C043,682750,9583250,2021,5,2021-05,0,0.6371,0,0,0.3629,0,0,0,0,1,0.3933,0.0718,0.2229,-0.3577,20.32,0
LJ500_R164_C059,690750,9583250,2021,5,2021-05,0.6643,0.3177,0.018,0,0,0,0,0,0,1,,,,,0,1
LJ500_R166_C072,697250,9584250,2021,5,2021-05,0,0,0,0,1,0,0,0,0,1,,,,,0,1
LJ500_R167_C067,694750,9584750,2021,5,2021-05,0,0,0,0,1,0,0,0,0,1,0.7282,0.3252,0.6198,-0.6107,10.24,0
LJ500_R168_C045,683750,9585250,2021,5,2021-05,0.083,0.79,0,0,0.1269,0,0,0,0,1,,,,,0,1
LJ500_R173_C033,677750,9587750,2021,5,2021-05,0.0493,0.4112,0,0,0.5395,0,0,0,0,1,0.6093,0.1667,0.4111,-0.5421,23.68,0
LJ500_R178_C063,692750,9590250,2021,5,2021-05,0,0,0,0,1,0,0,0,0,1,0.6521,0.2328,0.5047,-0.5673,33.6,0
LJ500_R179_C046,684250,9590750,2021,5,2021-05,0,1,0,0,0,0,0,0,0,1,,,,,0,1
LJ500_R180_C071,696750,9591250,2021,5,2021-05,0.1157,0,0.1808,0,0.7035,0,0,0,0,1,0.6344,0.2509,0.5519,-0.536,11.2,0
LJ500_R183_C039,680750,9592750,2021,5,2021-05,0,1,0,0,0,0,0,0,0,1,0.4488,-0.1576,0.1059,-0.4949,73.35,0
LJ500_R184_C039,680750,9593250,2021,5,2021-05,0,1,0,0,0,0,0,0,0,1,0.5542,-0.026,0.2573,-0.5648,28.63,0
LJ500_R184_C066,694250,9593250,2021,5,2021-05,0.0203,0,0,0,0.9797,0,0,0,0,1,,,,,0,1
LJ500_R006_C075,698750,9504250,2021,6,2021-06,0.4991,0,0.5009,0,0,0,0,0,0,1,0.779,0.3886,0.6492,-0.6929,98.4,0
LJ500_R011_C068,695250,9506750,2021,6,2021-06,1,0,0,0,0,0,0,0,0,1,0.8325,0.3625,0.6546,-0.7438,100,0
LJ500_R012_C055,688750,9507250,2021,6,2021-06,1,0,0,0,0,0,0,0,0,1,0.8397,0.3794,0.6636,-0.7668,100,0
LJ500_R020_C061,691750,9511250,2021,6,2021-06,0,0,1,0,0,0,0,0,0,1,0.6899,0.0904,0.3668,-0.6302,100,0
LJ500_R033_C056,689250,9517750,2021,6,2021-06,0.7601,0,0.2399,0,0,0,0,0,0,1,0.7424,0.2628,0.5347,-0.6356,100,0
LJ500_R035_C085,703750,9518750,2021,6,2021-06,0,0,0.6992,0,0.3008,0,0,0,0,1,0.7616,0.2066,0.5046,-0.6838,39.52,0
LJ500_R039_C072,697250,9520750,2021,6,2021-06,0,0,0.019,0,0.972,0,0,0.0089,0,1,0.5927,0.2251,0.4442,-0.5345,100,0
LJ500_R040_C060,691250,9521250,2021,6,2021-06,0.0093,0,0.9907,0,0,0,0,0,0,1,0.6127,0.0069,0.279,-0.5669,100,0
LJ500_R041_C061,691750,9521750,2021,6,2021-06,0.6217,0,0.3783,0,0,0,0,0,0,1,0.7711,0.1853,0.4847,-0.6731,100,0
LJ500_R043_C058,690250,9522750,2021,6,2021-06,0,0,0.6724,0,0,0,0,0.3276,0,1,0.6125,0.0202,0.2957,-0.5661,100,0
LJ500_R045_C083,702750,9523750,2021,6,2021-06,0.0975,0,0.9025,0,0,0,0,0,0,1,0.8114,0.2609,0.5613,-0.714,100,0
LJ500_R046_C064,693250,9524250,2021,6,2021-06,0,0,0.1216,0,0,0.2178,0,0.6606,0,1,0.504,0.0085,0.2224,-0.491,100,0
LJ500_R048_C071,696750,9525250,2021,6,2021-06,0,0,1,0,0,0,0,0,0,1,0.6215,0.0507,0.3227,-0.5825,100,0
LJ500_R050_C095,708750,9526250,2021,6,2021-06,0.2432,0.6234,0.1334,0,0,0,0,0,0,1,0.741,0.2959,0.5882,-0.6678,78.56,0
LJ500_R056_C049,685750,9529250,2021,6,2021-06,0,0,1,0,0,0,0,0,0,1,0.5905,0.0339,0.2829,-0.5333,100,0
LJ500_R058_C079,700750,9530250,2021,6,2021-06,0,0,0.7206,0,0.2794,0,0,0,0,1,0.7943,0.2506,0.5502,-0.693,100,0
LJ500_R063_C060,691250,9532750,2021,6,2021-06,0,0,0.4901,0,0.4472,0.0627,0,0,0,1,0.7603,0.2383,0.5183,-0.6839,100,0
LJ500_R064_C084,703250,9533250,2021,6,2021-06,0.235,0,0.7298,0,0.0352,0,0,0,0,1,0.868,0.3086,0.6284,-0.7608,100,0
LJ500_R069_C057,689750,9535750,2021,6,2021-06,0,0,0.1213,0,0.8787,0,0,0,0,1,0.6398,0.141,0.4008,-0.5828,100,0
LJ500_R072_C062,692250,9537250,2021,6,2021-06,0,0,0.4122,0,0.5878,0,0,0,0,1,0.7009,0.1381,0.4008,-0.6392,100,0
LJ500_R072_C095,708750,9537250,2021,6,2021-06,0.7205,0.2795,0,0,0,0,0,0,0,1,0.7171,0.3039,0.5745,-0.6421,100,0
LJ500_R074_C074,698250,9538250,2021,6,2021-06,0,0,0.1778,0,0.8222,0,0,0,0,1,0.5444,0.1202,0.341,-0.4694,100,0
LJ500_R078_C076,699250,9540250,2021,6,2021-06,0.071,0,0.0635,0,0.8655,0,0,0,0,1,0.7695,0.1837,0.4876,-0.6639,100,0
LJ500_R079_C076,699250,9540750,2021,6,2021-06,0,0,0,0,0.9922,0.0078,0,0,0,1,0.7669,0.1827,0.4758,-0.6881,100,0
LJ500_R093_C071,696750,9547750,2021,6,2021-06,0.1849,0,0,0,0.8151,0,0,0,0,1,0.8336,0.3344,0.6266,-0.7413,100,0
LJ500_R093_C073,697750,9547750,2021,6,2021-06,0.0013,0,0.5724,0,0.4263,0,0,0,0,1,0.7809,0.2339,0.5301,-0.6897,100,0
LJ500_R096_C074,698250,9549250,2021,6,2021-06,0.4564,0,0.2184,0.311,0.0142,0,0,0,0,1,0.8067,0.2572,0.5566,-0.718,100,0
LJ500_R098_C085,703750,9550250,2021,6,2021-06,1,0,0,0,0,0,0,0,0,1,0.8226,0.347,0.6444,-0.7229,95.04,0
LJ500_R101_C091,706750,9551750,2021,6,2021-06,0.0455,0.9545,0,0,0,0,0,0,0,1,,,,,0,1
LJ500_R106_C080,701250,9554250,2021,6,2021-06,0,0,0.2691,0.5021,0.2289,0,0,0,0,1,0.7174,0.2208,0.5089,-0.6405,94.72,0
LJ500_R108_C065,693750,9555250,2021,6,2021-06,0,0,0.0703,0.9297,0,0,0,0,0,1,0.6207,0.177,0.3971,-0.5337,41.67,0
LJ500_R109_C088,705250,9555750,2021,6,2021-06,1,0,0,0,0,0,0,0,0,1,,,,,0,1
LJ500_R119_C079,700750,9560750,2021,6,2021-06,0,0,0.0076,0,0.8026,0.1897,0,0,0,1,,,,,0,1
LJ500_R122_C070,696250,9562250,2021,6,2021-06,0,0,0,0,0.635,0.365,0,0,0,1,,,,,0,1
LJ500_R125_C065,693750,9563750,2021,6,2021-06,0,0,0.0771,0,0.9229,0,0,0,0,1,0.6327,0.1314,0.3959,-0.5788,18.08,0
LJ500_R131_C053,687750,9566750,2021,6,2021-06,0,0,0.1735,0,0.8265,0,0,0,0,1,0.6454,0.1688,0.4128,-0.5785,100,0
LJ500_R132_C080,701250,9567250,2021,6,2021-06,0.9327,0,0.0078,0,0.0594,0,0,0,0,1,,,,,0,1
LJ500_R138_C087,704750,9570250,2021,6,2021-06,0.2364,0,0.5005,0,0.2631,0,0,0,0,1,,,,,0,1
LJ500_R142_C071,696750,9572250,2021,6,2021-06,0,0,0,0,1,0,0,0,0,1,0.6099,0.1418,0.4369,-0.5212,26.88,0
LJ500_R145_C054,688250,9573750,2021,6,2021-06,0,0,0.7423,0,0.2577,0,0,0,0,1,,,,,0,1
LJ500_R147_C083,702750,9574750,2021,6,2021-06,0.3027,0,0,0,0.6973,0,0,0,0,1,0.6868,0.259,0.5438,-0.5903,9.76,0
LJ500_R156_C028,675250,9579250,2021,6,2021-06,0.6724,0,0.3276,0,0,0,0,0,0,1,0.7464,0.2027,0.4944,-0.6586,100,0
LJ500_R156_C067,694750,9579250,2021,6,2021-06,0,0,0,0,1,0,0,0,0,1,,,,,0,1
LJ500_R156_C079,700750,9579250,2021,6,2021-06,1,0,0,0,0,0,0,0,0,1,0.6171,0.2975,0.5599,-0.5388,23.68,0
LJ500_R157_C009,665750,9579750,2021,6,2021-06,0.0008,0,0.666,0,0.3333,0,0,0,0,1,0.7958,0.1904,0.5027,-0.696,100,0
LJ500_R158_C065,693750,9580250,2021,6,2021-06,0,0,0.7476,0.135,0.1174,0,0,0,0,1,0.5289,0.2042,0.4887,-0.4531,20.96,0
LJ500_R160_C074,698250,9581250,2021,6,2021-06,0.325,0,0,0,0.675,0,0,0,0,1,,,,,0,1
LJ500_R161_C066,694250,9581750,2021,6,2021-06,0,0,0.0311,0.0756,0.8933,0,0,0,0,1,0.4665,0.2253,0.4946,-0.378,5.92,0
LJ500_R164_C043,682750,9583250,2021,6,2021-06,0,0.6371,0,0,0.3629,0,0,0,0,1,0.5701,0.0553,0.3264,-0.5338,100,0
LJ500_R164_C059,690750,9583250,2021,6,2021-06,0.6643,0.3177,0.018,0,0,0,0,0,0,1,0.6405,0.3201,0.5758,-0.5584,9.28,0
LJ500_R166_C072,697250,9584250,2021,6,2021-06,0,0,0,0,1,0,0,0,0,1,0.5428,0.3234,0.5983,-0.4353,0.8,0
LJ500_R167_C067,694750,9584750,2021,6,2021-06,0,0,0,0,1,0,0,0,0,1,0.7279,0.3506,0.6332,-0.6028,36.16,0
LJ500_R168_C045,683750,9585250,2021,6,2021-06,0.083,0.79,0,0,0.1269,0,0,0,0,1,0.519,0.0248,0.2731,-0.5187,96.64,0
LJ500_R173_C033,677750,9587750,2021,6,2021-06,0.0493,0.4112,0,0,0.5395,0,0,0,0,1,0.7128,0.1698,0.4686,-0.65,100,0
LJ500_R178_C063,692750,9590250,2021,6,2021-06,0,0,0,0,1,0,0,0,0,1,0.6468,0.3334,0.6105,-0.5351,73.44,0
LJ500_R179_C046,684250,9590750,2021,6,2021-06,0,1,0,0,0,0,0,0,0,1,,,,,0,1
LJ500_R180_C071,696750,9591250,2021,6,2021-06,0.1157,0,0.1808,0,0.7035,0,0,0,0,1,,,,,0,1
LJ500_R183_C039,680750,9592750,2021,6,2021-06,0,1,0,0,0,0,0,0,0,1,0.2543,-0.0225,0.1492,-0.2751,2.6082,0
LJ500_R184_C039,680750,9593250,2021,6,2021-06,0,1,0,0,0,0,0,0,0,1,,,,,0,1
LJ500_R184_C066,694250,9593250,2021,6,2021-06,0.0203,0,0,0,0.9797,0,0,0,0,1,0.6241,0.2004,0.5023,-0.5536,17.3,0
LJ500_R006_C075,698750,9504250,2021,7,2021-07,0.4991,0,0.5009,0,0,0,0,0,0,1,0.8632,0.4285,0.7154,-0.7784,28.48,0
LJ500_R011_C068,695250,9506750,2021,7,2021-07,1,0,0,0,0,0,0,0,0,1,0.8382,0.3842,0.6741,-0.752,100,0
LJ500_R012_C055,688750,9507250,2021,7,2021-07,1,0,0,0,0,0,0,0,0,1,0.7113,0.3869,0.6419,-0.639,29.92,0
LJ500_R020_C061,691750,9511250,2021,7,2021-07,0,0,1,0,0,0,0,0,0,1,0.6625,0.0788,0.3502,-0.6082,100,0
LJ500_R033_C056,689250,9517750,2021,7,2021-07,0.7601,0,0.2399,0,0,0,0,0,0,1,0.739,0.2447,0.5289,-0.6354,100,0
LJ500_R035_C085,703750,9518750,2021,7,2021-07,0,0,0.6992,0,0.3008,0,0,0,0,1,0.8162,0.2505,0.5611,-0.7285,100,0
LJ500_R039_C072,697250,9520750,2021,7,2021-07,0,0,0.019,0,0.972,0,0,0.0089,0,1,0.6398,0.1994,0.4354,-0.5999,100,0
LJ500_R040_C060,691250,9521250,2021,7,2021-07,0.0093,0,0.9907,0,0,0,0,0,0,1,0.493,-0.0997,0.1424,-0.5408,100,0
LJ500_R041_C061,691750,9521750,2021,7,2021-07,0.6217,0,0.3783,0,0,0,0,0,0,1,0.7101,0.0938,0.3854,-0.6422,100,0
LJ500_R043_C058,690250,9522750,2021,7,2021-07,0,0,0.6724,0,0,0,0,0.3276,0,1,0.5451,-0.0461,0.2169,-0.5598,100,0
LJ500_R045_C083,702750,9523750,2021,7,2021-07,0.0975,0,0.9025,0,0,0,0,0,0,1,0.8077,0.268,0.5701,-0.7088,100,0
LJ500_R046_C064,693250,9524250,2021,7,2021-07,0,0,0.1216,0,0,0.2178,0,0.6606,0,1,0.4647,-0.0404,0.1556,-0.4693,100,0
LJ500_R048_C071,696750,9525250,2021,7,2021-07,0,0,1,0,0,0,0,0,0,1,0.5727,0.0258,0.2921,-0.5523,100,0
LJ500_R050_C095,708750,9526250,2021,7,2021-07,0.2432,0.6234,0.1334,0,0,0,0,0,0,1,0.7213,0.2522,0.5439,-0.6591,67.84,0
LJ500_R056_C049,685750,9529250,2021,7,2021-07,0,0,1,0,0,0,0,0,0,1,0.5597,0.0046,0.2473,-0.5288,100,0
LJ500_R058_C079,700750,9530250,2021,7,2021-07,0,0,0.7206,0,0.2794,0,0,0,0,1,0.7986,0.2653,0.5645,-0.6998,100,0
LJ500_R063_C060,691250,9532750,2021,7,2021-07,0,0,0.4901,0,0.4472,0.0627,0,0,0,1,0.6975,0.1751,0.4494,-0.6232,100,0
LJ500_R064_C084,703250,9533250,2021,7,2021-07,0.235,0,0.7298,0,0.0352,0,0,0,0,1,0.86,0.3056,0.6267,-0.7525,100,0
LJ500_R069_C057,689750,9535750,2021,7,2021-07,0,0,0.1213,0,0.8787,0,0,0,0,1,0.5817,0.0496,0.3,-0.5741,100,0
LJ500_R072_C062,692250,9537250,2021,7,2021-07,0,0,0.4122,0,0.5878,0,0,0,0,1,0.6298,0.0656,0.3156,-0.5907,100,0
LJ500_R072_C095,708750,9537250,2021,7,2021-07,0.7205,0.2795,0,0,0,0,0,0,0,1,0.7741,0.2942,0.5976,-0.6985,99.84,0
LJ500_R074_C074,698250,9538250,2021,7,2021-07,0,0,0.1778,0,0.8222,0,0,0,0,1,0.5816,0.0834,0.3116,-0.542,100,0
LJ500_R078_C076,699250,9540250,2021,7,2021-07,0.071,0,0.0635,0,0.8655,0,0,0,0,1,0.6864,0.1827,0.466,-0.589,100,0
LJ500_R079_C076,699250,9540750,2021,7,2021-07,0,0,0,0,0.9922,0.0078,0,0,0,1,0.7486,0.1621,0.4442,-0.6778,100,0
LJ500_R093_C071,696750,9547750,2021,7,2021-07,0.1849,0,0,0,0.8151,0,0,0,0,1,0.7506,0.3371,0.5831,-0.6596,23.14,0
LJ500_R093_C073,697750,9547750,2021,7,2021-07,0.0013,0,0.5724,0,0.4263,0,0,0,0,1,0.7507,0.2236,0.4936,-0.6605,71.68,0
LJ500_R096_C074,698250,9549250,2021,7,2021-07,0.4564,0,0.2184,0.311,0.0142,0,0,0,0,1,,,,,0,1
LJ500_R098_C085,703750,9550250,2021,7,2021-07,1,0,0,0,0,0,0,0,0,1,0.2839,0.069,0.1406,-0.2599,11.2,0
LJ500_R101_C091,706750,9551750,2021,7,2021-07,0.0455,0.9545,0,0,0,0,0,0,0,1,0.7573,0.2282,0.5211,-0.7081,18.94,0
LJ500_R106_C080,701250,9554250,2021,7,2021-07,0,0,0.2691,0.5021,0.2289,0,0,0,0,1,0.7081,0.2761,0.547,-0.6355,2.88,0
LJ500_R108_C065,693750,9555250,2021,7,2021-07,0,0,0.0703,0.9297,0,0,0,0,0,1,0.8148,0.279,0.5655,-0.7116,100,0
LJ500_R109_C088,705250,9555750,2021,7,2021-07,1,0,0,0,0,0,0,0,0,1,0.7735,0.3225,0.6054,-0.6828,4.32,0
LJ500_R119_C079,700750,9560750,2021,7,2021-07,0,0,0.0076,0,0.8026,0.1897,0,0,0,1,0.7209,0.1377,0.4242,-0.6485,100,0
LJ500_R122_C070,696250,9562250,2021,7,2021-07,0,0,0,0,0.635,0.365,0,0,0,1,0.6028,0.1357,0.3596,-0.5541,100,0
LJ500_R125_C065,693750,9563750,2021,7,2021-07,0,0,0.0771,0,0.9229,0,0,0,0,1,0.5561,0.0965,0.3314,-0.5134,87.68,0
LJ500_R131_C053,687750,9566750,2021,7,2021-07,0,0,0.1735,0,0.8265,0,0,0,0,1,0.6318,0.1383,0.3807,-0.5871,100,0
LJ500_R132_C080,701250,9567250,2021,7,2021-07,0.9327,0,0.0078,0,0.0594,0,0,0,0,1,0.7706,0.3114,0.5938,-0.6897,83.2,0
LJ500_R138_C087,704750,9570250,2021,7,2021-07,0.2364,0,0.5005,0,0.2631,0,0,0,0,1,0.7874,0.2179,0.5245,-0.6717,100,0
LJ500_R142_C071,696750,9572250,2021,7,2021-07,0,0,0,0,1,0,0,0,0,1,0.6234,0.0677,0.3302,-0.5705,100,0
LJ500_R145_C054,688250,9573750,2021,7,2021-07,0,0,0.7423,0,0.2577,0,0,0,0,1,0.6036,0.1186,0.3898,-0.5691,72.64,0
LJ500_R147_C083,702750,9574750,2021,7,2021-07,0.3027,0,0,0,0.6973,0,0,0,0,1,0.7364,0.1639,0.4531,-0.6555,100,0
LJ500_R156_C028,675250,9579250,2021,7,2021-07,0.6724,0,0.3276,0,0,0,0,0,0,1,0.7564,0.2016,0.4987,-0.669,100,0
LJ500_R156_C067,694750,9579250,2021,7,2021-07,0,0,0,0,1,0,0,0,0,1,0.6372,0.1399,0.4169,-0.588,98.4,0
LJ500_R156_C079,700750,9579250,2021,7,2021-07,1,0,0,0,0,0,0,0,0,1,0.7095,0.2974,0.5736,-0.6461,9.28,0
LJ500_R157_C009,665750,9579750,2021,7,2021-07,0.0008,0,0.666,0,0.3333,0,0,0,0,1,0.7728,0.189,0.5039,-0.6726,72.16,0
LJ500_R158_C065,693750,9580250,2021,7,2021-07,0,0,0.7476,0.135,0.1174,0,0,0,0,1,0.6119,0.0826,0.3482,-0.5701,100,0
LJ500_R160_C074,698250,9581250,2021,7,2021-07,0.325,0,0,0,0.675,0,0,0,0,1,0.7937,0.2521,0.5597,-0.7004,32.48,0
LJ500_R161_C066,694250,9581750,2021,7,2021-07,0,0,0.0311,0.0756,0.8933,0,0,0,0,1,0.6267,0.1146,0.381,-0.5769,100,0
LJ500_R164_C043,682750,9583250,2021,7,2021-07,0,0.6371,0,0,0.3629,0,0,0,0,1,0.5478,0.0739,0.3307,-0.5268,95.68,0
LJ500_R164_C059,690750,9583250,2021,7,2021-07,0.6643,0.3177,0.018,0,0,0,0,0,0,1,0.6856,0.2752,0.5228,-0.6247,82.88,0
LJ500_R166_C072,697250,9584250,2021,7,2021-07,0,0,0,0,1,0,0,0,0,1,0.5628,0.2088,0.4193,-0.4977,16.64,0
LJ500_R167_C067,694750,9584750,2021,7,2021-07,0,0,0,0,1,0,0,0,0,1,0.6983,0.2459,0.5209,-0.6102,79.2,0
LJ500_R168_C045,683750,9585250,2021,7,2021-07,0.083,0.79,0,0,0.1269,0,0,0,0,1,0.5483,0.0145,0.2706,-0.559,100,0
LJ500_R173_C033,677750,9587750,2021,7,2021-07,0.0493,0.4112,0,0,0.5395,0,0,0,0,1,0.7088,0.1798,0.4767,-0.6504,100,0
LJ500_R178_C063,692750,9590250,2021,7,2021-07,0,0,0,0,1,0,0,0,0,1,0.7205,0.2171,0.5084,-0.6416,100,0
LJ500_R179_C046,684250,9590750,2021,7,2021-07,0,1,0,0,0,0,0,0,0,1,0.4759,-0.0455,0.2225,-0.5067,100,0
LJ500_R180_C071,696750,9591250,2021,7,2021-07,0.1157,0,0.1808,0,0.7035,0,0,0,0,1,0.7141,0.2236,0.5117,-0.6527,100,0
LJ500_R183_C039,680750,9592750,2021,7,2021-07,0,1,0,0,0,0,0,0,0,1,0.495,-0.1297,0.1428,-0.5585,83.91,0
LJ500_R184_C039,680750,9593250,2021,7,2021-07,0,1,0,0,0,0,0,0,0,1,0.6191,0.0268,0.315,-0.6318,44.36,0
LJ500_R184_C066,694250,9593250,2021,7,2021-07,0.0203,0,0,0,0.9797,0,0,0,0,1,0.669,0.21,0.4925,-0.6094,19.95,0
LJ500_R006_C075,698750,9504250,2021,8,2021-08,0.4991,0,0.5009,0,0,0,0,0,0,1,0.8654,0.3905,0.6797,-0.7851,100,0
LJ500_R011_C068,695250,9506750,2021,8,2021-08,1,0,0,0,0,0,0,0,0,1,0.8503,0.3861,0.6709,-0.7688,100,0
LJ500_R012_C055,688750,9507250,2021,8,2021-08,1,0,0,0,0,0,0,0,0,1,0.8131,0.3607,0.639,-0.7457,99.84,0
LJ500_R020_C061,691750,9511250,2021,8,2021-08,0,0,1,0,0,0,0,0,0,1,0.5683,0.026,0.2804,-0.5601,100,0
LJ500_R033_C056,689250,9517750,2021,8,2021-08,0.7601,0,0.2399,0,0,0,0,0,0,1,0.7235,0.2219,0.5037,-0.6303,100,0
LJ500_R035_C085,703750,9518750,2021,8,2021-08,0,0,0.6992,0,0.3008,0,0,0,0,1,0.7775,0.1959,0.5009,-0.7109,100,0
LJ500_R039_C072,697250,9520750,2021,8,2021-08,0,0,0.019,0,0.972,0,0,0.0089,0,1,0.5372,0.1345,0.3563,-0.5337,100,0
LJ500_R040_C060,691250,9521250,2021,8,2021-08,0.0093,0,0.9907,0,0,0,0,0,0,1,0.4,-0.1542,0.0623,-0.5028,100,0
LJ500_R041_C061,691750,9521750,2021,8,2021-08,0.6217,0,0.3783,0,0,0,0,0,0,1,0.5606,-0.0231,0.219,-0.5486,100,0
LJ500_R043_C058,690250,9522750,2021,8,2021-08,0,0,0.6724,0,0,0,0,0.3276,0,1,0.4686,-0.1021,0.1286,-0.5298,100,0
LJ500_R045_C083,702750,9523750,2021,8,2021-08,0.0975,0,0.9025,0,0,0,0,0,0,1,0.6649,0.1566,0.4092,-0.6075,37.76,0
LJ500_R046_C064,693250,9524250,2021,8,2021-08,0,0,0.1216,0,0,0.2178,0,0.6606,0,1,0.39,-0.0909,0.0794,-0.419,100,0
LJ500_R048_C071,696750,9525250,2021,8,2021-08,0,0,1,0,0,0,0,0,0,1,0.4824,-0.0095,0.2323,-0.5158,100,0
LJ500_R050_C095,708750,9526250,2021,8,2021-08,0.2432,0.6234,0.1334,0,0,0,0,0,0,1,0.7472,0.2597,0.5554,-0.6809,100,0
LJ500_R056_C049,685750,9529250,2021,8,2021-08,0,0,1,0,0,0,0,0,0,1,0.4996,-0.0654,0.1463,-0.5257,100,0
LJ500_R058_C079,700750,9530250,2021,8,2021-08,0,0,0.7206,0,0.2794,0,0,0,0,1,0.7423,0.2105,0.5048,-0.6652,100,0
LJ500_R063_C060,691250,9532750,2021,8,2021-08,0,0,0.4901,0,0.4472,0.0627,0,0,0,1,0.3959,-0.0878,0.0862,-0.4458,100,0
LJ500_R064_C084,703250,9533250,2021,8,2021-08,0.235,0,0.7298,0,0.0352,0,0,0,0,1,0.8579,0.3699,0.6527,-0.7645,45.76,0
LJ500_R069_C057,689750,9535750,2021,8,2021-08,0,0,0.1213,0,0.8787,0,0,0,0,1,0.4282,-0.0513,0.1548,-0.4619,100,0
LJ500_R072_C062,692250,9537250,2021,8,2021-08,0,0,0.4122,0,0.5878,0,0,0,0,1,0.5424,-0.0128,0.2112,-0.5414,100,0
LJ500_R072_C095,708750,9537250,2021,8,2021-08,0.7205,0.2795,0,0,0,0,0,0,0,1,,,,,0,1
LJ500_R074_C074,698250,9538250,2021,8,2021-08,0,0,0.1778,0,0.8222,0,0,0,0,1,0.5996,0.0733,0.3012,-0.5726,100,0
LJ500_R078_C076,699250,9540250,2021,8,2021-08,0.071,0,0.0635,0,0.8655,0,0,0,0,1,0.7439,0.1608,0.4547,-0.6599,100,0
LJ500_R079_C076,699250,9540750,2021,8,2021-08,0,0,0,0,0.9922,0.0078,0,0,0,1,0.7375,0.155,0.4383,-0.6852,100,0
LJ500_R093_C071,696750,9547750,2021,8,2021-08,0.1849,0,0,0,0.8151,0,0,0,0,1,0.7609,0.2739,0.5656,-0.6844,100,0
LJ500_R093_C073,697750,9547750,2021,8,2021-08,0.0013,0,0.5724,0,0.4263,0,0,0,0,1,0.7713,0.2081,0.5048,-0.6921,100,0
LJ500_R096_C074,698250,9549250,2021,8,2021-08,0.4564,0,0.2184,0.311,0.0142,0,0,0,0,1,0.8127,0.2593,0.5567,-0.7311,100,0
LJ500_R098_C085,703750,9550250,2021,8,2021-08,1,0,0,0,0,0,0,0,0,1,0.8299,0.361,0.652,-0.7364,100,0
LJ500_R101_C091,706750,9551750,2021,8,2021-08,0.0455,0.9545,0,0,0,0,0,0,0,1,,,,,0,1
LJ500_R106_C080,701250,9554250,2021,8,2021-08,0,0,0.2691,0.5021,0.2289,0,0,0,0,1,0.7588,0.2176,0.5131,-0.6988,100,0
LJ500_R108_C065,693750,9555250,2021,8,2021-08,0,0,0.0703,0.9297,0,0,0,0,0,1,0.8231,0.2943,0.5731,-0.7405,100,0
LJ500_R109_C088,705250,9555750,2021,8,2021-08,1,0,0,0,0,0,0,0,0,1,0.7142,0.4116,0.6783,-0.5922,0.32,0
LJ500_R119_C079,700750,9560750,2021,8,2021-08,0,0,0.0076,0,0.8026,0.1897,0,0,0,1,0.7039,0.1486,0.4306,-0.6394,100,0
LJ500_R122_C070,696250,9562250,2021,8,2021-08,0,0,0,0,0.635,0.365,0,0,0,1,0.5875,0.1876,0.4565,-0.5184,10.24,0
LJ500_R125_C065,693750,9563750,2021,8,2021-08,0,0,0.0771,0,0.9229,0,0,0,0,1,0.6244,0.1022,0.3552,-0.5902,83.68,0
LJ500_R131_C053,687750,9566750,2021,8,2021-08,0,0,0.1735,0,0.8265,0,0,0,0,1,0.5941,0.0973,0.345,-0.586,98.24,0
LJ500_R132_C080,701250,9567250,2021,8,2021-08,0.9327,0,0.0078,0,0.0594,0,0,0,0,1,0.827,0.3569,0.6484,-0.7376,89.44,0
LJ500_R138_C087,704750,9570250,2021,8,2021-08,0.2364,0,0.5005,0,0.2631,0,0,0,0,1,0.7698,0.2286,0.5338,-0.6659,93.6,0
LJ500_R142_C071,696750,9572250,2021,8,2021-08,0,0,0,0,1,0,0,0,0,1,0.6281,0.0725,0.339,-0.5843,100,0
LJ500_R145_C054,688250,9573750,2021,8,2021-08,0,0,0.7423,0,0.2577,0,0,0,0,1,0.6349,0.0813,0.3608,-0.6186,100,0
LJ500_R147_C083,702750,9574750,2021,8,2021-08,0.3027,0,0,0,0.6973,0,0,0,0,1,0.5228,0.2548,0.5449,-0.4996,5.6,0
LJ500_R156_C028,675250,9579250,2021,8,2021-08,0.6724,0,0.3276,0,0,0,0,0,0,1,0.7476,0.1966,0.4863,-0.6718,100,0
LJ500_R156_C067,694750,9579250,2021,8,2021-08,0,0,0,0,1,0,0,0,0,1,0.6726,0.1299,0.4121,-0.6294,100,0
LJ500_R156_C079,700750,9579250,2021,8,2021-08,1,0,0,0,0,0,0,0,0,1,0.7665,0.2732,0.5623,-0.7095,100,0
LJ500_R157_C009,665750,9579750,2021,8,2021-08,0.0008,0,0.666,0,0.3333,0,0,0,0,1,0.7103,0.1381,0.4356,-0.6471,100,0
LJ500_R158_C065,693750,9580250,2021,8,2021-08,0,0,0.7476,0.135,0.1174,0,0,0,0,1,0.6427,0.0768,0.3465,-0.6132,100,0
LJ500_R160_C074,698250,9581250,2021,8,2021-08,0.325,0,0,0,0.675,0,0,0,0,1,0.7973,0.2311,0.5347,-0.7225,100,0
LJ500_R161_C066,694250,9581750,2021,8,2021-08,0,0,0.0311,0.0756,0.8933,0,0,0,0,1,0.6224,0.0715,0.3277,-0.5976,100,0
LJ500_R164_C043,682750,9583250,2021,8,2021-08,0,0.6371,0,0,0.3629,0,0,0,0,1,0.5707,0.041,0.3164,-0.5551,100,0
LJ500_R164_C059,690750,9583250,2021,8,2021-08,0.6643,0.3177,0.018,0,0,0,0,0,0,1,0.7802,0.3015,0.5806,-0.7176,100,0
LJ500_R166_C072,697250,9584250,2021,8,2021-08,0,0,0,0,1,0,0,0,0,1,0.6911,0.1599,0.4447,-0.6359,97.76,0
LJ500_R167_C067,694750,9584750,2021,8,2021-08,0,0,0,0,1,0,0,0,0,1,0.7358,0.1859,0.4809,-0.667,100,0
LJ500_R168_C045,683750,9585250,2021,8,2021-08,0.083,0.79,0,0,0.1269,0,0,0,0,1,0.5169,-0.0019,0.2403,-0.53,100,0
LJ500_R173_C033,677750,9587750,2021,8,2021-08,0.0493,0.4112,0,0,0.5395,0,0,0,0,1,0.7053,0.1487,0.4474,-0.661,100,0
LJ500_R178_C063,692750,9590250,2021,8,2021-08,0,0,0,0,1,0,0,0,0,1,0.7185,0.1833,0.4697,-0.6583,100,0
LJ500_R179_C046,684250,9590750,2021,8,2021-08,0,1,0,0,0,0,0,0,0,1,0.5113,-0.0982,0.1819,-0.5639,100,0
LJ500_R180_C071,696750,9591250,2021,8,2021-08,0.1157,0,0.1808,0,0.7035,0,0,0,0,1,0.7396,0.1877,0.4783,-0.6954,100,0
LJ500_R183_C039,680750,9592750,2021,8,2021-08,0,1,0,0,0,0,0,0,0,1,0.4549,-0.1846,0.0842,-0.5285,100,0
LJ500_R184_C039,680750,9593250,2021,8,2021-08,0,1,0,0,0,0,0,0,0,1,0.4386,-0.1151,0.1405,-0.4559,100,0
LJ500_R184_C066,694250,9593250,2021,8,2021-08,0.0203,0,0,0,0.9797,0,0,0,0,1,0.6859,0.1579,0.4464,-0.6479,100,0
LJ500_R006_C075,698750,9504250,2021,9,2021-09,0.4991,0,0.5009,0,0,0,0,0,0,1,0.8588,0.3604,0.6576,-0.7769,100,0
LJ500_R011_C068,695250,9506750,2021,9,2021-09,1,0,0,0,0,0,0,0,0,1,0.8526,0.3811,0.6696,-0.7671,100,0
LJ500_R012_C055,688750,9507250,2021,9,2021-09,1,0,0,0,0,0,0,0,0,1,0.6762,0.3144,0.5631,-0.5994,0.16,0
LJ500_R020_C061,691750,9511250,2021,9,2021-09,0,0,1,0,0,0,0,0,0,1,0.5307,-0.0521,0.1858,-0.5716,100,0
LJ500_R033_C056,689250,9517750,2021,9,2021-09,0.7601,0,0.2399,0,0,0,0,0,0,1,0.7012,0.204,0.4788,-0.6238,100,0
LJ500_R035_C085,703750,9518750,2021,9,2021-09,0,0,0.6992,0,0.3008,0,0,0,0,1,0.7097,0.1562,0.4594,-0.6416,100,0
LJ500_R039_C072,697250,9520750,2021,9,2021-09,0,0,0.019,0,0.972,0,0,0.0089,0,1,0.4794,0.1031,0.2922,-0.5208,100,0
LJ500_R040_C060,691250,9521250,2021,9,2021-09,0.0093,0,0.9907,0,0,0,0,0,0,1,0.3481,-0.1651,0.044,-0.4921,100,0
LJ500_R041_C061,691750,9521750,2021,9,2021-09,0.6217,0,0.3783,0,0,0,0,0,0,1,0.51,-0.0938,0.1295,-0.5413,100,0
LJ500_R043_C058,690250,9522750,2021,9,2021-09,0,0,0.6724,0,0,0,0,0.3276,0,1,0.4105,-0.1219,0.1011,-0.5222,100,0
LJ500_R045_C083,702750,9523750,2021,9,2021-09,0.0975,0,0.9025,0,0,0,0,0,0,1,0.7052,0.1662,0.45,-0.6522,100,0
LJ500_R046_C064,693250,9524250,2021,9,2021-09,0,0,0.1216,0,0,0.2178,0,0.6606,0,1,0.3231,-0.1228,0.0416,-0.3829,100,0
LJ500_R048_C071,696750,9525250,2021,9,2021-09,0,0,1,0,0,0,0,0,0,1,0.4183,-0.0608,0.1639,-0.5093,100,0
LJ500_R050_C095,708750,9526250,2021,9,2021-09,0.2432,0.6234,0.1334,0,0,0,0,0,0,1,,,,,0,1
LJ500_R056_C049,685750,9529250,2021,9,2021-09,0,0,1,0,0,0,0,0,0,1,0.4231,-0.1059,0.0952,-0.4958,100,0
LJ500_R058_C079,700750,9530250,2021,9,2021-09,0,0,0.7206,0,0.2794,0,0,0,0,1,0.6869,0.1802,0.4611,-0.6279,100,0
LJ500_R063_C060,691250,9532750,2021,9,2021-09,0,0,0.4901,0,0.4472,0.0627,0,0,0,1,0.3595,-0.1169,0.0383,-0.4258,100,0
LJ500_R064_C084,703250,9533250,2021,9,2021-09,0.235,0,0.7298,0,0.0352,0,0,0,0,1,0.6706,0.237,0.5126,-0.6017,100,0
LJ500_R069_C057,689750,9535750,2021,9,2021-09,0,0,0.1213,0,0.8787,0,0,0,0,1,0.2817,-0.1467,0.0354,-0.3814,100,0
LJ500_R072_C062,692250,9537250,2021,9,2021-09,0,0,0.4122,0,0.5878,0,0,0,0,1,0.3642,-0.1244,0.0588,-0.4322,100,0
LJ500_R072_C095,708750,9537250,2021,9,2021-09,0.7205,0.2795,0,0,0,0,0,0,0,1,0.6312,0.2885,0.5199,-0.5727,41.12,0
LJ500_R074_C074,698250,9538250,2021,9,2021-09,0,0,0.1778,0,0.8222,0,0,0,0,1,0.56,0.0308,0.2504,-0.5537,100,0
LJ500_R078_C076,699250,9540250,2021,9,2021-09,0.071,0,0.0635,0,0.8655,0,0,0,0,1,0.6795,0.1206,0.412,-0.6049,100,0
LJ500_R079_C076,699250,9540750,2021,9,2021-09,0,0,0,0,0.9922,0.0078,0,0,0,1,0.7086,0.1285,0.4059,-0.6672,100,0
LJ500_R093_C071,696750,9547750,2021,9,2021-09,0.1849,0,0,0,0.8151,0,0,0,0,1,0.7311,0.2294,0.5189,-0.6754,100,0
LJ500_R093_C073,697750,9547750,2021,9,2021-09,0.0013,0,0.5724,0,0.4263,0,0,0,0,1,0.7095,0.169,0.4524,-0.6518,100,0
LJ500_R096_C074,698250,9549250,2021,9,2021-09,0.4564,0,0.2184,0.311,0.0142,0,0,0,0,1,0.6991,0.2193,0.4922,-0.638,100,0
LJ500_R098_C085,703750,9550250,2021,9,2021-09,1,0,0,0,0,0,0,0,0,1,0.7456,0.3324,0.5998,-0.6708,100,0
LJ500_R101_C091,706750,9551750,2021,9,2021-09,0.0455,0.9545,0,0,0,0,0,0,0,1,0.5922,0.178,0.4468,-0.5733,99.92,0
LJ500_R106_C080,701250,9554250,2021,9,2021-09,0,0,0.2691,0.5021,0.2289,0,0,0,0,1,0.6655,0.1684,0.4441,-0.6259,100,0
LJ500_R108_C065,693750,9555250,2021,9,2021-09,0,0,0.0703,0.9297,0,0,0,0,0,1,0.7648,0.2444,0.5192,-0.7049,100,0
LJ500_R109_C088,705250,9555750,2021,9,2021-09,1,0,0,0,0,0,0,0,0,1,0.7178,0.2882,0.5564,-0.6532,100,0
LJ500_R119_C079,700750,9560750,2021,9,2021-09,0,0,0.0076,0,0.8026,0.1897,0,0,0,1,0.6318,0.1073,0.3752,-0.577,100,0
LJ500_R122_C070,696250,9562250,2021,9,2021-09,0,0,0,0,0.635,0.365,0,0,0,1,0.5258,0.0857,0.2971,-0.5046,100,0
LJ500_R125_C065,693750,9563750,2021,9,2021-09,0,0,0.0771,0,0.9229,0,0,0,0,1,0.5239,0.0608,0.2882,-0.5061,100,0
LJ500_R131_C053,687750,9566750,2021,9,2021-09,0,0,0.1735,0,0.8265,0,0,0,0,1,0.4831,0.052,0.2505,-0.4992,100,0
LJ500_R132_C080,701250,9567250,2021,9,2021-09,0.9327,0,0.0078,0,0.0594,0,0,0,0,1,0.741,0.2932,0.5707,-0.6728,100,0
LJ500_R138_C087,704750,9570250,2021,9,2021-09,0.2364,0,0.5005,0,0.2631,0,0,0,0,1,0.6443,0.2028,0.4703,-0.5718,100,0
LJ500_R142_C071,696750,9572250,2021,9,2021-09,0,0,0,0,1,0,0,0,0,1,0.5365,0.0551,0.2923,-0.5124,100,0
LJ500_R145_C054,688250,9573750,2021,9,2021-09,0,0,0.7423,0,0.2577,0,0,0,0,1,0.4957,0.0325,0.2681,-0.5007,100,0
LJ500_R147_C083,702750,9574750,2021,9,2021-09,0.3027,0,0,0,0.6973,0,0,0,0,1,0.5605,0.1413,0.3896,-0.5239,100,0
LJ500_R156_C028,675250,9579250,2021,9,2021-09,0.6724,0,0.3276,0,0,0,0,0,0,1,0.6477,0.1681,0.4356,-0.6053,100,0
LJ500_R156_C067,694750,9579250,2021,9,2021-09,0,0,0,0,1,0,0,0,0,1,0.5536,0.1236,0.375,-0.5272,100,0
LJ500_R156_C079,700750,9579250,2021,9,2021-09,1,0,0,0,0,0,0,0,0,1,0.5917,0.2444,0.4904,-0.5531,100,0
LJ500_R157_C009,665750,9579750,2021,9,2021-09,0.0008,0,0.666,0,0.3333,0,0,0,0,1,0.6106,0.0271,0.295,-0.6106,100,0
LJ500_R158_C065,693750,9580250,2021,9,2021-09,0,0,0.7476,0.135,0.1174,0,0,0,0,1,0.5056,0.0646,0.3022,-0.4946,100,0
LJ500_R160_C074,698250,9581250,2021,9,2021-09,0.325,0,0,0,0.675,0,0,0,0,1,0.5517,0.1715,0.4043,-0.5148,92.8,0
LJ500_R161_C066,694250,9581750,2021,9,2021-09,0,0,0.0311,0.0756,0.8933,0,0,0,0,1,0.4812,0.0783,0.3076,-0.4669,100,0
LJ500_R164_C043,682750,9583250,2021,9,2021-09,0,0.6371,0,0,0.3629,0,0,0,0,1,0.5212,0.0096,0.2706,-0.5325,100,0
LJ500_R164_C059,690750,9583250,2021,9,2021-09,0.6643,0.3177,0.018,0,0,0,0,0,0,1,0.6577,0.2016,0.4685,-0.6124,28.64,0
LJ500_R166_C072,697250,9584250,2021,9,2021-09,0,0,0,0,1,0,0,0,0,1,0.5829,0.1646,0.4235,-0.4922,0.32,0
LJ500_R167_C067,694750,9584750,2021,9,2021-09,0,0,0,0,1,0,0,0,0,1,0.6742,0.1298,0.4154,-0.618,100,0
LJ500_R168_C045,683750,9585250,2021,9,2021-09,0.083,0.79,0,0,0.1269,0,0,0,0,1,0.4967,-0.0155,0.2269,-0.5191,100,0
LJ500_R173_C033,677750,9587750,2021,9,2021-09,0.0493,0.4112,0,0,0.5395,0,0,0,0,1,0.6578,0.1069,0.3942,-0.6303,100,0
LJ500_R178_C063,692750,9590250,2021,9,2021-09,0,0,0,0,1,0,0,0,0,1,0.6587,0.1745,0.4512,-0.6093,100,0
LJ500_R179_C046,684250,9590750,2021,9,2021-09,0,1,0,0,0,0,0,0,0,1,0.4347,-0.0635,0.2101,-0.4772,24.32,0
LJ500_R180_C071,696750,9591250,2021,9,2021-09,0.1157,0,0.1808,0,0.7035,0,0,0,0,1,,,,,0,1
LJ500_R183_C039,680750,9592750,2021,9,2021-09,0,1,0,0,0,0,0,0,0,1,0.3454,-0.1292,0.0951,-0.3889,52.77,0
LJ500_R184_C039,680750,9593250,2021,9,2021-09,0,1,0,0,0,0,0,0,0,1,0.3488,-0.1019,0.1261,-0.3639,98.26,0
LJ500_R184_C066,694250,9593250,2021,9,2021-09,0.0203,0,0,0,0.9797,0,0,0,0,1,,,,,0,1
LJ500_R006_C075,698750,9504250,2021,10,2021-10,0.4991,0,0.5009,0,0,0,0,0,0,1,0.7097,0.3843,0.6316,-0.5932,7.68,0
LJ500_R011_C068,695250,9506750,2021,10,2021-10,1,0,0,0,0,0,0,0,0,1,0.7988,0.3968,0.6745,-0.6961,16.48,0
LJ500_R012_C055,688750,9507250,2021,10,2021-10,1,0,0,0,0,0,0,0,0,1,0.556,0.2849,0.4558,-0.5149,2.24,0
LJ500_R020_C061,691750,9511250,2021,10,2021-10,0,0,1,0,0,0,0,0,0,1,0.5165,-0.0487,0.1861,-0.5287,100,0
LJ500_R033_C056,689250,9517750,2021,10,2021-10,0.7601,0,0.2399,0,0,0,0,0,0,1,0.6065,0.1453,0.4031,-0.5397,100,0
LJ500_R035_C085,703750,9518750,2021,10,2021-10,0,0,0.6992,0,0.3008,0,0,0,0,1,0.6465,0.1325,0.4126,-0.577,31.04,0
LJ500_R039_C072,697250,9520750,2021,10,2021-10,0,0,0.019,0,0.972,0,0,0.0089,0,1,0.476,0.0707,0.2583,-0.5063,100,0
LJ500_R040_C060,691250,9521250,2021,10,2021-10,0.0093,0,0.9907,0,0,0,0,0,0,1,0.3393,-0.1739,0.0296,-0.4723,100,0
LJ500_R041_C061,691750,9521750,2021,10,2021-10,0.6217,0,0.3783,0,0,0,0,0,0,1,0.4808,-0.1244,0.0861,-0.5248,100,0
LJ500_R043_C058,690250,9522750,2021,10,2021-10,0,0,0.6724,0,0,0,0,0.3276,0,1,0.3914,-0.158,0.0442,-0.5004,100,0
LJ500_R045_C083,702750,9523750,2021,10,2021-10,0.0975,0,0.9025,0,0,0,0,0,0,1,0.6114,0.0907,0.3599,-0.5654,31.52,0
LJ500_R046_C064,693250,9524250,2021,10,2021-10,0,0,0.1216,0,0,0.2178,0,0.6606,0,1,0.274,-0.1523,-0.0073,-0.3397,100,0
LJ500_R048_C071,696750,9525250,2021,10,2021-10,0,0,1,0,0,0,0,0,0,1,0.3909,-0.121,0.0882,-0.4988,100,0
LJ500_R050_C095,708750,9526250,2021,10,2021-10,0.2432,0.6234,0.1334,0,0,0,0,0,0,1,0.7258,0.2694,0.5691,-0.6564,45.6,0
LJ500_R056_C049,685750,9529250,2021,10,2021-10,0,0,1,0,0,0,0,0,0,1,0.3684,-0.1517,0.0214,-0.4505,100,0
LJ500_R058_C079,700750,9530250,2021,10,2021-10,0,0,0.7206,0,0.2794,0,0,0,0,1,0.5732,0.052,0.3021,-0.5617,2.08,0
LJ500_R063_C060,691250,9532750,2021,10,2021-10,0,0,0.4901,0,0.4472,0.0627,0,0,0,1,0.4265,-0.086,0.0709,-0.4516,100,0
LJ500_R064_C084,703250,9533250,2021,10,2021-10,0.235,0,0.7298,0,0.0352,0,0,0,0,1,0.7863,0.2487,0.568,-0.6818,100,0
LJ500_R069_C057,689750,9535750,2021,10,2021-10,0,0,0.1213,0,0.8787,0,0,0,0,1,0.2382,-0.1928,-0.0439,-0.3275,100,0
LJ500_R072_C062,692250,9537250,2021,10,2021-10,0,0,0.4122,0,0.5878,0,0,0,0,1,0.3052,-0.1911,-0.0411,-0.3858,72.32,0
LJ500_R072_C095,708750,9537250,2021,10,2021-10,0.7205,0.2795,0,0,0,0,0,0,0,1,0.639,0.2759,0.5241,-0.5572,87.36,0
LJ500_R074_C074,698250,9538250,2021,10,2021-10,0,0,0.1778,0,0.8222,0,0,0,0,1,0.5147,0.0115,0.222,-0.4953,100,0
LJ500_R078_C076,699250,9540250,2021,10,2021-10,0.071,0,0.0635,0,0.8655,0,0,0,0,1,0.5969,0.0579,0.3048,-0.5473,100,0
LJ500_R079_C076,699250,9540750,2021,10,2021-10,0,0,0,0,0.9922,0.0078,0,0,0,1,0.6138,0.0832,0.3231,-0.5772,64.32,0
LJ500_R093_C071,696750,9547750,2021,10,2021-10,0.1849,0,0,0,0.8151,0,0,0,0,1,0.7258,0.2136,0.508,-0.6682,98.04,0
LJ500_R093_C073,697750,9547750,2021,10,2021-10,0.0013,0,0.5724,0,0.4263,0,0,0,0,1,0.6649,0.2037,0.487,-0.5832,7.52,0
LJ500_R096_C074,698250,9549250,2021,10,2021-10,0.4564,0,0.2184,0.311,0.0142,0,0,0,0,1,0.7751,0.216,0.5155,-0.6943,42.24,0
LJ500_R098_C085,703750,9550250,2021,10,2021-10,1,0,0,0,0,0,0,0,0,1,0.7914,0.3371,0.6207,-0.6891,100,0
LJ500_R101_C091,706750,9551750,2021,10,2021-10,0.0455,0.9545,0,0,0,0,0,0,0,1,,,,,0,1
LJ500_R106_C080,701250,9554250,2021,10,2021-10,0,0,0.2691,0.5021,0.2289,0,0,0,0,1,0.705,0.1672,0.4576,-0.6534,82.24,0
LJ500_R108_C065,693750,9555250,2021,10,2021-10,0,0,0.0703,0.9297,0,0,0,0,0,1,0.7377,0.2203,0.5013,-0.6611,100,0
LJ500_R109_C088,705250,9555750,2021,10,2021-10,1,0,0,0,0,0,0,0,0,1,0.657,0.2831,0.5074,-0.5634,20.96,0
LJ500_R119_C079,700750,9560750,2021,10,2021-10,0,0,0.0076,0,0.8026,0.1897,0,0,0,1,0.6014,0.0917,0.339,-0.5435,100,0
LJ500_R122_C070,696250,9562250,2021,10,2021-10,0,0,0,0,0.635,0.365,0,0,0,1,0.5325,0.0628,0.2779,-0.5071,100,0
LJ500_R125_C065,693750,9563750,2021,10,2021-10,0,0,0.0771,0,0.9229,0,0,0,0,1,0.5575,0.0506,0.2921,-0.5313,87.52,0
LJ500_R131_C053,687750,9566750,2021,10,2021-10,0,0,0.1735,0,0.8265,0,0,0,0,1,0.5099,0.0167,0.2151,-0.5155,100,0
LJ500_R132_C080,701250,9567250,2021,10,2021-10,0.9327,0,0.0078,0,0.0594,0,0,0,0,1,0.7692,0.2992,0.5752,-0.6819,56.48,0
LJ500_R138_C087,704750,9570250,2021,10,2021-10,0.2364,0,0.5005,0,0.2631,0,0,0,0,1,0.7377,0.1901,0.4874,-0.6317,100,0
LJ500_R142_C071,696750,9572250,2021,10,2021-10,0,0,0,0,1,0,0,0,0,1,0.5809,0.0331,0.2754,-0.5392,100,0
LJ500_R145_C054,688250,9573750,2021,10,2021-10,0,0,0.7423,0,0.2577,0,0,0,0,1,0.5425,-0.0017,0.2398,-0.5415,100,0
LJ500_R147_C083,702750,9574750,2021,10,2021-10,0.3027,0,0,0,0.6973,0,0,0,0,1,0.6346,0.1031,0.3804,-0.5839,99.84,0
LJ500_R156_C028,675250,9579250,2021,10,2021-10,0.6724,0,0.3276,0,0,0,0,0,0,1,0.7004,0.1166,0.3869,-0.648,100,0
LJ500_R156_C067,694750,9579250,2021,10,2021-10,0,0,0,0,1,0,0,0,0,1,0.5486,0.0862,0.351,-0.5109,84,0
LJ500_R156_C079,700750,9579250,2021,10,2021-10,1,0,0,0,0,0,0,0,0,1,0.6856,0.2398,0.512,-0.6203,100,0
LJ500_R157_C009,665750,9579750,2021,10,2021-10,0.0008,0,0.666,0,0.3333,0,0,0,0,1,0.5516,-0.0406,0.2102,-0.5607,100,0
LJ500_R158_C065,693750,9580250,2021,10,2021-10,0,0,0.7476,0.135,0.1174,0,0,0,0,1,0.4604,0.1126,0.3696,-0.4204,1.28,0
LJ500_R160_C074,698250,9581250,2021,10,2021-10,0.325,0,0,0,0.675,0,0,0,0,1,0.5504,0.159,0.4166,-0.4716,3.04,0
LJ500_R161_C066,694250,9581750,2021,10,2021-10,0,0,0.0311,0.0756,0.8933,0,0,0,0,1,0.5639,0.1098,0.3754,-0.504,34.88,0
LJ500_R164_C043,682750,9583250,2021,10,2021-10,0,0.6371,0,0,0.3629,0,0,0,0,1,0.5185,-0.011,0.2409,-0.5201,100,0
LJ500_R164_C059,690750,9583250,2021,10,2021-10,0.6643,0.3177,0.018,0,0,0,0,0,0,1,0.6615,0.2583,0.5147,-0.588,80.96,0
LJ500_R166_C072,697250,9584250,2021,10,2021-10,0,0,0,0,1,0,0,0,0,1,,,,,0,1
LJ500_R167_C067,694750,9584750,2021,10,2021-10,0,0,0,0,1,0,0,0,0,1,0.5698,0.1511,0.3834,-0.4959,67.68,0
LJ500_R168_C045,683750,9585250,2021,10,2021-10,0.083,0.79,0,0,0.1269,0,0,0,0,1,0.5114,-0.0165,0.2135,-0.5161,100,0
LJ500_R173_C033,677750,9587750,2021,10,2021-10,0.0493,0.4112,0,0,0.5395,0,0,0,0,1,0.6109,0.0456,0.3132,-0.5968,100,0
LJ500_R178_C063,692750,9590250,2021,10,2021-10,0,0,0,0,1,0,0,0,0,1,,,,,0,1
LJ500_R179_C046,684250,9590750,2021,10,2021-10,0,1,0,0,0,0,0,0,0,1,0.4318,-0.0989,0.1367,-0.4648,85.6,0
LJ500_R180_C071,696750,9591250,2021,10,2021-10,0.1157,0,0.1808,0,0.7035,0,0,0,0,1,0.6885,0.2516,0.5378,-0.6244,48.16,0
LJ500_R183_C039,680750,9592750,2021,10,2021-10,0,1,0,0,0,0,0,0,0,1,0.2593,-0.1731,0.0405,-0.2845,0.7836,0
LJ500_R184_C039,680750,9593250,2021,10,2021-10,0,1,0,0,0,0,0,0,0,1,,,,,0,1
LJ500_R184_C066,694250,9593250,2021,10,2021-10,0.0203,0,0,0,0.9797,0,0,0,0,1,0.6199,0.0983,0.3715,-0.5801,43.37,0
LJ500_R006_C075,698750,9504250,2021,11,2021-11,0.4991,0,0.5009,0,0,0,0,0,0,1,0.6862,0.3441,0.6018,-0.5728,37.44,0
LJ500_R011_C068,695250,9506750,2021,11,2021-11,1,0,0,0,0,0,0,0,0,1,,,,,0,1
LJ500_R012_C055,688750,9507250,2021,11,2021-11,1,0,0,0,0,0,0,0,0,1,,,,,0,1
LJ500_R020_C061,691750,9511250,2021,11,2021-11,0,0,1,0,0,0,0,0,0,1,0.5161,0.007,0.2397,-0.489,75.36,0
LJ500_R033_C056,689250,9517750,2021,11,2021-11,0.7601,0,0.2399,0,0,0,0,0,0,1,0.5889,0.1364,0.3771,-0.5283,100,0
LJ500_R035_C085,703750,9518750,2021,11,2021-11,0,0,0.6992,0,0.3008,0,0,0,0,1,0.6859,0.1495,0.4481,-0.6091,33.76,0
LJ500_R039_C072,697250,9520750,2021,11,2021-11,0,0,0.019,0,0.972,0,0,0.0089,0,1,0.4619,0.079,0.2692,-0.4679,100,0
LJ500_R040_C060,691250,9521250,2021,11,2021-11,0.0093,0,0.9907,0,0,0,0,0,0,1,0.3473,-0.1912,0.0022,-0.4244,100,0
LJ500_R041_C061,691750,9521750,2021,11,2021-11,0.6217,0,0.3783,0,0,0,0,0,0,1,0.4956,-0.0751,0.1372,-0.49,100,0
LJ500_R043_C058,690250,9522750,2021,11,2021-11,0,0,0.6724,0,0,0,0,0.3276,0,1,0.3911,-0.1589,0.0534,-0.4664,100,0
LJ500_R045_C083,702750,9523750,2021,11,2021-11,0.0975,0,0.9025,0,0,0,0,0,0,1,0.6809,0.1637,0.4528,-0.596,70.56,0
LJ500_R046_C064,693250,9524250,2021,11,2021-11,0,0,0.1216,0,0,0.2178,0,0.6606,0,1,0.3426,-0.1174,0.0462,-0.355,100,0
LJ500_R048_C071,696750,9525250,2021,11,2021-11,0,0,1,0,0,0,0,0,0,1,0.3446,-0.1016,0.0795,-0.3992,96,0
LJ500_R050_C095,708750,9526250,2021,11,2021-11,0.2432,0.6234,0.1334,0,0,0,0,0,0,1,0.6432,0.2672,0.5323,-0.57,96.32,0
LJ500_R056_C049,685750,9529250,2021,11,2021-11,0,0,1,0,0,0,0,0,0,1,0.4311,-0.0917,0.1148,-0.4342,100,0
LJ500_R058_C079,700750,9530250,2021,11,2021-11,0,0,0.7206,0,0.2794,0,0,0,0,1,0.666,0.0987,0.3768,-0.613,44.32,0
LJ500_R063_C060,691250,9532750,2021,11,2021-11,0,0,0.4901,0,0.4472,0.0627,0,0,0,1,0.4343,-0.0435,0.1403,-0.4431,100,0
LJ500_R064_C084,703250,9533250,2021,11,2021-11,0.235,0,0.7298,0,0.0352,0,0,0,0,1,0.7323,0.246,0.5453,-0.626,100,0
LJ500_R069_C057,689750,9535750,2021,11,2021-11,0,0,0.1213,0,0.8787,0,0,0,0,1,0.2766,-0.1729,-0.0127,-0.3548,100,0
LJ500_R072_C062,692250,9537250,2021,11,2021-11,0,0,0.4122,0,0.5878,0,0,0,0,1,0.384,-0.1378,0.0279,-0.4228,100,0
LJ500_R072_C095,708750,9537250,2021,11,2021-11,0.7205,0.2795,0,0,0,0,0,0,0,1,,,,,0,1
LJ500_R074_C074,698250,9538250,2021,11,2021-11,0,0,0.1778,0,0.8222,0,0,0,0,1,0.5219,0.0392,0.2568,-0.4942,100,0
LJ500_R078_C076,699250,9540250,2021,11,2021-11,0.071,0,0.0635,0,0.8655,0,0,0,0,1,0.6365,0.0849,0.3677,-0.5653,100,0
LJ500_R079_C076,699250,9540750,2021,11,2021-11,0,0,0,0,0.9922,0.0078,0,0,0,1,0.6805,0.1469,0.4226,-0.6135,100,0
LJ500_R093_C071,696750,9547750,2021,11,2021-11,0.1849,0,0,0,0.8151,0,0,0,0,1,0.6955,0.2074,0.4954,-0.6241,100,0
LJ500_R093_C073,697750,9547750,2021,11,2021-11,0.0013,0,0.5724,0,0.4263,0,0,0,0,1,0.6701,0.1573,0.4364,-0.6034,41.76,0
LJ500_R096_C074,698250,9549250,2021,11,2021-11,0.4564,0,0.2184,0.311,0.0142,0,0,0,0,1,0.6416,0.2219,0.4854,-0.5753,79.36,0
LJ500_R098_C085,703750,9550250,2021,11,2021-11,1,0,0,0,0,0,0,0,0,1,0.5388,0.3557,0.5648,-0.4774,66.88,0
LJ500_R101_C091,706750,9551750,2021,11,2021-11,0.0455,0.9545,0,0,0,0,0,0,0,1,,,,,0,1
LJ500_R106_C080,701250,9554250,2021,11,2021-11,0,0,0.2691,0.5021,0.2289,0,0,0,0,1,0.6782,0.1835,0.4607,-0.6277,100,0
LJ500_R108_C065,693750,9555250,2021,11,2021-11,0,0,0.0703,0.9297,0,0,0,0,0,1,0.7152,0.1988,0.4548,-0.6657,100,0
LJ500_R109_C088,705250,9555750,2021,11,2021-11,1,0,0,0,0,0,0,0,0,1,0.6915,0.303,0.5784,-0.5972,51.84,0
LJ500_R119_C079,700750,9560750,2021,11,2021-11,0,0,0.0076,0,0.8026,0.1897,0,0,0,1,0.6198,0.1488,0.4112,-0.552,100,0
LJ500_R122_C070,696250,9562250,2021,11,2021-11,0,0,0,0,0.635,0.365,0,0,0,1,0.5342,0.1104,0.3352,-0.4919,100,0
LJ500_R125_C065,693750,9563750,2021,11,2021-11,0,0,0.0771,0,0.9229,0,0,0,0,1,0.5283,0.0681,0.2891,-0.5015,100,0
LJ500_R131_C053,687750,9566750,2021,11,2021-11,0,0,0.1735,0,0.8265,0,0,0,0,1,0.5159,0.0535,0.2553,-0.5024,100,0
LJ500_R132_C080,701250,9567250,2021,11,2021-11,0.9327,0,0.0078,0,0.0594,0,0,0,0,1,0.718,0.327,0.6183,-0.6319,100,0
LJ500_R138_C087,704750,9570250,2021,11,2021-11,0.2364,0,0.5005,0,0.2631,0,0,0,0,1,0.7056,0.2336,0.5289,-0.5864,100,0
LJ500_R142_C071,696750,9572250,2021,11,2021-11,0,0,0,0,1,0,0,0,0,1,0.5651,0.1111,0.3658,-0.5152,100,0
LJ500_R145_C054,688250,9573750,2021,11,2021-11,0,0,0.7423,0,0.2577,0,0,0,0,1,0.5659,0.0255,0.2749,-0.5527,100,0
LJ500_R147_C083,702750,9574750,2021,11,2021-11,0.3027,0,0,0,0.6973,0,0,0,0,1,0.6568,0.147,0.4338,-0.5843,91.84,0
LJ500_R156_C028,675250,9579250,2021,11,2021-11,0.6724,0,0.3276,0,0,0,0,0,0,1,0.6858,0.1307,0.404,-0.6176,100,0
LJ500_R156_C067,694750,9579250,2021,11,2021-11,0,0,0,0,1,0,0,0,0,1,0.5567,0.1124,0.3725,-0.5049,100,0
LJ500_R156_C079,700750,9579250,2021,11,2021-11,1,0,0,0,0,0,0,0,0,1,0.4841,0.3244,0.5368,-0.4326,73.76,0
LJ500_R157_C009,665750,9579750,2021,11,2021-11,0.0008,0,0.666,0,0.3333,0,0,0,0,1,0.5451,-0.0452,0.2036,-0.5517,100,0
LJ500_R158_C065,693750,9580250,2021,11,2021-11,0,0,0.7476,0.135,0.1174,0,0,0,0,1,0.4411,0.0758,0.278,-0.402,0.32,0
LJ500_R160_C074,698250,9581250,2021,11,2021-11,0.325,0,0,0,0.675,0,0,0,0,1,0.6593,0.2485,0.5236,-0.5783,97.28,0
LJ500_R161_C066,694250,9581750,2021,11,2021-11,0,0,0.0311,0.0756,0.8933,0,0,0,0,1,0.5486,0.1289,0.3877,-0.491,66.56,0
LJ500_R164_C043,682750,9583250,2021,11,2021-11,0,0.6371,0,0,0.3629,0,0,0,0,1,0.4723,0.0161,0.2568,-0.4587,100,0
LJ500_R164_C059,690750,9583250,2021,11,2021-11,0.6643,0.3177,0.018,0,0,0,0,0,0,1,0.4457,0.3214,0.5174,-0.398,90.88,0
LJ500_R166_C072,697250,9584250,2021,11,2021-11,0,0,0,0,1,0,0,0,0,1,0.6912,0.2051,0.4883,-0.608,100,0
LJ500_R167_C067,694750,9584750,2021,11,2021-11,0,0,0,0,1,0,0,0,0,1,0.6228,0.1978,0.4609,-0.5465,100,0
LJ500_R168_C045,683750,9585250,2021,11,2021-11,0.083,0.79,0,0,0.1269,0,0,0,0,1,0.5136,0.0192,0.2673,-0.5168,100,0
LJ500_R173_C033,677750,9587750,2021,11,2021-11,0.0493,0.4112,0,0,0.5395,0,0,0,0,1,0.5797,0.0336,0.3118,-0.5679,100,0
LJ500_R178_C063,692750,9590250,2021,11,2021-11,0,0,0,0,1,0,0,0,0,1,0.7074,0.1975,0.4794,-0.6336,100,0
LJ500_R179_C046,684250,9590750,2021,11,2021-11,0,1,0,0,0,0,0,0,0,1,0.4529,-0.1084,0.1518,-0.4982,100,0
LJ500_R180_C071,696750,9591250,2021,11,2021-11,0.1157,0,0.1808,0,0.7035,0,0,0,0,1,0.6187,0.1942,0.4677,-0.5699,100,0
LJ500_R183_C039,680750,9592750,2021,11,2021-11,0,1,0,0,0,0,0,0,0,1,0.3985,-0.1724,0.0749,-0.4675,100,0
LJ500_R184_C039,680750,9593250,2021,11,2021-11,0,1,0,0,0,0,0,0,0,1,0.3581,-0.083,0.1541,-0.3581,100,0
LJ500_R184_C066,694250,9593250,2021,11,2021-11,0.0203,0,0,0,0.9797,0,0,0,0,1,0.5021,0.1313,0.3655,-0.4658,89.46,0
LJ500_R006_C075,698750,9504250,2021,12,2021-12,0.4991,0,0.5009,0,0,0,0,0,0,1,,,,,0,1
LJ500_R011_C068,695250,9506750,2021,12,2021-12,1,0,0,0,0,0,0,0,0,1,,,,,0,1
LJ500_R012_C055,688750,9507250,2021,12,2021-12,1,0,0,0,0,0,0,0,0,1,0.6668,0.3395,0.5639,-0.5923,42.72,0
LJ500_R020_C061,691750,9511250,2021,12,2021-12,0,0,1,0,0,0,0,0,0,1,0.574,0.0711,0.3103,-0.5084,100,0
LJ500_R033_C056,689250,9517750,2021,12,2021-12,0.7601,0,0.2399,0,0,0,0,0,0,1,0.6692,0.1774,0.4509,-0.5684,77.28,0
LJ500_R035_C085,703750,9518750,2021,12,2021-12,0,0,0.6992,0,0.3008,0,0,0,0,1,0.6585,0.2112,0.498,-0.5628,15.04,0
LJ500_R039_C072,697250,9520750,2021,12,2021-12,0,0,0.019,0,0.972,0,0,0.0089,0,1,0.564,0.1445,0.3613,-0.4978,100,0
LJ500_R040_C060,691250,9521250,2021,12,2021-12,0.0093,0,0.9907,0,0,0,0,0,0,1,0.4424,-0.1113,0.1126,-0.4448,100,0
LJ500_R041_C061,691750,9521750,2021,12,2021-12,0.6217,0,0.3783,0,0,0,0,0,0,1,0.6747,0.1007,0.3628,-0.5727,100,0
LJ500_R043_C058,690250,9522750,2021,12,2021-12,0,0,0.6724,0,0,0,0,0.3276,0,1,0.4543,-0.0854,0.1592,-0.4513,100,0
LJ500_R045_C083,702750,9523750,2021,12,2021-12,0.0975,0,0.9025,0,0,0,0,0,0,1,0.55,0.2069,0.4416,-0.4739,98.88,0
LJ500_R046_C064,693250,9524250,2021,12,2021-12,0,0,0.1216,0,0,0.2178,0,0.6606,0,1,0.529,0.0581,0.2638,-0.4709,100,0
LJ500_R048_C071,696750,9525250,2021,12,2021-12,0,0,1,0,0,0,0,0,0,1,0.4478,-0.0803,0.1495,-0.4605,98.72,0
LJ500_R050_C095,708750,9526250,2021,12,2021-12,0.2432,0.6234,0.1334,0,0,0,0,0,0,1,,,,,0,1
LJ500_R056_C049,685750,9529250,2021,12,2021-12,0,0,1,0,0,0,0,0,0,1,0.5134,-0.0706,0.1548,-0.5015,100,0
LJ500_R058_C079,700750,9530250,2021,12,2021-12,0,0,0.7206,0,0.2794,0,0,0,0,1,0.4882,0.1176,0.3107,-0.4304,59.52,0
LJ500_R063_C060,691250,9532750,2021,12,2021-12,0,0,0.4901,0,0.4472,0.0627,0,0,0,1,0.7293,0.2598,0.5034,-0.6471,100,0
LJ500_R064_C084,703250,9533250,2021,12,2021-12,0.235,0,0.7298,0,0.0352,0,0,0,0,1,0.6843,0.227,0.5083,-0.5765,17.12,0
LJ500_R069_C057,689750,9535750,2021,12,2021-12,0,0,0.1213,0,0.8787,0,0,0,0,1,0.6559,0.1339,0.4001,-0.576,100,0
LJ500_R072_C062,692250,9537250,2021,12,2021-12,0,0,0.4122,0,0.5878,0,0,0,0,1,0.6327,0.1461,0.3699,-0.5604,100,0
LJ500_R072_C095,708750,9537250,2021,12,2021-12,0.7205,0.2795,0,0,0,0,0,0,0,1,,,,,0,1
LJ500_R074_C074,698250,9538250,2021,12,2021-12,0,0,0.1778,0,0.8222,0,0,0,0,1,0.6012,0.1737,0.4076,-0.514,100,0
LJ500_R078_C076,699250,9540250,2021,12,2021-12,0.071,0,0.0635,0,0.8655,0,0,0,0,1,0.6643,0.1525,0.4248,-0.5623,100,0
LJ500_R079_C076,699250,9540750,2021,12,2021-12,0,0,0,0,0.9922,0.0078,0,0,0,1,0.6519,0.1906,0.4385,-0.5641,100,0
LJ500_R093_C071,696750,9547750,2021,12,2021-12,0.1849,0,0,0,0.8151,0,0,0,0,1,0.5624,0.1927,0.409,-0.4926,74.1,0
LJ500_R093_C073,697750,9547750,2021,12,2021-12,0.0013,0,0.5724,0,0.4263,0,0,0,0,1,,,,,0,1
LJ500_R096_C074,698250,9549250,2021,12,2021-12,0.4564,0,0.2184,0.311,0.0142,0,0,0,0,1,,,,,0,1
LJ500_R098_C085,703750,9550250,2021,12,2021-12,1,0,0,0,0,0,0,0,0,1,0.7403,0.3767,0.6077,-0.6624,0.32,0
LJ500_R101_C091,706750,9551750,2021,12,2021-12,0.0455,0.9545,0,0,0,0,0,0,0,1,,,,,0,1
LJ500_R106_C080,701250,9554250,2021,12,2021-12,0,0,0.2691,0.5021,0.2289,0,0,0,0,1,0.6337,0.1521,0.4171,-0.5785,66.88,0
LJ500_R108_C065,693750,9555250,2021,12,2021-12,0,0,0.0703,0.9297,0,0,0,0,0,1,0.7181,0.2281,0.4968,-0.6412,100,0
LJ500_R109_C088,705250,9555750,2021,12,2021-12,1,0,0,0,0,0,0,0,0,1,0.5625,0.2093,0.4228,-0.5041,19.04,0
LJ500_R119_C079,700750,9560750,2021,12,2021-12,0,0,0.0076,0,0.8026,0.1897,0,0,0,1,0.7045,0.2063,0.473,-0.6134,91.36,0
LJ500_R122_C070,696250,9562250,2021,12,2021-12,0,0,0,0,0.635,0.365,0,0,0,1,0.5599,0.1788,0.3762,-0.498,83.84,0
LJ500_R125_C065,693750,9563750,2021,12,2021-12,0,0,0.0771,0,0.9229,0,0,0,0,1,0.5749,0.1062,0.3355,-0.529,100,0
LJ500_R131_C053,687750,9566750,2021,12,2021-12,0,0,0.1735,0,0.8265,0,0,0,0,1,0.6878,0.2196,0.4639,-0.5905,100,0
LJ500_R132_C080,701250,9567250,2021,12,2021-12,0.9327,0,0.0078,0,0.0594,0,0,0,0,1,0.794,0.3197,0.6121,-0.702,100,0
LJ500_R138_C087,704750,9570250,2021,12,2021-12,0.2364,0,0.5005,0,0.2631,0,0,0,0,1,0.7533,0.2439,0.5352,-0.6396,100,0
LJ500_R142_C071,696750,9572250,2021,12,2021-12,0,0,0,0,1,0,0,0,0,1,0.598,0.132,0.3811,-0.5325,100,0
LJ500_R145_C054,688250,9573750,2021,12,2021-12,0,0,0.7423,0,0.2577,0,0,0,0,1,0.6354,0.1417,0.409,-0.5883,18.56,0
LJ500_R147_C083,702750,9574750,2021,12,2021-12,0.3027,0,0,0,0.6973,0,0,0,0,1,0.6729,0.1831,0.47,-0.5933,100,0
LJ500_R156_C028,675250,9579250,2021,12,2021-12,0.6724,0,0.3276,0,0,0,0,0,0,1,0.5747,0.1327,0.3815,-0.4986,31.52,0
LJ500_R156_C067,694750,9579250,2021,12,2021-12,0,0,0,0,1,0,0,0,0,1,0.5579,0.1604,0.4281,-0.4955,99.68,0
LJ500_R156_C079,700750,9579250,2021,12,2021-12,1,0,0,0,0,0,0,0,0,1,0.7345,0.3167,0.6146,-0.6549,100,0
LJ500_R157_C009,665750,9579750,2021,12,2021-12,0.0008,0,0.666,0,0.3333,0,0,0,0,1,0.6259,0.0307,0.3025,-0.5743,100,0
LJ500_R158_C065,693750,9580250,2021,12,2021-12,0,0,0.7476,0.135,0.1174,0,0,0,0,1,0.5713,0.1164,0.4055,-0.5204,93.76,0
LJ500_R160_C074,698250,9581250,2021,12,2021-12,0.325,0,0,0,0.675,0,0,0,0,1,0.7444,0.2564,0.5539,-0.6517,47.36,0
LJ500_R161_C066,694250,9581750,2021,12,2021-12,0,0,0.0311,0.0756,0.8933,0,0,0,0,1,0.5731,0.1495,0.4101,-0.5158,100,0
LJ500_R164_C043,682750,9583250,2021,12,2021-12,0,0.6371,0,0,0.3629,0,0,0,0,1,0.5402,0.0493,0.3051,-0.5004,88.32,0
LJ500_R164_C059,690750,9583250,2021,12,2021-12,0.6643,0.3177,0.018,0,0,0,0,0,0,1,,,,,0,1
LJ500_R166_C072,697250,9584250,2021,12,2021-12,0,0,0,0,1,0,0,0,0,1,0.6099,0.2922,0.5462,-0.5285,4.64,0
LJ500_R167_C067,694750,9584750,2021,12,2021-12,0,0,0,0,1,0,0,0,0,1,0.5896,0.2547,0.5012,-0.5015,83.68,0
LJ500_R168_C045,683750,9585250,2021,12,2021-12,0.083,0.79,0,0,0.1269,0,0,0,0,1,0.452,0.0539,0.3392,-0.4054,3.36,0
LJ500_R173_C033,677750,9587750,2021,12,2021-12,0.0493,0.4112,0,0,0.5395,0,0,0,0,1,0.5776,0.2256,0.5011,-0.4765,7.36,0
LJ500_R178_C063,692750,9590250,2021,12,2021-12,0,0,0,0,1,0,0,0,0,1,0.6244,0.2982,0.5606,-0.5015,0.48,0
LJ500_R179_C046,684250,9590750,2021,12,2021-12,0,1,0,0,0,0,0,0,0,1,,,,,0,1
LJ500_R180_C071,696750,9591250,2021,12,2021-12,0.1157,0,0.1808,0,0.7035,0,0,0,0,1,0.6565,0.2354,0.5171,-0.5812,34.08,0
LJ500_R183_C039,680750,9592750,2021,12,2021-12,0,1,0,0,0,0,0,0,0,1,0.212,-0.0884,0.0809,-0.2177,0.6105,0
LJ500_R184_C039,680750,9593250,2021,12,2021-12,0,1,0,0,0,0,0,0,0,1,,,,,0,1
LJ500_R184_C066,694250,9593250,2021,12,2021-12,0.0203,0,0,0,0.9797,0,0,0,0,1,0.3838,0.24,0.4391,-0.3203,0.8108,0
LJ500_R006_C075,698750,9504250,2022,1,2022-01,0.4991,0,0.5009,0,0,0,0,0,0,1,,,,,0,1
LJ500_R011_C068,695250,9506750,2022,1,2022-01,1,0,0,0,0,0,0,0,0,1,,,,,0,1
LJ500_R012_C055,688750,9507250,2022,1,2022-01,1,0,0,0,0,0,0,0,0,1,,,,,0,1
LJ500_R020_C061,691750,9511250,2022,1,2022-01,0,0,1,0,0,0,0,0,0,1,,,,,0,1
LJ500_R033_C056,689250,9517750,2022,1,2022-01,0.7601,0,0.2399,0,0,0,0,0,0,1,0.6915,0.1937,0.4641,-0.5915,75.52,0
LJ500_R035_C085,703750,9518750,2022,1,2022-01,0,0,0.6992,0,0.3008,0,0,0,0,1,0.8307,0.3399,0.6427,-0.6977,22.08,0
LJ500_R039_C072,697250,9520750,2022,1,2022-01,0,0,0.019,0,0.972,0,0,0.0089,0,1,0.6668,0.1982,0.4478,-0.563,100,0
LJ500_R040_C060,691250,9521250,2022,1,2022-01,0.0093,0,0.9907,0,0,0,0,0,0,1,0.5699,-0.0416,0.2055,-0.5073,100,0
LJ500_R041_C061,691750,9521750,2022,1,2022-01,0.6217,0,0.3783,0,0,0,0,0,0,1,0.791,0.2187,0.5046,-0.6678,100,0
LJ500_R043_C058,690250,9522750,2022,1,2022-01,0,0,0.6724,0,0,0,0,0.3276,0,1,0.561,-0.0613,0.1905,-0.5162,100,0
LJ500_R045_C083,702750,9523750,2022,1,2022-01,0.0975,0,0.9025,0,0,0,0,0,0,1,0.7565,0.1993,0.5009,-0.6342,0.48,0
LJ500_R046_C064,693250,9524250,2022,1,2022-01,0,0,0.1216,0,0,0.2178,0,0.6606,0,1,0.5866,0.091,0.302,-0.5151,100,0
LJ500_R048_C071,696750,9525250,2022,1,2022-01,0,0,1,0,0,0,0,0,0,1,,,,,0,1
LJ500_R050_C095,708750,9526250,2022,1,2022-01,0.2432,0.6234,0.1334,0,0,0,0,0,0,1,,,,,0,1
LJ500_R056_C049,685750,9529250,2022,1,2022-01,0,0,1,0,0,0,0,0,0,1,0.5238,-0.0161,0.2181,-0.4812,100,0
LJ500_R058_C079,700750,9530250,2022,1,2022-01,0,0,0.7206,0,0.2794,0,0,0,0,1,0.6799,0.2386,0.5088,-0.5841,2.4,0
LJ500_R063_C060,691250,9532750,2022,1,2022-01,0,0,0.4901,0,0.4472,0.0627,0,0,0,1,0.7988,0.3343,0.5958,-0.7105,100,0
LJ500_R064_C084,703250,9533250,2022,1,2022-01,0.235,0,0.7298,0,0.0352,0,0,0,0,1,0.6311,0.289,0.5447,-0.5322,100,0
LJ500_R069_C057,689750,9535750,2022,1,2022-01,0,0,0.1213,0,0.8787,0,0,0,0,1,0.7428,0.2048,0.4796,-0.6464,100,0
LJ500_R072_C062,692250,9537250,2022,1,2022-01,0,0,0.4122,0,0.5878,0,0,0,0,1,0.6735,0.2214,0.4728,-0.5767,100,0
LJ500_R072_C095,708750,9537250,2022,1,2022-01,0.7205,0.2795,0,0,0,0,0,0,0,1,,,,,0,1
LJ500_R074_C074,698250,9538250,2022,1,2022-01,0,0,0.1778,0,0.8222,0,0,0,0,1,0.6429,0.2109,0.4572,-0.5533,98.4,0
LJ500_R078_C076,699250,9540250,2022,1,2022-01,0.071,0,0.0635,0,0.8655,0,0,0,0,1,0.5594,0.1548,0.4073,-0.4725,66.88,0
LJ500_R079_C076,699250,9540750,2022,1,2022-01,0,0,0,0,0.9922,0.0078,0,0,0,1,0.56,0.1868,0.4362,-0.4733,69.44,0
LJ500_R093_C071,696750,9547750,2022,1,2022-01,0.1849,0,0,0,0.8151,0,0,0,0,1,0.7555,0.2633,0.5597,-0.6575,100,0
LJ500_R093_C073,697750,9547750,2022,1,2022-01,0.0013,0,0.5724,0,0.4263,0,0,0,0,1,0.7057,0.241,0.5194,-0.6111,37.12,0
LJ500_R096_C074,698250,9549250,2022,1,2022-01,0.4564,0,0.2184,0.311,0.0142,0,0,0,0,1,0.6354,0.1793,0.4231,-0.6072,89.44,0
LJ500_R098_C085,703750,9550250,2022,1,2022-01,1,0,0,0,0,0,0,0,0,1,0.7146,0.3105,0.5524,-0.658,91.2,0
LJ500_R101_C091,706750,9551750,2022,1,2022-01,0.0455,0.9545,0,0,0,0,0,0,0,1,0.6218,0.1907,0.4321,-0.6179,100,0
LJ500_R106_C080,701250,9554250,2022,1,2022-01,0,0,0.2691,0.5021,0.2289,0,0,0,0,1,0.6828,0.1884,0.4435,-0.6487,97.28,0
LJ500_R108_C065,693750,9555250,2022,1,2022-01,0,0,0.0703,0.9297,0,0,0,0,0,1,0.7547,0.2791,0.5583,-0.6473,100,0
LJ500_R109_C088,705250,9555750,2022,1,2022-01,1,0,0,0,0,0,0,0,0,1,0.7321,0.2431,0.4834,-0.7083,100,0
LJ500_R119_C079,700750,9560750,2022,1,2022-01,0,0,0.0076,0,0.8026,0.1897,0,0,0,1,,,,,0,1
LJ500_R122_C070,696250,9562250,2022,1,2022-01,0,0,0,0,0.635,0.365,0,0,0,1,,,,,0,1
LJ500_R125_C065,693750,9563750,2022,1,2022-01,0,0,0.0771,0,0.9229,0,0,0,0,1,0.6174,0.1533,0.4,-0.5544,48.8,0
LJ500_R131_C053,687750,9566750,2022,1,2022-01,0,0,0.1735,0,0.8265,0,0,0,0,1,0.7398,0.2589,0.535,-0.6239,100,0
LJ500_R132_C080,701250,9567250,2022,1,2022-01,0.9327,0,0.0078,0,0.0594,0,0,0,0,1,0.7395,0.2882,0.5417,-0.6881,100,0
LJ500_R138_C087,704750,9570250,2022,1,2022-01,0.2364,0,0.5005,0,0.2631,0,0,0,0,1,0.7025,0.2396,0.4948,-0.6222,99.84,0
LJ500_R142_C071,696750,9572250,2022,1,2022-01,0,0,0,0,1,0,0,0,0,1,0.6247,0.1503,0.3946,-0.5825,53.92,0
LJ500_R145_C054,688250,9573750,2022,1,2022-01,0,0,0.7423,0,0.2577,0,0,0,0,1,0.556,0.0861,0.3327,-0.536,100,0
LJ500_R147_C083,702750,9574750,2022,1,2022-01,0.3027,0,0,0,0.6973,0,0,0,0,1,0.6904,0.1852,0.4416,-0.6448,85.6,0
LJ500_R156_C028,675250,9579250,2022,1,2022-01,0.6724,0,0.3276,0,0,0,0,0,0,1,0.5352,0.1273,0.3009,-0.4659,44,0
LJ500_R156_C067,694750,9579250,2022,1,2022-01,0,0,0,0,1,0,0,0,0,1,0.6103,0.1384,0.3948,-0.5899,100,0
LJ500_R156_C079,700750,9579250,2022,1,2022-01,1,0,0,0,0,0,0,0,0,1,0.654,0.215,0.4622,-0.6473,100,0
LJ500_R157_C009,665750,9579750,2022,1,2022-01,0.0008,0,0.666,0,0.3333,0,0,0,0,1,0.6192,0.1246,0.3915,-0.5341,94.56,0
LJ500_R158_C065,693750,9580250,2022,1,2022-01,0,0,0.7476,0.135,0.1174,0,0,0,0,1,0.5959,0.0994,0.35,-0.5807,100,0
LJ500_R160_C074,698250,9581250,2022,1,2022-01,0.325,0,0,0,0.675,0,0,0,0,1,0.7183,0.2321,0.5022,-0.6644,100,0
LJ500_R161_C066,694250,9581750,2022,1,2022-01,0,0,0.0311,0.0756,0.8933,0,0,0,0,1,0.597,0.1236,0.3685,-0.5795,100,0
LJ500_R164_C043,682750,9583250,2022,1,2022-01,0,0.6371,0,0,0.3629,0,0,0,0,1,0.543,0.0033,0.2491,-0.5659,100,0
LJ500_R164_C059,690750,9583250,2022,1,2022-01,0.6643,0.3177,0.018,0,0,0,0,0,0,1,0.7223,0.2738,0.5081,-0.706,3.04,0
LJ500_R166_C072,697250,9584250,2022,1,2022-01,0,0,0,0,1,0,0,0,0,1,0.7161,0.2297,0.5132,-0.63,100,0
LJ500_R167_C067,694750,9584750,2022,1,2022-01,0,0,0,0,1,0,0,0,0,1,0.7516,0.2606,0.5484,-0.6528,100,0
LJ500_R168_C045,683750,9585250,2022,1,2022-01,0.083,0.79,0,0,0.1269,0,0,0,0,1,0.5771,0.0554,0.3022,-0.576,100,0
LJ500_R173_C033,677750,9587750,2022,1,2022-01,0.0493,0.4112,0,0,0.5395,0,0,0,0,1,0.67,0.1611,0.416,-0.6264,100,0
LJ500_R178_C063,692750,9590250,2022,1,2022-01,0,0,0,0,1,0,0,0,0,1,0.7317,0.2308,0.5058,-0.669,100,0
LJ500_R179_C046,684250,9590750,2022,1,2022-01,0,1,0,0,0,0,0,0,0,1,0.4791,-0.0937,0.1559,-0.5337,100,0
LJ500_R180_C071,696750,9591250,2022,1,2022-01,0.1157,0,0.1808,0,0.7035,0,0,0,0,1,0.7294,0.2197,0.4947,-0.6903,100,0
LJ500_R183_C039,680750,9592750,2022,1,2022-01,0,1,0,0,0,0,0,0,0,1,0.4273,-0.1649,0.0697,-0.5067,100,0
LJ500_R184_C039,680750,9593250,2022,1,2022-01,0,1,0,0,0,0,0,0,0,1,0.4798,-0.1229,0.0956,-0.5296,100,0
LJ500_R184_C066,694250,9593250,2022,1,2022-01,0.0203,0,0,0,0.9797,0,0,0,0,1,0.7064,0.2088,0.4839,-0.6579,100,0
LJ500_R006_C075,698750,9504250,2022,2,2022-02,0.4991,0,0.5009,0,0,0,0,0,0,1,0.7681,0.349,0.6155,-0.6856,15.84,0
LJ500_R011_C068,695250,9506750,2022,2,2022-02,1,0,0,0,0,0,0,0,0,1,0.7255,0.3256,0.5942,-0.6427,27.68,0
LJ500_R012_C055,688750,9507250,2022,2,2022-02,1,0,0,0,0,0,0,0,0,1,0.7898,0.3743,0.6616,-0.7031,17.12,0
LJ500_R020_C061,691750,9511250,2022,2,2022-02,0,0,1,0,0,0,0,0,0,1,0.7171,0.1212,0.4129,-0.6228,100,0
LJ500_R033_C056,689250,9517750,2022,2,2022-02,0.7601,0,0.2399,0,0,0,0,0,0,1,0.4508,0.2787,0.527,-0.4151,0.32,0
LJ500_R035_C085,703750,9518750,2022,2,2022-02,0,0,0.6992,0,0.3008,0,0,0,0,1,0.8123,0.264,0.5733,-0.7013,88.64,0
LJ500_R039_C072,697250,9520750,2022,2,2022-02,0,0,0.019,0,0.972,0,0,0.0089,0,1,0.634,0.1523,0.3898,-0.578,100,0
LJ500_R040_C060,691250,9521250,2022,2,2022-02,0.0093,0,0.9907,0,0,0,0,0,0,1,0.7004,0.136,0.4018,-0.5938,22.4,0
LJ500_R041_C061,691750,9521750,2022,2,2022-02,0.6217,0,0.3783,0,0,0,0,0,0,1,0.8174,0.2444,0.5412,-0.7077,100,0
LJ500_R043_C058,690250,9522750,2022,2,2022-02,0,0,0.6724,0,0,0,0,0.3276,0,1,,,,,0,1
LJ500_R045_C083,702750,9523750,2022,2,2022-02,0.0975,0,0.9025,0,0,0,0,0,0,1,,,,,0,1
LJ500_R046_C064,693250,9524250,2022,2,2022-02,0,0,0.1216,0,0,0.2178,0,0.6606,0,1,0.6009,0.1031,0.3377,-0.5497,69.12,0
LJ500_R048_C071,696750,9525250,2022,2,2022-02,0,0,1,0,0,0,0,0,0,1,0.6613,0.0549,0.3425,-0.5842,100,0
LJ500_R050_C095,708750,9526250,2022,2,2022-02,0.2432,0.6234,0.1334,0,0,0,0,0,0,1,,,,,0,1
LJ500_R056_C049,685750,9529250,2022,2,2022-02,0,0,1,0,0,0,0,0,0,1,,,,,0,1
LJ500_R058_C079,700750,9530250,2022,2,2022-02,0,0,0.7206,0,0.2794,0,0,0,0,1,0.5556,0.1903,0.4105,-0.4813,28.96,0
LJ500_R063_C060,691250,9532750,2022,2,2022-02,0,0,0.4901,0,0.4472,0.0627,0,0,0,1,0.7841,0.335,0.5966,-0.7048,100,0
LJ500_R064_C084,703250,9533250,2022,2,2022-02,0.235,0,0.7298,0,0.0352,0,0,0,0,1,,,,,0,1
LJ500_R069_C057,689750,9535750,2022,2,2022-02,0,0,0.1213,0,0.8787,0,0,0,0,1,0.7127,0.1835,0.4576,-0.6456,55.04,0
LJ500_R072_C062,692250,9537250,2022,2,2022-02,0,0,0.4122,0,0.5878,0,0,0,0,1,0.7557,0.2605,0.5335,-0.6645,100,0
LJ500_R072_C095,708750,9537250,2022,2,2022-02,0.7205,0.2795,0,0,0,0,0,0,0,1,0.5324,0.2051,0.3959,-0.494,0.32,0
LJ500_R074_C074,698250,9538250,2022,2,2022-02,0,0,0.1778,0,0.8222,0,0,0,0,1,0.7142,0.2193,0.4744,-0.6317,100,0
LJ500_R078_C076,699250,9540250,2022,2,2022-02,0.071,0,0.0635,0,0.8655,0,0,0,0,1,,,,,0,1
LJ500_R079_C076,699250,9540750,2022,2,2022-02,0,0,0,0,0.9922,0.0078,0,0,0,1,,,,,0,1
LJ500_R093_C071,696750,9547750,2022,2,2022-02,0.1849,0,0,0,0.8151,0,0,0,0,1,,,,,0,1
LJ500_R093_C073,697750,9547750,2022,2,2022-02,0.0013,0,0.5724,0,0.4263,0,0,0,0,1,,,,,0,1
LJ500_R096_C074,698250,9549250,2022,2,2022-02,0.4564,0,0.2184,0.311,0.0142,0,0,0,0,1,,,,,0,1
LJ500_R098_C085,703750,9550250,2022,2,2022-02,1,0,0,0,0,0,0,0,0,1,,,,,0,1
LJ500_R101_C091,706750,9551750,2022,2,2022-02,0.0455,0.9545,0,0,0,0,0,0,0,1,,,,,0,1
LJ500_R106_C080,701250,9554250,2022,2,2022-02,0,0,0.2691,0.5021,0.2289,0,0,0,0,1,0.7397,0.2436,0.5487,-0.6609,43.68,0
LJ500_R108_C065,693750,9555250,2022,2,2022-02,0,0,0.0703,0.9297,0,0,0,0,0,1,,,,,0,1
LJ500_R109_C088,705250,9555750,2022,2,2022-02,1,0,0,0,0,0,0,0,0,1,0.5432,0.2299,0.4565,-0.4746,25.12,0
LJ500_R119_C079,700750,9560750,2022,2,2022-02,0,0,0.0076,0,0.8026,0.1897,0,0,0,1,,,,,0,1
LJ500_R122_C070,696250,9562250,2022,2,2022-02,0,0,0,0,0.635,0.365,0,0,0,1,,,,,0,1
LJ500_R125_C065,693750,9563750,2022,2,2022-02,0,0,0.0771,0,0.9229,0,0,0,0,1,0.5125,0.1965,0.4409,-0.4169,19.84,0
LJ500_R131_C053,687750,9566750,2022,2,2022-02,0,0,0.1735,0,0.8265,0,0,0,0,1,0.6746,0.3243,0.5673,-0.5403,13.76,0
LJ500_R132_C080,701250,9567250,2022,2,2022-02,0.9327,0,0.0078,0,0.0594,0,0,0,0,1,,,,,0,1
LJ500_R138_C087,704750,9570250,2022,2,2022-02,0.2364,0,0.5005,0,0.2631,0,0,0,0,1,0.6246,0.2123,0.4065,-0.5758,2.24,0
LJ500_R142_C071,696750,9572250,2022,2,2022-02,0,0,0,0,1,0,0,0,0,1,0.6005,0.1265,0.3857,-0.5569,100,0
LJ500_R145_C054,688250,9573750,2022,2,2022-02,0,0,0.7423,0,0.2577,0,0,0,0,1,0.5841,0.108,0.3563,-0.5123,1.76,0
LJ500_R147_C083,702750,9574750,2022,2,2022-02,0.3027,0,0,0,0.6973,0,0,0,0,1,0.5437,0.1556,0.3756,-0.4961,37.44,0
LJ500_R156_C028,675250,9579250,2022,2,2022-02,0.6724,0,0.3276,0,0,0,0,0,0,1,,,,,0,1
LJ500_R156_C067,694750,9579250,2022,2,2022-02,0,0,0,0,1,0,0,0,0,1,0.6707,0.1342,0.4265,-0.6266,100,0
LJ500_R156_C079,700750,9579250,2022,2,2022-02,1,0,0,0,0,0,0,0,0,1,0.5045,0.1519,0.3662,-0.4783,100,0
LJ500_R157_C009,665750,9579750,2022,2,2022-02,0.0008,0,0.666,0,0.3333,0,0,0,0,1,0.6862,0.2149,0.5167,-0.5345,3.84,0
LJ500_R158_C065,693750,9580250,2022,2,2022-02,0,0,0.7476,0.135,0.1174,0,0,0,0,1,0.4785,0.0688,0.2796,-0.4592,83.36,0
LJ500_R160_C074,698250,9581250,2022,2,2022-02,0.325,0,0,0,0.675,0,0,0,0,1,0.6089,0.1675,0.4106,-0.5632,100,0
LJ500_R161_C066,694250,9581750,2022,2,2022-02,0,0,0.0311,0.0756,0.8933,0,0,0,0,1,0.5052,0.0964,0.291,-0.4749,6.4,0
LJ500_R164_C043,682750,9583250,2022,2,2022-02,0,0.6371,0,0,0.3629,0,0,0,0,1,0.474,0.0482,0.2915,-0.423,73.92,0
LJ500_R164_C059,690750,9583250,2022,2,2022-02,0.6643,0.3177,0.018,0,0,0,0,0,0,1,0.7781,0.33,0.6163,-0.7196,100,0
LJ500_R166_C072,697250,9584250,2022,2,2022-02,0,0,0,0,1,0,0,0,0,1,0.5009,0.1195,0.3399,-0.4652,37.92,0
LJ500_R167_C067,694750,9584750,2022,2,2022-02,0,0,0,0,1,0,0,0,0,1,0.6364,0.2043,0.4602,-0.5744,76.48,0
LJ500_R168_C045,683750,9585250,2022,2,2022-02,0.083,0.79,0,0,0.1269,0,0,0,0,1,0.4629,0.0543,0.2858,-0.4457,66.08,0
LJ500_R173_C033,677750,9587750,2022,2,2022-02,0.0493,0.4112,0,0,0.5395,0,0,0,0,1,0.6614,0.1756,0.4501,-0.5865,85.76,0
LJ500_R178_C063,692750,9590250,2022,2,2022-02,0,0,0,0,1,0,0,0,0,1,0.6748,0.226,0.5102,-0.6043,97.6,0
LJ500_R179_C046,684250,9590750,2022,2,2022-02,0,1,0,0,0,0,0,0,0,1,0.297,-0.0683,0.1464,-0.3139,88.8,0
LJ500_R180_C071,696750,9591250,2022,2,2022-02,0.1157,0,0.1808,0,0.7035,0,0,0,0,1,0.6907,0.2169,0.4958,-0.6405,100,0
LJ500_R183_C039,680750,9592750,2022,2,2022-02,0,1,0,0,0,0,0,0,0,1,0.4308,-0.1531,0.1068,-0.4679,100,0
LJ500_R184_C039,680750,9593250,2022,2,2022-02,0,1,0,0,0,0,0,0,0,1,0.3916,-0.058,0.173,-0.4011,100,0
LJ500_R184_C066,694250,9593250,2022,2,2022-02,0.0203,0,0,0,0.9797,0,0,0,0,1,0.7298,0.2365,0.5351,-0.6643,100,0
LJ500_R006_C075,698750,9504250,2022,3,2022-03,0.4991,0,0.5009,0,0,0,0,0,0,1,0.7826,0.346,0.6245,-0.7137,15.2,0
LJ500_R011_C068,695250,9506750,2022,3,2022-03,1,0,0,0,0,0,0,0,0,1,0.667,0.2856,0.5457,-0.6149,81.92,0
LJ500_R012_C055,688750,9507250,2022,3,2022-03,1,0,0,0,0,0,0,0,0,1,0.7836,0.363,0.629,-0.7192,37.92,0
LJ500_R020_C061,691750,9511250,2022,3,2022-03,0,0,1,0,0,0,0,0,0,1,0.6767,0.1286,0.4053,-0.6006,100,0
LJ500_R033_C056,689250,9517750,2022,3,2022-03,0.7601,0,0.2399,0,0,0,0,0,0,1,,,,,0,1
LJ500_R035_C085,703750,9518750,2022,3,2022-03,0,0,0.6992,0,0.3008,0,0,0,0,1,,,,,0,1
LJ500_R039_C072,697250,9520750,2022,3,2022-03,0,0,0.019,0,0.972,0,0,0.0089,0,1,0.3273,-0.1085,0.009,-0.3667,2.08,0
LJ500_R040_C060,691250,9521250,2022,3,2022-03,0.0093,0,0.9907,0,0,0,0,0,0,1,,,,,0,1
LJ500_R041_C061,691750,9521750,2022,3,2022-03,0.6217,0,0.3783,0,0,0,0,0,0,1,,,,,0,1
LJ500_R043_C058,690250,9522750,2022,3,2022-03,0,0,0.6724,0,0,0,0,0.3276,0,1,,,,,0,1
LJ500_R045_C083,702750,9523750,2022,3,2022-03,0.0975,0,0.9025,0,0,0,0,0,0,1,0.6071,0.2163,0.4632,-0.5297,16.48,0
LJ500_R046_C064,693250,9524250,2022,3,2022-03,0,0,0.1216,0,0,0.2178,0,0.6606,0,1,,,,,0,1
LJ500_R048_C071,696750,9525250,2022,3,2022-03,0,0,1,0,0,0,0,0,0,1,,,,,0,1
LJ500_R050_C095,708750,9526250,2022,3,2022-03,0.2432,0.6234,0.1334,0,0,0,0,0,0,1,0.5467,0.2578,0.4842,-0.5024,100,0
LJ500_R056_C049,685750,9529250,2022,3,2022-03,0,0,1,0,0,0,0,0,0,1,,,,,0,1
LJ500_R058_C079,700750,9530250,2022,3,2022-03,0,0,0.7206,0,0.2794,0,0,0,0,1,0.6536,0.2317,0.4865,-0.5727,98.72,0
LJ500_R063_C060,691250,9532750,2022,3,2022-03,0,0,0.4901,0,0.4472,0.0627,0,0,0,1,,,,,0,1
LJ500_R064_C084,703250,9533250,2022,3,2022-03,0.235,0,0.7298,0,0.0352,0,0,0,0,1,,,,,0,1
LJ500_R069_C057,689750,9535750,2022,3,2022-03,0,0,0.1213,0,0.8787,0,0,0,0,1,0.62,0.1548,0.4043,-0.5488,10.4,0
LJ500_R072_C062,692250,9537250,2022,3,2022-03,0,0,0.4122,0,0.5878,0,0,0,0,1,0.6977,0.2286,0.4855,-0.6144,100,0
LJ500_R072_C095,708750,9537250,2022,3,2022-03,0.7205,0.2795,0,0,0,0,0,0,0,1,0.5379,0.2845,0.4927,-0.4898,100,0
LJ500_R074_C074,698250,9538250,2022,3,2022-03,0,0,0.1778,0,0.8222,0,0,0,0,1,0.6077,0.219,0.4653,-0.5237,30.08,0
LJ500_R078_C076,699250,9540250,2022,3,2022-03,0.071,0,0.0635,0,0.8655,0,0,0,0,1,0.6252,0.2017,0.4556,-0.5483,100,0
LJ500_R079_C076,699250,9540750,2022,3,2022-03,0,0,0,0,0.9922,0.0078,0,0,0,1,0.6526,0.2473,0.4921,-0.5792,92.64,0
LJ500_R093_C071,696750,9547750,2022,3,2022-03,0.1849,0,0,0,0.8151,0,0,0,0,1,0.5372,0.2391,0.4519,-0.4847,21.74,0
LJ500_R093_C073,697750,9547750,2022,3,2022-03,0.0013,0,0.5724,0,0.4263,0,0,0,0,1,0.5484,0.1653,0.4023,-0.5096,0.48,0
LJ500_R096_C074,698250,9549250,2022,3,2022-03,0.4564,0,0.2184,0.311,0.0142,0,0,0,0,1,,,,,0,1
LJ500_R098_C085,703750,9550250,2022,3,2022-03,1,0,0,0,0,0,0,0,0,1,,,,,0,1
LJ500_R101_C091,706750,9551750,2022,3,2022-03,0.0455,0.9545,0,0,0,0,0,0,0,1,,,,,0,1
LJ500_R106_C080,701250,9554250,2022,3,2022-03,0,0,0.2691,0.5021,0.2289,0,0,0,0,1,0.6334,0.1474,0.4389,-0.5535,33.6,0
LJ500_R108_C065,693750,9555250,2022,3,2022-03,0,0,0.0703,0.9297,0,0,0,0,0,1,,,,,0,1
LJ500_R109_C088,705250,9555750,2022,3,2022-03,1,0,0,0,0,0,0,0,0,1,,,,,0,1
LJ500_R119_C079,700750,9560750,2022,3,2022-03,0,0,0.0076,0,0.8026,0.1897,0,0,0,1,,,,,0,1
LJ500_R122_C070,696250,9562250,2022,3,2022-03,0,0,0,0,0.635,0.365,0,0,0,1,,,,,0,1
LJ500_R125_C065,693750,9563750,2022,3,2022-03,0,0,0.0771,0,0.9229,0,0,0,0,1,,,,,0,1
LJ500_R131_C053,687750,9566750,2022,3,2022-03,0,0,0.1735,0,0.8265,0,0,0,0,1,0.6773,0.2602,0.5318,-0.5641,55.52,0
LJ500_R132_C080,701250,9567250,2022,3,2022-03,0.9327,0,0.0078,0,0.0594,0,0,0,0,1,0.6151,0.2866,0.576,-0.5156,10.72,0
LJ500_R138_C087,704750,9570250,2022,3,2022-03,0.2364,0,0.5005,0,0.2631,0,0,0,0,1,,,,,0,1
LJ500_R142_C071,696750,9572250,2022,3,2022-03,0,0,0,0,1,0,0,0,0,1,0.6325,0.1495,0.4178,-0.5467,2.56,0
LJ500_R145_C054,688250,9573750,2022,3,2022-03,0,0,0.7423,0,0.2577,0,0,0,0,1,,,,,0,1
LJ500_R147_C083,702750,9574750,2022,3,2022-03,0.3027,0,0,0,0.6973,0,0,0,0,1,0.6665,0.2062,0.4943,-0.5738,100,0
LJ500_R156_C028,675250,9579250,2022,3,2022-03,0.6724,0,0.3276,0,0,0,0,0,0,1,,,,,0,1
LJ500_R156_C067,694750,9579250,2022,3,2022-03,0,0,0,0,1,0,0,0,0,1,0.5692,0.0931,0.3581,-0.5273,60.8,0
LJ500_R156_C079,700750,9579250,2022,3,2022-03,1,0,0,0,0,0,0,0,0,1,,,,,0,1
LJ500_R157_C009,665750,9579750,2022,3,2022-03,0.0008,0,0.666,0,0.3333,0,0,0,0,1,,,,,0,1
LJ500_R158_C065,693750,9580250,2022,3,2022-03,0,0,0.7476,0.135,0.1174,0,0,0,0,1,0.6287,0.1377,0.4268,-0.5662,12,0
LJ500_R160_C074,698250,9581250,2022,3,2022-03,0.325,0,0,0,0.675,0,0,0,0,1,,,,,0,1
LJ500_R161_C066,694250,9581750,2022,3,2022-03,0,0,0.0311,0.0756,0.8933,0,0,0,0,1,,,,,0,1
LJ500_R164_C043,682750,9583250,2022,3,2022-03,0,0.6371,0,0,0.3629,0,0,0,0,1,,,,,0,1
LJ500_R164_C059,690750,9583250,2022,3,2022-03,0.6643,0.3177,0.018,0,0,0,0,0,0,1,,,,,0,1
LJ500_R166_C072,697250,9584250,2022,3,2022-03,0,0,0,0,1,0,0,0,0,1,,,,,0,1
LJ500_R167_C067,694750,9584750,2022,3,2022-03,0,0,0,0,1,0,0,0,0,1,,,,,0,1
LJ500_R168_C045,683750,9585250,2022,3,2022-03,0.083,0.79,0,0,0.1269,0,0,0,0,1,,,,,0,1
LJ500_R173_C033,677750,9587750,2022,3,2022-03,0.0493,0.4112,0,0,0.5395,0,0,0,0,1,,,,,0,1
LJ500_R178_C063,692750,9590250,2022,3,2022-03,0,0,0,0,1,0,0,0,0,1,0.6848,0.201,0.5159,-0.5937,0.16,0
LJ500_R179_C046,684250,9590750,2022,3,2022-03,0,1,0,0,0,0,0,0,0,1,0.361,0.0281,0.2464,-0.3719,98.72,0
LJ500_R180_C071,696750,9591250,2022,3,2022-03,0.1157,0,0.1808,0,0.7035,0,0,0,0,1,0.5471,0.2104,0.4486,-0.5114,42.88,0
LJ500_R183_C039,680750,9592750,2022,3,2022-03,0,1,0,0,0,0,0,0,0,1,0.3284,0.0226,0.2382,-0.3375,100,0
LJ500_R184_C039,680750,9593250,2022,3,2022-03,0,1,0,0,0,0,0,0,0,1,0.3354,0.0824,0.2754,-0.3215,100,0
LJ500_R184_C066,694250,9593250,2022,3,2022-03,0.0203,0,0,0,0.9797,0,0,0,0,1,,,,,0,1
LJ500_R006_C075,698750,9504250,2022,4,2022-04,0.4991,0,0.5009,0,0,0,0,0,0,1,,,,,0,1
LJ500_R011_C068,695250,9506750,2022,4,2022-04,1,0,0,0,0,0,0,0,0,1,,,,,0,1
LJ500_R012_C055,688750,9507250,2022,4,2022-04,1,0,0,0,0,0,0,0,0,1,0.7782,0.3829,0.6583,-0.6987,19.04,0
LJ500_R020_C061,691750,9511250,2022,4,2022-04,0,0,1,0,0,0,0,0,0,1,0.7513,0.2258,0.529,-0.6265,0.64,0
LJ500_R033_C056,689250,9517750,2022,4,2022-04,0.7601,0,0.2399,0,0,0,0,0,0,1,,,,,0,1
LJ500_R035_C085,703750,9518750,2022,4,2022-04,0,0,0.6992,0,0.3008,0,0,0,0,1,0.8277,0.313,0.6101,-0.7233,28.16,0
LJ500_R039_C072,697250,9520750,2022,4,2022-04,0,0,0.019,0,0.972,0,0,0.0089,0,1,0.5427,0.099,0.3381,-0.5187,89.44,0
LJ500_R040_C060,691250,9521250,2022,4,2022-04,0.0093,0,0.9907,0,0,0,0,0,0,1,,,,,0,1
LJ500_R041_C061,691750,9521750,2022,4,2022-04,0.6217,0,0.3783,0,0,0,0,0,0,1,0.7,0.2026,0.4978,-0.6145,27.52,0
LJ500_R043_C058,690250,9522750,2022,4,2022-04,0,0,0.6724,0,0,0,0,0.3276,0,1,0.5681,0.0589,0.3627,-0.5506,4.16,0
LJ500_R045_C083,702750,9523750,2022,4,2022-04,0.0975,0,0.9025,0,0,0,0,0,0,1,0.8321,0.2978,0.6035,-0.7158,65.92,0
LJ500_R046_C064,693250,9524250,2022,4,2022-04,0,0,0.1216,0,0,0.2178,0,0.6606,0,1,0.6268,0.1378,0.3979,-0.5587,100,0
LJ500_R048_C071,696750,9525250,2022,4,2022-04,0,0,1,0,0,0,0,0,0,1,0.5473,0.0633,0.3238,-0.5122,12.48,0
LJ500_R050_C095,708750,9526250,2022,4,2022-04,0.2432,0.6234,0.1334,0,0,0,0,0,0,1,0.7634,0.3422,0.6339,-0.6869,16.8,0
LJ500_R056_C049,685750,9529250,2022,4,2022-04,0,0,1,0,0,0,0,0,0,1,,,,,0,1
LJ500_R058_C079,700750,9530250,2022,4,2022-04,0,0,0.7206,0,0.2794,0,0,0,0,1,0.7477,0.2255,0.5155,-0.6465,85.92,0
LJ500_R063_C060,691250,9532750,2022,4,2022-04,0,0,0.4901,0,0.4472,0.0627,0,0,0,1,0.7924,0.3628,0.6253,-0.7046,72.96,0
LJ500_R064_C084,703250,9533250,2022,4,2022-04,0.235,0,0.7298,0,0.0352,0,0,0,0,1,0.8589,0.3312,0.6478,-0.7302,0.16,0
LJ500_R069_C057,689750,9535750,2022,4,2022-04,0,0,0.1213,0,0.8787,0,0,0,0,1,,,,,0,1
LJ500_R072_C062,692250,9537250,2022,4,2022-04,0,0,0.4122,0,0.5878,0,0,0,0,1,,,,,0,1
LJ500_R072_C095,708750,9537250,2022,4,2022-04,0.7205,0.2795,0,0,0,0,0,0,0,1,,,,,0,1
LJ500_R074_C074,698250,9538250,2022,4,2022-04,0,0,0.1778,0,0.8222,0,0,0,0,1,0.7115,0.217,0.4839,-0.618,100,0
LJ500_R078_C076,699250,9540250,2022,4,2022-04,0.071,0,0.0635,0,0.8655,0,0,0,0,1,0.7256,0.229,0.5279,-0.6167,26.72,0
LJ500_R079_C076,699250,9540750,2022,4,2022-04,0,0,0,0,0.9922,0.0078,0,0,0,1,,,,,0,1
LJ500_R093_C071,696750,9547750,2022,4,2022-04,0.1849,0,0,0,0.8151,0,0,0,0,1,,,,,0,1
LJ500_R093_C073,697750,9547750,2022,4,2022-04,0.0013,0,0.5724,0,0.4263,0,0,0,0,1,,,,,0,1
LJ500_R096_C074,698250,9549250,2022,4,2022-04,0.4564,0,0.2184,0.311,0.0142,0,0,0,0,1,,,,,0,1
LJ500_R098_C085,703750,9550250,2022,4,2022-04,1,0,0,0,0,0,0,0,0,1,,,,,0,1
LJ500_R101_C091,706750,9551750,2022,4,2022-04,0.0455,0.9545,0,0,0,0,0,0,0,1,,,,,0,1
LJ500_R106_C080,701250,9554250,2022,4,2022-04,0,0,0.2691,0.5021,0.2289,0,0,0,0,1,,,,,0,1
LJ500_R108_C065,693750,9555250,2022,4,2022-04,0,0,0.0703,0.9297,0,0,0,0,0,1,,,,,0,1
LJ500_R109_C088,705250,9555750,2022,4,2022-04,1,0,0,0,0,0,0,0,0,1,,,,,0,1
LJ500_R119_C079,700750,9560750,2022,4,2022-04,0,0,0.0076,0,0.8026,0.1897,0,0,0,1,,,,,0,1
LJ500_R122_C070,696250,9562250,2022,4,2022-04,0,0,0,0,0.635,0.365,0,0,0,1,0.5072,0.1734,0.3654,-0.4498,0.64,0
LJ500_R125_C065,693750,9563750,2022,4,2022-04,0,0,0.0771,0,0.9229,0,0,0,0,1,,,,,0,1
LJ500_R131_C053,687750,9566750,2022,4,2022-04,0,0,0.1735,0,0.8265,0,0,0,0,1,,,,,0,1
LJ500_R132_C080,701250,9567250,2022,4,2022-04,0.9327,0,0.0078,0,0.0594,0,0,0,0,1,,,,,0,1
LJ500_R138_C087,704750,9570250,2022,4,2022-04,0.2364,0,0.5005,0,0.2631,0,0,0,0,1,,,,,0,1
LJ500_R142_C071,696750,9572250,2022,4,2022-04,0,0,0,0,1,0,0,0,0,1,,,,,0,1
LJ500_R145_C054,688250,9573750,2022,4,2022-04,0,0,0.7423,0,0.2577,0,0,0,0,1,,,,,0,1
LJ500_R147_C083,702750,9574750,2022,4,2022-04,0.3027,0,0,0,0.6973,0,0,0,0,1,0.4535,0.0879,0.2682,-0.4176,15.68,0
LJ500_R156_C028,675250,9579250,2022,4,2022-04,0.6724,0,0.3276,0,0,0,0,0,0,1,,,,,0,1
LJ500_R156_C067,694750,9579250,2022,4,2022-04,0,0,0,0,1,0,0,0,0,1,0.5486,0.1377,0.3413,-0.5175,23.04,0
LJ500_R156_C079,700750,9579250,2022,4,2022-04,1,0,0,0,0,0,0,0,0,1,0.5199,0.1534,0.3434,-0.4975,45.6,0
LJ500_R157_C009,665750,9579750,2022,4,2022-04,0.0008,0,0.666,0,0.3333,0,0,0,0,1,0.7805,0.235,0.5467,-0.6575,100,0
LJ500_R158_C065,693750,9580250,2022,4,2022-04,0,0,0.7476,0.135,0.1174,0,0,0,0,1,,,,,0,1
LJ500_R160_C074,698250,9581250,2022,4,2022-04,0.325,0,0,0,0.675,0,0,0,0,1,0.5594,0.1565,0.3739,-0.5088,100,0
LJ500_R161_C066,694250,9581750,2022,4,2022-04,0,0,0.0311,0.0756,0.8933,0,0,0,0,1,,,,,0,1
LJ500_R164_C043,682750,9583250,2022,4,2022-04,0,0.6371,0,0,0.3629,0,0,0,0,1,0.5988,0.184,0.4205,-0.5326,2.56,0
LJ500_R164_C059,690750,9583250,2022,4,2022-04,0.6643,0.3177,0.018,0,0,0,0,0,0,1,0.7212,0.3058,0.5779,-0.6538,19.2,0
LJ500_R166_C072,697250,9584250,2022,4,2022-04,0,0,0,0,1,0,0,0,0,1,0.5931,0.1806,0.4329,-0.535,60.8,0
LJ500_R167_C067,694750,9584750,2022,4,2022-04,0,0,0,0,1,0,0,0,0,1,0.677,0.2202,0.4995,-0.5958,89.12,0
LJ500_R168_C045,683750,9585250,2022,4,2022-04,0.083,0.79,0,0,0.1269,0,0,0,0,1,0.5957,0.0919,0.3587,-0.5611,12.16,0
LJ500_R173_C033,677750,9587750,2022,4,2022-04,0.0493,0.4112,0,0,0.5395,0,0,0,0,1,0.6757,0.1724,0.4613,-0.6094,100,0
LJ500_R178_C063,692750,9590250,2022,4,2022-04,0,0,0,0,1,0,0,0,0,1,,,,,0,1
LJ500_R179_C046,684250,9590750,2022,4,2022-04,0,1,0,0,0,0,0,0,0,1,0.4632,-0.0899,0.1736,-0.4922,100,0
LJ500_R180_C071,696750,9591250,2022,4,2022-04,0.1157,0,0.1808,0,0.7035,0,0,0,0,1,,,,,0,1
LJ500_R183_C039,680750,9592750,2022,4,2022-04,0,1,0,0,0,0,0,0,0,1,0.4262,-0.0497,0.2108,-0.4526,100,0
LJ500_R184_C039,680750,9593250,2022,4,2022-04,0,1,0,0,0,0,0,0,0,1,0.4132,0.0003,0.2352,-0.3922,100,0
LJ500_R184_C066,694250,9593250,2022,4,2022-04,0.0203,0,0,0,0.9797,0,0,0,0,1,,,,,0,1
LJ500_R006_C075,698750,9504250,2022,5,2022-05,0.4991,0,0.5009,0,0,0,0,0,0,1,,,,,0,1
LJ500_R011_C068,695250,9506750,2022,5,2022-05,1,0,0,0,0,0,0,0,0,1,0.6746,0.2876,0.5485,-0.6074,100,0
LJ500_R012_C055,688750,9507250,2022,5,2022-05,1,0,0,0,0,0,0,0,0,1,,,,,0,1
LJ500_R020_C061,691750,9511250,2022,5,2022-05,0,0,1,0,0,0,0,0,0,1,,,,,0,1
LJ500_R033_C056,689250,9517750,2022,5,2022-05,0.7601,0,0.2399,0,0,0,0,0,0,1,0.7732,0.2394,0.5256,-0.6696,99.2,0
LJ500_R035_C085,703750,9518750,2022,5,2022-05,0,0,0.6992,0,0.3008,0,0,0,0,1,0.7886,0.2556,0.5611,-0.6928,100,0
LJ500_R039_C072,697250,9520750,2022,5,2022-05,0,0,0.019,0,0.972,0,0,0.0089,0,1,0.541,0.088,0.3187,-0.4974,40.96,0
LJ500_R040_C060,691250,9521250,2022,5,2022-05,0.0093,0,0.9907,0,0,0,0,0,0,1,0.6269,-0.014,0.253,-0.6021,99.68,0
LJ500_R041_C061,691750,9521750,2022,5,2022-05,0.6217,0,0.3783,0,0,0,0,0,0,1,0.7687,0.1594,0.4492,-0.6843,100,0
LJ500_R043_C058,690250,9522750,2022,5,2022-05,0,0,0.6724,0,0,0,0,0.3276,0,1,0.5807,0.0199,0.2952,-0.5503,100,0
LJ500_R045_C083,702750,9523750,2022,5,2022-05,0.0975,0,0.9025,0,0,0,0,0,0,1,0.7753,0.2564,0.5536,-0.6672,81.44,0
LJ500_R046_C064,693250,9524250,2022,5,2022-05,0,0,0.1216,0,0,0.2178,0,0.6606,0,1,0.592,0.085,0.3111,-0.5395,100,0
LJ500_R048_C071,696750,9525250,2022,5,2022-05,0,0,1,0,0,0,0,0,0,1,0.5953,0.0395,0.308,-0.55,100,0
LJ500_R050_C095,708750,9526250,2022,5,2022-05,0.2432,0.6234,0.1334,0,0,0,0,0,0,1,,,,,0,1
LJ500_R056_C049,685750,9529250,2022,5,2022-05,0,0,1,0,0,0,0,0,0,1,0.5958,0.0333,0.2899,-0.5542,100,0
LJ500_R058_C079,700750,9530250,2022,5,2022-05,0,0,0.7206,0,0.2794,0,0,0,0,1,0.6977,0.1885,0.4725,-0.6063,91.84,0
LJ500_R063_C060,691250,9532750,2022,5,2022-05,0,0,0.4901,0,0.4472,0.0627,0,0,0,1,0.7547,0.2948,0.5594,-0.6697,100,0
LJ500_R064_C084,703250,9533250,2022,5,2022-05,0.235,0,0.7298,0,0.0352,0,0,0,0,1,0.6877,0.3238,0.6137,-0.5858,50.08,0
LJ500_R069_C057,689750,9535750,2022,5,2022-05,0,0,0.1213,0,0.8787,0,0,0,0,1,0.7106,0.2539,0.5225,-0.6251,100,0
LJ500_R072_C062,692250,9537250,2022,5,2022-05,0,0,0.4122,0,0.5878,0,0,0,0,1,0.6973,0.2316,0.5081,-0.6005,100,0
LJ500_R072_C095,708750,9537250,2022,5,2022-05,0.7205,0.2795,0,0,0,0,0,0,0,1,,,,,0,1
LJ500_R074_C074,698250,9538250,2022,5,2022-05,0,0,0.1778,0,0.8222,0,0,0,0,1,0.496,0.2682,0.4854,-0.4283,81.44,0
LJ500_R078_C076,699250,9540250,2022,5,2022-05,0.071,0,0.0635,0,0.8655,0,0,0,0,1,0.5454,0.2742,0.5183,-0.4591,100,0
LJ500_R079_C076,699250,9540750,2022,5,2022-05,0,0,0,0,0.9922,0.0078,0,0,0,1,0.5909,0.2836,0.5321,-0.5113,100,0
LJ500_R093_C071,696750,9547750,2022,5,2022-05,0.1849,0,0,0,0.8151,0,0,0,0,1,,,,,0,1
LJ500_R093_C073,697750,9547750,2022,5,2022-05,0.0013,0,0.5724,0,0.4263,0,0,0,0,1,0.709,0.2321,0.5094,-0.6142,3.68,0
LJ500_R096_C074,698250,9549250,2022,5,2022-05,0.4564,0,0.2184,0.311,0.0142,0,0,0,0,1,,,,,0,1
LJ500_R098_C085,703750,9550250,2022,5,2022-05,1,0,0,0,0,0,0,0,0,1,0.6863,0.3503,0.6359,-0.5804,0.96,0
LJ500_R101_C091,706750,9551750,2022,5,2022-05,0.0455,0.9545,0,0,0,0,0,0,0,1,,,,,0,1
LJ500_R106_C080,701250,9554250,2022,5,2022-05,0,0,0.2691,0.5021,0.2289,0,0,0,0,1,0.5586,0.2021,0.4408,-0.4976,19.36,0
LJ500_R108_C065,693750,9555250,2022,5,2022-05,0,0,0.0703,0.9297,0,0,0,0,0,1,,,,,0,1
LJ500_R109_C088,705250,9555750,2022,5,2022-05,1,0,0,0,0,0,0,0,0,1,,,,,0,1
LJ500_R119_C079,700750,9560750,2022,5,2022-05,0,0,0.0076,0,0.8026,0.1897,0,0,0,1,0.5943,0.252,0.5278,-0.4986,7.84,0
LJ500_R122_C070,696250,9562250,2022,5,2022-05,0,0,0,0,0.635,0.365,0,0,0,1,0.6463,0.1983,0.4567,-0.5732,69.44,0
LJ500_R125_C065,693750,9563750,2022,5,2022-05,0,0,0.0771,0,0.9229,0,0,0,0,1,0.5597,0.1531,0.3885,-0.5126,4.32,0
LJ500_R131_C053,687750,9566750,2022,5,2022-05,0,0,0.1735,0,0.8265,0,0,0,0,1,0.7231,0.2313,0.5102,-0.6293,100,0
LJ500_R132_C080,701250,9567250,2022,5,2022-05,0.9327,0,0.0078,0,0.0594,0,0,0,0,1,0.7605,0.3199,0.6138,-0.6724,100,0
LJ500_R138_C087,704750,9570250,2022,5,2022-05,0.2364,0,0.5005,0,0.2631,0,0,0,0,1,0.6326,0.2237,0.4844,-0.5303,18.4,0
LJ500_R142_C071,696750,9572250,2022,5,2022-05,0,0,0,0,1,0,0,0,0,1,0.6027,0.0872,0.3587,-0.5487,100,0
LJ500_R145_C054,688250,9573750,2022,5,2022-05,0,0,0.7423,0,0.2577,0,0,0,0,1,0.6126,0.0788,0.3511,-0.5755,95.68,0
LJ500_R147_C083,702750,9574750,2022,5,2022-05,0.3027,0,0,0,0.6973,0,0,0,0,1,0.6142,0.1548,0.4157,-0.546,67.52,0
LJ500_R156_C028,675250,9579250,2022,5,2022-05,0.6724,0,0.3276,0,0,0,0,0,0,1,0.7597,0.2177,0.5086,-0.6666,100,0
LJ500_R156_C067,694750,9579250,2022,5,2022-05,0,0,0,0,1,0,0,0,0,1,0.5568,0.1635,0.4172,-0.5019,71.36,0
LJ500_R156_C079,700750,9579250,2022,5,2022-05,1,0,0,0,0,0,0,0,0,1,0.5413,0.2149,0.474,-0.4961,16.16,0
LJ500_R157_C009,665750,9579750,2022,5,2022-05,0.0008,0,0.666,0,0.3333,0,0,0,0,1,0.7596,0.2228,0.5242,-0.639,100,0
LJ500_R158_C065,693750,9580250,2022,5,2022-05,0,0,0.7476,0.135,0.1174,0,0,0,0,1,0.4373,0.1384,0.3577,-0.4027,48.32,0
LJ500_R160_C074,698250,9581250,2022,5,2022-05,0.325,0,0,0,0.675,0,0,0,0,1,0.6428,0.2449,0.5211,-0.5686,61.6,0
LJ500_R161_C066,694250,9581750,2022,5,2022-05,0,0,0.0311,0.0756,0.8933,0,0,0,0,1,0.5415,0.1976,0.4896,-0.4729,13.28,0
LJ500_R164_C043,682750,9583250,2022,5,2022-05,0,0.6371,0,0,0.3629,0,0,0,0,1,0.4931,0.0889,0.3396,-0.4545,41.6,0
LJ500_R164_C059,690750,9583250,2022,5,2022-05,0.6643,0.3177,0.018,0,0,0,0,0,0,1,,,,,0,1
LJ500_R166_C072,697250,9584250,2022,5,2022-05,0,0,0,0,1,0,0,0,0,1,0.6474,0.2644,0.5486,-0.5582,33.12,0
LJ500_R167_C067,694750,9584750,2022,5,2022-05,0,0,0,0,1,0,0,0,0,1,0.6733,0.3466,0.6464,-0.5637,31.52,0
LJ500_R168_C045,683750,9585250,2022,5,2022-05,0.083,0.79,0,0,0.1269,0,0,0,0,1,,,,,0,1
LJ500_R173_C033,677750,9587750,2022,5,2022-05,0.0493,0.4112,0,0,0.5395,0,0,0,0,1,0.6951,0.2099,0.4912,-0.6141,2.72,0
LJ500_R178_C063,692750,9590250,2022,5,2022-05,0,0,0,0,1,0,0,0,0,1,0.678,0.2147,0.4964,-0.5967,100,0
LJ500_R179_C046,684250,9590750,2022,5,2022-05,0,1,0,0,0,0,0,0,0,1,,,,,0,1
LJ500_R180_C071,696750,9591250,2022,5,2022-05,0.1157,0,0.1808,0,0.7035,0,0,0,0,1,0.6214,0.2507,0.5321,-0.5552,54.88,0
LJ500_R183_C039,680750,9592750,2022,5,2022-05,0,1,0,0,0,0,0,0,0,1,,,,,0,1
LJ500_R184_C039,680750,9593250,2022,5,2022-05,0,1,0,0,0,0,0,0,0,1,,,,,0,1
LJ500_R184_C066,694250,9593250,2022,5,2022-05,0.0203,0,0,0,0.9797,0,0,0,0,1,,,,,0,1
LJ500_R006_C075,698750,9504250,2022,6,2022-06,0.4991,0,0.5009,0,0,0,0,0,0,1,0.7898,0.3433,0.6388,-0.7043,87.52,0
LJ500_R011_C068,695250,9506750,2022,6,2022-06,1,0,0,0,0,0,0,0,0,1,0.8234,0.3594,0.6539,-0.7429,100,0
LJ500_R012_C055,688750,9507250,2022,6,2022-06,1,0,0,0,0,0,0,0,0,1,0.8255,0.3447,0.6411,-0.7587,100,0
LJ500_R020_C061,691750,9511250,2022,6,2022-06,0,0,1,0,0,0,0,0,0,1,0.695,0.1312,0.4192,-0.6159,100,0
LJ500_R033_C056,689250,9517750,2022,6,2022-06,0.7601,0,0.2399,0,0,0,0,0,0,1,0.7555,0.2572,0.5417,-0.6569,100,0
LJ500_R035_C085,703750,9518750,2022,6,2022-06,0,0,0.6992,0,0.3008,0,0,0,0,1,0.5887,0.2275,0.4739,-0.5279,56.96,0
LJ500_R039_C072,697250,9520750,2022,6,2022-06,0,0,0.019,0,0.972,0,0,0.0089,0,1,0.5118,0.0315,0.2436,-0.5258,95.52,0
LJ500_R040_C060,691250,9521250,2022,6,2022-06,0.0093,0,0.9907,0,0,0,0,0,0,1,0.5949,-0.0355,0.2369,-0.6052,100,0
LJ500_R041_C061,691750,9521750,2022,6,2022-06,0.6217,0,0.3783,0,0,0,0,0,0,1,0.7307,0.1225,0.4141,-0.6718,100,0
LJ500_R043_C058,690250,9522750,2022,6,2022-06,0,0,0.6724,0,0,0,0,0.3276,0,1,0.6173,-0.001,0.2852,-0.6015,100,0
LJ500_R045_C083,702750,9523750,2022,6,2022-06,0.0975,0,0.9025,0,0,0,0,0,0,1,0.62,0.1959,0.4527,-0.5527,19.52,0
LJ500_R046_C064,693250,9524250,2022,6,2022-06,0,0,0.1216,0,0,0.2178,0,0.6606,0,1,0.5386,0.0249,0.2539,-0.5285,100,0
LJ500_R048_C071,696750,9525250,2022,6,2022-06,0,0,1,0,0,0,0,0,0,1,0.6327,0.0185,0.3083,-0.61,100,0
LJ500_R050_C095,708750,9526250,2022,6,2022-06,0.2432,0.6234,0.1334,0,0,0,0,0,0,1,0.7692,0.3406,0.6548,-0.6987,0.32,0
LJ500_R056_C049,685750,9529250,2022,6,2022-06,0,0,1,0,0,0,0,0,0,1,0.6067,0.0395,0.3077,-0.575,100,0
LJ500_R058_C079,700750,9530250,2022,6,2022-06,0,0,0.7206,0,0.2794,0,0,0,0,1,0.6703,0.1445,0.4072,-0.612,89.6,0
LJ500_R063_C060,691250,9532750,2022,6,2022-06,0,0,0.4901,0,0.4472,0.0627,0,0,0,1,0.7881,0.2986,0.5722,-0.7107,100,0
LJ500_R064_C084,703250,9533250,2022,6,2022-06,0.235,0,0.7298,0,0.0352,0,0,0,0,1,0.841,0.3111,0.6313,-0.7362,100,0
LJ500_R069_C057,689750,9535750,2022,6,2022-06,0,0,0.1213,0,0.8787,0,0,0,0,1,0.7264,0.2114,0.495,-0.6552,100,0
LJ500_R072_C062,692250,9537250,2022,6,2022-06,0,0,0.4122,0,0.5878,0,0,0,0,1,0.7284,0.1642,0.4457,-0.665,100,0
LJ500_R072_C095,708750,9537250,2022,6,2022-06,0.7205,0.2795,0,0,0,0,0,0,0,1,,,,,0,1
LJ500_R074_C074,698250,9538250,2022,6,2022-06,0,0,0.1778,0,0.8222,0,0,0,0,1,0.7106,0.1908,0.463,-0.6396,100,0
LJ500_R078_C076,699250,9540250,2022,6,2022-06,0.071,0,0.0635,0,0.8655,0,0,0,0,1,0.6942,0.2067,0.4864,-0.6013,92.8,0
LJ500_R079_C076,699250,9540750,2022,6,2022-06,0,0,0,0,0.9922,0.0078,0,0,0,1,0.6579,0.1967,0.4408,-0.5852,25.12,0
LJ500_R093_C071,696750,9547750,2022,6,2022-06,0.1849,0,0,0,0.8151,0,0,0,0,1,0.7857,0.2574,0.5566,-0.7028,100,0
LJ500_R093_C073,697750,9547750,2022,6,2022-06,0.0013,0,0.5724,0,0.4263,0,0,0,0,1,0.7569,0.2162,0.5144,-0.6722,100,0
LJ500_R096_C074,698250,9549250,2022,6,2022-06,0.4564,0,0.2184,0.311,0.0142,0,0,0,0,1,0.6774,0.2343,0.4883,-0.6019,8.64,0
LJ500_R098_C085,703750,9550250,2022,6,2022-06,1,0,0,0,0,0,0,0,0,1,,,,,0,1
LJ500_R101_C091,706750,9551750,2022,6,2022-06,0.0455,0.9545,0,0,0,0,0,0,0,1,,,,,0,1
LJ500_R106_C080,701250,9554250,2022,6,2022-06,0,0,0.2691,0.5021,0.2289,0,0,0,0,1,0.7226,0.2739,0.5736,-0.6339,46.24,0
LJ500_R108_C065,693750,9555250,2022,6,2022-06,0,0,0.0703,0.9297,0,0,0,0,0,1,,,,,0,1
LJ500_R109_C088,705250,9555750,2022,6,2022-06,1,0,0,0,0,0,0,0,0,1,,,,,0,1
LJ500_R119_C079,700750,9560750,2022,6,2022-06,0,0,0.0076,0,0.8026,0.1897,0,0,0,1,0.3975,0.1158,0.2758,-0.3548,21.92,0
LJ500_R122_C070,696250,9562250,2022,6,2022-06,0,0,0,0,0.635,0.365,0,0,0,1,,,,,0,1
LJ500_R125_C065,693750,9563750,2022,6,2022-06,0,0,0.0771,0,0.9229,0,0,0,0,1,0.641,0.1121,0.3834,-0.5979,53.76,0
LJ500_R131_C053,687750,9566750,2022,6,2022-06,0,0,0.1735,0,0.8265,0,0,0,0,1,0.6836,0.145,0.4103,-0.6388,100,0
LJ500_R132_C080,701250,9567250,2022,6,2022-06,0.9327,0,0.0078,0,0.0594,0,0,0,0,1,,,,,0,1
LJ500_R138_C087,704750,9570250,2022,6,2022-06,0.2364,0,0.5005,0,0.2631,0,0,0,0,1,0.7215,0.3025,0.6056,-0.5954,100,0
LJ500_R142_C071,696750,9572250,2022,6,2022-06,0,0,0,0,1,0,0,0,0,1,0.5572,0.0833,0.3372,-0.5015,100,0
LJ500_R145_C054,688250,9573750,2022,6,2022-06,0,0,0.7423,0,0.2577,0,0,0,0,1,0.6398,0.0832,0.3624,-0.6105,58.24,0
LJ500_R147_C083,702750,9574750,2022,6,2022-06,0.3027,0,0,0,0.6973,0,0,0,0,1,0.6604,0.1889,0.4743,-0.5771,100,0
LJ500_R156_C028,675250,9579250,2022,6,2022-06,0.6724,0,0.3276,0,0,0,0,0,0,1,0.744,0.2215,0.5156,-0.6589,99.84,0
LJ500_R156_C067,694750,9579250,2022,6,2022-06,0,0,0,0,1,0,0,0,0,1,0.6653,0.1255,0.4108,-0.61,100,0
LJ500_R156_C079,700750,9579250,2022,6,2022-06,1,0,0,0,0,0,0,0,0,1,,,,,0,1
LJ500_R157_C009,665750,9579750,2022,6,2022-06,0.0008,0,0.666,0,0.3333,0,0,0,0,1,0.7454,0.1919,0.4994,-0.6388,100,0
LJ500_R158_C065,693750,9580250,2022,6,2022-06,0,0,0.7476,0.135,0.1174,0,0,0,0,1,0.6444,0.0773,0.3586,-0.6108,100,0
LJ500_R160_C074,698250,9581250,2022,6,2022-06,0.325,0,0,0,0.675,0,0,0,0,1,0.7574,0.2159,0.5245,-0.6717,50.88,0
LJ500_R161_C066,694250,9581750,2022,6,2022-06,0,0,0.0311,0.0756,0.8933,0,0,0,0,1,0.6361,0.0954,0.366,-0.5975,100,0
LJ500_R164_C043,682750,9583250,2022,6,2022-06,0,0.6371,0,0,0.3629,0,0,0,0,1,0.5745,0.0619,0.3434,-0.5529,100,0
LJ500_R164_C059,690750,9583250,2022,6,2022-06,0.6643,0.3177,0.018,0,0,0,0,0,0,1,0.7652,0.3073,0.5844,-0.6984,100,0
LJ500_R166_C072,697250,9584250,2022,6,2022-06,0,0,0,0,1,0,0,0,0,1,0.7505,0.2087,0.5069,-0.6584,100,0
LJ500_R167_C067,694750,9584750,2022,6,2022-06,0,0,0,0,1,0,0,0,0,1,0.7731,0.2244,0.5258,-0.6801,100,0
LJ500_R168_C045,683750,9585250,2022,6,2022-06,0.083,0.79,0,0,0.1269,0,0,0,0,1,0.5229,0.0545,0.3134,-0.5091,98.72,0
LJ500_R173_C033,677750,9587750,2022,6,2022-06,0.0493,0.4112,0,0,0.5395,0,0,0,0,1,0.6269,0.1547,0.4273,-0.5716,100,0
LJ500_R178_C063,692750,9590250,2022,6,2022-06,0,0,0,0,1,0,0,0,0,1,0.7214,0.1875,0.4754,-0.6546,100,0
LJ500_R179_C046,684250,9590750,2022,6,2022-06,0,1,0,0,0,0,0,0,0,1,0.5103,-0.0931,0.1839,-0.5561,100,0
LJ500_R180_C071,696750,9591250,2022,6,2022-06,0.1157,0,0.1808,0,0.7035,0,0,0,0,1,0.7495,0.215,0.5172,-0.6893,100,0
LJ500_R183_C039,680750,9592750,2022,6,2022-06,0,1,0,0,0,0,0,0,0,1,0.4749,-0.1498,0.1237,-0.5356,100,0
LJ500_R184_C039,680750,9593250,2022,6,2022-06,0,1,0,0,0,0,0,0,0,1,0.4142,-0.0774,0.1675,-0.4147,100,0
LJ500_R184_C066,694250,9593250,2022,6,2022-06,0.0203,0,0,0,0.9797,0,0,0,0,1,0.7196,0.1962,0.4946,-0.6629,100,0
LJ500_R006_C075,698750,9504250,2022,7,2022-07,0.4991,0,0.5009,0,0,0,0,0,0,1,0.8411,0.3341,0.6299,-0.7765,100,0
LJ500_R011_C068,695250,9506750,2022,7,2022-07,1,0,0,0,0,0,0,0,0,1,0.8531,0.3693,0.6616,-0.7792,100,0
LJ500_R012_C055,688750,9507250,2022,7,2022-07,1,0,0,0,0,0,0,0,0,1,0.8409,0.3516,0.6412,-0.7764,100,0
LJ500_R020_C061,691750,9511250,2022,7,2022-07,0,0,1,0,0,0,0,0,0,1,0.7216,0.1129,0.3875,-0.6577,100,0
LJ500_R033_C056,689250,9517750,2022,7,2022-07,0.7601,0,0.2399,0,0,0,0,0,0,1,0.7726,0.2431,0.5228,-0.6803,100,0
LJ500_R035_C085,703750,9518750,2022,7,2022-07,0,0,0.6992,0,0.3008,0,0,0,0,1,0.8114,0.2235,0.5268,-0.7386,100,0
LJ500_R039_C072,697250,9520750,2022,7,2022-07,0,0,0.019,0,0.972,0,0,0.0089,0,1,0.4939,-0.0019,0.1775,-0.5173,100,0
LJ500_R040_C060,691250,9521250,2022,7,2022-07,0.0093,0,0.9907,0,0,0,0,0,0,1,0.5845,-0.0484,0.2065,-0.5962,100,0
LJ500_R041_C061,691750,9521750,2022,7,2022-07,0.6217,0,0.3783,0,0,0,0,0,0,1,0.6715,0.0946,0.3676,-0.6126,100,0
LJ500_R043_C058,690250,9522750,2022,7,2022-07,0,0,0.6724,0,0,0,0,0.3276,0,1,0.5956,-0.0059,0.2694,-0.5952,100,0
LJ500_R045_C083,702750,9523750,2022,7,2022-07,0.0975,0,0.9025,0,0,0,0,0,0,1,0.8286,0.2527,0.5575,-0.7378,100,0
LJ500_R046_C064,693250,9524250,2022,7,2022-07,0,0,0.1216,0,0,0.2178,0,0.6606,0,1,0.5072,-0.0204,0.1755,-0.5129,100,0
LJ500_R048_C071,696750,9525250,2022,7,2022-07,0,0,1,0,0,0,0,0,0,1,0.6232,-0.0034,0.2626,-0.6216,100,0
LJ500_R050_C095,708750,9526250,2022,7,2022-07,0.2432,0.6234,0.1334,0,0,0,0,0,0,1,0.7868,0.2499,0.5574,-0.7302,100,0
LJ500_R056_C049,685750,9529250,2022,7,2022-07,0,0,1,0,0,0,0,0,0,1,0.5902,-0.0128,0.2434,-0.5702,100,0
LJ500_R058_C079,700750,9530250,2022,7,2022-07,0,0,0.7206,0,0.2794,0,0,0,0,1,0.7414,0.1604,0.435,-0.6819,100,0
LJ500_R063_C060,691250,9532750,2022,7,2022-07,0,0,0.4901,0,0.4472,0.0627,0,0,0,1,0.7943,0.2658,0.5422,-0.7177,100,0
LJ500_R064_C084,703250,9533250,2022,7,2022-07,0.235,0,0.7298,0,0.0352,0,0,0,0,1,0.8756,0.3012,0.6189,-0.7839,100,0
LJ500_R069_C057,689750,9535750,2022,7,2022-07,0,0,0.1213,0,0.8787,0,0,0,0,1,0.6494,0.0889,0.3413,-0.623,100,0
LJ500_R072_C062,692250,9537250,2022,7,2022-07,0,0,0.4122,0,0.5878,0,0,0,0,1,0.687,0.0929,0.3433,-0.6446,100,0
LJ500_R072_C095,708750,9537250,2022,7,2022-07,0.7205,0.2795,0,0,0,0,0,0,0,1,0.8169,0.2995,0.5965,-0.7492,100,0
LJ500_R074_C074,698250,9538250,2022,7,2022-07,0,0,0.1778,0,0.8222,0,0,0,0,1,0.7009,0.1592,0.4102,-0.6426,100,0
LJ500_R078_C076,699250,9540250,2022,7,2022-07,0.071,0,0.0635,0,0.8655,0,0,0,0,1,0.7898,0.2184,0.5099,-0.6951,100,0
LJ500_R079_C076,699250,9540750,2022,7,2022-07,0,0,0,0,0.9922,0.0078,0,0,0,1,0.7969,0.2297,0.5125,-0.7265,100,0
LJ500_R093_C071,696750,9547750,2022,7,2022-07,0.1849,0,0,0,0.8151,0,0,0,0,1,0.7891,0.2483,0.5393,-0.7135,100,0
LJ500_R093_C073,697750,9547750,2022,7,2022-07,0.0013,0,0.5724,0,0.4263,0,0,0,0,1,0.7931,0.2275,0.5196,-0.7084,100,0
LJ500_R096_C074,698250,9549250,2022,7,2022-07,0.4564,0,0.2184,0.311,0.0142,0,0,0,0,1,0.8299,0.2667,0.5609,-0.7457,100,0
LJ500_R098_C085,703750,9550250,2022,7,2022-07,1,0,0,0,0,0,0,0,0,1,0.8509,0.3516,0.6496,-0.7697,100,0
LJ500_R101_C091,706750,9551750,2022,7,2022-07,0.0455,0.9545,0,0,0,0,0,0,0,1,0.7363,0.1921,0.4835,-0.7104,100,0
LJ500_R106_C080,701250,9554250,2022,7,2022-07,0,0,0.2691,0.5021,0.2289,0,0,0,0,1,0.7771,0.2141,0.5054,-0.712,100,0
LJ500_R108_C065,693750,9555250,2022,7,2022-07,0,0,0.0703,0.9297,0,0,0,0,0,1,0.8284,0.2444,0.5371,-0.7454,100,0
LJ500_R109_C088,705250,9555750,2022,7,2022-07,1,0,0,0,0,0,0,0,0,1,0.8069,0.2844,0.578,-0.7347,100,0
LJ500_R119_C079,700750,9560750,2022,7,2022-07,0,0,0.0076,0,0.8026,0.1897,0,0,0,1,0.7368,0.1635,0.4419,-0.6668,100,0
LJ500_R122_C070,696250,9562250,2022,7,2022-07,0,0,0,0,0.635,0.365,0,0,0,1,0.6231,0.133,0.3558,-0.5827,100,0
LJ500_R125_C065,693750,9563750,2022,7,2022-07,0,0,0.0771,0,0.9229,0,0,0,0,1,0.6377,0.0948,0.3339,-0.6055,100,0
LJ500_R131_C053,687750,9566750,2022,7,2022-07,0,0,0.1735,0,0.8265,0,0,0,0,1,0.686,0.1353,0.3702,-0.6608,100,0
LJ500_R132_C080,701250,9567250,2022,7,2022-07,0.9327,0,0.0078,0,0.0594,0,0,0,0,1,0.8341,0.3221,0.6261,-0.7517,100,0
LJ500_R138_C087,704750,9570250,2022,7,2022-07,0.2364,0,0.5005,0,0.2631,0,0,0,0,1,0.8113,0.2646,0.5715,-0.7025,100,0
LJ500_R142_C071,696750,9572250,2022,7,2022-07,0,0,0,0,1,0,0,0,0,1,0.657,0.0734,0.3303,-0.6165,100,0
LJ500_R145_C054,688250,9573750,2022,7,2022-07,0,0,0.7423,0,0.2577,0,0,0,0,1,0.656,0.0852,0.3567,-0.6338,100,0
LJ500_R147_C083,702750,9574750,2022,7,2022-07,0.3027,0,0,0,0.6973,0,0,0,0,1,0.7487,0.1907,0.4762,-0.6787,100,0
LJ500_R156_C028,675250,9579250,2022,7,2022-07,0.6724,0,0.3276,0,0,0,0,0,0,1,0.7557,0.2464,0.5168,-0.6995,100,0
LJ500_R156_C067,694750,9579250,2022,7,2022-07,0,0,0,0,1,0,0,0,0,1,0.6852,0.1322,0.4125,-0.6466,100,0
LJ500_R156_C079,700750,9579250,2022,7,2022-07,1,0,0,0,0,0,0,0,0,1,0.7684,0.2485,0.537,-0.7216,100,0
LJ500_R157_C009,665750,9579750,2022,7,2022-07,0.0008,0,0.666,0,0.3333,0,0,0,0,1,0.7994,0.192,0.4971,-0.7006,100,0
LJ500_R158_C065,693750,9580250,2022,7,2022-07,0,0,0.7476,0.135,0.1174,0,0,0,0,1,0.665,0.0931,0.3655,-0.6397,100,0
LJ500_R160_C074,698250,9581250,2022,7,2022-07,0.325,0,0,0,0.675,0,0,0,0,1,0.813,0.2362,0.5423,-0.739,100,0
LJ500_R161_C066,694250,9581750,2022,7,2022-07,0,0,0.0311,0.0756,0.8933,0,0,0,0,1,0.6613,0.1101,0.3749,-0.6296,100,0
LJ500_R164_C043,682750,9583250,2022,7,2022-07,0,0.6371,0,0,0.3629,0,0,0,0,1,0.564,0.0867,0.338,-0.5658,100,0
LJ500_R164_C059,690750,9583250,2022,7,2022-07,0.6643,0.3177,0.018,0,0,0,0,0,0,1,0.7633,0.3044,0.5748,-0.7061,100,0
LJ500_R166_C072,697250,9584250,2022,7,2022-07,0,0,0,0,1,0,0,0,0,1,0.7768,0.2148,0.5099,-0.6947,100,0
LJ500_R167_C067,694750,9584750,2022,7,2022-07,0,0,0,0,1,0,0,0,0,1,0.7589,0.2326,0.5169,-0.6798,100,0
LJ500_R168_C045,683750,9585250,2022,7,2022-07,0.083,0.79,0,0,0.1269,0,0,0,0,1,0.6236,0.0647,0.3353,-0.6143,100,0
LJ500_R173_C033,677750,9587750,2022,7,2022-07,0.0493,0.4112,0,0,0.5395,0,0,0,0,1,0.7197,0.1815,0.4671,-0.6707,100,0
LJ500_R178_C063,692750,9590250,2022,7,2022-07,0,0,0,0,1,0,0,0,0,1,0.7298,0.1924,0.4741,-0.6688,100,0
LJ500_R179_C046,684250,9590750,2022,7,2022-07,0,1,0,0,0,0,0,0,0,1,0.5242,-0.0842,0.1785,-0.5721,100,0
LJ500_R180_C071,696750,9591250,2022,7,2022-07,0.1157,0,0.1808,0,0.7035,0,0,0,0,1,0.7661,0.2183,0.5088,-0.7164,100,0
LJ500_R183_C039,680750,9592750,2022,7,2022-07,0,1,0,0,0,0,0,0,0,1,,,,,0,1
LJ500_R184_C039,680750,9593250,2022,7,2022-07,0,1,0,0,0,0,0,0,0,1,,,,,0,1
LJ500_R184_C066,694250,9593250,2022,7,2022-07,0.0203,0,0,0,0.9797,0,0,0,0,1,0.7194,0.1886,0.479,-0.6729,100,0
LJ500_R006_C075,698750,9504250,2022,8,2022-08,0.4991,0,0.5009,0,0,0,0,0,0,1,,,,,0,1
LJ500_R011_C068,695250,9506750,2022,8,2022-08,1,0,0,0,0,0,0,0,0,1,0.7466,0.3575,0.6312,-0.6563,54.24,0
LJ500_R012_C055,688750,9507250,2022,8,2022-08,1,0,0,0,0,0,0,0,0,1,,,,,0,1
LJ500_R020_C061,691750,9511250,2022,8,2022-08,0,0,1,0,0,0,0,0,0,1,,,,,0,1
LJ500_R033_C056,689250,9517750,2022,8,2022-08,0.7601,0,0.2399,0,0,0,0,0,0,1,,,,,0,1
LJ500_R035_C085,703750,9518750,2022,8,2022-08,0,0,0.6992,0,0.3008,0,0,0,0,1,,,,,0,1
LJ500_R039_C072,697250,9520750,2022,8,2022-08,0,0,0.019,0,0.972,0,0,0.0089,0,1,0.4669,0.0226,0.2236,-0.4723,100,0
LJ500_R040_C060,691250,9521250,2022,8,2022-08,0.0093,0,0.9907,0,0,0,0,0,0,1,0.4898,-0.0971,0.1441,-0.5488,100,0
LJ500_R041_C061,691750,9521750,2022,8,2022-08,0.6217,0,0.3783,0,0,0,0,0,0,1,0.6184,-0.0103,0.24,-0.5979,100,0
LJ500_R043_C058,690250,9522750,2022,8,2022-08,0,0,0.6724,0,0,0,0,0.3276,0,1,0.538,-0.0483,0.2137,-0.5724,100,0
LJ500_R045_C083,702750,9523750,2022,8,2022-08,0.0975,0,0.9025,0,0,0,0,0,0,1,0.6886,0.2723,0.5625,-0.5728,5.12,0
LJ500_R046_C064,693250,9524250,2022,8,2022-08,0,0,0.1216,0,0,0.2178,0,0.6606,0,1,0.417,-0.0934,0.0921,-0.4542,100,0
LJ500_R048_C071,696750,9525250,2022,8,2022-08,0,0,1,0,0,0,0,0,0,1,0.5364,-0.0449,0.2117,-0.5637,100,0
LJ500_R050_C095,708750,9526250,2022,8,2022-08,0.2432,0.6234,0.1334,0,0,0,0,0,0,1,,,,,0,1
LJ500_R056_C049,685750,9529250,2022,8,2022-08,0,0,1,0,0,0,0,0,0,1,0.5311,-0.059,0.177,-0.5496,100,0
LJ500_R058_C079,700750,9530250,2022,8,2022-08,0,0,0.7206,0,0.2794,0,0,0,0,1,0.6416,0.0776,0.3314,-0.5985,19.84,0
LJ500_R063_C060,691250,9532750,2022,8,2022-08,0,0,0.4901,0,0.4472,0.0627,0,0,0,1,0.4895,-0.0106,0.1896,-0.5104,100,0
LJ500_R064_C084,703250,9533250,2022,8,2022-08,0.235,0,0.7298,0,0.0352,0,0,0,0,1,0.8095,0.2839,0.5969,-0.7057,36.16,0
LJ500_R069_C057,689750,9535750,2022,8,2022-08,0,0,0.1213,0,0.8787,0,0,0,0,1,0.5288,-0.0087,0.2276,-0.5365,100,0
LJ500_R072_C062,692250,9537250,2022,8,2022-08,0,0,0.4122,0,0.5878,0,0,0,0,1,0.6136,0.029,0.274,-0.5789,100,0
LJ500_R072_C095,708750,9537250,2022,8,2022-08,0.7205,0.2795,0,0,0,0,0,0,0,1,0.6538,0.315,0.5713,-0.5653,27.68,0
LJ500_R074_C074,698250,9538250,2022,8,2022-08,0,0,0.1778,0,0.8222,0,0,0,0,1,0.6685,0.1372,0.3974,-0.5965,100,0
LJ500_R078_C076,699250,9540250,2022,8,2022-08,0.071,0,0.0635,0,0.8655,0,0,0,0,1,0.7567,0.2192,0.5235,-0.6246,1.28,0
LJ500_R079_C076,699250,9540750,2022,8,2022-08,0,0,0,0,0.9922,0.0078,0,0,0,1,0.7476,0.2189,0.4972,-0.6641,25.28,0
LJ500_R093_C071,696750,9547750,2022,8,2022-08,0.1849,0,0,0,0.8151,0,0,0,0,1,0.7257,0.2076,0.5,-0.6499,38.46,0
LJ500_R093_C073,697750,9547750,2022,8,2022-08,0.0013,0,0.5724,0,0.4263,0,0,0,0,1,0.7331,0.2,0.4981,-0.651,93.44,0
LJ500_R096_C074,698250,9549250,2022,8,2022-08,0.4564,0,0.2184,0.311,0.0142,0,0,0,0,1,0.7717,0.2805,0.5723,-0.6796,38.4,0
LJ500_R098_C085,703750,9550250,2022,8,2022-08,1,0,0,0,0,0,0,0,0,1,0.7402,0.3666,0.6419,-0.6333,47.2,0
LJ500_R101_C091,706750,9551750,2022,8,2022-08,0.0455,0.9545,0,0,0,0,0,0,0,1,,,,,0,1
LJ500_R106_C080,701250,9554250,2022,8,2022-08,0,0,0.2691,0.5021,0.2289,0,0,0,0,1,,,,,0,1
LJ500_R108_C065,693750,9555250,2022,8,2022-08,0,0,0.0703,0.9297,0,0,0,0,0,1,0.7812,0.2565,0.5215,-0.6849,100,0
LJ500_R109_C088,705250,9555750,2022,8,2022-08,1,0,0,0,0,0,0,0,0,1,0.779,0.3345,0.6303,-0.6801,32.96,0
LJ500_R119_C079,700750,9560750,2022,8,2022-08,0,0,0.0076,0,0.8026,0.1897,0,0,0,1,0.7029,0.1697,0.468,-0.6283,43.68,0
LJ500_R122_C070,696250,9562250,2022,8,2022-08,0,0,0,0,0.635,0.365,0,0,0,1,0.6152,0.153,0.381,-0.5611,94.56,0
LJ500_R125_C065,693750,9563750,2022,8,2022-08,0,0,0.0771,0,0.9229,0,0,0,0,1,0.6251,0.0993,0.3434,-0.5827,100,0
LJ500_R131_C053,687750,9566750,2022,8,2022-08,0,0,0.1735,0,0.8265,0,0,0,0,1,0.5887,0.1384,0.3801,-0.5414,14.4,0
LJ500_R132_C080,701250,9567250,2022,8,2022-08,0.9327,0,0.0078,0,0.0594,0,0,0,0,1,0.7998,0.3543,0.6445,-0.7069,46.08,0
LJ500_R138_C087,704750,9570250,2022,8,2022-08,0.2364,0,0.5005,0,0.2631,0,0,0,0,1,0.7681,0.2486,0.5549,-0.6569,100,0
LJ500_R142_C071,696750,9572250,2022,8,2022-08,0,0,0,0,1,0,0,0,0,1,0.607,0.0449,0.2978,-0.5684,100,0
LJ500_R145_C054,688250,9573750,2022,8,2022-08,0,0,0.7423,0,0.2577,0,0,0,0,1,0.5363,0.1452,0.4195,-0.509,20.64,0
LJ500_R147_C083,702750,9574750,2022,8,2022-08,0.3027,0,0,0,0.6973,0,0,0,0,1,0.7134,0.2486,0.5264,-0.6243,12.16,0
LJ500_R156_C028,675250,9579250,2022,8,2022-08,0.6724,0,0.3276,0,0,0,0,0,0,1,0.7781,0.2445,0.5429,-0.6881,100,0
LJ500_R156_C067,694750,9579250,2022,8,2022-08,0,0,0,0,1,0,0,0,0,1,0.6423,0.1256,0.4057,-0.5955,100,0
LJ500_R156_C079,700750,9579250,2022,8,2022-08,1,0,0,0,0,0,0,0,0,1,0.7054,0.2957,0.5642,-0.6235,17.92,0
LJ500_R157_C009,665750,9579750,2022,8,2022-08,0.0008,0,0.666,0,0.3333,0,0,0,0,1,0.7552,0.1497,0.4519,-0.6731,100,0
LJ500_R158_C065,693750,9580250,2022,8,2022-08,0,0,0.7476,0.135,0.1174,0,0,0,0,1,0.6117,0.067,0.3408,-0.5795,100,0
LJ500_R160_C074,698250,9581250,2022,8,2022-08,0.325,0,0,0,0.675,0,0,0,0,1,0.6433,0.3144,0.5512,-0.5536,3.84,0
LJ500_R161_C066,694250,9581750,2022,8,2022-08,0,0,0.0311,0.0756,0.8933,0,0,0,0,1,0.5862,0.1174,0.3881,-0.5353,84.48,0
LJ500_R164_C043,682750,9583250,2022,8,2022-08,0,0.6371,0,0,0.3629,0,0,0,0,1,0.4928,0.0337,0.2882,-0.4804,84.8,0
LJ500_R164_C059,690750,9583250,2022,8,2022-08,0.6643,0.3177,0.018,0,0,0,0,0,0,1,0.634,0.3429,0.5801,-0.5442,22.88,0
LJ500_R166_C072,697250,9584250,2022,8,2022-08,0,0,0,0,1,0,0,0,0,1,0.6559,0.2515,0.5482,-0.5725,11.68,0
LJ500_R167_C067,694750,9584750,2022,8,2022-08,0,0,0,0,1,0,0,0,0,1,0.664,0.1643,0.4474,-0.5963,64,0
LJ500_R168_C045,683750,9585250,2022,8,2022-08,0.083,0.79,0,0,0.1269,0,0,0,0,1,0.5329,0.0657,0.333,-0.5183,89.76,0
LJ500_R173_C033,677750,9587750,2022,8,2022-08,0.0493,0.4112,0,0,0.5395,0,0,0,0,1,,,,,0,1
LJ500_R178_C063,692750,9590250,2022,8,2022-08,0,0,0,0,1,0,0,0,0,1,0.6121,0.2144,0.4779,-0.5568,34.08,0
LJ500_R179_C046,684250,9590750,2022,8,2022-08,0,1,0,0,0,0,0,0,0,1,,,,,0,1
LJ500_R180_C071,696750,9591250,2022,8,2022-08,0.1157,0,0.1808,0,0.7035,0,0,0,0,1,,,,,0,1
LJ500_R183_C039,680750,9592750,2022,8,2022-08,0,1,0,0,0,0,0,0,0,1,0.1888,-0.1111,0.0751,-0.2218,0.3496,0
LJ500_R184_C039,680750,9593250,2022,8,2022-08,0,1,0,0,0,0,0,0,0,1,,,,,0,1
LJ500_R184_C066,694250,9593250,2022,8,2022-08,0.0203,0,0,0,0.9797,0,0,0,0,1,,,,,0,1
LJ500_R006_C075,698750,9504250,2022,9,2022-09,0.4991,0,0.5009,0,0,0,0,0,0,1,0.8255,0.3301,0.6197,-0.7602,100,0
LJ500_R011_C068,695250,9506750,2022,9,2022-09,1,0,0,0,0,0,0,0,0,1,0.8551,0.3807,0.6683,-0.776,100,0
LJ500_R012_C055,688750,9507250,2022,9,2022-09,1,0,0,0,0,0,0,0,0,1,0.8313,0.3503,0.6358,-0.7661,100,0
LJ500_R020_C061,691750,9511250,2022,9,2022-09,0,0,1,0,0,0,0,0,0,1,0.665,0.0728,0.3299,-0.6277,100,0
LJ500_R033_C056,689250,9517750,2022,9,2022-09,0.7601,0,0.2399,0,0,0,0,0,0,1,0.7547,0.2258,0.4988,-0.6727,100,0
LJ500_R035_C085,703750,9518750,2022,9,2022-09,0,0,0.6992,0,0.3008,0,0,0,0,1,0.7596,0.1878,0.4808,-0.6929,100,0
LJ500_R039_C072,697250,9520750,2022,9,2022-09,0,0,0.019,0,0.972,0,0,0.0089,0,1,0.4463,0.0021,0.1681,-0.4738,100,0
LJ500_R040_C060,691250,9521250,2022,9,2022-09,0.0093,0,0.9907,0,0,0,0,0,0,1,0.4269,-0.1378,0.0657,-0.5303,100,0
LJ500_R041_C061,691750,9521750,2022,9,2022-09,0.6217,0,0.3783,0,0,0,0,0,0,1,0.5569,-0.0665,0.1453,-0.5707,100,0
LJ500_R043_C058,690250,9522750,2022,9,2022-09,0,0,0.6724,0,0,0,0,0.3276,0,1,0.484,-0.0849,0.1452,-0.5624,100,0
LJ500_R045_C083,702750,9523750,2022,9,2022-09,0.0975,0,0.9025,0,0,0,0,0,0,1,0.796,0.2131,0.5148,-0.712,100,0
LJ500_R046_C064,693250,9524250,2022,9,2022-09,0,0,0.1216,0,0,0.2178,0,0.6606,0,1,0.3682,-0.1329,0.0192,-0.4265,100,0
LJ500_R048_C071,696750,9525250,2022,9,2022-09,0,0,1,0,0,0,0,0,0,1,0.4943,-0.075,0.1512,-0.5531,100,0
LJ500_R050_C095,708750,9526250,2022,9,2022-09,0.2432,0.6234,0.1334,0,0,0,0,0,0,1,0.7221,0.2252,0.5138,-0.6707,100,0
LJ500_R056_C049,685750,9529250,2022,9,2022-09,0,0,1,0,0,0,0,0,0,1,0.4986,-0.0832,0.1268,-0.5362,100,0
LJ500_R058_C079,700750,9530250,2022,9,2022-09,0,0,0.7206,0,0.2794,0,0,0,0,1,0.7013,0.1285,0.3915,-0.6428,100,0
LJ500_R063_C060,691250,9532750,2022,9,2022-09,0,0,0.4901,0,0.4472,0.0627,0,0,0,1,0.4667,-0.0357,0.1512,-0.4751,100,0
LJ500_R064_C084,703250,9533250,2022,9,2022-09,0.235,0,0.7298,0,0.0352,0,0,0,0,1,0.8442,0.255,0.5747,-0.7503,100,0
LJ500_R069_C057,689750,9535750,2022,9,2022-09,0,0,0.1213,0,0.8787,0,0,0,0,1,0.4644,-0.0586,0.1431,-0.504,100,0
LJ500_R072_C062,692250,9537250,2022,9,2022-09,0,0,0.4122,0,0.5878,0,0,0,0,1,0.5532,-0.01,0.2136,-0.5462,100,0
LJ500_R072_C095,708750,9537250,2022,9,2022-09,0.7205,0.2795,0,0,0,0,0,0,0,1,,,,,0,1
LJ500_R074_C074,698250,9538250,2022,9,2022-09,0,0,0.1778,0,0.8222,0,0,0,0,1,0.6707,0.1425,0.3886,-0.6067,100,0
LJ500_R078_C076,699250,9540250,2022,9,2022-09,0.071,0,0.0635,0,0.8655,0,0,0,0,1,0.7199,0.1652,0.4463,-0.6364,100,0
LJ500_R079_C076,699250,9540750,2022,9,2022-09,0,0,0,0,0.9922,0.0078,0,0,0,1,0.7556,0.2076,0.491,-0.6726,100,0
LJ500_R093_C071,696750,9547750,2022,9,2022-09,0.1849,0,0,0,0.8151,0,0,0,0,1,0.7476,0.2114,0.4964,-0.6831,100,0
LJ500_R093_C073,697750,9547750,2022,9,2022-09,0.0013,0,0.5724,0,0.4263,0,0,0,0,1,0.726,0.1863,0.4691,-0.6577,98.08,0
LJ500_R096_C074,698250,9549250,2022,9,2022-09,0.4564,0,0.2184,0.311,0.0142,0,0,0,0,1,0.7647,0.2226,0.4994,-0.6942,79.2,0
LJ500_R098_C085,703750,9550250,2022,9,2022-09,1,0,0,0,0,0,0,0,0,1,0.8538,0.371,0.6689,-0.7686,28.32,0
LJ500_R101_C091,706750,9551750,2022,9,2022-09,0.0455,0.9545,0,0,0,0,0,0,0,1,0.5759,0.1847,0.3879,-0.5707,11.22,0
LJ500_R106_C080,701250,9554250,2022,9,2022-09,0,0,0.2691,0.5021,0.2289,0,0,0,0,1,0.7399,0.1978,0.4835,-0.6795,100,0
LJ500_R108_C065,693750,9555250,2022,9,2022-09,0,0,0.0703,0.9297,0,0,0,0,0,1,0.758,0.223,0.5009,-0.6789,100,0
LJ500_R109_C088,705250,9555750,2022,9,2022-09,1,0,0,0,0,0,0,0,0,1,0.7921,0.2818,0.5729,-0.7144,100,0
LJ500_R119_C079,700750,9560750,2022,9,2022-09,0,0,0.0076,0,0.8026,0.1897,0,0,0,1,0.6925,0.1359,0.4095,-0.6253,100,0
LJ500_R122_C070,696250,9562250,2022,9,2022-09,0,0,0,0,0.635,0.365,0,0,0,1,0.6137,0.1676,0.4011,-0.5604,100,0
LJ500_R125_C065,693750,9563750,2022,9,2022-09,0,0,0.0771,0,0.9229,0,0,0,0,1,0.5934,0.0925,0.3318,-0.5578,100,0
LJ500_R131_C053,687750,9566750,2022,9,2022-09,0,0,0.1735,0,0.8265,0,0,0,0,1,0.6409,0.0925,0.3203,-0.6012,100,0
LJ500_R132_C080,701250,9567250,2022,9,2022-09,0.9327,0,0.0078,0,0.0594,0,0,0,0,1,0.7496,0.3275,0.5878,-0.6734,14.08,0
LJ500_R138_C087,704750,9570250,2022,9,2022-09,0.2364,0,0.5005,0,0.2631,0,0,0,0,1,0.773,0.2366,0.5397,-0.6695,100,0
LJ500_R142_C071,696750,9572250,2022,9,2022-09,0,0,0,0,1,0,0,0,0,1,0.6054,0.0787,0.3384,-0.5671,100,0
LJ500_R145_C054,688250,9573750,2022,9,2022-09,0,0,0.7423,0,0.2577,0,0,0,0,1,0.6287,0.0987,0.3744,-0.5968,9.92,0
LJ500_R147_C083,702750,9574750,2022,9,2022-09,0.3027,0,0,0,0.6973,0,0,0,0,1,0.6986,0.1466,0.4261,-0.643,100,0
LJ500_R156_C028,675250,9579250,2022,9,2022-09,0.6724,0,0.3276,0,0,0,0,0,0,1,0.7858,0.2421,0.5296,-0.7051,100,0
LJ500_R156_C067,694750,9579250,2022,9,2022-09,0,0,0,0,1,0,0,0,0,1,0.6423,0.1142,0.3862,-0.6089,100,0
LJ500_R156_C079,700750,9579250,2022,9,2022-09,1,0,0,0,0,0,0,0,0,1,0.7497,0.2399,0.5262,-0.7014,100,0
LJ500_R157_C009,665750,9579750,2022,9,2022-09,0.0008,0,0.666,0,0.3333,0,0,0,0,1,0.6867,0.097,0.3749,-0.6453,100,0
LJ500_R158_C065,693750,9580250,2022,9,2022-09,0,0,0.7476,0.135,0.1174,0,0,0,0,1,0.6216,0.071,0.3374,-0.5992,100,0
LJ500_R160_C074,698250,9581250,2022,9,2022-09,0.325,0,0,0,0.675,0,0,0,0,1,0.7769,0.2249,0.5258,-0.7046,100,0
LJ500_R161_C066,694250,9581750,2022,9,2022-09,0,0,0.0311,0.0756,0.8933,0,0,0,0,1,0.625,0.0979,0.3563,-0.5915,100,0
LJ500_R164_C043,682750,9583250,2022,9,2022-09,0,0.6371,0,0,0.3629,0,0,0,0,1,0.5465,0.0259,0.2838,-0.5519,100,0
LJ500_R164_C059,690750,9583250,2022,9,2022-09,0.6643,0.3177,0.018,0,0,0,0,0,0,1,0.7675,0.2913,0.5666,-0.7056,100,0
LJ500_R166_C072,697250,9584250,2022,9,2022-09,0,0,0,0,1,0,0,0,0,1,0.7106,0.1714,0.4603,-0.6396,100,0
LJ500_R167_C067,694750,9584750,2022,9,2022-09,0,0,0,0,1,0,0,0,0,1,0.7158,0.1576,0.4433,-0.647,98.72,0
LJ500_R168_C045,683750,9585250,2022,9,2022-09,0.083,0.79,0,0,0.1269,0,0,0,0,1,0.5736,0.0511,0.3193,-0.5764,100,0
LJ500_R173_C033,677750,9587750,2022,9,2022-09,0.0493,0.4112,0,0,0.5395,0,0,0,0,1,0.7087,0.156,0.441,-0.6637,100,0
LJ500_R178_C063,692750,9590250,2022,9,2022-09,0,0,0,0,1,0,0,0,0,1,0.6626,0.1595,0.4351,-0.6106,100,0
LJ500_R179_C046,684250,9590750,2022,9,2022-09,0,1,0,0,0,0,0,0,0,1,0.4957,-0.0805,0.1754,-0.5499,100,0
LJ500_R180_C071,696750,9591250,2022,9,2022-09,0.1157,0,0.1808,0,0.7035,0,0,0,0,1,0.6701,0.1721,0.4518,-0.6359,100,0
LJ500_R183_C039,680750,9592750,2022,9,2022-09,0,1,0,0,0,0,0,0,0,1,0.4456,-0.1444,0.0996,-0.5186,100,0
LJ500_R184_C039,680750,9593250,2022,9,2022-09,0,1,0,0,0,0,0,0,0,1,0.3897,-0.0168,0.1951,-0.4028,100,0
LJ500_R184_C066,694250,9593250,2022,9,2022-09,0.0203,0,0,0,0.9797,0,0,0,0,1,0.6773,0.1825,0.4715,-0.6354,100,0
LJ500_R006_C075,698750,9504250,2022,10,2022-10,0.4991,0,0.5009,0,0,0,0,0,0,1,0.776,0.2762,0.5651,-0.7119,38.4,0
LJ500_R011_C068,695250,9506750,2022,10,2022-10,1,0,0,0,0,0,0,0,0,1,0.8161,0.3408,0.6381,-0.739,100,0
LJ500_R012_C055,688750,9507250,2022,10,2022-10,1,0,0,0,0,0,0,0,0,1,0.8163,0.3324,0.6252,-0.7506,100,0
LJ500_R020_C061,691750,9511250,2022,10,2022-10,0,0,1,0,0,0,0,0,0,1,0.5839,0.0079,0.2567,-0.5851,100,0
LJ500_R033_C056,689250,9517750,2022,10,2022-10,0.7601,0,0.2399,0,0,0,0,0,0,1,0.7149,0.1765,0.4555,-0.6506,100,0
LJ500_R035_C085,703750,9518750,2022,10,2022-10,0,0,0.6992,0,0.3008,0,0,0,0,1,0.7339,0.1374,0.4339,-0.678,100,0
LJ500_R039_C072,697250,9520750,2022,10,2022-10,0,0,0.019,0,0.972,0,0,0.0089,0,1,0.4349,0.002,0.1707,-0.4747,100,0
LJ500_R040_C060,691250,9521250,2022,10,2022-10,0.0093,0,0.9907,0,0,0,0,0,0,1,0.365,-0.1642,0.0412,-0.4981,100,0
LJ500_R041_C061,691750,9521750,2022,10,2022-10,0.6217,0,0.3783,0,0,0,0,0,0,1,0.5139,-0.0852,0.1356,-0.5494,100,0
LJ500_R043_C058,690250,9522750,2022,10,2022-10,0,0,0.6724,0,0,0,0,0.3276,0,1,0.4176,-0.1299,0.0968,-0.538,100,0
LJ500_R045_C083,702750,9523750,2022,10,2022-10,0.0975,0,0.9025,0,0,0,0,0,0,1,0.7281,0.1417,0.4382,-0.6725,100,0
LJ500_R046_C064,693250,9524250,2022,10,2022-10,0,0,0.1216,0,0,0.2178,0,0.6606,0,1,0.3176,-0.1633,-0.0037,-0.3962,100,0
LJ500_R048_C071,696750,9525250,2022,10,2022-10,0,0,1,0,0,0,0,0,0,1,0.4203,-0.1033,0.1224,-0.531,100,0
LJ500_R050_C095,708750,9526250,2022,10,2022-10,0.2432,0.6234,0.1334,0,0,0,0,0,0,1,0.7498,0.2239,0.5292,-0.6968,100,0
LJ500_R056_C049,685750,9529250,2022,10,2022-10,0,0,1,0,0,0,0,0,0,1,0.4347,-0.1225,0.0844,-0.513,100,0
LJ500_R058_C079,700750,9530250,2022,10,2022-10,0,0,0.7206,0,0.2794,0,0,0,0,1,0.658,0.0747,0.3358,-0.6305,100,0
LJ500_R063_C060,691250,9532750,2022,10,2022-10,0,0,0.4901,0,0.4472,0.0627,0,0,0,1,0.4791,-0.0418,0.1468,-0.5049,100,0
LJ500_R064_C084,703250,9533250,2022,10,2022-10,0.235,0,0.7298,0,0.0352,0,0,0,0,1,0.8243,0.2375,0.553,-0.7332,100,0
LJ500_R069_C057,689750,9535750,2022,10,2022-10,0,0,0.1213,0,0.8787,0,0,0,0,1,0.3567,-0.1151,0.0838,-0.4446,100,0
LJ500_R072_C062,692250,9537250,2022,10,2022-10,0,0,0.4122,0,0.5878,0,0,0,0,1,0.4602,-0.0935,0.1087,-0.5083,100,0
LJ500_R072_C095,708750,9537250,2022,10,2022-10,0.7205,0.2795,0,0,0,0,0,0,0,1,0.7985,0.2882,0.5838,-0.7327,100,0
LJ500_R074_C074,698250,9538250,2022,10,2022-10,0,0,0.1778,0,0.8222,0,0,0,0,1,0.6096,0.0887,0.3343,-0.5749,100,0
LJ500_R078_C076,699250,9540250,2022,10,2022-10,0.071,0,0.0635,0,0.8655,0,0,0,0,1,0.73,0.1497,0.4431,-0.6501,100,0
LJ500_R079_C076,699250,9540750,2022,10,2022-10,0,0,0,0,0.9922,0.0078,0,0,0,1,0.7556,0.1863,0.473,-0.6859,100,0
LJ500_R093_C071,696750,9547750,2022,10,2022-10,0.1849,0,0,0,0.8151,0,0,0,0,1,0.7295,0.1884,0.4761,-0.6699,100,0
LJ500_R093_C073,697750,9547750,2022,10,2022-10,0.0013,0,0.5724,0,0.4263,0,0,0,0,1,0.7289,0.1561,0.4441,-0.6636,100,0
LJ500_R096_C074,698250,9549250,2022,10,2022-10,0.4564,0,0.2184,0.311,0.0142,0,0,0,0,1,0.7876,0.219,0.5188,-0.7142,100,0
LJ500_R098_C085,703750,9550250,2022,10,2022-10,1,0,0,0,0,0,0,0,0,1,0.8242,0.3331,0.6295,-0.7448,100,0
LJ500_R101_C091,706750,9551750,2022,10,2022-10,0.0455,0.9545,0,0,0,0,0,0,0,1,0.6898,0.1544,0.4401,-0.6654,100,0
LJ500_R106_C080,701250,9554250,2022,10,2022-10,0,0,0.2691,0.5021,0.2289,0,0,0,0,1,0.7396,0.1664,0.4597,-0.6901,100,0
LJ500_R108_C065,693750,9555250,2022,10,2022-10,0,0,0.0703,0.9297,0,0,0,0,0,1,0.7573,0.2094,0.4867,-0.6878,100,0
LJ500_R109_C088,705250,9555750,2022,10,2022-10,1,0,0,0,0,0,0,0,0,1,0.7837,0.2581,0.5548,-0.7171,100,0
LJ500_R119_C079,700750,9560750,2022,10,2022-10,0,0,0.0076,0,0.8026,0.1897,0,0,0,1,0.6821,0.0941,0.3706,-0.6283,100,0
LJ500_R122_C070,696250,9562250,2022,10,2022-10,0,0,0,0,0.635,0.365,0,0,0,1,0.5377,0.0748,0.2894,-0.5148,100,0
LJ500_R125_C065,693750,9563750,2022,10,2022-10,0,0,0.0771,0,0.9229,0,0,0,0,1,0.5682,0.0335,0.2644,-0.5531,100,0
LJ500_R131_C053,687750,9566750,2022,10,2022-10,0,0,0.1735,0,0.8265,0,0,0,0,1,0.5537,0.0336,0.2542,-0.5526,100,0
LJ500_R132_C080,701250,9567250,2022,10,2022-10,0.9327,0,0.0078,0,0.0594,0,0,0,0,1,0.7998,0.2868,0.5882,-0.7145,100,0
LJ500_R138_C087,704750,9570250,2022,10,2022-10,0.2364,0,0.5005,0,0.2631,0,0,0,0,1,0.7706,0.2069,0.515,-0.672,100,0
LJ500_R142_C071,696750,9572250,2022,10,2022-10,0,0,0,0,1,0,0,0,0,1,0.5925,0.0257,0.2689,-0.5577,100,0
LJ500_R145_C054,688250,9573750,2022,10,2022-10,0,0,0.7423,0,0.2577,0,0,0,0,1,0.5808,0.021,0.2866,-0.5755,100,0
LJ500_R147_C083,702750,9574750,2022,10,2022-10,0.3027,0,0,0,0.6973,0,0,0,0,1,0.676,0.1023,0.3809,-0.634,100,0
LJ500_R156_C028,675250,9579250,2022,10,2022-10,0.6724,0,0.3276,0,0,0,0,0,0,1,0.6802,0.186,0.4551,-0.6174,100,0
LJ500_R156_C067,694750,9579250,2022,10,2022-10,0,0,0,0,1,0,0,0,0,1,0.6199,0.0807,0.349,-0.5925,100,0
LJ500_R156_C079,700750,9579250,2022,10,2022-10,1,0,0,0,0,0,0,0,0,1,0.7406,0.2144,0.5086,-0.701,100,0
LJ500_R157_C009,665750,9579750,2022,10,2022-10,0.0008,0,0.666,0,0.3333,0,0,0,0,1,0.608,0.0385,0.3002,-0.5972,100,0
LJ500_R158_C065,693750,9580250,2022,10,2022-10,0,0,0.7476,0.135,0.1174,0,0,0,0,1,0.5811,0.0219,0.28,-0.5794,100,0
LJ500_R160_C074,698250,9581250,2022,10,2022-10,0.325,0,0,0,0.675,0,0,0,0,1,0.7639,0.1872,0.4908,-0.7036,100,0
LJ500_R161_C066,694250,9581750,2022,10,2022-10,0,0,0.0311,0.0756,0.8933,0,0,0,0,1,0.587,0.0548,0.3038,-0.5631,100,0
LJ500_R164_C043,682750,9583250,2022,10,2022-10,0,0.6371,0,0,0.3629,0,0,0,0,1,0.5293,-0.0007,0.2589,-0.5322,100,0
LJ500_R164_C059,690750,9583250,2022,10,2022-10,0.6643,0.3177,0.018,0,0,0,0,0,0,1,0.7487,0.2614,0.5432,-0.6898,100,0
LJ500_R166_C072,697250,9584250,2022,10,2022-10,0,0,0,0,1,0,0,0,0,1,0.6859,0.1203,0.4073,-0.6295,100,0
LJ500_R167_C067,694750,9584750,2022,10,2022-10,0,0,0,0,1,0,0,0,0,1,0.6809,0.1232,0.4072,-0.6203,100,0
LJ500_R168_C045,683750,9585250,2022,10,2022-10,0.083,0.79,0,0,0.1269,0,0,0,0,1,0.5516,0.0192,0.2838,-0.5544,100,0
LJ500_R173_C033,677750,9587750,2022,10,2022-10,0.0493,0.4112,0,0,0.5395,0,0,0,0,1,0.6389,0.1133,0.4002,-0.6009,100,0
LJ500_R178_C063,692750,9590250,2022,10,2022-10,0,0,0,0,1,0,0,0,0,1,0.6699,0.1345,0.4105,-0.62,100,0
LJ500_R179_C046,684250,9590750,2022,10,2022-10,0,1,0,0,0,0,0,0,0,1,0.4708,-0.1161,0.147,-0.5272,100,0
LJ500_R180_C071,696750,9591250,2022,10,2022-10,0.1157,0,0.1808,0,0.7035,0,0,0,0,1,0.6782,0.1308,0.4131,-0.6476,100,0
LJ500_R183_C039,680750,9592750,2022,10,2022-10,0,1,0,0,0,0,0,0,0,1,0.3939,-0.1791,0.0733,-0.4571,100,0
LJ500_R184_C039,680750,9593250,2022,10,2022-10,0,1,0,0,0,0,0,0,0,1,0.3395,-0.0469,0.17,-0.3462,100,0
LJ500_R184_C066,694250,9593250,2022,10,2022-10,0.0203,0,0,0,0.9797,0,0,0,0,1,0.6511,0.1214,0.4099,-0.6208,100,0
LJ500_R006_C075,698750,9504250,2022,11,2022-11,0.4991,0,0.5009,0,0,0,0,0,0,1,,,,,0,1
LJ500_R011_C068,695250,9506750,2022,11,2022-11,1,0,0,0,0,0,0,0,0,1,0.7947,0.375,0.6569,-0.6939,21.92,0
LJ500_R012_C055,688750,9507250,2022,11,2022-11,1,0,0,0,0,0,0,0,0,1,0.7041,0.3301,0.5923,-0.6211,0.96,0
LJ500_R020_C061,691750,9511250,2022,11,2022-11,0,0,1,0,0,0,0,0,0,1,0.4912,0.0129,0.2374,-0.5447,8.32,0
LJ500_R033_C056,689250,9517750,2022,11,2022-11,0.7601,0,0.2399,0,0,0,0,0,0,1,0.6102,0.1537,0.4128,-0.5186,2.24,0
LJ500_R035_C085,703750,9518750,2022,11,2022-11,0,0,0.6992,0,0.3008,0,0,0,0,1,0.676,0.1458,0.4228,-0.6082,100,0
LJ500_R039_C072,697250,9520750,2022,11,2022-11,0,0,0.019,0,0.972,0,0,0.0089,0,1,0.4096,0.0069,0.1426,-0.4292,100,0
LJ500_R040_C060,691250,9521250,2022,11,2022-11,0.0093,0,0.9907,0,0,0,0,0,0,1,0.3254,-0.1852,-0.0002,-0.4196,100,0
LJ500_R041_C061,691750,9521750,2022,11,2022-11,0.6217,0,0.3783,0,0,0,0,0,0,1,0.5214,-0.048,0.1615,-0.5179,100,0
LJ500_R043_C058,690250,9522750,2022,11,2022-11,0,0,0.6724,0,0,0,0,0.3276,0,1,0.4142,-0.138,0.0796,-0.4866,100,0
LJ500_R045_C083,702750,9523750,2022,11,2022-11,0.0975,0,0.9025,0,0,0,0,0,0,1,0.6299,0.1195,0.3873,-0.5659,17.44,0
LJ500_R046_C064,693250,9524250,2022,11,2022-11,0,0,0.1216,0,0,0.2178,0,0.6606,0,1,0.3107,-0.1441,-0.0052,-0.3633,100,0
LJ500_R048_C071,696750,9525250,2022,11,2022-11,0,0,1,0,0,0,0,0,0,1,0.3915,-0.1115,0.0736,-0.4551,21.28,0
LJ500_R050_C095,708750,9526250,2022,11,2022-11,0.2432,0.6234,0.1334,0,0,0,0,0,0,1,,,,,0,1
LJ500_R056_C049,685750,9529250,2022,11,2022-11,0,0,1,0,0,0,0,0,0,1,0.4465,-0.1061,0.0931,-0.4773,100,0
LJ500_R058_C079,700750,9530250,2022,11,2022-11,0,0,0.7206,0,0.2794,0,0,0,0,1,0.5806,0.0701,0.307,-0.5385,100,0
LJ500_R063_C060,691250,9532750,2022,11,2022-11,0,0,0.4901,0,0.4472,0.0627,0,0,0,1,0.5968,0.073,0.284,-0.5556,100,0
LJ500_R064_C084,703250,9533250,2022,11,2022-11,0.235,0,0.7298,0,0.0352,0,0,0,0,1,0.7336,0.2484,0.5407,-0.6255,91.36,0
LJ500_R069_C057,689750,9535750,2022,11,2022-11,0,0,0.1213,0,0.8787,0,0,0,0,1,0.3848,-0.0968,0.0832,-0.4293,100,0
LJ500_R072_C062,692250,9537250,2022,11,2022-11,0,0,0.4122,0,0.5878,0,0,0,0,1,0.4948,-0.0421,0.1479,-0.4953,100,0
LJ500_R072_C095,708750,9537250,2022,11,2022-11,0.7205,0.2795,0,0,0,0,0,0,0,1,0.5843,0.3,0.5592,-0.4984,75.36,0
LJ500_R074_C074,698250,9538250,2022,11,2022-11,0,0,0.1778,0,0.8222,0,0,0,0,1,0.5967,0.1064,0.3395,-0.5336,100,0
LJ500_R078_C076,699250,9540250,2022,11,2022-11,0.071,0,0.0635,0,0.8655,0,0,0,0,1,0.6931,0.1599,0.442,-0.5984,100,0
LJ500_R079_C076,699250,9540750,2022,11,2022-11,0,0,0,0,0.9922,0.0078,0,0,0,1,0.709,0.199,0.4713,-0.6236,100,0
LJ500_R093_C071,696750,9547750,2022,11,2022-11,0.1849,0,0,0,0.8151,0,0,0,0,1,0.6726,0.2258,0.4903,-0.5816,3.2747,0
LJ500_R093_C073,697750,9547750,2022,11,2022-11,0.0013,0,0.5724,0,0.4263,0,0,0,0,1,0.6124,0.1488,0.4051,-0.5387,42.72,0
LJ500_R096_C074,698250,9549250,2022,11,2022-11,0.4564,0,0.2184,0.311,0.0142,0,0,0,0,1,,,,,0,1
LJ500_R098_C085,703750,9550250,2022,11,2022-11,1,0,0,0,0,0,0,0,0,1,0.6947,0.3196,0.5827,-0.6124,100,0
LJ500_R101_C091,706750,9551750,2022,11,2022-11,0.0455,0.9545,0,0,0,0,0,0,0,1,,,,,0,1
LJ500_R106_C080,701250,9554250,2022,11,2022-11,0,0,0.2691,0.5021,0.2289,0,0,0,0,1,0.6289,0.1435,0.3984,-0.577,29.76,0
LJ500_R108_C065,693750,9555250,2022,11,2022-11,0,0,0.0703,0.9297,0,0,0,0,0,1,0.6528,0.1818,0.4076,-0.5845,100,0
LJ500_R109_C088,705250,9555750,2022,11,2022-11,1,0,0,0,0,0,0,0,0,1,0.5839,0.2399,0.4831,-0.5118,30.56,0
LJ500_R119_C079,700750,9560750,2022,11,2022-11,0,0,0.0076,0,0.8026,0.1897,0,0,0,1,0.6233,0.0731,0.3297,-0.5797,100,0
LJ500_R122_C070,696250,9562250,2022,11,2022-11,0,0,0,0,0.635,0.365,0,0,0,1,0.4961,0.0974,0.3027,-0.4544,92.32,0
LJ500_R125_C065,693750,9563750,2022,11,2022-11,0,0,0.0771,0,0.9229,0,0,0,0,1,0.5104,0.0051,0.2156,-0.5152,100,0
LJ500_R131_C053,687750,9566750,2022,11,2022-11,0,0,0.1735,0,0.8265,0,0,0,0,1,0.5402,0.0438,0.2521,-0.5352,100,0
LJ500_R132_C080,701250,9567250,2022,11,2022-11,0.9327,0,0.0078,0,0.0594,0,0,0,0,1,,,,,0,1
LJ500_R138_C087,704750,9570250,2022,11,2022-11,0.2364,0,0.5005,0,0.2631,0,0,0,0,1,0.6376,0.1872,0.45,-0.5479,87.68,0
LJ500_R142_C071,696750,9572250,2022,11,2022-11,0,0,0,0,1,0,0,0,0,1,0.5428,0.0159,0.2431,-0.5194,100,0
LJ500_R145_C054,688250,9573750,2022,11,2022-11,0,0,0.7423,0,0.2577,0,0,0,0,1,0.55,0.0225,0.2653,-0.5393,100,0
LJ500_R147_C083,702750,9574750,2022,11,2022-11,0.3027,0,0,0,0.6973,0,0,0,0,1,0.6169,0.0749,0.3274,-0.5744,100,0
LJ500_R156_C028,675250,9579250,2022,11,2022-11,0.6724,0,0.3276,0,0,0,0,0,0,1,0.6557,0.1943,0.4401,-0.5981,57.6,0
LJ500_R156_C067,694750,9579250,2022,11,2022-11,0,0,0,0,1,0,0,0,0,1,0.5805,0.0877,0.346,-0.5424,33.6,0
LJ500_R156_C079,700750,9579250,2022,11,2022-11,1,0,0,0,0,0,0,0,0,1,0.6317,0.241,0.5082,-0.5789,79.68,0
LJ500_R157_C009,665750,9579750,2022,11,2022-11,0.0008,0,0.666,0,0.3333,0,0,0,0,1,0.5459,-0.0212,0.2092,-0.5469,100,0
LJ500_R158_C065,693750,9580250,2022,11,2022-11,0,0,0.7476,0.135,0.1174,0,0,0,0,1,0.5342,0.0446,0.2942,-0.5178,95.84,0
LJ500_R160_C074,698250,9581250,2022,11,2022-11,0.325,0,0,0,0.675,0,0,0,0,1,,,,,0,1
LJ500_R161_C066,694250,9581750,2022,11,2022-11,0,0,0.0311,0.0756,0.8933,0,0,0,0,1,0.5261,0.0875,0.3317,-0.4934,93.44,0
LJ500_R164_C043,682750,9583250,2022,11,2022-11,0,0.6371,0,0,0.3629,0,0,0,0,1,0.4879,0.0307,0.2735,-0.4769,100,0
LJ500_R164_C059,690750,9583250,2022,11,2022-11,0.6643,0.3177,0.018,0,0,0,0,0,0,1,0.6592,0.2065,0.4806,-0.591,8.8,0
LJ500_R166_C072,697250,9584250,2022,11,2022-11,0,0,0,0,1,0,0,0,0,1,0.639,0.2901,0.551,-0.5446,0.8,0
LJ500_R167_C067,694750,9584750,2022,11,2022-11,0,0,0,0,1,0,0,0,0,1,0.6249,0.146,0.4394,-0.544,16.64,0
LJ500_R168_C045,683750,9585250,2022,11,2022-11,0.083,0.79,0,0,0.1269,0,0,0,0,1,0.4551,0.0404,0.2824,-0.4427,32,0
LJ500_R173_C033,677750,9587750,2022,11,2022-11,0.0493,0.4112,0,0,0.5395,0,0,0,0,1,0.5894,0.1487,0.4097,-0.5454,80.32,0
LJ500_R178_C063,692750,9590250,2022,11,2022-11,0,0,0,0,1,0,0,0,0,1,0.5689,0.2143,0.4658,-0.4919,5.28,0
LJ500_R179_C046,684250,9590750,2022,11,2022-11,0,1,0,0,0,0,0,0,0,1,0.3414,-0.0806,0.159,-0.3736,56.8,0
LJ500_R180_C071,696750,9591250,2022,11,2022-11,0.1157,0,0.1808,0,0.7035,0,0,0,0,1,0.6731,0.1483,0.4333,-0.6212,100,0
LJ500_R183_C039,680750,9592750,2022,11,2022-11,0,1,0,0,0,0,0,0,0,1,0.3183,-0.0349,0.1989,-0.344,4.7833,0
LJ500_R184_C039,680750,9593250,2022,11,2022-11,0,1,0,0,0,0,0,0,0,1,,,,,0,1
LJ500_R184_C066,694250,9593250,2022,11,2022-11,0.0203,0,0,0,0.9797,0,0,0,0,1,0.6299,0.1335,0.4129,-0.5875,54.73,0
LJ500_R006_C075,698750,9504250,2022,12,2022-12,0.4991,0,0.5009,0,0,0,0,0,0,1,0.8086,0.32,0.6064,-0.7337,100,0
LJ500_R011_C068,695250,9506750,2022,12,2022-12,1,0,0,0,0,0,0,0,0,1,0.8448,0.3422,0.6387,-0.7656,100,0
LJ500_R012_C055,688750,9507250,2022,12,2022-12,1,0,0,0,0,0,0,0,0,1,0.8317,0.3562,0.6415,-0.7616,100,0
LJ500_R020_C061,691750,9511250,2022,12,2022-12,0,0,1,0,0,0,0,0,0,1,0.6517,0.0598,0.313,-0.6177,100,0
LJ500_R033_C056,689250,9517750,2022,12,2022-12,0.7601,0,0.2399,0,0,0,0,0,0,1,0.7601,0.2715,0.542,-0.6878,8.96,0
LJ500_R035_C085,703750,9518750,2022,12,2022-12,0,0,0.6992,0,0.3008,0,0,0,0,1,0.7757,0.1773,0.4704,-0.698,100,0
LJ500_R039_C072,697250,9520750,2022,12,2022-12,0,0,0.019,0,0.972,0,0,0.0089,0,1,0.4956,0.0648,0.2179,-0.4982,100,0
LJ500_R040_C060,691250,9521250,2022,12,2022-12,0.0093,0,0.9907,0,0,0,0,0,0,1,0.4106,-0.164,0.0277,-0.4903,100,0
LJ500_R041_C061,691750,9521750,2022,12,2022-12,0.6217,0,0.3783,0,0,0,0,0,0,1,0.6275,0.0161,0.2467,-0.6021,100,0
LJ500_R043_C058,690250,9522750,2022,12,2022-12,0,0,0.6724,0,0,0,0,0.3276,0,1,0.4986,-0.097,0.137,-0.552,100,0
LJ500_R045_C083,702750,9523750,2022,12,2022-12,0.0975,0,0.9025,0,0,0,0,0,0,1,0.7579,0.1639,0.4454,-0.6881,100,0
LJ500_R046_C064,693250,9524250,2022,12,2022-12,0,0,0.1216,0,0,0.2178,0,0.6606,0,1,0.4043,-0.0967,0.0584,-0.4352,100,0
LJ500_R048_C071,696750,9525250,2022,12,2022-12,0,0,1,0,0,0,0,0,0,1,0.5214,-0.0578,0.1717,-0.5495,100,0
LJ500_R050_C095,708750,9526250,2022,12,2022-12,0.2432,0.6234,0.1334,0,0,0,0,0,0,1,0.7607,0.2329,0.5344,-0.7063,100,0
LJ500_R056_C049,685750,9529250,2022,12,2022-12,0,0,1,0,0,0,0,0,0,1,0.469,-0.0971,0.1016,-0.5121,100,0
LJ500_R058_C079,700750,9530250,2022,12,2022-12,0,0,0.7206,0,0.2794,0,0,0,0,1,0.7036,0.1141,0.3743,-0.6497,100,0
LJ500_R063_C060,691250,9532750,2022,12,2022-12,0,0,0.4901,0,0.4472,0.0627,0,0,0,1,0.7285,0.2143,0.4645,-0.656,100,0
LJ500_R064_C084,703250,9533250,2022,12,2022-12,0.235,0,0.7298,0,0.0352,0,0,0,0,1,0.8506,0.2728,0.582,-0.7462,100,0
LJ500_R069_C057,689750,9535750,2022,12,2022-12,0,0,0.1213,0,0.8787,0,0,0,0,1,0.4038,-0.0815,0.1037,-0.4652,100,0
LJ500_R072_C062,692250,9537250,2022,12,2022-12,0,0,0.4122,0,0.5878,0,0,0,0,1,0.5186,-0.0161,0.1824,-0.5259,100,0
LJ500_R072_C095,708750,9537250,2022,12,2022-12,0.7205,0.2795,0,0,0,0,0,0,0,1,0.7775,0.3293,0.6211,-0.7067,22.08,0
LJ500_R074_C074,698250,9538250,2022,12,2022-12,0,0,0.1778,0,0.8222,0,0,0,0,1,0.6247,0.1045,0.3401,-0.5807,100,0
LJ500_R078_C076,699250,9540250,2022,12,2022-12,0.071,0,0.0635,0,0.8655,0,0,0,0,1,0.7329,0.1665,0.4527,-0.6492,100,0
LJ500_R079_C076,699250,9540750,2022,12,2022-12,0,0,0,0,0.9922,0.0078,0,0,0,1,0.7625,0.2112,0.4904,-0.6869,100,0
LJ500_R093_C071,696750,9547750,2022,12,2022-12,0.1849,0,0,0,0.8151,0,0,0,0,1,0.7311,0.1958,0.4813,-0.6679,100,0
LJ500_R093_C073,697750,9547750,2022,12,2022-12,0.0013,0,0.5724,0,0.4263,0,0,0,0,1,0.734,0.1702,0.4556,-0.6659,100,0
LJ500_R096_C074,698250,9549250,2022,12,2022-12,0.4564,0,0.2184,0.311,0.0142,0,0,0,0,1,0.7894,0.2188,0.5156,-0.7112,100,0
LJ500_R098_C085,703750,9550250,2022,12,2022-12,1,0,0,0,0,0,0,0,0,1,0.8221,0.3391,0.6294,-0.7443,100,0
LJ500_R101_C091,706750,9551750,2022,12,2022-12,0.0455,0.9545,0,0,0,0,0,0,0,1,0.6918,0.1612,0.4384,-0.6698,3.6292,0
LJ500_R106_C080,701250,9554250,2022,12,2022-12,0,0,0.2691,0.5021,0.2289,0,0,0,0,1,0.7444,0.1894,0.4775,-0.6846,100,0
LJ500_R108_C065,693750,9555250,2022,12,2022-12,0,0,0.0703,0.9297,0,0,0,0,0,1,0.7479,0.2384,0.4946,-0.6721,100,0
LJ500_R109_C088,705250,9555750,2022,12,2022-12,1,0,0,0,0,0,0,0,0,1,0.74,0.2612,0.5401,-0.6715,100,0
LJ500_R119_C079,700750,9560750,2022,12,2022-12,0,0,0.0076,0,0.8026,0.1897,0,0,0,1,0.6733,0.1196,0.3815,-0.6144,100,0
LJ500_R122_C070,696250,9562250,2022,12,2022-12,0,0,0,0,0.635,0.365,0,0,0,1,0.5564,0.1217,0.331,-0.5275,100,0
LJ500_R125_C065,693750,9563750,2022,12,2022-12,0,0,0.0771,0,0.9229,0,0,0,0,1,0.5753,0.074,0.2981,-0.5575,100,0
LJ500_R131_C053,687750,9566750,2022,12,2022-12,0,0,0.1735,0,0.8265,0,0,0,0,1,0.6475,0.1657,0.4023,-0.5993,100,0
LJ500_R132_C080,701250,9567250,2022,12,2022-12,0.9327,0,0.0078,0,0.0594,0,0,0,0,1,0.7951,0.3097,0.6011,-0.7109,100,0
LJ500_R138_C087,704750,9570250,2022,12,2022-12,0.2364,0,0.5005,0,0.2631,0,0,0,0,1,0.7403,0.1958,0.4678,-0.6596,100,0
LJ500_R142_C071,696750,9572250,2022,12,2022-12,0,0,0,0,1,0,0,0,0,1,0.5865,0.0299,0.258,-0.5725,100,0
LJ500_R145_C054,688250,9573750,2022,12,2022-12,0,0,0.7423,0,0.2577,0,0,0,0,1,0.5083,-0.0716,0.1119,-0.5387,100,0
LJ500_R147_C083,702750,9574750,2022,12,2022-12,0.3027,0,0,0,0.6973,0,0,0,0,1,0.6772,0.1052,0.3659,-0.6329,100,0
LJ500_R156_C028,675250,9579250,2022,12,2022-12,0.6724,0,0.3276,0,0,0,0,0,0,1,0.736,0.1826,0.4553,-0.6801,100,0
LJ500_R156_C067,694750,9579250,2022,12,2022-12,0,0,0,0,1,0,0,0,0,1,0.6278,0.086,0.3474,-0.6075,100,0
LJ500_R156_C079,700750,9579250,2022,12,2022-12,1,0,0,0,0,0,0,0,0,1,0.7484,0.2238,0.5113,-0.7091,100,0
LJ500_R157_C009,665750,9579750,2022,12,2022-12,0.0008,0,0.666,0,0.3333,0,0,0,0,1,0.5429,-0.0016,0.2284,-0.5575,100,0
LJ500_R158_C065,693750,9580250,2022,12,2022-12,0,0,0.7476,0.135,0.1174,0,0,0,0,1,0.5743,0.0104,0.2537,-0.5849,100,0
LJ500_R160_C074,698250,9581250,2022,12,2022-12,0.325,0,0,0,0.675,0,0,0,0,1,0.7842,0.2145,0.5131,-0.7174,100,0
LJ500_R161_C066,694250,9581750,2022,12,2022-12,0,0,0.0311,0.0756,0.8933,0,0,0,0,1,0.5736,0.0492,0.285,-0.5688,100,0
LJ500_R164_C043,682750,9583250,2022,12,2022-12,0,0.6371,0,0,0.3629,0,0,0,0,1,0.553,0.0072,0.2524,-0.5594,100,0
LJ500_R164_C059,690750,9583250,2022,12,2022-12,0.6643,0.3177,0.018,0,0,0,0,0,0,1,0.7617,0.2766,0.5559,-0.7077,100,0
LJ500_R166_C072,697250,9584250,2022,12,2022-12,0,0,0,0,1,0,0,0,0,1,0.7257,0.1919,0.4762,-0.6604,100,0
LJ500_R167_C067,694750,9584750,2022,12,2022-12,0,0,0,0,1,0,0,0,0,1,0.6728,0.1373,0.4109,-0.6261,100,0
LJ500_R168_C045,683750,9585250,2022,12,2022-12,0.083,0.79,0,0,0.1269,0,0,0,0,1,0.5777,0.0442,0.305,-0.5802,100,0
LJ500_R173_C033,677750,9587750,2022,12,2022-12,0.0493,0.4112,0,0,0.5395,0,0,0,0,1,0.6546,0.104,0.375,-0.6299,100,0
LJ500_R178_C063,692750,9590250,2022,12,2022-12,0,0,0,0,1,0,0,0,0,1,0.7042,0.1891,0.4677,-0.6457,100,0
LJ500_R179_C046,684250,9590750,2022,12,2022-12,0,1,0,0,0,0,0,0,0,1,0.4856,-0.1185,0.1287,-0.5438,100,0
LJ500_R180_C071,696750,9591250,2022,12,2022-12,0.1157,0,0.1808,0,0.7035,0,0,0,0,1,0.731,0.1771,0.4651,-0.6863,100,0
LJ500_R183_C039,680750,9592750,2022,12,2022-12,0,1,0,0,0,0,0,0,0,1,0.4365,-0.2209,0.0204,-0.5079,100,0
LJ500_R184_C039,680750,9593250,2022,12,2022-12,0,1,0,0,0,0,0,0,0,1,0.4087,-0.2516,-0.0196,-0.3859,100,0
LJ500_R184_C066,694250,9593250,2022,12,2022-12,0.0203,0,0,0,0.9797,0,0,0,0,1,0.6598,0.1404,0.427,-0.6303,100,0
LJ500_R006_C075,698750,9504250,2023,1,2023-01,0.4991,0,0.5009,0,0,0,0,0,0,1,0.6883,0.3138,0.5417,-0.6096,2.88,0
LJ500_R011_C068,695250,9506750,2023,1,2023-01,1,0,0,0,0,0,0,0,0,1,0.7979,0.3471,0.6379,-0.7147,95.36,0
LJ500_R012_C055,688750,9507250,2023,1,2023-01,1,0,0,0,0,0,0,0,0,1,0.6693,0.3346,0.5709,-0.5961,16.64,0
LJ500_R020_C061,691750,9511250,2023,1,2023-01,0,0,1,0,0,0,0,0,0,1,0.6225,0.0787,0.3346,-0.5798,100,0
LJ500_R033_C056,689250,9517750,2023,1,2023-01,0.7601,0,0.2399,0,0,0,0,0,0,1,0.5953,0.2132,0.4519,-0.5213,61.92,0
LJ500_R035_C085,703750,9518750,2023,1,2023-01,0,0,0.6992,0,0.3008,0,0,0,0,1,0.7624,0.1809,0.4746,-0.6871,68.96,0
LJ500_R039_C072,697250,9520750,2023,1,2023-01,0,0,0.019,0,0.972,0,0,0.0089,0,1,0.4882,0.109,0.2783,-0.4799,100,0
LJ500_R040_C060,691250,9521250,2023,1,2023-01,0.0093,0,0.9907,0,0,0,0,0,0,1,0.3759,-0.1809,0.013,-0.4508,100,0
LJ500_R041_C061,691750,9521750,2023,1,2023-01,0.6217,0,0.3783,0,0,0,0,0,0,1,0.5888,0.0125,0.2453,-0.5755,100,0
LJ500_R043_C058,690250,9522750,2023,1,2023-01,0,0,0.6724,0,0,0,0,0.3276,0,1,0.4876,-0.1164,0.1194,-0.5312,100,0
LJ500_R045_C083,702750,9523750,2023,1,2023-01,0.0975,0,0.9025,0,0,0,0,0,0,1,0.732,0.1571,0.4417,-0.6624,100,0
LJ500_R046_C064,693250,9524250,2023,1,2023-01,0,0,0.1216,0,0,0.2178,0,0.6606,0,1,0.364,-0.1259,0.0288,-0.4046,100,0
LJ500_R048_C071,696750,9525250,2023,1,2023-01,0,0,1,0,0,0,0,0,0,1,0.5297,-0.0667,0.184,-0.5442,100,0
LJ500_R050_C095,708750,9526250,2023,1,2023-01,0.2432,0.6234,0.1334,0,0,0,0,0,0,1,0.5379,0.2542,0.4815,-0.4863,1.28,0
LJ500_R056_C049,685750,9529250,2023,1,2023-01,0,0,1,0,0,0,0,0,0,1,0.437,-0.1296,0.069,-0.4855,100,0
LJ500_R058_C079,700750,9530250,2023,1,2023-01,0,0,0.7206,0,0.2794,0,0,0,0,1,0.6955,0.1667,0.4405,-0.6215,100,0
LJ500_R063_C060,691250,9532750,2023,1,2023-01,0,0,0.4901,0,0.4472,0.0627,0,0,0,1,0.7734,0.2701,0.5256,-0.6992,100,0
LJ500_R064_C084,703250,9533250,2023,1,2023-01,0.235,0,0.7298,0,0.0352,0,0,0,0,1,0.788,0.3061,0.5959,-0.6881,100,0
LJ500_R069_C057,689750,9535750,2023,1,2023-01,0,0,0.1213,0,0.8787,0,0,0,0,1,0.3898,-0.1014,0.0878,-0.4423,100,0
LJ500_R072_C062,692250,9537250,2023,1,2023-01,0,0,0.4122,0,0.5878,0,0,0,0,1,0.5482,-0.0102,0.1969,-0.5453,100,0
LJ500_R072_C095,708750,9537250,2023,1,2023-01,0.7205,0.2795,0,0,0,0,0,0,0,1,0.8019,0.3303,0.6144,-0.7264,24.16,0
LJ500_R074_C074,698250,9538250,2023,1,2023-01,0,0,0.1778,0,0.8222,0,0,0,0,1,0.5907,0.0886,0.3275,-0.5514,100,0
LJ500_R078_C076,699250,9540250,2023,1,2023-01,0.071,0,0.0635,0,0.8655,0,0,0,0,1,0.7043,0.15,0.4377,-0.6239,100,0
LJ500_R079_C076,699250,9540750,2023,1,2023-01,0,0,0,0,0.9922,0.0078,0,0,0,1,0.7543,0.2142,0.4978,-0.671,100,0
LJ500_R093_C071,696750,9547750,2023,1,2023-01,0.1849,0,0,0,0.8151,0,0,0,0,1,0.7385,0.2297,0.5088,-0.6646,76.48,0
LJ500_R093_C073,697750,9547750,2023,1,2023-01,0.0013,0,0.5724,0,0.4263,0,0,0,0,1,0.6858,0.1756,0.4489,-0.6229,100,0
LJ500_R096_C074,698250,9549250,2023,1,2023-01,0.4564,0,0.2184,0.311,0.0142,0,0,0,0,1,0.6922,0.238,0.4961,-0.6138,41.28,0
LJ500_R098_C085,703750,9550250,2023,1,2023-01,1,0,0,0,0,0,0,0,0,1,0.7705,0.3427,0.6148,-0.6906,100,0
LJ500_R101_C091,706750,9551750,2023,1,2023-01,0.0455,0.9545,0,0,0,0,0,0,0,1,0.6395,0.2244,0.4908,-0.5976,100,0
LJ500_R106_C080,701250,9554250,2023,1,2023-01,0,0,0.2691,0.5021,0.2289,0,0,0,0,1,0.708,0.1957,0.4789,-0.6454,100,0
LJ500_R108_C065,693750,9555250,2023,1,2023-01,0,0,0.0703,0.9297,0,0,0,0,0,1,0.7521,0.2743,0.5613,-0.6852,100,0
LJ500_R109_C088,705250,9555750,2023,1,2023-01,1,0,0,0,0,0,0,0,0,1,0.7559,0.2934,0.579,-0.6754,100,0
LJ500_R119_C079,700750,9560750,2023,1,2023-01,0,0,0.0076,0,0.8026,0.1897,0,0,0,1,0.6579,0.0989,0.3691,-0.6043,100,0
LJ500_R122_C070,696250,9562250,2023,1,2023-01,0,0,0,0,0.635,0.365,0,0,0,1,0.515,0.0634,0.2694,-0.5035,100,0
LJ500_R125_C065,693750,9563750,2023,1,2023-01,0,0,0.0771,0,0.9229,0,0,0,0,1,0.5331,0.0425,0.2593,-0.5262,95.2,0
LJ500_R131_C053,687750,9566750,2023,1,2023-01,0,0,0.1735,0,0.8265,0,0,0,0,1,0.6624,0.1473,0.3947,-0.6171,100,0
LJ500_R132_C080,701250,9567250,2023,1,2023-01,0.9327,0,0.0078,0,0.0594,0,0,0,0,1,0.7961,0.3364,0.627,-0.7084,79.68,0
LJ500_R138_C087,704750,9570250,2023,1,2023-01,0.2364,0,0.5005,0,0.2631,0,0,0,0,1,0.6773,0.22,0.4848,-0.5824,100,0
LJ500_R142_C071,696750,9572250,2023,1,2023-01,0,0,0,0,1,0,0,0,0,1,0.5631,0.0258,0.2637,-0.5456,100,0
LJ500_R145_C054,688250,9573750,2023,1,2023-01,0,0,0.7423,0,0.2577,0,0,0,0,1,0.5329,-0.0672,0.1467,-0.5446,100,0
LJ500_R147_C083,702750,9574750,2023,1,2023-01,0.3027,0,0,0,0.6973,0,0,0,0,1,0.6381,0.1247,0.3761,-0.5823,100,0
LJ500_R156_C028,675250,9579250,2023,1,2023-01,0.6724,0,0.3276,0,0,0,0,0,0,1,0.7123,0.3076,0.5577,-0.617,0.16,0
LJ500_R156_C067,694750,9579250,2023,1,2023-01,0,0,0,0,1,0,0,0,0,1,0.6017,0.0661,0.3348,-0.58,100,0
LJ500_R156_C079,700750,9579250,2023,1,2023-01,1,0,0,0,0,0,0,0,0,1,0.7089,0.2464,0.5265,-0.6618,97.44,0
LJ500_R157_C009,665750,9579750,2023,1,2023-01,0.0008,0,0.666,0,0.3333,0,0,0,0,1,0.5473,-0.0416,0.1989,-0.5644,100,0
LJ500_R158_C065,693750,9580250,2023,1,2023-01,0,0,0.7476,0.135,0.1174,0,0,0,0,1,0.5326,-0.0162,0.2298,-0.5399,100,0
LJ500_R160_C074,698250,9581250,2023,1,2023-01,0.325,0,0,0,0.675,0,0,0,0,1,0.6851,0.175,0.4561,-0.6341,100,0
LJ500_R161_C066,694250,9581750,2023,1,2023-01,0,0,0.0311,0.0756,0.8933,0,0,0,0,1,0.5709,0.0521,0.3105,-0.5472,100,0
LJ500_R164_C043,682750,9583250,2023,1,2023-01,0,0.6371,0,0,0.3629,0,0,0,0,1,0.5196,0.0082,0.2699,-0.5139,100,0
LJ500_R164_C059,690750,9583250,2023,1,2023-01,0.6643,0.3177,0.018,0,0,0,0,0,0,1,,,,,0,1
LJ500_R166_C072,697250,9584250,2023,1,2023-01,0,0,0,0,1,0,0,0,0,1,0.6467,0.1401,0.4179,-0.598,82.08,0
LJ500_R167_C067,694750,9584750,2023,1,2023-01,0,0,0,0,1,0,0,0,0,1,0.5719,0.1485,0.4067,-0.5197,78.4,0
LJ500_R168_C045,683750,9585250,2023,1,2023-01,0.083,0.79,0,0,0.1269,0,0,0,0,1,0.5645,0.0285,0.2961,-0.5559,100,0
LJ500_R173_C033,677750,9587750,2023,1,2023-01,0.0493,0.4112,0,0,0.5395,0,0,0,0,1,0.6506,0.1287,0.408,-0.6064,97.28,0
LJ500_R178_C063,692750,9590250,2023,1,2023-01,0,0,0,0,1,0,0,0,0,1,0.6475,0.2004,0.4715,-0.5875,90.88,0
LJ500_R179_C046,684250,9590750,2023,1,2023-01,0,1,0,0,0,0,0,0,0,1,0.3918,-0.1747,0.0769,-0.4547,15.84,0
LJ500_R180_C071,696750,9591250,2023,1,2023-01,0.1157,0,0.1808,0,0.7035,0,0,0,0,1,0.664,0.2178,0.4968,-0.6167,28.64,0
LJ500_R183_C039,680750,9592750,2023,1,2023-01,0,1,0,0,0,0,0,0,0,1,0.4321,-0.1593,0.1074,-0.4717,100,0
LJ500_R184_C039,680750,9593250,2023,1,2023-01,0,1,0,0,0,0,0,0,0,1,0.3898,-0.1631,0.0904,-0.3457,100,0
LJ500_R184_C066,694250,9593250,2023,1,2023-01,0.0203,0,0,0,0.9797,0,0,0,0,1,,,,,0,1
LJ500_R006_C075,698750,9504250,2023,2,2023-02,0.4991,0,0.5009,0,0,0,0,0,0,1,,,,,0,1
LJ500_R011_C068,695250,9506750,2023,2,2023-02,1,0,0,0,0,0,0,0,0,1,,,,,0,1
LJ500_R012_C055,688750,9507250,2023,2,2023-02,1,0,0,0,0,0,0,0,0,1,,,,,0,1
LJ500_R020_C061,691750,9511250,2023,2,2023-02,0,0,1,0,0,0,0,0,0,1,,,,,0,1
LJ500_R033_C056,689250,9517750,2023,2,2023-02,0.7601,0,0.2399,0,0,0,0,0,0,1,0.6825,0.2498,0.5095,-0.6017,12.48,0
LJ500_R035_C085,703750,9518750,2023,2,2023-02,0,0,0.6992,0,0.3008,0,0,0,0,1,0.7608,0.2491,0.5465,-0.6613,29.76,0
LJ500_R039_C072,697250,9520750,2023,2,2023-02,0,0,0.019,0,0.972,0,0,0.0089,0,1,0.6623,0.2556,0.4862,-0.5688,100,0
LJ500_R040_C060,691250,9521250,2023,2,2023-02,0.0093,0,0.9907,0,0,0,0,0,0,1,0.5134,-0.0854,0.1494,-0.5131,100,0
LJ500_R041_C061,691750,9521750,2023,2,2023-02,0.6217,0,0.3783,0,0,0,0,0,0,1,0.7632,0.18,0.4531,-0.6567,100,0
LJ500_R043_C058,690250,9522750,2023,2,2023-02,0,0,0.6724,0,0,0,0,0.3276,0,1,0.5577,-0.0476,0.2191,-0.5638,100,0
LJ500_R045_C083,702750,9523750,2023,2,2023-02,0.0975,0,0.9025,0,0,0,0,0,0,1,0.6238,0.219,0.4792,-0.5508,96.96,0
LJ500_R046_C064,693250,9524250,2023,2,2023-02,0,0,0.1216,0,0,0.2178,0,0.6606,0,1,0.5483,0.073,0.2973,-0.4951,100,0
LJ500_R048_C071,696750,9525250,2023,2,2023-02,0,0,1,0,0,0,0,0,0,1,0.5159,0.0503,0.3127,-0.4639,58.4,0
LJ500_R050_C095,708750,9526250,2023,2,2023-02,0.2432,0.6234,0.1334,0,0,0,0,0,0,1,,,,,0,1
LJ500_R056_C049,685750,9529250,2023,2,2023-02,0,0,1,0,0,0,0,0,0,1,0.5157,-0.0798,0.1412,-0.5191,100,0
LJ500_R058_C079,700750,9530250,2023,2,2023-02,0,0,0.7206,0,0.2794,0,0,0,0,1,0.5723,0.2407,0.4809,-0.4986,100,0
LJ500_R063_C060,691250,9532750,2023,2,2023-02,0,0,0.4901,0,0.4472,0.0627,0,0,0,1,,,,,0,1
LJ500_R064_C084,703250,9533250,2023,2,2023-02,0.235,0,0.7298,0,0.0352,0,0,0,0,1,,,,,0,1
LJ500_R069_C057,689750,9535750,2023,2,2023-02,0,0,0.1213,0,0.8787,0,0,0,0,1,0.3699,0.0329,0.2277,-0.3709,96.16,0
LJ500_R072_C062,692250,9537250,2023,2,2023-02,0,0,0.4122,0,0.5878,0,0,0,0,1,0.5542,0.1373,0.3642,-0.5094,100,0
LJ500_R072_C095,708750,9537250,2023,2,2023-02,0.7205,0.2795,0,0,0,0,0,0,0,1,,,,,0,1
LJ500_R074_C074,698250,9538250,2023,2,2023-02,0,0,0.1778,0,0.8222,0,0,0,0,1,0.664,0.1782,0.4479,-0.5817,42.08,0
LJ500_R078_C076,699250,9540250,2023,2,2023-02,0.071,0,0.0635,0,0.8655,0,0,0,0,1,0.5684,0.2143,0.499,-0.474,5.92,0
LJ500_R079_C076,699250,9540750,2023,2,2023-02,0,0,0,0,0.9922,0.0078,0,0,0,1,,,,,0,1
LJ500_R093_C071,696750,9547750,2023,2,2023-02,0.1849,0,0,0,0.8151,0,0,0,0,1,0.676,0.2776,0.5439,-0.5914,100,0
LJ500_R093_C073,697750,9547750,2023,2,2023-02,0.0013,0,0.5724,0,0.4263,0,0,0,0,1,0.6944,0.2216,0.5042,-0.6076,100,0
LJ500_R096_C074,698250,9549250,2023,2,2023-02,0.4564,0,0.2184,0.311,0.0142,0,0,0,0,1,0.75,0.251,0.5447,-0.6547,100,0
LJ500_R098_C085,703750,9550250,2023,2,2023-02,1,0,0,0,0,0,0,0,0,1,,,,,0,1
LJ500_R101_C091,706750,9551750,2023,2,2023-02,0.0455,0.9545,0,0,0,0,0,0,0,1,,,,,0,1
LJ500_R106_C080,701250,9554250,2023,2,2023-02,0,0,0.2691,0.5021,0.2289,0,0,0,0,1,0.5506,0.2211,0.4634,-0.4973,100,0
LJ500_R108_C065,693750,9555250,2023,2,2023-02,0,0,0.0703,0.9297,0,0,0,0,0,1,,,,,0,1
LJ500_R109_C088,705250,9555750,2023,2,2023-02,1,0,0,0,0,0,0,0,0,1,,,,,0,1
LJ500_R119_C079,700750,9560750,2023,2,2023-02,0,0,0.0076,0,0.8026,0.1897,0,0,0,1,0.5019,0.131,0.3684,-0.4493,59.36,0
LJ500_R122_C070,696250,9562250,2023,2,2023-02,0,0,0,0,0.635,0.365,0,0,0,1,,,,,0,1
LJ500_R125_C065,693750,9563750,2023,2,2023-02,0,0,0.0771,0,0.9229,0,0,0,0,1,,,,,0,1
LJ500_R131_C053,687750,9566750,2023,2,2023-02,0,0,0.1735,0,0.8265,0,0,0,0,1,0.6368,0.1944,0.4403,-0.567,100,0
LJ500_R132_C080,701250,9567250,2023,2,2023-02,0.9327,0,0.0078,0,0.0594,0,0,0,0,1,,,,,0,1
LJ500_R138_C087,704750,9570250,2023,2,2023-02,0.2364,0,0.5005,0,0.2631,0,0,0,0,1,0.6572,0.2256,0.5094,-0.5555,100,0
LJ500_R142_C071,696750,9572250,2023,2,2023-02,0,0,0,0,1,0,0,0,0,1,,,,,0,1
LJ500_R145_C054,688250,9573750,2023,2,2023-02,0,0,0.7423,0,0.2577,0,0,0,0,1,0.4791,0.0345,0.2638,-0.4637,24,0
LJ500_R147_C083,702750,9574750,2023,2,2023-02,0.3027,0,0,0,0.6973,0,0,0,0,1,,,,,0,1
LJ500_R156_C028,675250,9579250,2023,2,2023-02,0.6724,0,0.3276,0,0,0,0,0,0,1,0.6896,0.1802,0.4705,-0.6105,100,0
LJ500_R156_C067,694750,9579250,2023,2,2023-02,0,0,0,0,1,0,0,0,0,1,0.4598,0.0901,0.3279,-0.4341,93.44,0
LJ500_R156_C079,700750,9579250,2023,2,2023-02,1,0,0,0,0,0,0,0,0,1,0.6044,0.2745,0.5265,-0.5469,7.68,0
LJ500_R157_C009,665750,9579750,2023,2,2023-02,0.0008,0,0.666,0,0.3333,0,0,0,0,1,0.6506,0.0572,0.3427,-0.5817,100,0
LJ500_R158_C065,693750,9580250,2023,2,2023-02,0,0,0.7476,0.135,0.1174,0,0,0,0,1,0.5426,0.025,0.3011,-0.5354,1.92,0
LJ500_R160_C074,698250,9581250,2023,2,2023-02,0.325,0,0,0,0.675,0,0,0,0,1,0.6349,0.2048,0.4827,-0.5713,53.12,0
LJ500_R161_C066,694250,9581750,2023,2,2023-02,0,0,0.0311,0.0756,0.8933,0,0,0,0,1,,,,,0,1
LJ500_R164_C043,682750,9583250,2023,2,2023-02,0,0.6371,0,0,0.3629,0,0,0,0,1,0.4592,0.0371,0.2832,-0.4451,88.8,0
LJ500_R164_C059,690750,9583250,2023,2,2023-02,0.6643,0.3177,0.018,0,0,0,0,0,0,1,,,,,0,1
LJ500_R166_C072,697250,9584250,2023,2,2023-02,0,0,0,0,1,0,0,0,0,1,0.5391,0.1874,0.4469,-0.4793,36.96,0
LJ500_R167_C067,694750,9584750,2023,2,2023-02,0,0,0,0,1,0,0,0,0,1,0.6715,0.1971,0.4892,-0.5798,29.6,0
LJ500_R168_C045,683750,9585250,2023,2,2023-02,0.083,0.79,0,0,0.1269,0,0,0,0,1,0.4609,0.0408,0.2876,-0.449,88.96,0
LJ500_R173_C033,677750,9587750,2023,2,2023-02,0.0493,0.4112,0,0,0.5395,0,0,0,0,1,0.5826,0.1506,0.4202,-0.536,100,0
LJ500_R178_C063,692750,9590250,2023,2,2023-02,0,0,0,0,1,0,0,0,0,1,0.6109,0.2119,0.476,-0.5508,28.8,0
LJ500_R179_C046,684250,9590750,2023,2,2023-02,0,1,0,0,0,0,0,0,0,1,0.3892,-0.0823,0.1657,-0.4161,52.64,0
LJ500_R180_C071,696750,9591250,2023,2,2023-02,0.1157,0,0.1808,0,0.7035,0,0,0,0,1,0.6277,0.1743,0.4542,-0.582,85.12,0
LJ500_R183_C039,680750,9592750,2023,2,2023-02,0,1,0,0,0,0,0,0,0,1,0.4059,-0.1604,0.1201,-0.4353,25.17,0
LJ500_R184_C039,680750,9593250,2023,2,2023-02,0,1,0,0,0,0,0,0,0,1,0.4203,-0.1167,0.1557,-0.4582,7.9413,0
LJ500_R184_C066,694250,9593250,2023,2,2023-02,0.0203,0,0,0,0.9797,0,0,0,0,1,,,,,0,1
LJ500_R006_C075,698750,9504250,2023,3,2023-03,0.4991,0,0.5009,0,0,0,0,0,0,1,,,,,0,1
LJ500_R011_C068,695250,9506750,2023,3,2023-03,1,0,0,0,0,0,0,0,0,1,,,,,0,1
LJ500_R012_C055,688750,9507250,2023,3,2023-03,1,0,0,0,0,0,0,0,0,1,,,,,0,1
LJ500_R020_C061,691750,9511250,2023,3,2023-03,0,0,1,0,0,0,0,0,0,1,,,,,0,1
LJ500_R033_C056,689250,9517750,2023,3,2023-03,0.7601,0,0.2399,0,0,0,0,0,0,1,,,,,0,1
LJ500_R035_C085,703750,9518750,2023,3,2023-03,0,0,0.6992,0,0.3008,0,0,0,0,1,,,,,0,1
LJ500_R039_C072,697250,9520750,2023,3,2023-03,0,0,0.019,0,0.972,0,0,0.0089,0,1,,,,,0,1
LJ500_R040_C060,691250,9521250,2023,3,2023-03,0.0093,0,0.9907,0,0,0,0,0,0,1,,,,,0,1
LJ500_R041_C061,691750,9521750,2023,3,2023-03,0.6217,0,0.3783,0,0,0,0,0,0,1,,,,,0,1
LJ500_R043_C058,690250,9522750,2023,3,2023-03,0,0,0.6724,0,0,0,0,0.3276,0,1,,,,,0,1
LJ500_R045_C083,702750,9523750,2023,3,2023-03,0.0975,0,0.9025,0,0,0,0,0,0,1,,,,,0,1
LJ500_R046_C064,693250,9524250,2023,3,2023-03,0,0,0.1216,0,0,0.2178,0,0.6606,0,1,0.3951,0.1361,0.311,-0.3516,11.36,0
LJ500_R048_C071,696750,9525250,2023,3,2023-03,0,0,1,0,0,0,0,0,0,1,,,,,0,1
LJ500_R050_C095,708750,9526250,2023,3,2023-03,0.2432,0.6234,0.1334,0,0,0,0,0,0,1,,,,,0,1
LJ500_R056_C049,685750,9529250,2023,3,2023-03,0,0,1,0,0,0,0,0,0,1,0.4599,0.0113,0.2328,-0.4227,46.4,0
LJ500_R058_C079,700750,9530250,2023,3,2023-03,0,0,0.7206,0,0.2794,0,0,0,0,1,,,,,0,1
LJ500_R063_C060,691250,9532750,2023,3,2023-03,0,0,0.4901,0,0.4472,0.0627,0,0,0,1,,,,,0,1
LJ500_R064_C084,703250,9533250,2023,3,2023-03,0.235,0,0.7298,0,0.0352,0,0,0,0,1,,,,,0,1
LJ500_R069_C057,689750,9535750,2023,3,2023-03,0,0,0.1213,0,0.8787,0,0,0,0,1,,,,,0,1
LJ500_R072_C062,692250,9537250,2023,3,2023-03,0,0,0.4122,0,0.5878,0,0,0,0,1,,,,,0,1
LJ500_R072_C095,708750,9537250,2023,3,2023-03,0.7205,0.2795,0,0,0,0,0,0,0,1,,,,,0,1
LJ500_R074_C074,698250,9538250,2023,3,2023-03,0,0,0.1778,0,0.8222,0,0,0,0,1,,,,,0,1
LJ500_R078_C076,699250,9540250,2023,3,2023-03,0.071,0,0.0635,0,0.8655,0,0,0,0,1,,,,,0,1
LJ500_R079_C076,699250,9540750,2023,3,2023-03,0,0,0,0,0.9922,0.0078,0,0,0,1,,,,,0,1
LJ500_R093_C071,696750,9547750,2023,3,2023-03,0.1849,0,0,0,0.8151,0,0,0,0,1,,,,,0,1
LJ500_R093_C073,697750,9547750,2023,3,2023-03,0.0013,0,0.5724,0,0.4263,0,0,0,0,1,,,,,0,1
LJ500_R096_C074,698250,9549250,2023,3,2023-03,0.4564,0,0.2184,0.311,0.0142,0,0,0,0,1,,,,,0,1
LJ500_R098_C085,703750,9550250,2023,3,2023-03,1,0,0,0,0,0,0,0,0,1,,,,,0,1
LJ500_R101_C091,706750,9551750,2023,3,2023-03,0.0455,0.9545,0,0,0,0,0,0,0,1,,,,,0,1
LJ500_R106_C080,701250,9554250,2023,3,2023-03,0,0,0.2691,0.5021,0.2289,0,0,0,0,1,,,,,0,1
LJ500_R108_C065,693750,9555250,2023,3,2023-03,0,0,0.0703,0.9297,0,0,0,0,0,1,,,,,0,1
LJ500_R109_C088,705250,9555750,2023,3,2023-03,1,0,0,0,0,0,0,0,0,1,,,,,0,1
LJ500_R119_C079,700750,9560750,2023,3,2023-03,0,0,0.0076,0,0.8026,0.1897,0,0,0,1,0.498,0.1844,0.3865,-0.4216,0.96,0
LJ500_R122_C070,696250,9562250,2023,3,2023-03,0,0,0,0,0.635,0.365,0,0,0,1,0.589,0.1828,0.4088,-0.5125,22.4,0
LJ500_R125_C065,693750,9563750,2023,3,2023-03,0,0,0.0771,0,0.9229,0,0,0,0,1,0.6298,0.1464,0.4149,-0.5641,3.2,0
LJ500_R131_C053,687750,9566750,2023,3,2023-03,0,0,0.1735,0,0.8265,0,0,0,0,1,0.626,0.1828,0.4084,-0.5705,34.72,0
LJ500_R132_C080,701250,9567250,2023,3,2023-03,0.9327,0,0.0078,0,0.0594,0,0,0,0,1,,,,,0,1
LJ500_R138_C087,704750,9570250,2023,3,2023-03,0.2364,0,0.5005,0,0.2631,0,0,0,0,1,,,,,0,1
LJ500_R142_C071,696750,9572250,2023,3,2023-03,0,0,0,0,1,0,0,0,0,1,,,,,0,1
LJ500_R145_C054,688250,9573750,2023,3,2023-03,0,0,0.7423,0,0.2577,0,0,0,0,1,0.5925,0.0351,0.2789,-0.5611,66.24,0
LJ500_R147_C083,702750,9574750,2023,3,2023-03,0.3027,0,0,0,0.6973,0,0,0,0,1,,,,,0,1
LJ500_R156_C028,675250,9579250,2023,3,2023-03,0.6724,0,0.3276,0,0,0,0,0,0,1,,,,,0,1
LJ500_R156_C067,694750,9579250,2023,3,2023-03,0,0,0,0,1,0,0,0,0,1,0.4431,0.0888,0.3446,-0.39,2.72,0
LJ500_R156_C079,700750,9579250,2023,3,2023-03,1,0,0,0,0,0,0,0,0,1,,,,,0,1
LJ500_R157_C009,665750,9579750,2023,3,2023-03,0.0008,0,0.666,0,0.3333,0,0,0,0,1,0.7974,0.23,0.5326,-0.664,100,0
LJ500_R158_C065,693750,9580250,2023,3,2023-03,0,0,0.7476,0.135,0.1174,0,0,0,0,1,0.4851,0.0472,0.2704,-0.4605,4,0
LJ500_R160_C074,698250,9581250,2023,3,2023-03,0.325,0,0,0,0.675,0,0,0,0,1,,,,,0,1
LJ500_R161_C066,694250,9581750,2023,3,2023-03,0,0,0.0311,0.0756,0.8933,0,0,0,0,1,,,,,0,1
LJ500_R164_C043,682750,9583250,2023,3,2023-03,0,0.6371,0,0,0.3629,0,0,0,0,1,0.5593,0.0228,0.2785,-0.5404,100,0
LJ500_R164_C059,690750,9583250,2023,3,2023-03,0.6643,0.3177,0.018,0,0,0,0,0,0,1,,,,,0,1
LJ500_R166_C072,697250,9584250,2023,3,2023-03,0,0,0,0,1,0,0,0,0,1,,,,,0,1
LJ500_R167_C067,694750,9584750,2023,3,2023-03,0,0,0,0,1,0,0,0,0,1,,,,,0,1
LJ500_R168_C045,683750,9585250,2023,3,2023-03,0.083,0.79,0,0,0.1269,0,0,0,0,1,0.5806,0.0395,0.3028,-0.5606,100,0
LJ500_R173_C033,677750,9587750,2023,3,2023-03,0.0493,0.4112,0,0,0.5395,0,0,0,0,1,0.6665,0.1525,0.4319,-0.6129,100,0
LJ500_R178_C063,692750,9590250,2023,3,2023-03,0,0,0,0,1,0,0,0,0,1,,,,,0,1
LJ500_R179_C046,684250,9590750,2023,3,2023-03,0,1,0,0,0,0,0,0,0,1,0.4827,-0.1099,0.1453,-0.5212,98.72,0
LJ500_R180_C071,696750,9591250,2023,3,2023-03,0.1157,0,0.1808,0,0.7035,0,0,0,0,1,,,,,0,1
LJ500_R183_C039,680750,9592750,2023,3,2023-03,0,1,0,0,0,0,0,0,0,1,0.4355,-0.1433,0.1128,-0.4763,99.57,0
LJ500_R184_C039,680750,9593250,2023,3,2023-03,0,1,0,0,0,0,0,0,0,1,0.3257,-0.1512,0.0938,-0.2941,90.55,0
LJ500_R184_C066,694250,9593250,2023,3,2023-03,0.0203,0,0,0,0.9797,0,0,0,0,1,,,,,0,1
LJ500_R006_C075,698750,9504250,2023,4,2023-04,0.4991,0,0.5009,0,0,0,0,0,0,1,0.7322,0.3028,0.5816,-0.66,85.6,0
LJ500_R011_C068,695250,9506750,2023,4,2023-04,1,0,0,0,0,0,0,0,0,1,0.7879,0.3243,0.6124,-0.7157,26.4,0
LJ500_R012_C055,688750,9507250,2023,4,2023-04,1,0,0,0,0,0,0,0,0,1,0.2956,0.3959,0.516,-0.2669,99.04,0
LJ500_R020_C061,691750,9511250,2023,4,2023-04,0,0,1,0,0,0,0,0,0,1,0.6899,0.1251,0.3964,-0.6159,100,0
LJ500_R033_C056,689250,9517750,2023,4,2023-04,0.7601,0,0.2399,0,0,0,0,0,0,1,0.711,0.2508,0.5084,-0.6162,87.36,0
LJ500_R035_C085,703750,9518750,2023,4,2023-04,0,0,0.6992,0,0.3008,0,0,0,0,1,0.6906,0.2538,0.5201,-0.6183,100,0
LJ500_R039_C072,697250,9520750,2023,4,2023-04,0,0,0.019,0,0.972,0,0,0.0089,0,1,0.6991,0.2589,0.4926,-0.617,100,0
LJ500_R040_C060,691250,9521250,2023,4,2023-04,0.0093,0,0.9907,0,0,0,0,0,0,1,0.6076,-0.0051,0.2472,-0.5687,100,0
LJ500_R041_C061,691750,9521750,2023,4,2023-04,0.6217,0,0.3783,0,0,0,0,0,0,1,0.8078,0.2482,0.534,-0.696,100,0
LJ500_R043_C058,690250,9522750,2023,4,2023-04,0,0,0.6724,0,0,0,0,0.3276,0,1,0.587,-0.0188,0.242,-0.5778,100,0
LJ500_R045_C083,702750,9523750,2023,4,2023-04,0.0975,0,0.9025,0,0,0,0,0,0,1,0.7107,0.2591,0.5236,-0.6292,100,0
LJ500_R046_C064,693250,9524250,2023,4,2023-04,0,0,0.1216,0,0,0.2178,0,0.6606,0,1,0.5821,0.0965,0.3072,-0.5423,100,0
LJ500_R048_C071,696750,9525250,2023,4,2023-04,0,0,1,0,0,0,0,0,0,1,0.5219,0.094,0.3353,-0.4988,100,0
LJ500_R050_C095,708750,9526250,2023,4,2023-04,0.2432,0.6234,0.1334,0,0,0,0,0,0,1,0.6,0.286,0.5343,-0.5516,100,0
LJ500_R056_C049,685750,9529250,2023,4,2023-04,0,0,1,0,0,0,0,0,0,1,0.5698,-0.0046,0.2199,-0.5446,100,0
LJ500_R058_C079,700750,9530250,2023,4,2023-04,0,0,0.7206,0,0.2794,0,0,0,0,1,0.6971,0.26,0.523,-0.6106,100,0
LJ500_R063_C060,691250,9532750,2023,4,2023-04,0,0,0.4901,0,0.4472,0.0627,0,0,0,1,0.8132,0.3421,0.6047,-0.7322,100,0
LJ500_R064_C084,703250,9533250,2023,4,2023-04,0.235,0,0.7298,0,0.0352,0,0,0,0,1,0.7979,0.3237,0.6131,-0.7083,100,0
LJ500_R069_C057,689750,9535750,2023,4,2023-04,0,0,0.1213,0,0.8787,0,0,0,0,1,0.6268,0.2315,0.4715,-0.5619,100,0
LJ500_R072_C062,692250,9537250,2023,4,2023-04,0,0,0.4122,0,0.5878,0,0,0,0,1,0.6586,0.2678,0.5052,-0.5839,100,0
LJ500_R072_C095,708750,9537250,2023,4,2023-04,0.7205,0.2795,0,0,0,0,0,0,0,1,0.6937,0.2948,0.5591,-0.6342,100,0
LJ500_R074_C074,698250,9538250,2023,4,2023-04,0,0,0.1778,0,0.8222,0,0,0,0,1,0.6102,0.2124,0.4455,-0.5445,100,0
LJ500_R078_C076,699250,9540250,2023,4,2023-04,0.071,0,0.0635,0,0.8655,0,0,0,0,1,0.6638,0.2086,0.4765,-0.5777,100,0
LJ500_R079_C076,699250,9540750,2023,4,2023-04,0,0,0,0,0.9922,0.0078,0,0,0,1,0.7074,0.2626,0.5275,-0.6224,100,0
LJ500_R093_C071,696750,9547750,2023,4,2023-04,0.1849,0,0,0,0.8151,0,0,0,0,1,0.7514,0.2976,0.5678,-0.6674,100,0
LJ500_R093_C073,697750,9547750,2023,4,2023-04,0.0013,0,0.5724,0,0.4263,0,0,0,0,1,0.6869,0.2184,0.4899,-0.6141,100,0
LJ500_R096_C074,698250,9549250,2023,4,2023-04,0.4564,0,0.2184,0.311,0.0142,0,0,0,0,1,0.6788,0.2519,0.5139,-0.6094,100,0
LJ500_R098_C085,703750,9550250,2023,4,2023-04,1,0,0,0,0,0,0,0,0,1,0.665,0.3384,0.5906,-0.5966,100,0
LJ500_R101_C091,706750,9551750,2023,4,2023-04,0.0455,0.9545,0,0,0,0,0,0,0,1,,,,,0,1
LJ500_R106_C080,701250,9554250,2023,4,2023-04,0,0,0.2691,0.5021,0.2289,0,0,0,0,1,0.7131,0.1962,0.4744,-0.6513,100,0
LJ500_R108_C065,693750,9555250,2023,4,2023-04,0,0,0.0703,0.9297,0,0,0,0,0,1,0.5728,0.2961,0.511,-0.5178,100,0
LJ500_R109_C088,705250,9555750,2023,4,2023-04,1,0,0,0,0,0,0,0,0,1,0.3488,0.3263,0.4764,-0.3123,68,0
LJ500_R119_C079,700750,9560750,2023,4,2023-04,0,0,0.0076,0,0.8026,0.1897,0,0,0,1,0.7192,0.1772,0.4455,-0.6403,100,0
LJ500_R122_C070,696250,9562250,2023,4,2023-04,0,0,0,0,0.635,0.365,0,0,0,1,0.5483,0.2072,0.4058,-0.4968,100,0
LJ500_R125_C065,693750,9563750,2023,4,2023-04,0,0,0.0771,0,0.9229,0,0,0,0,1,0.5937,0.1507,0.3756,-0.5517,100,0
LJ500_R131_C053,687750,9566750,2023,4,2023-04,0,0,0.1735,0,0.8265,0,0,0,0,1,0.7083,0.1978,0.4507,-0.6418,100,0
LJ500_R132_C080,701250,9567250,2023,4,2023-04,0.9327,0,0.0078,0,0.0594,0,0,0,0,1,0.6052,0.3344,0.5645,-0.5463,100,0
LJ500_R138_C087,704750,9570250,2023,4,2023-04,0.2364,0,0.5005,0,0.2631,0,0,0,0,1,0.6979,0.2583,0.5325,-0.5988,100,0
LJ500_R142_C071,696750,9572250,2023,4,2023-04,0,0,0,0,1,0,0,0,0,1,0.5729,0.0714,0.3006,-0.547,100,0
LJ500_R145_C054,688250,9573750,2023,4,2023-04,0,0,0.7423,0,0.2577,0,0,0,0,1,0.6013,0.0471,0.271,-0.5809,100,0
LJ500_R147_C083,702750,9574750,2023,4,2023-04,0.3027,0,0,0,0.6973,0,0,0,0,1,0.6134,0.2182,0.4529,-0.5575,55.68,0
LJ500_R156_C028,675250,9579250,2023,4,2023-04,0.6724,0,0.3276,0,0,0,0,0,0,1,0.8174,0.223,0.52,-0.7378,100,0
LJ500_R156_C067,694750,9579250,2023,4,2023-04,0,0,0,0,1,0,0,0,0,1,0.6129,0.13,0.3891,-0.5772,100,0
LJ500_R156_C079,700750,9579250,2023,4,2023-04,1,0,0,0,0,0,0,0,0,1,0.6712,0.2344,0.5006,-0.6329,100,0
LJ500_R157_C009,665750,9579750,2023,4,2023-04,0.0008,0,0.666,0,0.3333,0,0,0,0,1,0.8086,0.2507,0.5494,-0.6897,100,0
LJ500_R158_C065,693750,9580250,2023,4,2023-04,0,0,0.7476,0.135,0.1174,0,0,0,0,1,0.542,0.0116,0.2332,-0.541,100,0
LJ500_R160_C074,698250,9581250,2023,4,2023-04,0.325,0,0,0,0.675,0,0,0,0,1,0.7266,0.2041,0.4819,-0.6667,100,0
LJ500_R161_C066,694250,9581750,2023,4,2023-04,0,0,0.0311,0.0756,0.8933,0,0,0,0,1,0.5688,0.0901,0.3306,-0.5471,100,0
LJ500_R164_C043,682750,9583250,2023,4,2023-04,0,0.6371,0,0,0.3629,0,0,0,0,1,0.5397,0.0464,0.3095,-0.5281,100,0
LJ500_R164_C059,690750,9583250,2023,4,2023-04,0.6643,0.3177,0.018,0,0,0,0,0,0,1,0.7405,0.2966,0.5594,-0.689,100,0
LJ500_R166_C072,697250,9584250,2023,4,2023-04,0,0,0,0,1,0,0,0,0,1,0.6847,0.2091,0.4822,-0.6143,100,0
LJ500_R167_C067,694750,9584750,2023,4,2023-04,0,0,0,0,1,0,0,0,0,1,0.6967,0.203,0.4769,-0.6252,100,0
LJ500_R168_C045,683750,9585250,2023,4,2023-04,0.083,0.79,0,0,0.1269,0,0,0,0,1,0.5778,0.0576,0.3239,-0.5682,100,0
LJ500_R173_C033,677750,9587750,2023,4,2023-04,0.0493,0.4112,0,0,0.5395,0,0,0,0,1,0.6652,0.1479,0.4281,-0.6244,100,0
LJ500_R178_C063,692750,9590250,2023,4,2023-04,0,0,0,0,1,0,0,0,0,1,0.7296,0.2413,0.5151,-0.6582,100,0
LJ500_R179_C046,684250,9590750,2023,4,2023-04,0,1,0,0,0,0,0,0,0,1,0.484,-0.1019,0.1557,-0.5305,100,0
LJ500_R180_C071,696750,9591250,2023,4,2023-04,0.1157,0,0.1808,0,0.7035,0,0,0,0,1,0.6721,0.2004,0.4746,-0.6278,100,0
LJ500_R183_C039,680750,9592750,2023,4,2023-04,0,1,0,0,0,0,0,0,0,1,0.4829,-0.1328,0.1277,-0.5358,100,0
LJ500_R184_C039,680750,9593250,2023,4,2023-04,0,1,0,0,0,0,0,0,0,1,0.5346,-0.2028,0.0377,-0.5445,100,0
LJ500_R184_C066,694250,9593250,2023,4,2023-04,0.0203,0,0,0,0.9797,0,0,0,0,1,0.6163,0.1505,0.4211,-0.5852,96.49,0
LJ500_R006_C075,698750,9504250,2023,5,2023-05,0.4991,0,0.5009,0,0,0,0,0,0,1,,,,,0,1
LJ500_R011_C068,695250,9506750,2023,5,2023-05,1,0,0,0,0,0,0,0,0,1,,,,,0,1
LJ500_R012_C055,688750,9507250,2023,5,2023-05,1,0,0,0,0,0,0,0,0,1,,,,,0,1
LJ500_R020_C061,691750,9511250,2023,5,2023-05,0,0,1,0,0,0,0,0,0,1,,,,,0,1
LJ500_R033_C056,689250,9517750,2023,5,2023-05,0.7601,0,0.2399,0,0,0,0,0,0,1,,,,,0,1
LJ500_R035_C085,703750,9518750,2023,5,2023-05,0,0,0.6992,0,0.3008,0,0,0,0,1,,,,,0,1
LJ500_R039_C072,697250,9520750,2023,5,2023-05,0,0,0.019,0,0.972,0,0,0.0089,0,1,,,,,0,1
LJ500_R040_C060,691250,9521250,2023,5,2023-05,0.0093,0,0.9907,0,0,0,0,0,0,1,0.3307,0.03,0.2723,-0.289,10.08,0
LJ500_R041_C061,691750,9521750,2023,5,2023-05,0.6217,0,0.3783,0,0,0,0,0,0,1,0.494,0.2138,0.4755,-0.4064,0.8,0
LJ500_R043_C058,690250,9522750,2023,5,2023-05,0,0,0.6724,0,0,0,0,0.3276,0,1,,,,,0,1
LJ500_R045_C083,702750,9523750,2023,5,2023-05,0.0975,0,0.9025,0,0,0,0,0,0,1,,,,,0,1
LJ500_R046_C064,693250,9524250,2023,5,2023-05,0,0,0.1216,0,0,0.2178,0,0.6606,0,1,0.5701,0.1675,0.4124,-0.4967,57.6,0
LJ500_R048_C071,696750,9525250,2023,5,2023-05,0,0,1,0,0,0,0,0,0,1,,,,,0,1
LJ500_R050_C095,708750,9526250,2023,5,2023-05,0.2432,0.6234,0.1334,0,0,0,0,0,0,1,,,,,0,1
LJ500_R056_C049,685750,9529250,2023,5,2023-05,0,0,1,0,0,0,0,0,0,1,0.3353,-0.0261,0.1494,-0.338,1.6,0
LJ500_R058_C079,700750,9530250,2023,5,2023-05,0,0,0.7206,0,0.2794,0,0,0,0,1,0.6639,0.3547,0.6377,-0.5202,38.72,0
LJ500_R063_C060,691250,9532750,2023,5,2023-05,0,0,0.4901,0,0.4472,0.0627,0,0,0,1,0.7587,0.3245,0.6047,-0.6593,15.52,0
LJ500_R064_C084,703250,9533250,2023,5,2023-05,0.235,0,0.7298,0,0.0352,0,0,0,0,1,,,,,0,1
LJ500_R069_C057,689750,9535750,2023,5,2023-05,0,0,0.1213,0,0.8787,0,0,0,0,1,0.5432,0.1899,0.432,-0.447,0.48,0
LJ500_R072_C062,692250,9537250,2023,5,2023-05,0,0,0.4122,0,0.5878,0,0,0,0,1,,,,,0,1
LJ500_R072_C095,708750,9537250,2023,5,2023-05,0.7205,0.2795,0,0,0,0,0,0,0,1,,,,,0,1
LJ500_R074_C074,698250,9538250,2023,5,2023-05,0,0,0.1778,0,0.8222,0,0,0,0,1,,,,,0,1
LJ500_R078_C076,699250,9540250,2023,5,2023-05,0.071,0,0.0635,0,0.8655,0,0,0,0,1,,,,,0,1
LJ500_R079_C076,699250,9540750,2023,5,2023-05,0,0,0,0,0.9922,0.0078,0,0,0,1,,,,,0,1
LJ500_R093_C071,696750,9547750,2023,5,2023-05,0.1849,0,0,0,0.8151,0,0,0,0,1,,,,,0,1
LJ500_R093_C073,697750,9547750,2023,5,2023-05,0.0013,0,0.5724,0,0.4263,0,0,0,0,1,,,,,0,1
LJ500_R096_C074,698250,9549250,2023,5,2023-05,0.4564,0,0.2184,0.311,0.0142,0,0,0,0,1,,,,,0,1
LJ500_R098_C085,703750,9550250,2023,5,2023-05,1,0,0,0,0,0,0,0,0,1,,,,,0,1
LJ500_R101_C091,706750,9551750,2023,5,2023-05,0.0455,0.9545,0,0,0,0,0,0,0,1,,,,,0,1
LJ500_R106_C080,701250,9554250,2023,5,2023-05,0,0,0.2691,0.5021,0.2289,0,0,0,0,1,,,,,0,1
LJ500_R108_C065,693750,9555250,2023,5,2023-05,0,0,0.0703,0.9297,0,0,0,0,0,1,,,,,0,1
LJ500_R109_C088,705250,9555750,2023,5,2023-05,1,0,0,0,0,0,0,0,0,1,,,,,0,1
LJ500_R119_C079,700750,9560750,2023,5,2023-05,0,0,0.0076,0,0.8026,0.1897,0,0,0,1,0.6083,0.1863,0.4466,-0.5306,25.28,0
LJ500_R122_C070,696250,9562250,2023,5,2023-05,0,0,0,0,0.635,0.365,0,0,0,1,,,,,0,1
LJ500_R125_C065,693750,9563750,2023,5,2023-05,0,0,0.0771,0,0.9229,0,0,0,0,1,,,,,0,1
LJ500_R131_C053,687750,9566750,2023,5,2023-05,0,0,0.1735,0,0.8265,0,0,0,0,1,,,,,0,1
LJ500_R132_C080,701250,9567250,2023,5,2023-05,0.9327,0,0.0078,0,0.0594,0,0,0,0,1,,,,,0,1
LJ500_R138_C087,704750,9570250,2023,5,2023-05,0.2364,0,0.5005,0,0.2631,0,0,0,0,1,,,,,0,1
LJ500_R142_C071,696750,9572250,2023,5,2023-05,0,0,0,0,1,0,0,0,0,1,,,,,0,1
LJ500_R145_C054,688250,9573750,2023,5,2023-05,0,0,0.7423,0,0.2577,0,0,0,0,1,,,,,0,1
LJ500_R147_C083,702750,9574750,2023,5,2023-05,0.3027,0,0,0,0.6973,0,0,0,0,1,,,,,0,1
LJ500_R156_C028,675250,9579250,2023,5,2023-05,0.6724,0,0.3276,0,0,0,0,0,0,1,,,,,0,1
LJ500_R156_C067,694750,9579250,2023,5,2023-05,0,0,0,0,1,0,0,0,0,1,,,,,0,1
LJ500_R156_C079,700750,9579250,2023,5,2023-05,1,0,0,0,0,0,0,0,0,1,,,,,0,1
LJ500_R157_C009,665750,9579750,2023,5,2023-05,0.0008,0,0.666,0,0.3333,0,0,0,0,1,0.7966,0.312,0.5943,-0.6731,6.56,0
LJ500_R158_C065,693750,9580250,2023,5,2023-05,0,0,0.7476,0.135,0.1174,0,0,0,0,1,,,,,0,1
LJ500_R160_C074,698250,9581250,2023,5,2023-05,0.325,0,0,0,0.675,0,0,0,0,1,,,,,0,1
LJ500_R161_C066,694250,9581750,2023,5,2023-05,0,0,0.0311,0.0756,0.8933,0,0,0,0,1,,,,,0,1
LJ500_R164_C043,682750,9583250,2023,5,2023-05,0,0.6371,0,0,0.3629,0,0,0,0,1,,,,,0,1
LJ500_R164_C059,690750,9583250,2023,5,2023-05,0.6643,0.3177,0.018,0,0,0,0,0,0,1,,,,,0,1
LJ500_R166_C072,697250,9584250,2023,5,2023-05,0,0,0,0,1,0,0,0,0,1,,,,,0,1
LJ500_R167_C067,694750,9584750,2023,5,2023-05,0,0,0,0,1,0,0,0,0,1,,,,,0,1
LJ500_R168_C045,683750,9585250,2023,5,2023-05,0.083,0.79,0,0,0.1269,0,0,0,0,1,,,,,0,1
LJ500_R173_C033,677750,9587750,2023,5,2023-05,0.0493,0.4112,0,0,0.5395,0,0,0,0,1,,,,,0,1
LJ500_R178_C063,692750,9590250,2023,5,2023-05,0,0,0,0,1,0,0,0,0,1,,,,,0,1
LJ500_R179_C046,684250,9590750,2023,5,2023-05,0,1,0,0,0,0,0,0,0,1,,,,,0,1
LJ500_R180_C071,696750,9591250,2023,5,2023-05,0.1157,0,0.1808,0,0.7035,0,0,0,0,1,,,,,0,1
LJ500_R183_C039,680750,9592750,2023,5,2023-05,0,1,0,0,0,0,0,0,0,1,,,,,0,1
LJ500_R184_C039,680750,9593250,2023,5,2023-05,0,1,0,0,0,0,0,0,0,1,,,,,0,1
LJ500_R184_C066,694250,9593250,2023,5,2023-05,0.0203,0,0,0,0.9797,0,0,0,0,1,,,,,0,1
LJ500_R006_C075,698750,9504250,2023,6,2023-06,0.4991,0,0.5009,0,0,0,0,0,0,1,0.7981,0.3318,0.6204,-0.7194,57.6,0
LJ500_R011_C068,695250,9506750,2023,6,2023-06,1,0,0,0,0,0,0,0,0,1,0.8437,0.3367,0.6422,-0.7595,100,0
LJ500_R012_C055,688750,9507250,2023,6,2023-06,1,0,0,0,0,0,0,0,0,1,0.8228,0.3463,0.6353,-0.7467,100,0
LJ500_R020_C061,691750,9511250,2023,6,2023-06,0,0,1,0,0,0,0,0,0,1,0.7423,0.1583,0.4403,-0.6621,100,0
LJ500_R033_C056,689250,9517750,2023,6,2023-06,0.7601,0,0.2399,0,0,0,0,0,0,1,0.8046,0.2871,0.5731,-0.7049,100,0
LJ500_R035_C085,703750,9518750,2023,6,2023-06,0,0,0.6992,0,0.3008,0,0,0,0,1,0.8083,0.2586,0.5648,-0.7171,100,0
LJ500_R039_C072,697250,9520750,2023,6,2023-06,0,0,0.019,0,0.972,0,0,0.0089,0,1,0.6675,0.2221,0.462,-0.6202,100,0
LJ500_R040_C060,691250,9521250,2023,6,2023-06,0.0093,0,0.9907,0,0,0,0,0,0,1,0.6118,0.0122,0.2794,-0.5793,100,0
LJ500_R041_C061,691750,9521750,2023,6,2023-06,0.6217,0,0.3783,0,0,0,0,0,0,1,0.7672,0.1928,0.4853,-0.6838,100,0
LJ500_R043_C058,690250,9522750,2023,6,2023-06,0,0,0.6724,0,0,0,0,0.3276,0,1,0.6109,0.0087,0.2868,-0.5873,100,0
LJ500_R045_C083,702750,9523750,2023,6,2023-06,0.0975,0,0.9025,0,0,0,0,0,0,1,0.8446,0.3108,0.615,-0.74,85.28,0
LJ500_R046_C064,693250,9524250,2023,6,2023-06,0,0,0.1216,0,0,0.2178,0,0.6606,0,1,0.5252,0.0465,0.256,-0.5185,100,0
LJ500_R048_C071,696750,9525250,2023,6,2023-06,0,0,1,0,0,0,0,0,0,1,0.6276,0.0228,0.3014,-0.5981,100,0
LJ500_R050_C095,708750,9526250,2023,6,2023-06,0.2432,0.6234,0.1334,0,0,0,0,0,0,1,0.7568,0.2593,0.5714,-0.6879,59.36,0
LJ500_R056_C049,685750,9529250,2023,6,2023-06,0,0,1,0,0,0,0,0,0,1,0.4914,0.065,0.2779,-0.4611,100,0
LJ500_R058_C079,700750,9530250,2023,6,2023-06,0,0,0.7206,0,0.2794,0,0,0,0,1,0.7707,0.2535,0.5436,-0.6761,100,0
LJ500_R063_C060,691250,9532750,2023,6,2023-06,0,0,0.4901,0,0.4472,0.0627,0,0,0,1,0.7747,0.2685,0.5452,-0.6939,100,0
LJ500_R064_C084,703250,9533250,2023,6,2023-06,0.235,0,0.7298,0,0.0352,0,0,0,0,1,0.851,0.3167,0.6257,-0.7546,100,0
LJ500_R069_C057,689750,9535750,2023,6,2023-06,0,0,0.1213,0,0.8787,0,0,0,0,1,0.6678,0.1386,0.4135,-0.6213,100,0
LJ500_R072_C062,692250,9537250,2023,6,2023-06,0,0,0.4122,0,0.5878,0,0,0,0,1,0.7041,0.1865,0.4578,-0.6291,100,0
LJ500_R072_C095,708750,9537250,2023,6,2023-06,0.7205,0.2795,0,0,0,0,0,0,0,1,0.7535,0.2812,0.5776,-0.6782,20,0
LJ500_R074_C074,698250,9538250,2023,6,2023-06,0,0,0.1778,0,0.8222,0,0,0,0,1,0.6205,0.1686,0.4147,-0.5604,100,0
LJ500_R078_C076,699250,9540250,2023,6,2023-06,0.071,0,0.0635,0,0.8655,0,0,0,0,1,0.7671,0.2169,0.5048,-0.6627,100,0
LJ500_R079_C076,699250,9540750,2023,6,2023-06,0,0,0,0,0.9922,0.0078,0,0,0,1,0.8078,0.2534,0.5418,-0.7196,100,0
LJ500_R093_C071,696750,9547750,2023,6,2023-06,0.1849,0,0,0,0.8151,0,0,0,0,1,0.781,0.2547,0.5479,-0.6998,100,0
LJ500_R093_C073,697750,9547750,2023,6,2023-06,0.0013,0,0.5724,0,0.4263,0,0,0,0,1,0.7415,0.2236,0.514,-0.6578,100,0
LJ500_R096_C074,698250,9549250,2023,6,2023-06,0.4564,0,0.2184,0.311,0.0142,0,0,0,0,1,0.8147,0.2533,0.5463,-0.7293,100,0
LJ500_R098_C085,703750,9550250,2023,6,2023-06,1,0,0,0,0,0,0,0,0,1,0.832,0.3392,0.6387,-0.7455,45.92,0
LJ500_R101_C091,706750,9551750,2023,6,2023-06,0.0455,0.9545,0,0,0,0,0,0,0,1,,,,,0,1
LJ500_R106_C080,701250,9554250,2023,6,2023-06,0,0,0.2691,0.5021,0.2289,0,0,0,0,1,0.7756,0.2331,0.5214,-0.7061,57.6,0
LJ500_R108_C065,693750,9555250,2023,6,2023-06,0,0,0.0703,0.9297,0,0,0,0,0,1,0.8142,0.3108,0.588,-0.7291,100,0
LJ500_R109_C088,705250,9555750,2023,6,2023-06,1,0,0,0,0,0,0,0,0,1,0.1812,0.4026,0.6392,-0.1131,2.56,0
LJ500_R119_C079,700750,9560750,2023,6,2023-06,0,0,0.0076,0,0.8026,0.1897,0,0,0,1,0.6499,0.1523,0.4082,-0.5809,32,0
LJ500_R122_C070,696250,9562250,2023,6,2023-06,0,0,0,0,0.635,0.365,0,0,0,1,0.6233,0.1734,0.3985,-0.5731,90.88,0
LJ500_R125_C065,693750,9563750,2023,6,2023-06,0,0,0.0771,0,0.9229,0,0,0,0,1,0.6248,0.1231,0.3632,-0.584,100,0
LJ500_R131_C053,687750,9566750,2023,6,2023-06,0,0,0.1735,0,0.8265,0,0,0,0,1,0.6145,0.1309,0.393,-0.5853,66.56,0
LJ500_R132_C080,701250,9567250,2023,6,2023-06,0.9327,0,0.0078,0,0.0594,0,0,0,0,1,,,,,0,1
LJ500_R138_C087,704750,9570250,2023,6,2023-06,0.2364,0,0.5005,0,0.2631,0,0,0,0,1,0.7915,0.2576,0.5646,-0.668,100,0
LJ500_R142_C071,696750,9572250,2023,6,2023-06,0,0,0,0,1,0,0,0,0,1,0.663,0.0829,0.344,-0.6097,100,0
LJ500_R145_C054,688250,9573750,2023,6,2023-06,0,0,0.7423,0,0.2577,0,0,0,0,1,0.6237,0.0614,0.3175,-0.5898,99.84,0
LJ500_R147_C083,702750,9574750,2023,6,2023-06,0.3027,0,0,0,0.6973,0,0,0,0,1,0.724,0.2138,0.4949,-0.63,100,0
LJ500_R156_C028,675250,9579250,2023,6,2023-06,0.6724,0,0.3276,0,0,0,0,0,0,1,0.7527,0.2173,0.5161,-0.6676,99.52,0
LJ500_R156_C067,694750,9579250,2023,6,2023-06,0,0,0,0,1,0,0,0,0,1,0.6225,0.1238,0.397,-0.5833,83.2,0
LJ500_R156_C079,700750,9579250,2023,6,2023-06,1,0,0,0,0,0,0,0,0,1,0.6893,0.231,0.5092,-0.6303,64,0
LJ500_R157_C009,665750,9579750,2023,6,2023-06,0.0008,0,0.666,0,0.3333,0,0,0,0,1,0.8009,0.2532,0.5754,-0.6808,100,0
LJ500_R158_C065,693750,9580250,2023,6,2023-06,0,0,0.7476,0.135,0.1174,0,0,0,0,1,0.6147,0.051,0.3003,-0.5809,100,0
LJ500_R160_C074,698250,9581250,2023,6,2023-06,0.325,0,0,0,0.675,0,0,0,0,1,0.7846,0.2199,0.5142,-0.7112,96.8,0
LJ500_R161_C066,694250,9581750,2023,6,2023-06,0,0,0.0311,0.0756,0.8933,0,0,0,0,1,0.6397,0.114,0.3819,-0.5908,100,0
LJ500_R164_C043,682750,9583250,2023,6,2023-06,0,0.6371,0,0,0.3629,0,0,0,0,1,0.5623,0.0153,0.2925,-0.554,100,0
LJ500_R164_C059,690750,9583250,2023,6,2023-06,0.6643,0.3177,0.018,0,0,0,0,0,0,1,0.7622,0.3079,0.5816,-0.694,80.48,0
LJ500_R166_C072,697250,9584250,2023,6,2023-06,0,0,0,0,1,0,0,0,0,1,0.6981,0.2539,0.5191,-0.6117,61.44,0
LJ500_R167_C067,694750,9584750,2023,6,2023-06,0,0,0,0,1,0,0,0,0,1,0.7253,0.2633,0.5402,-0.6281,99.84,0
LJ500_R168_C045,683750,9585250,2023,6,2023-06,0.083,0.79,0,0,0.1269,0,0,0,0,1,0.5127,0.0258,0.2986,-0.5087,56.96,0
LJ500_R173_C033,677750,9587750,2023,6,2023-06,0.0493,0.4112,0,0,0.5395,0,0,0,0,1,0.6877,0.141,0.4426,-0.6429,78.88,0
LJ500_R178_C063,692750,9590250,2023,6,2023-06,0,0,0,0,1,0,0,0,0,1,0.7359,0.2056,0.4907,-0.6654,100,0
LJ500_R179_C046,684250,9590750,2023,6,2023-06,0,1,0,0,0,0,0,0,0,1,,,,,0,1
LJ500_R180_C071,696750,9591250,2023,6,2023-06,0.1157,0,0.1808,0,0.7035,0,0,0,0,1,0.6959,0.1944,0.4684,-0.6391,79.84,0
LJ500_R183_C039,680750,9592750,2023,6,2023-06,0,1,0,0,0,0,0,0,0,1,0.2599,-0.0308,0.1641,-0.2306,0.2174,0
LJ500_R184_C039,680750,9593250,2023,6,2023-06,0,1,0,0,0,0,0,0,0,1,0.1583,-0.0284,0.0683,-0.1656,29.26,0
LJ500_R184_C066,694250,9593250,2023,6,2023-06,0.0203,0,0,0,0.9797,0,0,0,0,1,0.6966,0.1517,0.449,-0.6509,65.68,0
LJ500_R006_C075,698750,9504250,2023,7,2023-07,0.4991,0,0.5009,0,0,0,0,0,0,1,0.652,0.3349,0.5788,-0.5786,17.76,0
LJ500_R011_C068,695250,9506750,2023,7,2023-07,1,0,0,0,0,0,0,0,0,1,0.8049,0.3655,0.6516,-0.7216,92,0
LJ500_R012_C055,688750,9507250,2023,7,2023-07,1,0,0,0,0,0,0,0,0,1,0.8205,0.3666,0.646,-0.747,74.08,0
LJ500_R020_C061,691750,9511250,2023,7,2023-07,0,0,1,0,0,0,0,0,0,1,0.7089,0.1598,0.4383,-0.6498,100,0
LJ500_R033_C056,689250,9517750,2023,7,2023-07,0.7601,0,0.2399,0,0,0,0,0,0,1,0.7936,0.2958,0.5733,-0.7028,100,0
LJ500_R035_C085,703750,9518750,2023,7,2023-07,0,0,0.6992,0,0.3008,0,0,0,0,1,,,,,0,1
LJ500_R039_C072,697250,9520750,2023,7,2023-07,0,0,0.019,0,0.972,0,0,0.0089,0,1,0.5719,0.2221,0.4709,-0.535,95.52,0
LJ500_R040_C060,691250,9521250,2023,7,2023-07,0.0093,0,0.9907,0,0,0,0,0,0,1,0.5621,-0.0066,0.2628,-0.5542,100,0
LJ500_R041_C061,691750,9521750,2023,7,2023-07,0.6217,0,0.3783,0,0,0,0,0,0,1,0.6929,0.1107,0.392,-0.6442,100,0
LJ500_R043_C058,690250,9522750,2023,7,2023-07,0,0,0.6724,0,0,0,0,0.3276,0,1,0.5802,-0.0205,0.2624,-0.563,100,0
LJ500_R045_C083,702750,9523750,2023,7,2023-07,0.0975,0,0.9025,0,0,0,0,0,0,1,0.8367,0.3436,0.6435,-0.7294,21.6,0
LJ500_R046_C064,693250,9524250,2023,7,2023-07,0,0,0.1216,0,0,0.2178,0,0.6606,0,1,0.4854,-0.0138,0.1816,-0.5125,100,0
LJ500_R048_C071,696750,9525250,2023,7,2023-07,0,0,1,0,0,0,0,0,0,1,0.6328,0.0317,0.3087,-0.6278,100,0
LJ500_R050_C095,708750,9526250,2023,7,2023-07,0.2432,0.6234,0.1334,0,0,0,0,0,0,1,0.7089,0.2529,0.5363,-0.6427,100,0
LJ500_R056_C049,685750,9529250,2023,7,2023-07,0,0,1,0,0,0,0,0,0,1,0.5733,0.0106,0.2603,-0.5598,100,0
LJ500_R058_C079,700750,9530250,2023,7,2023-07,0,0,0.7206,0,0.2794,0,0,0,0,1,0.7899,0.2444,0.536,-0.6985,100,0
LJ500_R063_C060,691250,9532750,2023,7,2023-07,0,0,0.4901,0,0.4472,0.0627,0,0,0,1,0.748,0.2211,0.4872,-0.6951,100,0
LJ500_R064_C084,703250,9533250,2023,7,2023-07,0.235,0,0.7298,0,0.0352,0,0,0,0,1,0.8578,0.314,0.6235,-0.7662,100,0
LJ500_R069_C057,689750,9535750,2023,7,2023-07,0,0,0.1213,0,0.8787,0,0,0,0,1,0.5516,0.0513,0.2979,-0.5595,100,0
LJ500_R072_C062,692250,9537250,2023,7,2023-07,0,0,0.4122,0,0.5878,0,0,0,0,1,0.6244,0.0954,0.355,-0.6081,100,0
LJ500_R072_C095,708750,9537250,2023,7,2023-07,0.7205,0.2795,0,0,0,0,0,0,0,1,0.7698,0.3333,0.6059,-0.6949,12.96,0
LJ500_R074_C074,698250,9538250,2023,7,2023-07,0,0,0.1778,0,0.8222,0,0,0,0,1,0.5035,0.2683,0.5048,-0.4542,1.92,0
LJ500_R078_C076,699250,9540250,2023,7,2023-07,0.071,0,0.0635,0,0.8655,0,0,0,0,1,,,,,0,1
LJ500_R079_C076,699250,9540750,2023,7,2023-07,0,0,0,0,0.9922,0.0078,0,0,0,1,,,,,0,1
LJ500_R093_C071,696750,9547750,2023,7,2023-07,0.1849,0,0,0,0.8151,0,0,0,0,1,0.8054,0.3115,0.6016,-0.7234,79.92,0
LJ500_R093_C073,697750,9547750,2023,7,2023-07,0.0013,0,0.5724,0,0.4263,0,0,0,0,1,,,,,0,1
LJ500_R096_C074,698250,9549250,2023,7,2023-07,0.4564,0,0.2184,0.311,0.0142,0,0,0,0,1,0.7914,0.2357,0.5311,-0.7038,7.04,0
LJ500_R098_C085,703750,9550250,2023,7,2023-07,1,0,0,0,0,0,0,0,0,1,0.7741,0.3607,0.6201,-0.7045,10.72,0
LJ500_R101_C091,706750,9551750,2023,7,2023-07,0.0455,0.9545,0,0,0,0,0,0,0,1,,,,,0,1
LJ500_R106_C080,701250,9554250,2023,7,2023-07,0,0,0.2691,0.5021,0.2289,0,0,0,0,1,0.7662,0.2481,0.5361,-0.6949,84.8,0
LJ500_R108_C065,693750,9555250,2023,7,2023-07,0,0,0.0703,0.9297,0,0,0,0,0,1,0.7593,0.3271,0.6131,-0.6451,100,0
LJ500_R109_C088,705250,9555750,2023,7,2023-07,1,0,0,0,0,0,0,0,0,1,0.7792,0.3539,0.6299,-0.6755,0.32,0
LJ500_R119_C079,700750,9560750,2023,7,2023-07,0,0,0.0076,0,0.8026,0.1897,0,0,0,1,,,,,0,1
LJ500_R122_C070,696250,9562250,2023,7,2023-07,0,0,0,0,0.635,0.365,0,0,0,1,0.573,0.1088,0.3243,-0.5446,46.4,0
LJ500_R125_C065,693750,9563750,2023,7,2023-07,0,0,0.0771,0,0.9229,0,0,0,0,1,0.6772,0.1746,0.4468,-0.6232,32,0
LJ500_R131_C053,687750,9566750,2023,7,2023-07,0,0,0.1735,0,0.8265,0,0,0,0,1,0.5644,0.0652,0.3034,-0.5523,100,0
LJ500_R132_C080,701250,9567250,2023,7,2023-07,0.9327,0,0.0078,0,0.0594,0,0,0,0,1,,,,,0,1
LJ500_R138_C087,704750,9570250,2023,7,2023-07,0.2364,0,0.5005,0,0.2631,0,0,0,0,1,0.7192,0.2469,0.5381,-0.6015,55.36,0
LJ500_R142_C071,696750,9572250,2023,7,2023-07,0,0,0,0,1,0,0,0,0,1,,,,,0,1
LJ500_R145_C054,688250,9573750,2023,7,2023-07,0,0,0.7423,0,0.2577,0,0,0,0,1,,,,,0,1
LJ500_R147_C083,702750,9574750,2023,7,2023-07,0.3027,0,0,0,0.6973,0,0,0,0,1,,,,,0,1
LJ500_R156_C028,675250,9579250,2023,7,2023-07,0.6724,0,0.3276,0,0,0,0,0,0,1,0.7579,0.2078,0.4938,-0.6935,100,0
LJ500_R156_C067,694750,9579250,2023,7,2023-07,0,0,0,0,1,0,0,0,0,1,0.5608,0.1552,0.4159,-0.507,26.08,0
LJ500_R156_C079,700750,9579250,2023,7,2023-07,1,0,0,0,0,0,0,0,0,1,,,,,0,1
LJ500_R157_C009,665750,9579750,2023,7,2023-07,0.0008,0,0.666,0,0.3333,0,0,0,0,1,0.7863,0.2091,0.5208,-0.6921,100,0
LJ500_R158_C065,693750,9580250,2023,7,2023-07,0,0,0.7476,0.135,0.1174,0,0,0,0,1,,,,,0,1
LJ500_R160_C074,698250,9581250,2023,7,2023-07,0.325,0,0,0,0.675,0,0,0,0,1,,,,,0,1
LJ500_R161_C066,694250,9581750,2023,7,2023-07,0,0,0.0311,0.0756,0.8933,0,0,0,0,1,,,,,0,1
LJ500_R164_C043,682750,9583250,2023,7,2023-07,0,0.6371,0,0,0.3629,0,0,0,0,1,0.5744,0.0489,0.3132,-0.5619,100,0
LJ500_R164_C059,690750,9583250,2023,7,2023-07,0.6643,0.3177,0.018,0,0,0,0,0,0,1,,,,,0,1
LJ500_R166_C072,697250,9584250,2023,7,2023-07,0,0,0,0,1,0,0,0,0,1,0.6522,0.3914,0.6506,-0.5181,11.2,0
LJ500_R167_C067,694750,9584750,2023,7,2023-07,0,0,0,0,1,0,0,0,0,1,,,,,0,1
LJ500_R168_C045,683750,9585250,2023,7,2023-07,0.083,0.79,0,0,0.1269,0,0,0,0,1,0.598,0.0701,0.3438,-0.5952,95.36,0
LJ500_R173_C033,677750,9587750,2023,7,2023-07,0.0493,0.4112,0,0,0.5395,0,0,0,0,1,0.7106,0.1673,0.4504,-0.6673,100,0
LJ500_R178_C063,692750,9590250,2023,7,2023-07,0,0,0,0,1,0,0,0,0,1,,,,,0,1
LJ500_R179_C046,684250,9590750,2023,7,2023-07,0,1,0,0,0,0,0,0,0,1,,,,,0,1
LJ500_R180_C071,696750,9591250,2023,7,2023-07,0.1157,0,0.1808,0,0.7035,0,0,0,0,1,,,,,0,1
LJ500_R183_C039,680750,9592750,2023,7,2023-07,0,1,0,0,0,0,0,0,0,1,0.4046,-0.1932,0.026,-0.4495,0.104,0
LJ500_R184_C039,680750,9593250,2023,7,2023-07,0,1,0,0,0,0,0,0,0,1,,,,,0,1
LJ500_R184_C066,694250,9593250,2023,7,2023-07,0.0203,0,0,0,0.9797,0,0,0,0,1,0.6157,0.2824,0.5597,-0.5317,2.4325,0
LJ500_R006_C075,698750,9504250,2023,8,2023-08,0.4991,0,0.5009,0,0,0,0,0,0,1,0.7841,0.3398,0.6284,-0.6972,36.16,0
LJ500_R011_C068,695250,9506750,2023,8,2023-08,1,0,0,0,0,0,0,0,0,1,,,,,0,1
LJ500_R012_C055,688750,9507250,2023,8,2023-08,1,0,0,0,0,0,0,0,0,1,0.7826,0.3765,0.644,-0.7161,1.92,0
LJ500_R020_C061,691750,9511250,2023,8,2023-08,0,0,1,0,0,0,0,0,0,1,0.6862,0.1295,0.4244,-0.6453,100,0
LJ500_R033_C056,689250,9517750,2023,8,2023-08,0.7601,0,0.2399,0,0,0,0,0,0,1,0.7001,0.2638,0.5339,-0.6182,95.2,0
LJ500_R035_C085,703750,9518750,2023,8,2023-08,0,0,0.6992,0,0.3008,0,0,0,0,1,0.7928,0.2348,0.548,-0.7104,95.84,0
LJ500_R039_C072,697250,9520750,2023,8,2023-08,0,0,0.019,0,0.972,0,0,0.0089,0,1,0.5406,0.1723,0.3988,-0.5623,100,0
LJ500_R040_C060,691250,9521250,2023,8,2023-08,0.0093,0,0.9907,0,0,0,0,0,0,1,0.4332,-0.106,0.1372,-0.559,100,0
LJ500_R041_C061,691750,9521750,2023,8,2023-08,0.6217,0,0.3783,0,0,0,0,0,0,1,0.5519,-0.0249,0.2374,-0.5861,100,0
LJ500_R043_C058,690250,9522750,2023,8,2023-08,0,0,0.6724,0,0,0,0,0.3276,0,1,0.4579,-0.0874,0.1598,-0.5548,100,0
LJ500_R045_C083,702750,9523750,2023,8,2023-08,0.0975,0,0.9025,0,0,0,0,0,0,1,0.7839,0.2806,0.585,-0.6933,98.24,0
LJ500_R046_C064,693250,9524250,2023,8,2023-08,0,0,0.1216,0,0,0.2178,0,0.6606,0,1,0.3394,-0.0815,0.102,-0.4031,100,0
LJ500_R048_C071,696750,9525250,2023,8,2023-08,0,0,1,0,0,0,0,0,0,1,0.4909,-0.0233,0.2338,-0.54,100,0
LJ500_R050_C095,708750,9526250,2023,8,2023-08,0.2432,0.6234,0.1334,0,0,0,0,0,0,1,,,,,0,1
LJ500_R056_C049,685750,9529250,2023,8,2023-08,0,0,1,0,0,0,0,0,0,1,0.49,-0.0441,0.1829,-0.5339,100,0
LJ500_R058_C079,700750,9530250,2023,8,2023-08,0,0,0.7206,0,0.2794,0,0,0,0,1,0.7379,0.2139,0.5104,-0.6646,100,0
LJ500_R063_C060,691250,9532750,2023,8,2023-08,0,0,0.4901,0,0.4472,0.0627,0,0,0,1,0.3653,-0.0668,0.1156,-0.4103,100,0
LJ500_R064_C084,703250,9533250,2023,8,2023-08,0.235,0,0.7298,0,0.0352,0,0,0,0,1,0.8262,0.3163,0.6359,-0.729,53.44,0
LJ500_R069_C057,689750,9535750,2023,8,2023-08,0,0,0.1213,0,0.8787,0,0,0,0,1,0.3752,-0.0673,0.148,-0.4475,100,0
LJ500_R072_C062,692250,9537250,2023,8,2023-08,0,0,0.4122,0,0.5878,0,0,0,0,1,0.4256,-0.0476,0.1826,-0.4825,100,0
LJ500_R072_C095,708750,9537250,2023,8,2023-08,0.7205,0.2795,0,0,0,0,0,0,0,1,0.6047,0.3303,0.5623,-0.4643,0.8,0
LJ500_R074_C074,698250,9538250,2023,8,2023-08,0,0,0.1778,0,0.8222,0,0,0,0,1,0.5467,0.0607,0.294,-0.5339,100,0
LJ500_R078_C076,699250,9540250,2023,8,2023-08,0.071,0,0.0635,0,0.8655,0,0,0,0,1,0.7674,0.2085,0.516,-0.6696,100,0
LJ500_R079_C076,699250,9540750,2023,8,2023-08,0,0,0,0,0.9922,0.0078,0,0,0,1,0.7526,0.2249,0.5215,-0.6836,100,0
LJ500_R093_C071,696750,9547750,2023,8,2023-08,0.1849,0,0,0,0.8151,0,0,0,0,1,0.7673,0.2524,0.5517,-0.6951,100,0
LJ500_R093_C073,697750,9547750,2023,8,2023-08,0.0013,0,0.5724,0,0.4263,0,0,0,0,1,0.7626,0.2124,0.5144,-0.6821,100,0
LJ500_R096_C074,698250,9549250,2023,8,2023-08,0.4564,0,0.2184,0.311,0.0142,0,0,0,0,1,0.8057,0.2587,0.5652,-0.7195,100,0
LJ500_R098_C085,703750,9550250,2023,8,2023-08,1,0,0,0,0,0,0,0,0,1,,,,,0,1
LJ500_R101_C091,706750,9551750,2023,8,2023-08,0.0455,0.9545,0,0,0,0,0,0,0,1,,,,,0,1
LJ500_R106_C080,701250,9554250,2023,8,2023-08,0,0,0.2691,0.5021,0.2289,0,0,0,0,1,0.7272,0.2,0.4972,-0.6634,18.4,0
LJ500_R108_C065,693750,9555250,2023,8,2023-08,0,0,0.0703,0.9297,0,0,0,0,0,1,,,,,0,1
LJ500_R109_C088,705250,9555750,2023,8,2023-08,1,0,0,0,0,0,0,0,0,1,,,,,0,1
LJ500_R119_C079,700750,9560750,2023,8,2023-08,0,0,0.0076,0,0.8026,0.1897,0,0,0,1,0.5792,0.1132,0.3674,-0.534,40.96,0
LJ500_R122_C070,696250,9562250,2023,8,2023-08,0,0,0,0,0.635,0.365,0,0,0,1,0.517,0.2653,0.5118,-0.4493,0.48,0
LJ500_R125_C065,693750,9563750,2023,8,2023-08,0,0,0.0771,0,0.9229,0,0,0,0,1,0.6013,0.0868,0.3383,-0.5727,100,0
LJ500_R131_C053,687750,9566750,2023,8,2023-08,0,0,0.1735,0,0.8265,0,0,0,0,1,0.5109,0.107,0.3285,-0.5122,54.08,0
LJ500_R132_C080,701250,9567250,2023,8,2023-08,0.9327,0,0.0078,0,0.0594,0,0,0,0,1,,,,,0,1
LJ500_R138_C087,704750,9570250,2023,8,2023-08,0.2364,0,0.5005,0,0.2631,0,0,0,0,1,0.7445,0.3484,0.6424,-0.5987,4.48,0
LJ500_R142_C071,696750,9572250,2023,8,2023-08,0,0,0,0,1,0,0,0,0,1,0.5513,0.0999,0.3641,-0.4873,40.8,0
LJ500_R145_C054,688250,9573750,2023,8,2023-08,0,0,0.7423,0,0.2577,0,0,0,0,1,,,,,0,1
LJ500_R147_C083,702750,9574750,2023,8,2023-08,0.3027,0,0,0,0.6973,0,0,0,0,1,0.7077,0.2124,0.5034,-0.6113,85.76,0
LJ500_R156_C028,675250,9579250,2023,8,2023-08,0.6724,0,0.3276,0,0,0,0,0,0,1,0.6996,0.1935,0.473,-0.6359,100,0
LJ500_R156_C067,694750,9579250,2023,8,2023-08,0,0,0,0,1,0,0,0,0,1,0.6375,0.2158,0.5468,-0.5677,18.08,0
LJ500_R156_C079,700750,9579250,2023,8,2023-08,1,0,0,0,0,0,0,0,0,1,0.6952,0.2732,0.5697,-0.6064,38.4,0
LJ500_R157_C009,665750,9579750,2023,8,2023-08,0.0008,0,0.666,0,0.3333,0,0,0,0,1,0.7092,0.1239,0.4228,-0.6494,100,0
LJ500_R158_C065,693750,9580250,2023,8,2023-08,0,0,0.7476,0.135,0.1174,0,0,0,0,1,,,,,0,1
LJ500_R160_C074,698250,9581250,2023,8,2023-08,0.325,0,0,0,0.675,0,0,0,0,1,0.5879,0.2906,0.5387,-0.5206,1.6,0
LJ500_R161_C066,694250,9581750,2023,8,2023-08,0,0,0.0311,0.0756,0.8933,0,0,0,0,1,,,,,0,1
LJ500_R164_C043,682750,9583250,2023,8,2023-08,0,0.6371,0,0,0.3629,0,0,0,0,1,0.4829,0.0214,0.275,-0.4817,100,0
LJ500_R164_C059,690750,9583250,2023,8,2023-08,0.6643,0.3177,0.018,0,0,0,0,0,0,1,,,,,0,1
LJ500_R166_C072,697250,9584250,2023,8,2023-08,0,0,0,0,1,0,0,0,0,1,,,,,0,1
LJ500_R167_C067,694750,9584750,2023,8,2023-08,0,0,0,0,1,0,0,0,0,1,,,,,0,1
LJ500_R168_C045,683750,9585250,2023,8,2023-08,0.083,0.79,0,0,0.1269,0,0,0,0,1,0.6541,0.3014,0.5796,-0.5892,0.64,0
LJ500_R173_C033,677750,9587750,2023,8,2023-08,0.0493,0.4112,0,0,0.5395,0,0,0,0,1,0.6212,0.1282,0.4207,-0.5918,100,0
LJ500_R178_C063,692750,9590250,2023,8,2023-08,0,0,0,0,1,0,0,0,0,1,0.643,0.3119,0.5632,-0.5553,9.92,0
LJ500_R179_C046,684250,9590750,2023,8,2023-08,0,1,0,0,0,0,0,0,0,1,0.2279,-0.1028,0.1241,-0.2488,13.44,0
LJ500_R180_C071,696750,9591250,2023,8,2023-08,0.1157,0,0.1808,0,0.7035,0,0,0,0,1,,,,,0,1
LJ500_R183_C039,680750,9592750,2023,8,2023-08,0,1,0,0,0,0,0,0,0,1,0.3675,-0.0851,0.1693,-0.3856,2.8265,0
LJ500_R184_C039,680750,9593250,2023,8,2023-08,0,1,0,0,0,0,0,0,0,1,0.3741,-0.1065,0.1444,-0.4009,17.88,0
LJ500_R184_C066,694250,9593250,2023,8,2023-08,0.0203,0,0,0,0.9797,0,0,0,0,1,,,,,0,1
LJ500_R006_C075,698750,9504250,2023,9,2023-09,0.4991,0,0.5009,0,0,0,0,0,0,1,0.5967,0.2282,0.4418,-0.5633,39.04,0
LJ500_R011_C068,695250,9506750,2023,9,2023-09,1,0,0,0,0,0,0,0,0,1,0.7992,0.3511,0.6352,-0.72,100,0
LJ500_R012_C055,688750,9507250,2023,9,2023-09,1,0,0,0,0,0,0,0,0,1,0.7809,0.3334,0.613,-0.7173,100,0
LJ500_R020_C061,691750,9511250,2023,9,2023-09,0,0,1,0,0,0,0,0,0,1,0.5587,0.0289,0.2788,-0.588,100,0
LJ500_R033_C056,689250,9517750,2023,9,2023-09,0.7601,0,0.2399,0,0,0,0,0,0,1,0.7125,0.2227,0.4939,-0.6478,100,0
LJ500_R035_C085,703750,9518750,2023,9,2023-09,0,0,0.6992,0,0.3008,0,0,0,0,1,0.721,0.1384,0.4326,-0.6774,100,0
LJ500_R039_C072,697250,9520750,2023,9,2023-09,0,0,0.019,0,0.972,0,0,0.0089,0,1,0.4886,0.1361,0.3506,-0.5375,100,0
LJ500_R040_C060,691250,9521250,2023,9,2023-09,0.0093,0,0.9907,0,0,0,0,0,0,1,0.3734,-0.1219,0.097,-0.5432,100,0
LJ500_R041_C061,691750,9521750,2023,9,2023-09,0.6217,0,0.3783,0,0,0,0,0,0,1,0.4809,-0.0585,0.1777,-0.5583,100,0
LJ500_R043_C058,690250,9522750,2023,9,2023-09,0,0,0.6724,0,0,0,0,0.3276,0,1,0.4112,-0.1102,0.1203,-0.5611,100,0
LJ500_R045_C083,702750,9523750,2023,9,2023-09,0.0975,0,0.9025,0,0,0,0,0,0,1,0.7013,0.154,0.4436,-0.6692,100,0
LJ500_R046_C064,693250,9524250,2023,9,2023-09,0,0,0.1216,0,0,0.2178,0,0.6606,0,1,0.3128,-0.0975,0.078,-0.4163,100,0
LJ500_R048_C071,696750,9525250,2023,9,2023-09,0,0,1,0,0,0,0,0,0,1,0.4401,-0.0595,0.1777,-0.5585,100,0
LJ500_R050_C095,708750,9526250,2023,9,2023-09,0.2432,0.6234,0.1334,0,0,0,0,0,0,1,0.7404,0.2395,0.5397,-0.6917,100,0
LJ500_R056_C049,685750,9529250,2023,9,2023-09,0,0,1,0,0,0,0,0,0,1,0.4374,-0.0832,0.1216,-0.5312,100,0
LJ500_R058_C079,700750,9530250,2023,9,2023-09,0,0,0.7206,0,0.2794,0,0,0,0,1,0.647,0.1216,0.3928,-0.6192,100,0
LJ500_R063_C060,691250,9532750,2023,9,2023-09,0,0,0.4901,0,0.4472,0.0627,0,0,0,1,0.3453,-0.107,0.0377,-0.4213,100,0
LJ500_R064_C084,703250,9533250,2023,9,2023-09,0.235,0,0.7298,0,0.0352,0,0,0,0,1,0.7748,0.243,0.5451,-0.7038,100,0
LJ500_R069_C057,689750,9535750,2023,9,2023-09,0,0,0.1213,0,0.8787,0,0,0,0,1,0.3081,-0.088,0.1129,-0.4278,100,0
LJ500_R072_C062,692250,9537250,2023,9,2023-09,0,0,0.4122,0,0.5878,0,0,0,0,1,0.3616,-0.1011,0.0966,-0.479,100,0
LJ500_R072_C095,708750,9537250,2023,9,2023-09,0.7205,0.2795,0,0,0,0,0,0,0,1,,,,,0,1
LJ500_R074_C074,698250,9538250,2023,9,2023-09,0,0,0.1778,0,0.8222,0,0,0,0,1,0.4569,0.0126,0.2197,-0.4822,100,0
LJ500_R078_C076,699250,9540250,2023,9,2023-09,0.071,0,0.0635,0,0.8655,0,0,0,0,1,0.6939,0.1327,0.4112,-0.6403,100,0
LJ500_R079_C076,699250,9540750,2023,9,2023-09,0,0,0,0,0.9922,0.0078,0,0,0,1,0.6821,0.1566,0.4251,-0.661,100,0
LJ500_R093_C071,696750,9547750,2023,9,2023-09,0.1849,0,0,0,0.8151,0,0,0,0,1,0.7054,0.1841,0.4679,-0.658,100,0
LJ500_R093_C073,697750,9547750,2023,9,2023-09,0.0013,0,0.5724,0,0.4263,0,0,0,0,1,0.6664,0.1609,0.4346,-0.6106,100,0
LJ500_R096_C074,698250,9549250,2023,9,2023-09,0.4564,0,0.2184,0.311,0.0142,0,0,0,0,1,0.7513,0.2239,0.5105,-0.6855,100,0
LJ500_R098_C085,703750,9550250,2023,9,2023-09,1,0,0,0,0,0,0,0,0,1,0.8119,0.3375,0.6309,-0.7351,100,0
LJ500_R101_C091,706750,9551750,2023,9,2023-09,0.0455,0.9545,0,0,0,0,0,0,0,1,0.6327,0.1706,0.4414,-0.5915,27.31,0
LJ500_R106_C080,701250,9554250,2023,9,2023-09,0,0,0.2691,0.5021,0.2289,0,0,0,0,1,0.6998,0.167,0.4542,-0.6539,100,0
LJ500_R108_C065,693750,9555250,2023,9,2023-09,0,0,0.0703,0.9297,0,0,0,0,0,1,0.7644,0.2736,0.5495,-0.6921,100,0
LJ500_R109_C088,705250,9555750,2023,9,2023-09,1,0,0,0,0,0,0,0,0,1,0.7768,0.2822,0.5706,-0.707,100,0
LJ500_R119_C079,700750,9560750,2023,9,2023-09,0,0,0.0076,0,0.8026,0.1897,0,0,0,1,0.6124,0.0515,0.3046,-0.5934,55.52,0
LJ500_R122_C070,696250,9562250,2023,9,2023-09,0,0,0,0,0.635,0.365,0,0,0,1,0.4715,0.0074,0.1988,-0.4895,100,0
LJ500_R125_C065,693750,9563750,2023,9,2023-09,0,0,0.0771,0,0.9229,0,0,0,0,1,0.5403,-0.0011,0.2164,-0.5567,100,0
LJ500_R131_C053,687750,9566750,2023,9,2023-09,0,0,0.1735,0,0.8265,0,0,0,0,1,0.4637,0.0098,0.2037,-0.4999,100,0
LJ500_R132_C080,701250,9567250,2023,9,2023-09,0.9327,0,0.0078,0,0.0594,0,0,0,0,1,0.8023,0.2992,0.597,-0.7276,100,0
LJ500_R138_C087,704750,9570250,2023,9,2023-09,0.2364,0,0.5005,0,0.2631,0,0,0,0,1,0.7844,0.2293,0.5362,-0.6831,100,0
LJ500_R142_C071,696750,9572250,2023,9,2023-09,0,0,0,0,1,0,0,0,0,1,0.6331,0.052,0.3042,-0.5997,100,0
LJ500_R145_C054,688250,9573750,2023,9,2023-09,0,0,0.7423,0,0.2577,0,0,0,0,1,0.5318,0.0564,0.2969,-0.5224,100,0
LJ500_R147_C083,702750,9574750,2023,9,2023-09,0.3027,0,0,0,0.6973,0,0,0,0,1,0.7073,0.1482,0.4284,-0.6498,100,0
LJ500_R156_C028,675250,9579250,2023,9,2023-09,0.6724,0,0.3276,0,0,0,0,0,0,1,0.6853,0.1466,0.4196,-0.6531,100,0
LJ500_R156_C067,694750,9579250,2023,9,2023-09,0,0,0,0,1,0,0,0,0,1,0.6685,0.1394,0.4178,-0.6275,100,0
LJ500_R156_C079,700750,9579250,2023,9,2023-09,1,0,0,0,0,0,0,0,0,1,0.7464,0.2237,0.5156,-0.6993,100,0
LJ500_R157_C009,665750,9579750,2023,9,2023-09,0.0008,0,0.666,0,0.3333,0,0,0,0,1,0.645,0.0381,0.3103,-0.629,100,0
LJ500_R158_C065,693750,9580250,2023,9,2023-09,0,0,0.7476,0.135,0.1174,0,0,0,0,1,0.6239,0.0459,0.3032,-0.6012,100,0
LJ500_R160_C074,698250,9581250,2023,9,2023-09,0.325,0,0,0,0.675,0,0,0,0,1,0.7394,0.1567,0.444,-0.691,100,0
LJ500_R161_C066,694250,9581750,2023,9,2023-09,0,0,0.0311,0.0756,0.8933,0,0,0,0,1,0.6501,0.1134,0.376,-0.6073,100,0
LJ500_R164_C043,682750,9583250,2023,9,2023-09,0,0.6371,0,0,0.3629,0,0,0,0,1,0.5178,-0.0174,0.2294,-0.5401,100,0
LJ500_R164_C059,690750,9583250,2023,9,2023-09,0.6643,0.3177,0.018,0,0,0,0,0,0,1,0.7646,0.2843,0.5657,-0.7066,100,0
LJ500_R166_C072,697250,9584250,2023,9,2023-09,0,0,0,0,1,0,0,0,0,1,0.7267,0.1758,0.465,-0.6545,100,0
LJ500_R167_C067,694750,9584750,2023,9,2023-09,0,0,0,0,1,0,0,0,0,1,0.7159,0.1501,0.4415,-0.6478,98.88,0
LJ500_R168_C045,683750,9585250,2023,9,2023-09,0.083,0.79,0,0,0.1269,0,0,0,0,1,0.5591,0.0171,0.2928,-0.5742,100,0
LJ500_R173_C033,677750,9587750,2023,9,2023-09,0.0493,0.4112,0,0,0.5395,0,0,0,0,1,0.6031,0.0505,0.3235,-0.6067,100,0
LJ500_R178_C063,692750,9590250,2023,9,2023-09,0,0,0,0,1,0,0,0,0,1,0.6905,0.1633,0.4353,-0.6376,100,0
LJ500_R179_C046,684250,9590750,2023,9,2023-09,0,1,0,0,0,0,0,0,0,1,0.4769,-0.0914,0.164,-0.5342,100,0
LJ500_R180_C071,696750,9591250,2023,9,2023-09,0.1157,0,0.1808,0,0.7035,0,0,0,0,1,0.7466,0.2106,0.5047,-0.6989,100,0
LJ500_R183_C039,680750,9592750,2023,9,2023-09,0,1,0,0,0,0,0,0,0,1,0.4291,-0.1865,0.0511,-0.5129,100,0
LJ500_R184_C039,680750,9593250,2023,9,2023-09,0,1,0,0,0,0,0,0,0,1,0.3706,-0.0482,0.1656,-0.3925,100,0
LJ500_R184_C066,694250,9593250,2023,9,2023-09,0.0203,0,0,0,0.9797,0,0,0,0,1,0.6826,0.1691,0.4586,-0.6443,100,0
LJ500_R006_C075,698750,9504250,2023,10,2023-10,0.4991,0,0.5009,0,0,0,0,0,0,1,0.8307,0.3344,0.622,-0.7628,100,0
LJ500_R011_C068,695250,9506750,2023,10,2023-10,1,0,0,0,0,0,0,0,0,1,0.8473,0.3456,0.6452,-0.7707,100,0
LJ500_R012_C055,688750,9507250,2023,10,2023-10,1,0,0,0,0,0,0,0,0,1,0.8366,0.3394,0.632,-0.7696,100,0
LJ500_R020_C061,691750,9511250,2023,10,2023-10,0,0,1,0,0,0,0,0,0,1,0.551,-0.0052,0.2346,-0.6005,100,0
LJ500_R033_C056,689250,9517750,2023,10,2023-10,0.7601,0,0.2399,0,0,0,0,0,0,1,0.6946,0.1756,0.4509,-0.6513,100,0
LJ500_R035_C085,703750,9518750,2023,10,2023-10,0,0,0.6992,0,0.3008,0,0,0,0,1,0.7073,0.0892,0.3782,-0.6756,100,0
LJ500_R039_C072,697250,9520750,2023,10,2023-10,0,0,0.019,0,0.972,0,0,0.0089,0,1,0.4615,0.1023,0.2975,-0.5267,100,0
LJ500_R040_C060,691250,9521250,2023,10,2023-10,0.0093,0,0.9907,0,0,0,0,0,0,1,0.3288,-0.1314,0.089,-0.4949,100,0
LJ500_R041_C061,691750,9521750,2023,10,2023-10,0.6217,0,0.3783,0,0,0,0,0,0,1,0.4516,-0.0722,0.163,-0.5426,100,0
LJ500_R043_C058,690250,9522750,2023,10,2023-10,0,0,0.6724,0,0,0,0,0.3276,0,1,0.3508,-0.1355,0.09,-0.5078,100,0
LJ500_R045_C083,702750,9523750,2023,10,2023-10,0.0975,0,0.9025,0,0,0,0,0,0,1,0.6838,0.1007,0.3845,-0.6671,100,0
LJ500_R046_C064,693250,9524250,2023,10,2023-10,0,0,0.1216,0,0,0.2178,0,0.6606,0,1,0.2933,-0.1116,0.0579,-0.4063,100,0
LJ500_R048_C071,696750,9525250,2023,10,2023-10,0,0,1,0,0,0,0,0,0,1,0.4057,-0.0935,0.1183,-0.5519,100,0
LJ500_R050_C095,708750,9526250,2023,10,2023-10,0.2432,0.6234,0.1334,0,0,0,0,0,0,1,0.7641,0.2288,0.5342,-0.7142,100,0
LJ500_R056_C049,685750,9529250,2023,10,2023-10,0,0,1,0,0,0,0,0,0,1,0.405,-0.1218,0.074,-0.516,100,0
LJ500_R058_C079,700750,9530250,2023,10,2023-10,0,0,0.7206,0,0.2794,0,0,0,0,1,0.6365,0.0708,0.3291,-0.6258,100,0
LJ500_R063_C060,691250,9532750,2023,10,2023-10,0,0,0.4901,0,0.4472,0.0627,0,0,0,1,0.3575,-0.1132,0.0296,-0.4385,100,0
LJ500_R064_C084,703250,9533250,2023,10,2023-10,0.235,0,0.7298,0,0.0352,0,0,0,0,1,0.8039,0.2279,0.5359,-0.7335,100,0
LJ500_R069_C057,689750,9535750,2023,10,2023-10,0,0,0.1213,0,0.8787,0,0,0,0,1,0.261,-0.1198,0.0672,-0.3718,100,0
LJ500_R072_C062,692250,9537250,2023,10,2023-10,0,0,0.4122,0,0.5878,0,0,0,0,1,0.3259,-0.1262,0.0644,-0.4452,100,0
LJ500_R072_C095,708750,9537250,2023,10,2023-10,0.7205,0.2795,0,0,0,0,0,0,0,1,0.7921,0.2751,0.5677,-0.7295,100,0
LJ500_R074_C074,698250,9538250,2023,10,2023-10,0,0,0.1778,0,0.8222,0,0,0,0,1,0.4597,-0.0352,0.1509,-0.5012,100,0
LJ500_R078_C076,699250,9540250,2023,10,2023-10,0.071,0,0.0635,0,0.8655,0,0,0,0,1,0.6633,0.0805,0.3516,-0.6232,100,0
LJ500_R079_C076,699250,9540750,2023,10,2023-10,0,0,0,0,0.9922,0.0078,0,0,0,1,0.6787,0.1162,0.3821,-0.6625,100,0
LJ500_R093_C071,696750,9547750,2023,10,2023-10,0.1849,0,0,0,0.8151,0,0,0,0,1,0.6954,0.1447,0.433,-0.6584,100,0
LJ500_R093_C073,697750,9547750,2023,10,2023-10,0.0013,0,0.5724,0,0.4263,0,0,0,0,1,0.6966,0.1227,0.4029,-0.6525,100,0
LJ500_R096_C074,698250,9549250,2023,10,2023-10,0.4564,0,0.2184,0.311,0.0142,0,0,0,0,1,0.7778,0.202,0.4965,-0.7131,100,0
LJ500_R098_C085,703750,9550250,2023,10,2023-10,1,0,0,0,0,0,0,0,0,1,0.8282,0.3245,0.621,-0.7524,100,0
LJ500_R101_C091,706750,9551750,2023,10,2023-10,0.0455,0.9545,0,0,0,0,0,0,0,1,0.7111,0.1651,0.4487,-0.6859,100,0
LJ500_R106_C080,701250,9554250,2023,10,2023-10,0,0,0.2691,0.5021,0.2289,0,0,0,0,1,0.7065,0.1451,0.4317,-0.6654,100,0
LJ500_R108_C065,693750,9555250,2023,10,2023-10,0,0,0.0703,0.9297,0,0,0,0,0,1,0.75,0.2347,0.5182,-0.6823,100,0
LJ500_R109_C088,705250,9555750,2023,10,2023-10,1,0,0,0,0,0,0,0,0,1,0.761,0.2731,0.5559,-0.6865,100,0
LJ500_R119_C079,700750,9560750,2023,10,2023-10,0,0,0.0076,0,0.8026,0.1897,0,0,0,1,0.6165,0.05,0.3067,-0.5954,100,0
LJ500_R122_C070,696250,9562250,2023,10,2023-10,0,0,0,0,0.635,0.365,0,0,0,1,0.4442,-0.0175,0.1688,-0.4726,100,0
LJ500_R125_C065,693750,9563750,2023,10,2023-10,0,0,0.0771,0,0.9229,0,0,0,0,1,0.512,-0.0187,0.195,-0.5338,100,0
LJ500_R131_C053,687750,9566750,2023,10,2023-10,0,0,0.1735,0,0.8265,0,0,0,0,1,0.4723,-0.0133,0.1787,-0.5145,100,0
LJ500_R132_C080,701250,9567250,2023,10,2023-10,0.9327,0,0.0078,0,0.0594,0,0,0,0,1,0.8086,0.297,0.5961,-0.7334,100,0
LJ500_R138_C087,704750,9570250,2023,10,2023-10,0.2364,0,0.5005,0,0.2631,0,0,0,0,1,0.7656,0.2219,0.5239,-0.664,100,0
LJ500_R142_C071,696750,9572250,2023,10,2023-10,0,0,0,0,1,0,0,0,0,1,0.5846,0.0218,0.2675,-0.5624,100,0
LJ500_R145_C054,688250,9573750,2023,10,2023-10,0,0,0.7423,0,0.2577,0,0,0,0,1,0.5963,0.0276,0.2699,-0.5882,100,0
LJ500_R147_C083,702750,9574750,2023,10,2023-10,0.3027,0,0,0,0.6973,0,0,0,0,1,0.6871,0.1312,0.398,-0.6344,100,0
LJ500_R156_C028,675250,9579250,2023,10,2023-10,0.6724,0,0.3276,0,0,0,0,0,0,1,0.6358,0.1198,0.3794,-0.6026,100,0
LJ500_R156_C067,694750,9579250,2023,10,2023-10,0,0,0,0,1,0,0,0,0,1,0.5976,0.076,0.3179,-0.5782,100,0
LJ500_R156_C079,700750,9579250,2023,10,2023-10,1,0,0,0,0,0,0,0,0,1,0.7252,0.2094,0.4949,-0.6831,100,0
LJ500_R157_C009,665750,9579750,2023,10,2023-10,0.0008,0,0.666,0,0.3333,0,0,0,0,1,0.5997,0.0201,0.2838,-0.582,100,0
LJ500_R158_C065,693750,9580250,2023,10,2023-10,0,0,0.7476,0.135,0.1174,0,0,0,0,1,0.6083,0.0297,0.2777,-0.5935,100,0
LJ500_R160_C074,698250,9581250,2023,10,2023-10,0.325,0,0,0,0.675,0,0,0,0,1,0.7292,0.1552,0.4312,-0.6835,100,0
LJ500_R161_C066,694250,9581750,2023,10,2023-10,0,0,0.0311,0.0756,0.8933,0,0,0,0,1,0.6254,0.0778,0.3311,-0.597,100,0
LJ500_R164_C043,682750,9583250,2023,10,2023-10,0,0.6371,0,0,0.3629,0,0,0,0,1,0.5075,-0.0283,0.2103,-0.5339,100,0
LJ500_R164_C059,690750,9583250,2023,10,2023-10,0.6643,0.3177,0.018,0,0,0,0,0,0,1,0.7591,0.2587,0.5409,-0.7029,100,0
LJ500_R166_C072,697250,9584250,2023,10,2023-10,0,0,0,0,1,0,0,0,0,1,0.7101,0.1481,0.4276,-0.6428,100,0
LJ500_R167_C067,694750,9584750,2023,10,2023-10,0,0,0,0,1,0,0,0,0,1,0.7014,0.1406,0.4214,-0.6348,100,0
LJ500_R168_C045,683750,9585250,2023,10,2023-10,0.083,0.79,0,0,0.1269,0,0,0,0,1,0.5364,0.0176,0.2776,-0.5492,100,0
LJ500_R173_C033,677750,9587750,2023,10,2023-10,0.0493,0.4112,0,0,0.5395,0,0,0,0,1,0.5523,0.0226,0.2862,-0.5622,100,0
LJ500_R178_C063,692750,9590250,2023,10,2023-10,0,0,0,0,1,0,0,0,0,1,0.6821,0.1485,0.4209,-0.6356,100,0
LJ500_R179_C046,684250,9590750,2023,10,2023-10,0,1,0,0,0,0,0,0,0,1,0.4527,-0.0986,0.1504,-0.5021,100,0
LJ500_R180_C071,696750,9591250,2023,10,2023-10,0.1157,0,0.1808,0,0.7035,0,0,0,0,1,0.7394,0.1756,0.4658,-0.7029,100,0
LJ500_R183_C039,680750,9592750,2023,10,2023-10,0,1,0,0,0,0,0,0,0,1,0.3847,-0.1932,0.0471,-0.4607,100,0
LJ500_R184_C039,680750,9593250,2023,10,2023-10,0,1,0,0,0,0,0,0,0,1,0.3535,-0.0706,0.1478,-0.372,100,0
LJ500_R184_C066,694250,9593250,2023,10,2023-10,0.0203,0,0,0,0.9797,0,0,0,0,1,0.6566,0.1272,0.4135,-0.6312,100,0
LJ500_R006_C075,698750,9504250,2023,11,2023-11,0.4991,0,0.5009,0,0,0,0,0,0,1,,,,,0,1
LJ500_R011_C068,695250,9506750,2023,11,2023-11,1,0,0,0,0,0,0,0,0,1,,,,,0,1
LJ500_R012_C055,688750,9507250,2023,11,2023-11,1,0,0,0,0,0,0,0,0,1,,,,,0,1
LJ500_R020_C061,691750,9511250,2023,11,2023-11,0,0,1,0,0,0,0,0,0,1,0.4862,-0.0027,0.2366,-0.4868,60,0
LJ500_R033_C056,689250,9517750,2023,11,2023-11,0.7601,0,0.2399,0,0,0,0,0,0,1,,,,,0,1
LJ500_R035_C085,703750,9518750,2023,11,2023-11,0,0,0.6992,0,0.3008,0,0,0,0,1,,,,,0,1
LJ500_R039_C072,697250,9520750,2023,11,2023-11,0,0,0.019,0,0.972,0,0,0.0089,0,1,0.426,0.0768,0.2925,-0.4592,64,0
LJ500_R040_C060,691250,9521250,2023,11,2023-11,0.0093,0,0.9907,0,0,0,0,0,0,1,0.2662,-0.1554,0.0326,-0.3827,100,0
LJ500_R041_C061,691750,9521750,2023,11,2023-11,0.6217,0,0.3783,0,0,0,0,0,0,1,0.3839,-0.0577,0.1554,-0.4243,100,0
LJ500_R043_C058,690250,9522750,2023,11,2023-11,0,0,0.6724,0,0,0,0,0.3276,0,1,0.2923,-0.1856,0.0067,-0.3971,100,0
LJ500_R045_C083,702750,9523750,2023,11,2023-11,0.0975,0,0.9025,0,0,0,0,0,0,1,,,,,0,1
LJ500_R046_C064,693250,9524250,2023,11,2023-11,0,0,0.1216,0,0,0.2178,0,0.6606,0,1,0.2521,-0.1223,0.0369,-0.3353,100,0
LJ500_R048_C071,696750,9525250,2023,11,2023-11,0,0,1,0,0,0,0,0,0,1,,,,,0,1
LJ500_R050_C095,708750,9526250,2023,11,2023-11,0.2432,0.6234,0.1334,0,0,0,0,0,0,1,,,,,0,1
LJ500_R056_C049,685750,9529250,2023,11,2023-11,0,0,1,0,0,0,0,0,0,1,0.3069,-0.1623,0.0105,-0.3915,100,0
LJ500_R058_C079,700750,9530250,2023,11,2023-11,0,0,0.7206,0,0.2794,0,0,0,0,1,,,,,0,1
LJ500_R063_C060,691250,9532750,2023,11,2023-11,0,0,0.4901,0,0.4472,0.0627,0,0,0,1,0.3673,-0.0744,0.0857,-0.406,100,0
LJ500_R064_C084,703250,9533250,2023,11,2023-11,0.235,0,0.7298,0,0.0352,0,0,0,0,1,0.5728,0.1401,0.4189,-0.5041,0.32,0
LJ500_R069_C057,689750,9535750,2023,11,2023-11,0,0,0.1213,0,0.8787,0,0,0,0,1,0.2457,-0.1085,0.0634,-0.3361,91.52,0
LJ500_R072_C062,692250,9537250,2023,11,2023-11,0,0,0.4122,0,0.5878,0,0,0,0,1,0.3013,-0.1222,0.0746,-0.3938,100,0
LJ500_R072_C095,708750,9537250,2023,11,2023-11,0.7205,0.2795,0,0,0,0,0,0,0,1,,,,,0,1
LJ500_R074_C074,698250,9538250,2023,11,2023-11,0,0,0.1778,0,0.8222,0,0,0,0,1,,,,,0,1
LJ500_R078_C076,699250,9540250,2023,11,2023-11,0.071,0,0.0635,0,0.8655,0,0,0,0,1,,,,,0,1
LJ500_R079_C076,699250,9540750,2023,11,2023-11,0,0,0,0,0.9922,0.0078,0,0,0,1,0.5182,0.1144,0.3518,-0.4789,9.28,0
LJ500_R093_C071,696750,9547750,2023,11,2023-11,0.1849,0,0,0,0.8151,0,0,0,0,1,,,,,0,1
LJ500_R093_C073,697750,9547750,2023,11,2023-11,0.0013,0,0.5724,0,0.4263,0,0,0,0,1,0.539,0.0694,0.3171,-0.5268,7.2,0
LJ500_R096_C074,698250,9549250,2023,11,2023-11,0.4564,0,0.2184,0.311,0.0142,0,0,0,0,1,,,,,0,1
LJ500_R098_C085,703750,9550250,2023,11,2023-11,1,0,0,0,0,0,0,0,0,1,0.7319,0.3254,0.5995,-0.6516,7.52,0
LJ500_R101_C091,706750,9551750,2023,11,2023-11,0.0455,0.9545,0,0,0,0,0,0,0,1,,,,,0,1
LJ500_R106_C080,701250,9554250,2023,11,2023-11,0,0,0.2691,0.5021,0.2289,0,0,0,0,1,0.6242,0.1337,0.4048,-0.5821,100,0
LJ500_R108_C065,693750,9555250,2023,11,2023-11,0,0,0.0703,0.9297,0,0,0,0,0,1,0.6422,0.1759,0.4275,-0.5775,100,0
LJ500_R109_C088,705250,9555750,2023,11,2023-11,1,0,0,0,0,0,0,0,0,1,0.6447,0.2801,0.5338,-0.5659,2.72,0
LJ500_R119_C079,700750,9560750,2023,11,2023-11,0,0,0.0076,0,0.8026,0.1897,0,0,0,1,0.3308,-0.0033,0.1884,-0.3379,22.08,0
LJ500_R122_C070,696250,9562250,2023,11,2023-11,0,0,0,0,0.635,0.365,0,0,0,1,,,,,0,1
LJ500_R125_C065,693750,9563750,2023,11,2023-11,0,0,0.0771,0,0.9229,0,0,0,0,1,0.4264,-0.0569,0.14,-0.4618,100,0
LJ500_R131_C053,687750,9566750,2023,11,2023-11,0,0,0.1735,0,0.8265,0,0,0,0,1,0.4215,-0.0218,0.1856,-0.4644,100,0
LJ500_R132_C080,701250,9567250,2023,11,2023-11,0.9327,0,0.0078,0,0.0594,0,0,0,0,1,0.7422,0.3075,0.5845,-0.6603,37.92,0
LJ500_R138_C087,704750,9570250,2023,11,2023-11,0.2364,0,0.5005,0,0.2631,0,0,0,0,1,0.6941,0.1962,0.4884,-0.5983,64.16,0
LJ500_R142_C071,696750,9572250,2023,11,2023-11,0,0,0,0,1,0,0,0,0,1,0.4731,-0.0563,0.1587,-0.4811,100,0
LJ500_R145_C054,688250,9573750,2023,11,2023-11,0,0,0.7423,0,0.2577,0,0,0,0,1,0.5595,0.0266,0.2766,-0.5348,88.16,0
LJ500_R147_C083,702750,9574750,2023,11,2023-11,0.3027,0,0,0,0.6973,0,0,0,0,1,0.5708,0.1434,0.3952,-0.5059,91.36,0
LJ500_R156_C028,675250,9579250,2023,11,2023-11,0.6724,0,0.3276,0,0,0,0,0,0,1,0.6428,0.1387,0.4047,-0.5723,75.68,0
LJ500_R156_C067,694750,9579250,2023,11,2023-11,0,0,0,0,1,0,0,0,0,1,0.572,0.0889,0.369,-0.5256,15.52,0
LJ500_R156_C079,700750,9579250,2023,11,2023-11,1,0,0,0,0,0,0,0,0,1,0.6852,0.2169,0.4935,-0.6354,92.32,0
LJ500_R157_C009,665750,9579750,2023,11,2023-11,0.0008,0,0.666,0,0.3333,0,0,0,0,1,0.5588,-0.0485,0.2057,-0.5535,100,0
LJ500_R158_C065,693750,9580250,2023,11,2023-11,0,0,0.7476,0.135,0.1174,0,0,0,0,1,0.4794,-0.0221,0.1898,-0.4821,44.64,0
LJ500_R160_C074,698250,9581250,2023,11,2023-11,0.325,0,0,0,0.675,0,0,0,0,1,0.7024,0.2261,0.5041,-0.6263,19.04,0
LJ500_R161_C066,694250,9581750,2023,11,2023-11,0,0,0.0311,0.0756,0.8933,0,0,0,0,1,0.5221,0.0328,0.2672,-0.5105,100,0
LJ500_R164_C043,682750,9583250,2023,11,2023-11,0,0.6371,0,0,0.3629,0,0,0,0,1,0.4289,-0.0525,0.1848,-0.4479,100,0
LJ500_R164_C059,690750,9583250,2023,11,2023-11,0.6643,0.3177,0.018,0,0,0,0,0,0,1,,,,,0,1
LJ500_R166_C072,697250,9584250,2023,11,2023-11,0,0,0,0,1,0,0,0,0,1,0.6858,0.1872,0.4674,-0.6108,62.72,0
LJ500_R167_C067,694750,9584750,2023,11,2023-11,0,0,0,0,1,0,0,0,0,1,,,,,0,1
LJ500_R168_C045,683750,9585250,2023,11,2023-11,0.083,0.79,0,0,0.1269,0,0,0,0,1,0.6202,0.1268,0.4132,-0.59,14.72,0
LJ500_R173_C033,677750,9587750,2023,11,2023-11,0.0493,0.4112,0,0,0.5395,0,0,0,0,1,0.506,-0.0113,0.2579,-0.5165,99.52,0
LJ500_R178_C063,692750,9590250,2023,11,2023-11,0,0,0,0,1,0,0,0,0,1,,,,,0,1
LJ500_R179_C046,684250,9590750,2023,11,2023-11,0,1,0,0,0,0,0,0,0,1,0.3757,-0.1307,0.1256,-0.4024,61.28,0
LJ500_R180_C071,696750,9591250,2023,11,2023-11,0.1157,0,0.1808,0,0.7035,0,0,0,0,1,,,,,0,1
LJ500_R183_C039,680750,9592750,2023,11,2023-11,0,1,0,0,0,0,0,0,0,1,0.3659,-0.2314,0.0277,-0.4189,29.04,0
LJ500_R184_C039,680750,9593250,2023,11,2023-11,0,1,0,0,0,0,0,0,0,1,,,,,0,1
LJ500_R184_C066,694250,9593250,2023,11,2023-11,0.0203,0,0,0,0.9797,0,0,0,0,1,0.5501,0.0256,0.3134,-0.528,0.8108,0
LJ500_R006_C075,698750,9504250,2023,12,2023-12,0.4991,0,0.5009,0,0,0,0,0,0,1,0.8044,0.3472,0.6294,-0.7261,100,0
LJ500_R011_C068,695250,9506750,2023,12,2023-12,1,0,0,0,0,0,0,0,0,1,0.8072,0.3025,0.5966,-0.7348,72.64,0
LJ500_R012_C055,688750,9507250,2023,12,2023-12,1,0,0,0,0,0,0,0,0,1,0.8207,0.3498,0.64,-0.7504,52,0
LJ500_R020_C061,691750,9511250,2023,12,2023-12,0,0,1,0,0,0,0,0,0,1,0.5827,0.0005,0.2511,-0.5719,100,0
LJ500_R033_C056,689250,9517750,2023,12,2023-12,0.7601,0,0.2399,0,0,0,0,0,0,1,,,,,0,1
LJ500_R035_C085,703750,9518750,2023,12,2023-12,0,0,0.6992,0,0.3008,0,0,0,0,1,0.616,0.0055,0.2414,-0.589,100,0
LJ500_R039_C072,697250,9520750,2023,12,2023-12,0,0,0.019,0,0.972,0,0,0.0089,0,1,0.3727,-0.0365,0.1205,-0.4171,100,0
LJ500_R040_C060,691250,9521250,2023,12,2023-12,0.0093,0,0.9907,0,0,0,0,0,0,1,0.3842,-0.1858,0.0132,-0.4582,100,0
LJ500_R041_C061,691750,9521750,2023,12,2023-12,0.6217,0,0.3783,0,0,0,0,0,0,1,0.522,-0.0435,0.1784,-0.5307,100,0
LJ500_R043_C058,690250,9522750,2023,12,2023-12,0,0,0.6724,0,0,0,0,0.3276,0,1,0.391,-0.2105,-0.0161,-0.4653,100,0
LJ500_R045_C083,702750,9523750,2023,12,2023-12,0.0975,0,0.9025,0,0,0,0,0,0,1,0.6892,0.0982,0.371,-0.6426,100,0
LJ500_R046_C064,693250,9524250,2023,12,2023-12,0,0,0.1216,0,0,0.2178,0,0.6606,0,1,0.3535,-0.1072,0.0539,-0.3936,100,0
LJ500_R048_C071,696750,9525250,2023,12,2023-12,0,0,1,0,0,0,0,0,0,1,0.2568,-0.1913,-0.1139,-0.3176,100,0
LJ500_R050_C095,708750,9526250,2023,12,2023-12,0.2432,0.6234,0.1334,0,0,0,0,0,0,1,0.7107,0.2569,0.5346,-0.657,14.08,0
LJ500_R056_C049,685750,9529250,2023,12,2023-12,0,0,1,0,0,0,0,0,0,1,0.3983,-0.1596,0.012,-0.4368,100,0
LJ500_R058_C079,700750,9530250,2023,12,2023-12,0,0,0.7206,0,0.2794,0,0,0,0,1,0.6719,0.0868,0.3459,-0.6186,100,0
LJ500_R063_C060,691250,9532750,2023,12,2023-12,0,0,0.4901,0,0.4472,0.0627,0,0,0,1,0.6168,0.0813,0.2951,-0.578,100,0
LJ500_R064_C084,703250,9533250,2023,12,2023-12,0.235,0,0.7298,0,0.0352,0,0,0,0,1,0.7354,0.178,0.472,-0.6569,100,0
LJ500_R069_C057,689750,9535750,2023,12,2023-12,0,0,0.1213,0,0.8787,0,0,0,0,1,0.3168,-0.1472,0.0177,-0.3789,100,0
LJ500_R072_C062,692250,9537250,2023,12,2023-12,0,0,0.4122,0,0.5878,0,0,0,0,1,0.4511,-0.0696,0.1135,-0.4686,100,0
LJ500_R072_C095,708750,9537250,2023,12,2023-12,0.7205,0.2795,0,0,0,0,0,0,0,1,0.6858,0.2831,0.553,-0.6206,95.84,0
LJ500_R074_C074,698250,9538250,2023,12,2023-12,0,0,0.1778,0,0.8222,0,0,0,0,1,0.5097,0.0334,0.2224,-0.4907,100,0
LJ500_R078_C076,699250,9540250,2023,12,2023-12,0.071,0,0.0635,0,0.8655,0,0,0,0,1,0.5518,0.0314,0.2868,-0.5129,87.2,0
LJ500_R079_C076,699250,9540750,2023,12,2023-12,0,0,0,0,0.9922,0.0078,0,0,0,1,0.5442,0.0918,0.3195,-0.5205,37.28,0
LJ500_R093_C071,696750,9547750,2023,12,2023-12,0.1849,0,0,0,0.8151,0,0,0,0,1,0.6118,0.1166,0.3819,-0.5742,98.47,0
LJ500_R093_C073,697750,9547750,2023,12,2023-12,0.0013,0,0.5724,0,0.4263,0,0,0,0,1,0.6398,0.1287,0.3944,-0.5846,67.2,0
LJ500_R096_C074,698250,9549250,2023,12,2023-12,0.4564,0,0.2184,0.311,0.0142,0,0,0,0,1,0.6313,0.1653,0.4307,-0.5792,100,0
LJ500_R098_C085,703750,9550250,2023,12,2023-12,1,0,0,0,0,0,0,0,0,1,0.7197,0.3108,0.5759,-0.6507,38.56,0
LJ500_R101_C091,706750,9551750,2023,12,2023-12,0.0455,0.9545,0,0,0,0,0,0,0,1,0.5292,0.1724,0.416,-0.4929,100,0
LJ500_R106_C080,701250,9554250,2023,12,2023-12,0,0,0.2691,0.5021,0.2289,0,0,0,0,1,0.5819,0.1213,0.3762,-0.5533,100,0
LJ500_R108_C065,693750,9555250,2023,12,2023-12,0,0,0.0703,0.9297,0,0,0,0,0,1,0.6351,0.2072,0.4507,-0.5762,100,0
LJ500_R109_C088,705250,9555750,2023,12,2023-12,1,0,0,0,0,0,0,0,0,1,0.5885,0.2796,0.508,-0.5272,58.08,0
LJ500_R119_C079,700750,9560750,2023,12,2023-12,0,0,0.0076,0,0.8026,0.1897,0,0,0,1,0.4826,0.0274,0.2544,-0.472,100,0
LJ500_R122_C070,696250,9562250,2023,12,2023-12,0,0,0,0,0.635,0.365,0,0,0,1,0.4279,0.0049,0.1821,-0.4307,100,0
LJ500_R125_C065,693750,9563750,2023,12,2023-12,0,0,0.0771,0,0.9229,0,0,0,0,1,0.4454,-0.0077,0.1914,-0.4537,100,0
LJ500_R131_C053,687750,9566750,2023,12,2023-12,0,0,0.1735,0,0.8265,0,0,0,0,1,0.4407,0.0051,0.1862,-0.4531,100,0
LJ500_R132_C080,701250,9567250,2023,12,2023-12,0.9327,0,0.0078,0,0.0594,0,0,0,0,1,0.6543,0.3047,0.5563,-0.5909,41.6,0
LJ500_R138_C087,704750,9570250,2023,12,2023-12,0.2364,0,0.5005,0,0.2631,0,0,0,0,1,0.643,0.1896,0.4545,-0.568,59.04,0
LJ500_R142_C071,696750,9572250,2023,12,2023-12,0,0,0,0,1,0,0,0,0,1,0.4344,-0.0291,0.1813,-0.4318,100,0
LJ500_R145_C054,688250,9573750,2023,12,2023-12,0,0,0.7423,0,0.2577,0,0,0,0,1,0.5152,0.018,0.2449,-0.4952,100,0
LJ500_R147_C083,702750,9574750,2023,12,2023-12,0.3027,0,0,0,0.6973,0,0,0,0,1,0.586,0.1323,0.3877,-0.5353,100,0
LJ500_R156_C028,675250,9579250,2023,12,2023-12,0.6724,0,0.3276,0,0,0,0,0,0,1,0.6677,0.1635,0.4344,-0.6036,100,0
LJ500_R156_C067,694750,9579250,2023,12,2023-12,0,0,0,0,1,0,0,0,0,1,0.4469,0.0853,0.3141,-0.4209,100,0
LJ500_R156_C079,700750,9579250,2023,12,2023-12,1,0,0,0,0,0,0,0,0,1,0.5754,0.214,0.4598,-0.5129,1.28,0
LJ500_R157_C009,665750,9579750,2023,12,2023-12,0.0008,0,0.666,0,0.3333,0,0,0,0,1,0.5668,-0.0434,0.1912,-0.5544,100,0
LJ500_R158_C065,693750,9580250,2023,12,2023-12,0,0,0.7476,0.135,0.1174,0,0,0,0,1,0.4187,0.0237,0.2413,-0.404,78.56,0
LJ500_R160_C074,698250,9581250,2023,12,2023-12,0.325,0,0,0,0.675,0,0,0,0,1,0.6229,0.1315,0.4068,-0.5608,52,0
LJ500_R161_C066,694250,9581750,2023,12,2023-12,0,0,0.0311,0.0756,0.8933,0,0,0,0,1,0.4282,0.0618,0.2812,-0.4112,100,0
LJ500_R164_C043,682750,9583250,2023,12,2023-12,0,0.6371,0,0,0.3629,0,0,0,0,1,0.4481,-0.0324,0.2143,-0.4444,65.12,0
LJ500_R164_C059,690750,9583250,2023,12,2023-12,0.6643,0.3177,0.018,0,0,0,0,0,0,1,,,,,0,1
LJ500_R166_C072,697250,9584250,2023,12,2023-12,0,0,0,0,1,0,0,0,0,1,0.5629,0.1551,0.4187,-0.5101,100,0
LJ500_R167_C067,694750,9584750,2023,12,2023-12,0,0,0,0,1,0,0,0,0,1,0.5514,0.1659,0.4161,-0.4956,100,0
LJ500_R168_C045,683750,9585250,2023,12,2023-12,0.083,0.79,0,0,0.1269,0,0,0,0,1,0.4773,0.0053,0.2561,-0.4607,28.8,0
LJ500_R173_C033,677750,9587750,2023,12,2023-12,0.0493,0.4112,0,0,0.5395,0,0,0,0,1,0.5053,0.0219,0.2651,-0.4876,60.8,0
LJ500_R178_C063,692750,9590250,2023,12,2023-12,0,0,0,0,1,0,0,0,0,1,,,,,0,1
LJ500_R179_C046,684250,9590750,2023,12,2023-12,0,1,0,0,0,0,0,0,0,1,,,,,0,1
LJ500_R180_C071,696750,9591250,2023,12,2023-12,0.1157,0,0.1808,0,0.7035,0,0,0,0,1,,,,,0,1
LJ500_R183_C039,680750,9592750,2023,12,2023-12,0,1,0,0,0,0,0,0,0,1,0.2976,-0.1697,0.0484,-0.323,70.14,0
LJ500_R184_C039,680750,9593250,2023,12,2023-12,0,1,0,0,0,0,0,0,0,1,0.1666,-0.0529,0.0402,-0.1632,30.74,0
LJ500_R184_C066,694250,9593250,2023,12,2023-12,0.0203,0,0,0,0.9797,0,0,0,0,1,0.6155,0.141,0.4246,-0.5665,82.16,0
LJ500_R006_C075,698750,9504250,2024,1,2024-01,0.4991,0,0.5009,0,0,0,0,0,0,1,,,,,0,1
LJ500_R011_C068,695250,9506750,2024,1,2024-01,1,0,0,0,0,0,0,0,0,1,,,,,0,1
LJ500_R012_C055,688750,9507250,2024,1,2024-01,1,0,0,0,0,0,0,0,0,1,,,,,0,1
LJ500_R020_C061,691750,9511250,2024,1,2024-01,0,0,1,0,0,0,0,0,0,1,,,,,0,1
LJ500_R033_C056,689250,9517750,2024,1,2024-01,0.7601,0,0.2399,0,0,0,0,0,0,1,0.684,0.1792,0.4581,-0.5745,21.44,0
LJ500_R035_C085,703750,9518750,2024,1,2024-01,0,0,0.6992,0,0.3008,0,0,0,0,1,,,,,0,1
LJ500_R039_C072,697250,9520750,2024,1,2024-01,0,0,0.019,0,0.972,0,0,0.0089,0,1,0.3905,0.0644,0.2643,-0.3898,51.2,0
LJ500_R040_C060,691250,9521250,2024,1,2024-01,0.0093,0,0.9907,0,0,0,0,0,0,1,0.3599,-0.1461,0.0424,-0.3915,100,0
LJ500_R041_C061,691750,9521750,2024,1,2024-01,0.6217,0,0.3783,0,0,0,0,0,0,1,0.5708,0.0067,0.2491,-0.5363,100,0
LJ500_R043_C058,690250,9522750,2024,1,2024-01,0,0,0.6724,0,0,0,0,0.3276,0,1,0.4445,-0.1601,0.0655,-0.4773,100,0
LJ500_R045_C083,702750,9523750,2024,1,2024-01,0.0975,0,0.9025,0,0,0,0,0,0,1,0.5394,0.3305,0.5855,-0.4523,2.4,0
LJ500_R046_C064,693250,9524250,2024,1,2024-01,0,0,0.1216,0,0,0.2178,0,0.6606,0,1,0.363,-0.0867,0.0885,-0.3882,75.2,0
LJ500_R048_C071,696750,9525250,2024,1,2024-01,0,0,1,0,0,0,0,0,0,1,0.4119,-0.0419,0.1153,-0.3785,1.44,0
LJ500_R050_C095,708750,9526250,2024,1,2024-01,0.2432,0.6234,0.1334,0,0,0,0,0,0,1,,,,,0,1
LJ500_R056_C049,685750,9529250,2024,1,2024-01,0,0,1,0,0,0,0,0,0,1,0.4405,-0.1243,0.0675,-0.4516,100,0
LJ500_R058_C079,700750,9530250,2024,1,2024-01,0,0,0.7206,0,0.2794,0,0,0,0,1,,,,,0,1
LJ500_R063_C060,691250,9532750,2024,1,2024-01,0,0,0.4901,0,0.4472,0.0627,0,0,0,1,0.5465,0.0883,0.2851,-0.52,6.88,0
LJ500_R064_C084,703250,9533250,2024,1,2024-01,0.235,0,0.7298,0,0.0352,0,0,0,0,1,,,,,0,1
LJ500_R069_C057,689750,9535750,2024,1,2024-01,0,0,0.1213,0,0.8787,0,0,0,0,1,0.3471,-0.1197,0.0577,-0.3859,97.6,0
LJ500_R072_C062,692250,9537250,2024,1,2024-01,0,0,0.4122,0,0.5878,0,0,0,0,1,0.5126,0.0379,0.2524,-0.4846,61.92,0
LJ500_R072_C095,708750,9537250,2024,1,2024-01,0.7205,0.2795,0,0,0,0,0,0,0,1,,,,,0,1
LJ500_R074_C074,698250,9538250,2024,1,2024-01,0,0,0.1778,0,0.8222,0,0,0,0,1,,,,,0,1
LJ500_R078_C076,699250,9540250,2024,1,2024-01,0.071,0,0.0635,0,0.8655,0,0,0,0,1,,,,,0,1
LJ500_R079_C076,699250,9540750,2024,1,2024-01,0,0,0,0,0.9922,0.0078,0,0,0,1,,,,,0,1
LJ500_R093_C071,696750,9547750,2024,1,2024-01,0.1849,0,0,0,0.8151,0,0,0,0,1,,,,,0,1
LJ500_R093_C073,697750,9547750,2024,1,2024-01,0.0013,0,0.5724,0,0.4263,0,0,0,0,1,0.4534,0.1306,0.3879,-0.4105,2.56,0
LJ500_R096_C074,698250,9549250,2024,1,2024-01,0.4564,0,0.2184,0.311,0.0142,0,0,0,0,1,0.7251,0.2041,0.4993,-0.6428,31.84,0
LJ500_R098_C085,703750,9550250,2024,1,2024-01,1,0,0,0,0,0,0,0,0,1,,,,,0,1
LJ500_R101_C091,706750,9551750,2024,1,2024-01,0.0455,0.9545,0,0,0,0,0,0,0,1,,,,,0,1
LJ500_R106_C080,701250,9554250,2024,1,2024-01,0,0,0.2691,0.5021,0.2289,0,0,0,0,1,,,,,0,1
LJ500_R108_C065,693750,9555250,2024,1,2024-01,0,0,0.0703,0.9297,0,0,0,0,0,1,,,,,0,1
LJ500_R109_C088,705250,9555750,2024,1,2024-01,1,0,0,0,0,0,0,0,0,1,,,,,0,1
LJ500_R119_C079,700750,9560750,2024,1,2024-01,0,0,0.0076,0,0.8026,0.1897,0,0,0,1,,,,,0,1
LJ500_R122_C070,696250,9562250,2024,1,2024-01,0,0,0,0,0.635,0.365,0,0,0,1,,,,,0,1
LJ500_R125_C065,693750,9563750,2024,1,2024-01,0,0,0.0771,0,0.9229,0,0,0,0,1,0.4415,0.0107,0.2166,-0.4317,31.36,0
LJ500_R131_C053,687750,9566750,2024,1,2024-01,0,0,0.1735,0,0.8265,0,0,0,0,1,0.5246,0.0194,0.227,-0.5178,100,0
LJ500_R132_C080,701250,9567250,2024,1,2024-01,0.9327,0,0.0078,0,0.0594,0,0,0,0,1,,,,,0,1
LJ500_R138_C087,704750,9570250,2024,1,2024-01,0.2364,0,0.5005,0,0.2631,0,0,0,0,1,,,,,0,1
LJ500_R142_C071,696750,9572250,2024,1,2024-01,0,0,0,0,1,0,0,0,0,1,,,,,0,1
LJ500_R145_C054,688250,9573750,2024,1,2024-01,0,0,0.7423,0,0.2577,0,0,0,0,1,0.5719,0.072,0.3158,-0.5327,21.6,0
LJ500_R147_C083,702750,9574750,2024,1,2024-01,0.3027,0,0,0,0.6973,0,0,0,0,1,0.5209,0.1893,0.4395,-0.4308,2.72,0
LJ500_R156_C028,675250,9579250,2024,1,2024-01,0.6724,0,0.3276,0,0,0,0,0,0,1,0.7445,0.1605,0.4581,-0.6637,100,0
LJ500_R156_C067,694750,9579250,2024,1,2024-01,0,0,0,0,1,0,0,0,0,1,0.5328,0.0428,0.2993,-0.5044,37.44,0
LJ500_R156_C079,700750,9579250,2024,1,2024-01,1,0,0,0,0,0,0,0,0,1,,,,,0,1
LJ500_R157_C009,665750,9579750,2024,1,2024-01,0.0008,0,0.666,0,0.3333,0,0,0,0,1,0.6034,-0.0392,0.2193,-0.5801,100,0
LJ500_R158_C065,693750,9580250,2024,1,2024-01,0,0,0.7476,0.135,0.1174,0,0,0,0,1,,,,,0,1
LJ500_R160_C074,698250,9581250,2024,1,2024-01,0.325,0,0,0,0.675,0,0,0,0,1,,,,,0,1
LJ500_R161_C066,694250,9581750,2024,1,2024-01,0,0,0.0311,0.0756,0.8933,0,0,0,0,1,,,,,0,1
LJ500_R164_C043,682750,9583250,2024,1,2024-01,0,0.6371,0,0,0.3629,0,0,0,0,1,0.4779,-0.0475,0.1965,-0.4804,100,0
LJ500_R164_C059,690750,9583250,2024,1,2024-01,0.6643,0.3177,0.018,0,0,0,0,0,0,1,0.7398,0.336,0.6021,-0.6641,43.68,0
LJ500_R166_C072,697250,9584250,2024,1,2024-01,0,0,0,0,1,0,0,0,0,1,,,,,0,1
LJ500_R167_C067,694750,9584750,2024,1,2024-01,0,0,0,0,1,0,0,0,0,1,0.4222,0.1236,0.3171,-0.37,0.8,0
LJ500_R168_C045,683750,9585250,2024,1,2024-01,0.083,0.79,0,0,0.1269,0,0,0,0,1,0.5392,-0.0093,0.2628,-0.53,100,0
LJ500_R173_C033,677750,9587750,2024,1,2024-01,0.0493,0.4112,0,0,0.5395,0,0,0,0,1,0.5806,0.0157,0.2869,-0.5605,100,0
LJ500_R178_C063,692750,9590250,2024,1,2024-01,0,0,0,0,1,0,0,0,0,1,,,,,0,1
LJ500_R179_C046,684250,9590750,2024,1,2024-01,0,1,0,0,0,0,0,0,0,1,0.3503,-0.1348,0.1005,-0.3843,38.4,0
LJ500_R180_C071,696750,9591250,2024,1,2024-01,0.1157,0,0.1808,0,0.7035,0,0,0,0,1,,,,,0,1
LJ500_R183_C039,680750,9592750,2024,1,2024-01,0,1,0,0,0,0,0,0,0,1,0.3616,-0.1909,0.0516,-0.4006,21.31,0
LJ500_R184_C039,680750,9593250,2024,1,2024-01,0,1,0,0,0,0,0,0,0,1,,,,,0,1
LJ500_R184_C066,694250,9593250,2024,1,2024-01,0.0203,0,0,0,0.9797,0,0,0,0,1,0.665,0.1418,0.4435,-0.615,72.79,0
LJ500_R006_C075,698750,9504250,2024,2,2024-02,0.4991,0,0.5009,0,0,0,0,0,0,1,,,,,0,1
LJ500_R011_C068,695250,9506750,2024,2,2024-02,1,0,0,0,0,0,0,0,0,1,,,,,0,1
LJ500_R012_C055,688750,9507250,2024,2,2024-02,1,0,0,0,0,0,0,0,0,1,,,,,0,1
LJ500_R020_C061,691750,9511250,2024,2,2024-02,0,0,1,0,0,0,0,0,0,1,0.4563,0.1928,0.4333,-0.3578,0.64,0
LJ500_R033_C056,689250,9517750,2024,2,2024-02,0.7601,0,0.2399,0,0,0,0,0,0,1,0.7601,0.2723,0.5503,-0.643,97.44,0
LJ500_R035_C085,703750,9518750,2024,2,2024-02,0,0,0.6992,0,0.3008,0,0,0,0,1,,,,,0,1
LJ500_R039_C072,697250,9520750,2024,2,2024-02,0,0,0.019,0,0.972,0,0,0.0089,0,1,0.528,0.1679,0.3852,-0.4376,99.84,0
LJ500_R040_C060,691250,9521250,2024,2,2024-02,0.0093,0,0.9907,0,0,0,0,0,0,1,0.5464,-0.036,0.2008,-0.5089,76.48,0
LJ500_R041_C061,691750,9521750,2024,2,2024-02,0.6217,0,0.3783,0,0,0,0,0,0,1,0.7823,0.2516,0.526,-0.6766,31.2,0
LJ500_R043_C058,690250,9522750,2024,2,2024-02,0,0,0.6724,0,0,0,0,0.3276,0,1,0.5585,-0.057,0.1843,-0.5241,81.6,0
LJ500_R045_C083,702750,9523750,2024,2,2024-02,0.0975,0,0.9025,0,0,0,0,0,0,1,0.5375,0.1416,0.3745,-0.4886,11.84,0
LJ500_R046_C064,693250,9524250,2024,2,2024-02,0,0,0.1216,0,0,0.2178,0,0.6606,0,1,0.5698,0.0715,0.2865,-0.5119,49.76,0
LJ500_R048_C071,696750,9525250,2024,2,2024-02,0,0,1,0,0,0,0,0,0,1,0.4215,0.0144,0.1631,-0.361,100,0
LJ500_R050_C095,708750,9526250,2024,2,2024-02,0.2432,0.6234,0.1334,0,0,0,0,0,0,1,,,,,0,1
LJ500_R056_C049,685750,9529250,2024,2,2024-02,0,0,1,0,0,0,0,0,0,1,0.5348,-0.0437,0.164,-0.5081,100,0
LJ500_R058_C079,700750,9530250,2024,2,2024-02,0,0,0.7206,0,0.2794,0,0,0,0,1,,,,,0,1
LJ500_R063_C060,691250,9532750,2024,2,2024-02,0,0,0.4901,0,0.4472,0.0627,0,0,0,1,0.7843,0.3084,0.566,-0.7076,91.36,0
LJ500_R064_C084,703250,9533250,2024,2,2024-02,0.235,0,0.7298,0,0.0352,0,0,0,0,1,0.8668,0.3668,0.6719,-0.7367,0.8,0
LJ500_R069_C057,689750,9535750,2024,2,2024-02,0,0,0.1213,0,0.8787,0,0,0,0,1,0.6598,0.135,0.3848,-0.6076,100,0
LJ500_R072_C062,692250,9537250,2024,2,2024-02,0,0,0.4122,0,0.5878,0,0,0,0,1,0.6365,0.1276,0.3553,-0.5872,49.6,0
LJ500_R072_C095,708750,9537250,2024,2,2024-02,0.7205,0.2795,0,0,0,0,0,0,0,1,,,,,0,1
LJ500_R074_C074,698250,9538250,2024,2,2024-02,0,0,0.1778,0,0.8222,0,0,0,0,1,,,,,0,1
LJ500_R078_C076,699250,9540250,2024,2,2024-02,0.071,0,0.0635,0,0.8655,0,0,0,0,1,,,,,0,1
LJ500_R079_C076,699250,9540750,2024,2,2024-02,0,0,0,0,0.9922,0.0078,0,0,0,1,,,,,0,1
LJ500_R093_C071,696750,9547750,2024,2,2024-02,0.1849,0,0,0,0.8151,0,0,0,0,1,0.7263,0.201,0.4844,-0.6343,92.5,0
LJ500_R093_C073,697750,9547750,2024,2,2024-02,0.0013,0,0.5724,0,0.4263,0,0,0,0,1,0.7659,0.2235,0.5295,-0.6607,4.32,0
LJ500_R096_C074,698250,9549250,2024,2,2024-02,0.4564,0,0.2184,0.311,0.0142,0,0,0,0,1,,,,,0,1
LJ500_R098_C085,703750,9550250,2024,2,2024-02,1,0,0,0,0,0,0,0,0,1,,,,,0,1
LJ500_R101_C091,706750,9551750,2024,2,2024-02,0.0455,0.9545,0,0,0,0,0,0,0,1,,,,,0,1
LJ500_R106_C080,701250,9554250,2024,2,2024-02,0,0,0.2691,0.5021,0.2289,0,0,0,0,1,,,,,0,1
LJ500_R108_C065,693750,9555250,2024,2,2024-02,0,0,0.0703,0.9297,0,0,0,0,0,1,,,,,0,1
LJ500_R109_C088,705250,9555750,2024,2,2024-02,1,0,0,0,0,0,0,0,0,1,,,,,0,1
LJ500_R119_C079,700750,9560750,2024,2,2024-02,0,0,0.0076,0,0.8026,0.1897,0,0,0,1,,,,,0,1
LJ500_R122_C070,696250,9562250,2024,2,2024-02,0,0,0,0,0.635,0.365,0,0,0,1,,,,,0,1
LJ500_R125_C065,693750,9563750,2024,2,2024-02,0,0,0.0771,0,0.9229,0,0,0,0,1,0.4592,0.0918,0.3033,-0.4201,87.52,0
LJ500_R131_C053,687750,9566750,2024,2,2024-02,0,0,0.1735,0,0.8265,0,0,0,0,1,0.5578,0.1561,0.3861,-0.4892,93.28,0
LJ500_R132_C080,701250,9567250,2024,2,2024-02,0.9327,0,0.0078,0,0.0594,0,0,0,0,1,,,,,0,1
LJ500_R138_C087,704750,9570250,2024,2,2024-02,0.2364,0,0.5005,0,0.2631,0,0,0,0,1,0.5711,0.262,0.5496,-0.4416,7.04,0
LJ500_R142_C071,696750,9572250,2024,2,2024-02,0,0,0,0,1,0,0,0,0,1,0.6088,0.0529,0.2958,-0.5436,77.92,0
LJ500_R145_C054,688250,9573750,2024,2,2024-02,0,0,0.7423,0,0.2577,0,0,0,0,1,0.5947,0.0357,0.2784,-0.5617,85.12,0
LJ500_R147_C083,702750,9574750,2024,2,2024-02,0.3027,0,0,0,0.6973,0,0,0,0,1,0.6956,0.1629,0.4416,-0.6095,32.64,0
LJ500_R156_C028,675250,9579250,2024,2,2024-02,0.6724,0,0.3276,0,0,0,0,0,0,1,0.5939,0.2434,0.479,-0.5185,3.36,0
LJ500_R156_C067,694750,9579250,2024,2,2024-02,0,0,0,0,1,0,0,0,0,1,0.5069,0.1342,0.3919,-0.4574,100,0
LJ500_R156_C079,700750,9579250,2024,2,2024-02,1,0,0,0,0,0,0,0,0,1,,,,,0,1
LJ500_R157_C009,665750,9579750,2024,2,2024-02,0.0008,0,0.666,0,0.3333,0,0,0,0,1,0.762,0.181,0.4785,-0.6427,98.72,0
LJ500_R158_C065,693750,9580250,2024,2,2024-02,0,0,0.7476,0.135,0.1174,0,0,0,0,1,0.4654,0.0136,0.2563,-0.4516,100,0
LJ500_R160_C074,698250,9581250,2024,2,2024-02,0.325,0,0,0,0.675,0,0,0,0,1,0.5378,0.2047,0.4524,-0.4761,45.76,0
LJ500_R161_C066,694250,9581750,2024,2,2024-02,0,0,0.0311,0.0756,0.8933,0,0,0,0,1,0.4798,0.0843,0.3277,-0.4437,100,0
LJ500_R164_C043,682750,9583250,2024,2,2024-02,0,0.6371,0,0,0.3629,0,0,0,0,1,0.4961,-0.0042,0.2344,-0.4845,100,0
LJ500_R164_C059,690750,9583250,2024,2,2024-02,0.6643,0.3177,0.018,0,0,0,0,0,0,1,0.7045,0.3013,0.5599,-0.6386,79.2,0
LJ500_R166_C072,697250,9584250,2024,2,2024-02,0,0,0,0,1,0,0,0,0,1,0.6494,0.2495,0.5282,-0.5651,0.32,0
LJ500_R167_C067,694750,9584750,2024,2,2024-02,0,0,0,0,1,0,0,0,0,1,0.6684,0.2399,0.5241,-0.5737,82.56,0
LJ500_R168_C045,683750,9585250,2024,2,2024-02,0.083,0.79,0,0,0.1269,0,0,0,0,1,0.5782,0.0214,0.2873,-0.5697,100,0
LJ500_R173_C033,677750,9587750,2024,2,2024-02,0.0493,0.4112,0,0,0.5395,0,0,0,0,1,0.673,0.1139,0.3858,-0.6233,100,0
LJ500_R178_C063,692750,9590250,2024,2,2024-02,0,0,0,0,1,0,0,0,0,1,0.6667,0.2424,0.52,-0.5925,87.52,0
LJ500_R179_C046,684250,9590750,2024,2,2024-02,0,1,0,0,0,0,0,0,0,1,0.4715,-0.1358,0.1144,-0.5179,51.04,0
LJ500_R180_C071,696750,9591250,2024,2,2024-02,0.1157,0,0.1808,0,0.7035,0,0,0,0,1,,,,,0,1
LJ500_R183_C039,680750,9592750,2024,2,2024-02,0,1,0,0,0,0,0,0,0,1,0.4428,-0.21,0.0303,-0.4902,100,0
LJ500_R184_C039,680750,9593250,2024,2,2024-02,0,1,0,0,0,0,0,0,0,1,0.4163,-0.112,0.1211,-0.3868,100,0
LJ500_R184_C066,694250,9593250,2024,2,2024-02,0.0203,0,0,0,0.9797,0,0,0,0,1,0.6826,0.1926,0.479,-0.6217,18.51,0
LJ500_R006_C075,698750,9504250,2024,3,2024-03,0.4991,0,0.5009,0,0,0,0,0,0,1,,,,,0,1
LJ500_R011_C068,695250,9506750,2024,3,2024-03,1,0,0,0,0,0,0,0,0,1,,,,,0,1
LJ500_R012_C055,688750,9507250,2024,3,2024-03,1,0,0,0,0,0,0,0,0,1,,,,,0,1
LJ500_R020_C061,691750,9511250,2024,3,2024-03,0,0,1,0,0,0,0,0,0,1,0.6696,0.1683,0.4412,-0.5789,36.16,0
LJ500_R033_C056,689250,9517750,2024,3,2024-03,0.7601,0,0.2399,0,0,0,0,0,0,1,0.763,0.3139,0.5896,-0.6552,83.68,0
LJ500_R035_C085,703750,9518750,2024,3,2024-03,0,0,0.6992,0,0.3008,0,0,0,0,1,,,,,0,1
LJ500_R039_C072,697250,9520750,2024,3,2024-03,0,0,0.019,0,0.972,0,0,0.0089,0,1,0.5649,0.1493,0.3628,-0.5026,100,0
LJ500_R040_C060,691250,9521250,2024,3,2024-03,0.0093,0,0.9907,0,0,0,0,0,0,1,0.2351,-0.0519,0.0805,-0.2377,4.8,0
LJ500_R041_C061,691750,9521750,2024,3,2024-03,0.6217,0,0.3783,0,0,0,0,0,0,1,,,,,0,1
LJ500_R043_C058,690250,9522750,2024,3,2024-03,0,0,0.6724,0,0,0,0,0.3276,0,1,0.4346,0.0328,0.2685,-0.3848,27.84,0
LJ500_R045_C083,702750,9523750,2024,3,2024-03,0.0975,0,0.9025,0,0,0,0,0,0,1,,,,,0,1
LJ500_R046_C064,693250,9524250,2024,3,2024-03,0,0,0.1216,0,0,0.2178,0,0.6606,0,1,0.2581,-0.0482,0.0851,-0.3176,0.48,0
LJ500_R048_C071,696750,9525250,2024,3,2024-03,0,0,1,0,0,0,0,0,0,1,0.5756,0.1156,0.3437,-0.4752,94.24,0
LJ500_R050_C095,708750,9526250,2024,3,2024-03,0.2432,0.6234,0.1334,0,0,0,0,0,0,1,0.7288,0.3203,0.6163,-0.6509,85.44,0
LJ500_R056_C049,685750,9529250,2024,3,2024-03,0,0,1,0,0,0,0,0,0,1,0.5413,-0.0122,0.2235,-0.496,48.96,0
LJ500_R058_C079,700750,9530250,2024,3,2024-03,0,0,0.7206,0,0.2794,0,0,0,0,1,,,,,0,1
LJ500_R063_C060,691250,9532750,2024,3,2024-03,0,0,0.4901,0,0.4472,0.0627,0,0,0,1,0.7594,0.293,0.5516,-0.6794,100,0
LJ500_R064_C084,703250,9533250,2024,3,2024-03,0.235,0,0.7298,0,0.0352,0,0,0,0,1,,,,,0,1
LJ500_R069_C057,689750,9535750,2024,3,2024-03,0,0,0.1213,0,0.8787,0,0,0,0,1,0.6005,0.1755,0.4451,-0.5354,32.8,0
LJ500_R072_C062,692250,9537250,2024,3,2024-03,0,0,0.4122,0,0.5878,0,0,0,0,1,0.5753,0.1059,0.3342,-0.5313,38.72,0
LJ500_R072_C095,708750,9537250,2024,3,2024-03,0.7205,0.2795,0,0,0,0,0,0,0,1,,,,,0,1
LJ500_R074_C074,698250,9538250,2024,3,2024-03,0,0,0.1778,0,0.8222,0,0,0,0,1,0.7081,0.246,0.5109,-0.6082,97.76,0
LJ500_R078_C076,699250,9540250,2024,3,2024-03,0.071,0,0.0635,0,0.8655,0,0,0,0,1,0.6924,0.3399,0.6303,-0.5262,5.44,0
LJ500_R079_C076,699250,9540750,2024,3,2024-03,0,0,0,0,0.9922,0.0078,0,0,0,1,0.7268,0.3877,0.6677,-0.5784,12.16,0
LJ500_R093_C071,696750,9547750,2024,3,2024-03,0.1849,0,0,0,0.8151,0,0,0,0,1,,,,,0,1
LJ500_R093_C073,697750,9547750,2024,3,2024-03,0.0013,0,0.5724,0,0.4263,0,0,0,0,1,0.7348,0.2932,0.5831,-0.6278,79.52,0
LJ500_R096_C074,698250,9549250,2024,3,2024-03,0.4564,0,0.2184,0.311,0.0142,0,0,0,0,1,,,,,0,1
LJ500_R098_C085,703750,9550250,2024,3,2024-03,1,0,0,0,0,0,0,0,0,1,,,,,0,1
LJ500_R101_C091,706750,9551750,2024,3,2024-03,0.0455,0.9545,0,0,0,0,0,0,0,1,,,,,0,1
LJ500_R106_C080,701250,9554250,2024,3,2024-03,0,0,0.2691,0.5021,0.2289,0,0,0,0,1,0.3728,0.0825,0.2801,-0.351,0.32,0
LJ500_R108_C065,693750,9555250,2024,3,2024-03,0,0,0.0703,0.9297,0,0,0,0,0,1,,,,,0,1
LJ500_R109_C088,705250,9555750,2024,3,2024-03,1,0,0,0,0,0,0,0,0,1,,,,,0,1
LJ500_R119_C079,700750,9560750,2024,3,2024-03,0,0,0.0076,0,0.8026,0.1897,0,0,0,1,0.6465,0.2542,0.5137,-0.5498,8.16,0
LJ500_R122_C070,696250,9562250,2024,3,2024-03,0,0,0,0,0.635,0.365,0,0,0,1,,,,,0,1
LJ500_R125_C065,693750,9563750,2024,3,2024-03,0,0,0.0771,0,0.9229,0,0,0,0,1,,,,,0,1
LJ500_R131_C053,687750,9566750,2024,3,2024-03,0,0,0.1735,0,0.8265,0,0,0,0,1,0.6646,0.3703,0.6262,-0.558,4.32,0
LJ500_R132_C080,701250,9567250,2024,3,2024-03,0.9327,0,0.0078,0,0.0594,0,0,0,0,1,0.7942,0.3334,0.6369,-0.7032,89.76,0
LJ500_R138_C087,704750,9570250,2024,3,2024-03,0.2364,0,0.5005,0,0.2631,0,0,0,0,1,0.7549,0.2247,0.5253,-0.6393,100,0
LJ500_R142_C071,696750,9572250,2024,3,2024-03,0,0,0,0,1,0,0,0,0,1,,,,,0,1
LJ500_R145_C054,688250,9573750,2024,3,2024-03,0,0,0.7423,0,0.2577,0,0,0,0,1,0.4478,0.1009,0.3082,-0.4119,46.88,0
LJ500_R147_C083,702750,9574750,2024,3,2024-03,0.3027,0,0,0,0.6973,0,0,0,0,1,0.6917,0.1481,0.423,-0.615,100,0
LJ500_R156_C028,675250,9579250,2024,3,2024-03,0.6724,0,0.3276,0,0,0,0,0,0,1,0.6115,0.2196,0.4653,-0.5165,16.96,0
LJ500_R156_C067,694750,9579250,2024,3,2024-03,0,0,0,0,1,0,0,0,0,1,0.4551,0.105,0.3074,-0.4092,84.96,0
LJ500_R156_C079,700750,9579250,2024,3,2024-03,1,0,0,0,0,0,0,0,0,1,0.6231,0.2178,0.4864,-0.5708,22.08,0
LJ500_R157_C009,665750,9579750,2024,3,2024-03,0.0008,0,0.666,0,0.3333,0,0,0,0,1,0.7053,0.2665,0.5508,-0.5795,52.48,0
LJ500_R158_C065,693750,9580250,2024,3,2024-03,0,0,0.7476,0.135,0.1174,0,0,0,0,1,0.4853,0.0491,0.2727,-0.4568,60.8,0
LJ500_R160_C074,698250,9581250,2024,3,2024-03,0.325,0,0,0,0.675,0,0,0,0,1,0.5036,0.1457,0.3348,-0.4506,72.8,0
LJ500_R161_C066,694250,9581750,2024,3,2024-03,0,0,0.0311,0.0756,0.8933,0,0,0,0,1,0.5402,0.0815,0.3237,-0.4941,100,0
LJ500_R164_C043,682750,9583250,2024,3,2024-03,0,0.6371,0,0,0.3629,0,0,0,0,1,0.5314,-0.0083,0.2321,-0.5165,100,0
LJ500_R164_C059,690750,9583250,2024,3,2024-03,0.6643,0.3177,0.018,0,0,0,0,0,0,1,,,,,0,1
LJ500_R166_C072,697250,9584250,2024,3,2024-03,0,0,0,0,1,0,0,0,0,1,0.6525,0.194,0.4736,-0.574,1.6,0
LJ500_R167_C067,694750,9584750,2024,3,2024-03,0,0,0,0,1,0,0,0,0,1,0.5539,0.2659,0.507,-0.4141,0.16,0
LJ500_R168_C045,683750,9585250,2024,3,2024-03,0.083,0.79,0,0,0.1269,0,0,0,0,1,0.5149,-0.0013,0.2531,-0.5088,54.88,0
LJ500_R173_C033,677750,9587750,2024,3,2024-03,0.0493,0.4112,0,0,0.5395,0,0,0,0,1,0.6651,0.1116,0.3943,-0.6179,27.36,0
LJ500_R178_C063,692750,9590250,2024,3,2024-03,0,0,0,0,1,0,0,0,0,1,,,,,0,1
LJ500_R179_C046,684250,9590750,2024,3,2024-03,0,1,0,0,0,0,0,0,0,1,,,,,0,1
LJ500_R180_C071,696750,9591250,2024,3,2024-03,0.1157,0,0.1808,0,0.7035,0,0,0,0,1,,,,,0,1
LJ500_R183_C039,680750,9592750,2024,3,2024-03,0,1,0,0,0,0,0,0,0,1,,,,,0,1
LJ500_R184_C039,680750,9593250,2024,3,2024-03,0,1,0,0,0,0,0,0,0,1,,,,,0,1
LJ500_R184_C066,694250,9593250,2024,3,2024-03,0.0203,0,0,0,0.9797,0,0,0,0,1,,,,,0,1
LJ500_R006_C075,698750,9504250,2024,4,2024-04,0.4991,0,0.5009,0,0,0,0,0,0,1,0.7756,0.3424,0.6328,-0.6953,30.08,0
LJ500_R011_C068,695250,9506750,2024,4,2024-04,1,0,0,0,0,0,0,0,0,1,0.6527,0.3065,0.5587,-0.584,21.28,0
LJ500_R012_C055,688750,9507250,2024,4,2024-04,1,0,0,0,0,0,0,0,0,1,0.7691,0.3579,0.626,-0.699,13.6,0
LJ500_R020_C061,691750,9511250,2024,4,2024-04,0,0,1,0,0,0,0,0,0,1,0.7094,0.1254,0.4063,-0.6243,100,0
LJ500_R033_C056,689250,9517750,2024,4,2024-04,0.7601,0,0.2399,0,0,0,0,0,0,1,0.561,0.3357,0.542,-0.4886,31.84,0
LJ500_R035_C085,703750,9518750,2024,4,2024-04,0,0,0.6992,0,0.3008,0,0,0,0,1,,,,,0,1
LJ500_R039_C072,697250,9520750,2024,4,2024-04,0,0,0.019,0,0.972,0,0,0.0089,0,1,0.618,0.2366,0.4544,-0.5557,100,0
LJ500_R040_C060,691250,9521250,2024,4,2024-04,0.0093,0,0.9907,0,0,0,0,0,0,1,0.5624,0.0238,0.2816,-0.5217,100,0
LJ500_R041_C061,691750,9521750,2024,4,2024-04,0.6217,0,0.3783,0,0,0,0,0,0,1,0.7944,0.2693,0.5568,-0.6792,100,0
LJ500_R043_C058,690250,9522750,2024,4,2024-04,0,0,0.6724,0,0,0,0,0.3276,0,1,0.6013,0.0055,0.2824,-0.5768,27.84,0
LJ500_R045_C083,702750,9523750,2024,4,2024-04,0.0975,0,0.9025,0,0,0,0,0,0,1,0.8176,0.2829,0.5862,-0.7009,100,0
LJ500_R046_C064,693250,9524250,2024,4,2024-04,0,0,0.1216,0,0,0.2178,0,0.6606,0,1,0.5821,0.0722,0.2983,-0.5439,100,0
LJ500_R048_C071,696750,9525250,2024,4,2024-04,0,0,1,0,0,0,0,0,0,1,0.6087,0.0982,0.3164,-0.5354,100,0
LJ500_R050_C095,708750,9526250,2024,4,2024-04,0.2432,0.6234,0.1334,0,0,0,0,0,0,1,,,,,0,1
LJ500_R056_C049,685750,9529250,2024,4,2024-04,0,0,1,0,0,0,0,0,0,1,0.5606,0.001,0.2267,-0.5232,90.72,0
LJ500_R058_C079,700750,9530250,2024,4,2024-04,0,0,0.7206,0,0.2794,0,0,0,0,1,0.7813,0.3181,0.6007,-0.6666,98.08,0
LJ500_R063_C060,691250,9532750,2024,4,2024-04,0,0,0.4901,0,0.4472,0.0627,0,0,0,1,0.7819,0.2576,0.5291,-0.7151,100,0
LJ500_R064_C084,703250,9533250,2024,4,2024-04,0.235,0,0.7298,0,0.0352,0,0,0,0,1,0.8501,0.3031,0.6151,-0.7411,100,0
LJ500_R069_C057,689750,9535750,2024,4,2024-04,0,0,0.1213,0,0.8787,0,0,0,0,1,0.5607,0.039,0.2756,-0.5525,100,0
LJ500_R072_C062,692250,9537250,2024,4,2024-04,0,0,0.4122,0,0.5878,0,0,0,0,1,0.6144,0.0929,0.3342,-0.5819,100,0
LJ500_R072_C095,708750,9537250,2024,4,2024-04,0.7205,0.2795,0,0,0,0,0,0,0,1,0.6735,0.3014,0.5524,-0.622,100,0
LJ500_R074_C074,698250,9538250,2024,4,2024-04,0,0,0.1778,0,0.8222,0,0,0,0,1,0.7113,0.209,0.4566,-0.6376,100,0
LJ500_R078_C076,699250,9540250,2024,4,2024-04,0.071,0,0.0635,0,0.8655,0,0,0,0,1,0.7519,0.235,0.5202,-0.6425,100,0
LJ500_R079_C076,699250,9540750,2024,4,2024-04,0,0,0,0,0.9922,0.0078,0,0,0,1,0.7671,0.2457,0.5216,-0.6782,100,0
LJ500_R093_C071,696750,9547750,2024,4,2024-04,0.1849,0,0,0,0.8151,0,0,0,0,1,0.7618,0.3023,0.5828,-0.6711,30.69,0
LJ500_R093_C073,697750,9547750,2024,4,2024-04,0.0013,0,0.5724,0,0.4263,0,0,0,0,1,0.7654,0.2322,0.5324,-0.6778,100,0
LJ500_R096_C074,698250,9549250,2024,4,2024-04,0.4564,0,0.2184,0.311,0.0142,0,0,0,0,1,0.784,0.2251,0.5225,-0.6972,100,0
LJ500_R098_C085,703750,9550250,2024,4,2024-04,1,0,0,0,0,0,0,0,0,1,0.6277,0.3365,0.5706,-0.5655,100,0
LJ500_R101_C091,706750,9551750,2024,4,2024-04,0.0455,0.9545,0,0,0,0,0,0,0,1,0.5126,0.2604,0.476,-0.4871,76.56,0
LJ500_R106_C080,701250,9554250,2024,4,2024-04,0,0,0.2691,0.5021,0.2289,0,0,0,0,1,0.7267,0.1845,0.4829,-0.6513,29.28,0
LJ500_R108_C065,693750,9555250,2024,4,2024-04,0,0,0.0703,0.9297,0,0,0,0,0,1,,,,,0,1
LJ500_R109_C088,705250,9555750,2024,4,2024-04,1,0,0,0,0,0,0,0,0,1,0.5241,0.3024,0.5163,-0.4798,81.28,0
LJ500_R119_C079,700750,9560750,2024,4,2024-04,0,0,0.0076,0,0.8026,0.1897,0,0,0,1,0.7554,0.2148,0.5072,-0.6528,100,0
LJ500_R122_C070,696250,9562250,2024,4,2024-04,0,0,0,0,0.635,0.365,0,0,0,1,0.626,0.2175,0.4385,-0.5559,85.44,0
LJ500_R125_C065,693750,9563750,2024,4,2024-04,0,0,0.0771,0,0.9229,0,0,0,0,1,0.6408,0.1854,0.4126,-0.5887,100,0
LJ500_R131_C053,687750,9566750,2024,4,2024-04,0,0,0.1735,0,0.8265,0,0,0,0,1,0.6484,0.2112,0.4504,-0.5858,100,0
LJ500_R132_C080,701250,9567250,2024,4,2024-04,0.9327,0,0.0078,0,0.0594,0,0,0,0,1,0.8089,0.3204,0.6344,-0.713,100,0
LJ500_R138_C087,704750,9570250,2024,4,2024-04,0.2364,0,0.5005,0,0.2631,0,0,0,0,1,0.7342,0.2338,0.5327,-0.6165,100,0
LJ500_R142_C071,696750,9572250,2024,4,2024-04,0,0,0,0,1,0,0,0,0,1,0.6246,0.1148,0.3741,-0.5522,70.72,0
LJ500_R145_C054,688250,9573750,2024,4,2024-04,0,0,0.7423,0,0.2577,0,0,0,0,1,0.4591,0.1435,0.3419,-0.441,33.28,0
LJ500_R147_C083,702750,9574750,2024,4,2024-04,0.3027,0,0,0,0.6973,0,0,0,0,1,0.669,0.1548,0.4332,-0.5892,100,0
LJ500_R156_C028,675250,9579250,2024,4,2024-04,0.6724,0,0.3276,0,0,0,0,0,0,1,0.7806,0.2275,0.5241,-0.6776,83.04,0
LJ500_R156_C067,694750,9579250,2024,4,2024-04,0,0,0,0,1,0,0,0,0,1,0.5769,0.1726,0.4258,-0.5217,88.16,0
LJ500_R156_C079,700750,9579250,2024,4,2024-04,1,0,0,0,0,0,0,0,0,1,0.6427,0.2579,0.5082,-0.6068,97.28,0
LJ500_R157_C009,665750,9579750,2024,4,2024-04,0.0008,0,0.666,0,0.3333,0,0,0,0,1,0.8011,0.2547,0.5632,-0.6689,100,0
LJ500_R158_C065,693750,9580250,2024,4,2024-04,0,0,0.7476,0.135,0.1174,0,0,0,0,1,0.5729,0.0459,0.3003,-0.534,100,0
LJ500_R160_C074,698250,9581250,2024,4,2024-04,0.325,0,0,0,0.675,0,0,0,0,1,0.5528,0.2063,0.4393,-0.5113,62.4,0
LJ500_R161_C066,694250,9581750,2024,4,2024-04,0,0,0.0311,0.0756,0.8933,0,0,0,0,1,0.5258,0.1203,0.3435,-0.4981,99.36,0
LJ500_R164_C043,682750,9583250,2024,4,2024-04,0,0.6371,0,0,0.3629,0,0,0,0,1,0.5048,-0.0175,0.2413,-0.4922,2.08,0
LJ500_R164_C059,690750,9583250,2024,4,2024-04,0.6643,0.3177,0.018,0,0,0,0,0,0,1,,,,,0,1
LJ500_R166_C072,697250,9584250,2024,4,2024-04,0,0,0,0,1,0,0,0,0,1,0.65,0.2403,0.4938,-0.5803,100,0
LJ500_R167_C067,694750,9584750,2024,4,2024-04,0,0,0,0,1,0,0,0,0,1,0.6616,0.2179,0.4836,-0.5832,89.6,0
LJ500_R168_C045,683750,9585250,2024,4,2024-04,0.083,0.79,0,0,0.1269,0,0,0,0,1,0.4626,0.039,0.2411,-0.4405,3.84,0
LJ500_R173_C033,677750,9587750,2024,4,2024-04,0.0493,0.4112,0,0,0.5395,0,0,0,0,1,0.6334,0.139,0.4059,-0.5818,66.08,0
LJ500_R178_C063,692750,9590250,2024,4,2024-04,0,0,0,0,1,0,0,0,0,1,,,,,0,1
LJ500_R179_C046,684250,9590750,2024,4,2024-04,0,1,0,0,0,0,0,0,0,1,,,,,0,1
LJ500_R180_C071,696750,9591250,2024,4,2024-04,0.1157,0,0.1808,0,0.7035,0,0,0,0,1,,,,,0,1
LJ500_R183_C039,680750,9592750,2024,4,2024-04,0,1,0,0,0,0,0,0,0,1,,,,,0,1
LJ500_R184_C039,680750,9593250,2024,4,2024-04,0,1,0,0,0,0,0,0,0,1,,,,,0,1
LJ500_R184_C066,694250,9593250,2024,4,2024-04,0.0203,0,0,0,0.9797,0,0,0,0,1,,,,,0,1
LJ500_R006_C075,698750,9504250,2024,5,2024-05,0.4991,0,0.5009,0,0,0,0,0,0,1,,,,,0,1
LJ500_R011_C068,695250,9506750,2024,5,2024-05,1,0,0,0,0,0,0,0,0,1,,,,,0,1
LJ500_R012_C055,688750,9507250,2024,5,2024-05,1,0,0,0,0,0,0,0,0,1,,,,,0,1
LJ500_R020_C061,691750,9511250,2024,5,2024-05,0,0,1,0,0,0,0,0,0,1,0.7431,0.1905,0.4907,-0.6313,55.04,0
LJ500_R033_C056,689250,9517750,2024,5,2024-05,0.7601,0,0.2399,0,0,0,0,0,0,1,0.7533,0.3207,0.5924,-0.6654,27.04,0
LJ500_R035_C085,703750,9518750,2024,5,2024-05,0,0,0.6992,0,0.3008,0,0,0,0,1,,,,,0,1
LJ500_R039_C072,697250,9520750,2024,5,2024-05,0,0,0.019,0,0.972,0,0,0.0089,0,1,0.6703,0.2082,0.4436,-0.5968,100,0
LJ500_R040_C060,691250,9521250,2024,5,2024-05,0.0093,0,0.9907,0,0,0,0,0,0,1,0.6009,0.0038,0.264,-0.5631,100,0
LJ500_R041_C061,691750,9521750,2024,5,2024-05,0.6217,0,0.3783,0,0,0,0,0,0,1,0.7848,0.2369,0.5265,-0.6798,100,0
LJ500_R043_C058,690250,9522750,2024,5,2024-05,0,0,0.6724,0,0,0,0,0.3276,0,1,0.5914,-0.0219,0.2479,-0.5661,100,0
LJ500_R045_C083,702750,9523750,2024,5,2024-05,0.0975,0,0.9025,0,0,0,0,0,0,1,0.7419,0.2551,0.5431,-0.6423,73.28,0
LJ500_R046_C064,693250,9524250,2024,5,2024-05,0,0,0.1216,0,0,0.2178,0,0.6606,0,1,0.5654,0.1061,0.3224,-0.5148,100,0
LJ500_R048_C071,696750,9525250,2024,5,2024-05,0,0,1,0,0,0,0,0,0,1,0.64,0.1307,0.3589,-0.5571,100,0
LJ500_R050_C095,708750,9526250,2024,5,2024-05,0.2432,0.6234,0.1334,0,0,0,0,0,0,1,,,,,0,1
LJ500_R056_C049,685750,9529250,2024,5,2024-05,0,0,1,0,0,0,0,0,0,1,0.575,0.0058,0.2452,-0.5432,100,0
LJ500_R058_C079,700750,9530250,2024,5,2024-05,0,0,0.7206,0,0.2794,0,0,0,0,1,0.7543,0.2722,0.561,-0.6478,85.28,0
LJ500_R063_C060,691250,9532750,2024,5,2024-05,0,0,0.4901,0,0.4472,0.0627,0,0,0,1,0.7705,0.2669,0.5376,-0.6944,100,0
LJ500_R064_C084,703250,9533250,2024,5,2024-05,0.235,0,0.7298,0,0.0352,0,0,0,0,1,0.7934,0.4029,0.6962,-0.6719,2.08,0
LJ500_R069_C057,689750,9535750,2024,5,2024-05,0,0,0.1213,0,0.8787,0,0,0,0,1,0.577,0.0507,0.2966,-0.5574,100,0
LJ500_R072_C062,692250,9537250,2024,5,2024-05,0,0,0.4122,0,0.5878,0,0,0,0,1,0.6328,0.1041,0.3547,-0.573,100,0
LJ500_R072_C095,708750,9537250,2024,5,2024-05,0.7205,0.2795,0,0,0,0,0,0,0,1,,,,,0,1
LJ500_R074_C074,698250,9538250,2024,5,2024-05,0,0,0.1778,0,0.8222,0,0,0,0,1,0.6702,0.2001,0.4473,-0.5954,80.8,0
LJ500_R078_C076,699250,9540250,2024,5,2024-05,0.071,0,0.0635,0,0.8655,0,0,0,0,1,,,,,0,1
LJ500_R079_C076,699250,9540750,2024,5,2024-05,0,0,0,0,0.9922,0.0078,0,0,0,1,,,,,0,1
LJ500_R093_C071,696750,9547750,2024,5,2024-05,0.1849,0,0,0,0.8151,0,0,0,0,1,0.7873,0.2925,0.5894,-0.6988,79.7,0
LJ500_R093_C073,697750,9547750,2024,5,2024-05,0.0013,0,0.5724,0,0.4263,0,0,0,0,1,0.718,0.2578,0.5545,-0.6234,94.08,0
LJ500_R096_C074,698250,9549250,2024,5,2024-05,0.4564,0,0.2184,0.311,0.0142,0,0,0,0,1,0.7406,0.3183,0.5863,-0.6503,8.8,0
LJ500_R098_C085,703750,9550250,2024,5,2024-05,1,0,0,0,0,0,0,0,0,1,0.6813,0.2847,0.5208,-0.6094,17.44,0
LJ500_R101_C091,706750,9551750,2024,5,2024-05,0.0455,0.9545,0,0,0,0,0,0,0,1,,,,,0,1
LJ500_R106_C080,701250,9554250,2024,5,2024-05,0,0,0.2691,0.5021,0.2289,0,0,0,0,1,,,,,0,1
LJ500_R108_C065,693750,9555250,2024,5,2024-05,0,0,0.0703,0.9297,0,0,0,0,0,1,0.7886,0.2662,0.5406,-0.6878,100,0
LJ500_R109_C088,705250,9555750,2024,5,2024-05,1,0,0,0,0,0,0,0,0,1,,,,,0,1
LJ500_R119_C079,700750,9560750,2024,5,2024-05,0,0,0.0076,0,0.8026,0.1897,0,0,0,1,0.6915,0.2297,0.481,-0.6088,21.6,0
LJ500_R122_C070,696250,9562250,2024,5,2024-05,0,0,0,0,0.635,0.365,0,0,0,1,,,,,0,1
LJ500_R125_C065,693750,9563750,2024,5,2024-05,0,0,0.0771,0,0.9229,0,0,0,0,1,0.6692,0.1657,0.4234,-0.6075,100,0
LJ500_R131_C053,687750,9566750,2024,5,2024-05,0,0,0.1735,0,0.8265,0,0,0,0,1,0.6847,0.1954,0.4555,-0.6096,100,0
LJ500_R132_C080,701250,9567250,2024,5,2024-05,0.9327,0,0.0078,0,0.0594,0,0,0,0,1,0.6839,0.2621,0.5536,-0.5822,0.96,0
LJ500_R138_C087,704750,9570250,2024,5,2024-05,0.2364,0,0.5005,0,0.2631,0,0,0,0,1,0.6461,0.2296,0.4851,-0.5478,68.16,0
LJ500_R142_C071,696750,9572250,2024,5,2024-05,0,0,0,0,1,0,0,0,0,1,0.6328,0.1331,0.4083,-0.5589,100,0
LJ500_R145_C054,688250,9573750,2024,5,2024-05,0,0,0.7423,0,0.2577,0,0,0,0,1,,,,,0,1
LJ500_R147_C083,702750,9574750,2024,5,2024-05,0.3027,0,0,0,0.6973,0,0,0,0,1,0.6115,0.1233,0.3704,-0.5481,100,0
LJ500_R156_C028,675250,9579250,2024,5,2024-05,0.6724,0,0.3276,0,0,0,0,0,0,1,0.7753,0.2406,0.5316,-0.6806,70.4,0
LJ500_R156_C067,694750,9579250,2024,5,2024-05,0,0,0,0,1,0,0,0,0,1,0.6067,0.136,0.424,-0.5445,80,0
LJ500_R156_C079,700750,9579250,2024,5,2024-05,1,0,0,0,0,0,0,0,0,1,0.7458,0.2634,0.5506,-0.6824,43.36,0
LJ500_R157_C009,665750,9579750,2024,5,2024-05,0.0008,0,0.666,0,0.3333,0,0,0,0,1,0.8073,0.2497,0.5622,-0.6797,100,0
LJ500_R158_C065,693750,9580250,2024,5,2024-05,0,0,0.7476,0.135,0.1174,0,0,0,0,1,0.5575,0.0173,0.2741,-0.5182,87.52,0
LJ500_R160_C074,698250,9581250,2024,5,2024-05,0.325,0,0,0,0.675,0,0,0,0,1,0.6503,0.2202,0.4739,-0.5871,5.12,0
LJ500_R161_C066,694250,9581750,2024,5,2024-05,0,0,0.0311,0.0756,0.8933,0,0,0,0,1,0.508,0.071,0.3152,-0.4527,6.4,0
LJ500_R164_C043,682750,9583250,2024,5,2024-05,0,0.6371,0,0,0.3629,0,0,0,0,1,0.5402,0.0443,0.2928,-0.5112,81.28,0
LJ500_R164_C059,690750,9583250,2024,5,2024-05,0.6643,0.3177,0.018,0,0,0,0,0,0,1,0.6232,0.2328,0.4653,-0.5729,52.96,0
LJ500_R166_C072,697250,9584250,2024,5,2024-05,0,0,0,0,1,0,0,0,0,1,0.6776,0.1975,0.4757,-0.5859,24,0
LJ500_R167_C067,694750,9584750,2024,5,2024-05,0,0,0,0,1,0,0,0,0,1,0.7058,0.295,0.5963,-0.5963,4.16,0
LJ500_R168_C045,683750,9585250,2024,5,2024-05,0.083,0.79,0,0,0.1269,0,0,0,0,1,0.5171,0.1883,0.4472,-0.454,0.16,0
LJ500_R173_C033,677750,9587750,2024,5,2024-05,0.0493,0.4112,0,0,0.5395,0,0,0,0,1,0.7071,0.2254,0.5202,-0.6355,10.56,0
LJ500_R178_C063,692750,9590250,2024,5,2024-05,0,0,0,0,1,0,0,0,0,1,0.7084,0.1998,0.4823,-0.6336,100,0
LJ500_R179_C046,684250,9590750,2024,5,2024-05,0,1,0,0,0,0,0,0,0,1,,,,,0,1
LJ500_R180_C071,696750,9591250,2024,5,2024-05,0.1157,0,0.1808,0,0.7035,0,0,0,0,1,0.7003,0.225,0.5164,-0.6262,93.6,0
LJ500_R183_C039,680750,9592750,2024,5,2024-05,0,1,0,0,0,0,0,0,0,1,0.3325,-0.1347,0.0834,-0.3562,61.3,0
LJ500_R184_C039,680750,9593250,2024,5,2024-05,0,1,0,0,0,0,0,0,0,1,0.2682,-0.0477,0.1245,-0.265,59.34,0
LJ500_R184_C066,694250,9593250,2024,5,2024-05,0.0203,0,0,0,0.9797,0,0,0,0,1,0.5823,0.1612,0.415,-0.5374,89.19,0
LJ500_R006_C075,698750,9504250,2024,6,2024-06,0.4991,0,0.5009,0,0,0,0,0,0,1,,,,,0,1
LJ500_R011_C068,695250,9506750,2024,6,2024-06,1,0,0,0,0,0,0,0,0,1,,,,,0,1
LJ500_R012_C055,688750,9507250,2024,6,2024-06,1,0,0,0,0,0,0,0,0,1,0.6454,0.3314,0.569,-0.5788,2.72,0
LJ500_R020_C061,691750,9511250,2024,6,2024-06,0,0,1,0,0,0,0,0,0,1,,,,,0,1
LJ500_R033_C056,689250,9517750,2024,6,2024-06,0.7601,0,0.2399,0,0,0,0,0,0,1,0.7764,0.3037,0.59,-0.6669,100,0
LJ500_R035_C085,703750,9518750,2024,6,2024-06,0,0,0.6992,0,0.3008,0,0,0,0,1,,,,,0,1
LJ500_R039_C072,697250,9520750,2024,6,2024-06,0,0,0.019,0,0.972,0,0,0.0089,0,1,,,,,0,1
LJ500_R040_C060,691250,9521250,2024,6,2024-06,0.0093,0,0.9907,0,0,0,0,0,0,1,,,,,0,1
LJ500_R041_C061,691750,9521750,2024,6,2024-06,0.6217,0,0.3783,0,0,0,0,0,0,1,,,,,0,1
LJ500_R043_C058,690250,9522750,2024,6,2024-06,0,0,0.6724,0,0,0,0,0.3276,0,1,0.5564,-0.0474,0.2289,-0.5412,56.16,0
LJ500_R045_C083,702750,9523750,2024,6,2024-06,0.0975,0,0.9025,0,0,0,0,0,0,1,0.2893,0.3041,0.4941,-0.22,0.8,0
LJ500_R046_C064,693250,9524250,2024,6,2024-06,0,0,0.1216,0,0,0.2178,0,0.6606,0,1,,,,,0,1
LJ500_R048_C071,696750,9525250,2024,6,2024-06,0,0,1,0,0,0,0,0,0,1,0.4137,0.1651,0.3396,-0.3387,1.44,0
LJ500_R050_C095,708750,9526250,2024,6,2024-06,0.2432,0.6234,0.1334,0,0,0,0,0,0,1,0.4539,0.268,0.4387,-0.3947,7.84,0
LJ500_R056_C049,685750,9529250,2024,6,2024-06,0,0,1,0,0,0,0,0,0,1,0.5712,-0.0125,0.2403,-0.545,96.32,0
LJ500_R058_C079,700750,9530250,2024,6,2024-06,0,0,0.7206,0,0.2794,0,0,0,0,1,,,,,0,1
LJ500_R063_C060,691250,9532750,2024,6,2024-06,0,0,0.4901,0,0.4472,0.0627,0,0,0,1,,,,,0,1
LJ500_R064_C084,703250,9533250,2024,6,2024-06,0.235,0,0.7298,0,0.0352,0,0,0,0,1,,,,,0,1
LJ500_R069_C057,689750,9535750,2024,6,2024-06,0,0,0.1213,0,0.8787,0,0,0,0,1,,,,,0,1
LJ500_R072_C062,692250,9537250,2024,6,2024-06,0,0,0.4122,0,0.5878,0,0,0,0,1,,,,,0,1
LJ500_R072_C095,708750,9537250,2024,6,2024-06,0.7205,0.2795,0,0,0,0,0,0,0,1,0.5387,0.3397,0.5583,-0.4325,21.12,0
LJ500_R074_C074,698250,9538250,2024,6,2024-06,0,0,0.1778,0,0.8222,0,0,0,0,1,,,,,0,1
LJ500_R078_C076,699250,9540250,2024,6,2024-06,0.071,0,0.0635,0,0.8655,0,0,0,0,1,,,,,0,1
LJ500_R079_C076,699250,9540750,2024,6,2024-06,0,0,0,0,0.9922,0.0078,0,0,0,1,,,,,0,1
LJ500_R093_C071,696750,9547750,2024,6,2024-06,0.1849,0,0,0,0.8151,0,0,0,0,1,0.7533,0.274,0.5644,-0.6647,42.52,0
LJ500_R093_C073,697750,9547750,2024,6,2024-06,0.0013,0,0.5724,0,0.4263,0,0,0,0,1,,,,,0,1
LJ500_R096_C074,698250,9549250,2024,6,2024-06,0.4564,0,0.2184,0.311,0.0142,0,0,0,0,1,0.4541,0.2091,0.3995,-0.4084,1.28,0
LJ500_R098_C085,703750,9550250,2024,6,2024-06,1,0,0,0,0,0,0,0,0,1,,,,,0,1
LJ500_R101_C091,706750,9551750,2024,6,2024-06,0.0455,0.9545,0,0,0,0,0,0,0,1,,,,,0,1
LJ500_R106_C080,701250,9554250,2024,6,2024-06,0,0,0.2691,0.5021,0.2289,0,0,0,0,1,,,,,0,1
LJ500_R108_C065,693750,9555250,2024,6,2024-06,0,0,0.0703,0.9297,0,0,0,0,0,1,,,,,0,1
LJ500_R109_C088,705250,9555750,2024,6,2024-06,1,0,0,0,0,0,0,0,0,1,,,,,0,1
LJ500_R119_C079,700750,9560750,2024,6,2024-06,0,0,0.0076,0,0.8026,0.1897,0,0,0,1,,,,,0,1
LJ500_R122_C070,696250,9562250,2024,6,2024-06,0,0,0,0,0.635,0.365,0,0,0,1,,,,,0,1
LJ500_R125_C065,693750,9563750,2024,6,2024-06,0,0,0.0771,0,0.9229,0,0,0,0,1,0.6053,0.3107,0.5728,-0.5146,0.32,0
LJ500_R131_C053,687750,9566750,2024,6,2024-06,0,0,0.1735,0,0.8265,0,0,0,0,1,0.6534,0.2155,0.4663,-0.5686,86.72,0
LJ500_R132_C080,701250,9567250,2024,6,2024-06,0.9327,0,0.0078,0,0.0594,0,0,0,0,1,,,,,0,1
LJ500_R138_C087,704750,9570250,2024,6,2024-06,0.2364,0,0.5005,0,0.2631,0,0,0,0,1,,,,,0,1
LJ500_R142_C071,696750,9572250,2024,6,2024-06,0,0,0,0,1,0,0,0,0,1,,,,,0,1
LJ500_R145_C054,688250,9573750,2024,6,2024-06,0,0,0.7423,0,0.2577,0,0,0,0,1,,,,,0,1
LJ500_R147_C083,702750,9574750,2024,6,2024-06,0.3027,0,0,0,0.6973,0,0,0,0,1,,,,,0,1
LJ500_R156_C028,675250,9579250,2024,6,2024-06,0.6724,0,0.3276,0,0,0,0,0,0,1,0.7617,0.2058,0.511,-0.6735,96.16,0
LJ500_R156_C067,694750,9579250,2024,6,2024-06,0,0,0,0,1,0,0,0,0,1,,,,,0,1
LJ500_R156_C079,700750,9579250,2024,6,2024-06,1,0,0,0,0,0,0,0,0,1,,,,,0,1
LJ500_R157_C009,665750,9579750,2024,6,2024-06,0.0008,0,0.666,0,0.3333,0,0,0,0,1,0.8234,0.2217,0.5459,-0.7161,87.84,0
LJ500_R158_C065,693750,9580250,2024,6,2024-06,0,0,0.7476,0.135,0.1174,0,0,0,0,1,,,,,0,1
LJ500_R160_C074,698250,9581250,2024,6,2024-06,0.325,0,0,0,0.675,0,0,0,0,1,,,,,0,1
LJ500_R161_C066,694250,9581750,2024,6,2024-06,0,0,0.0311,0.0756,0.8933,0,0,0,0,1,,,,,0,1
LJ500_R164_C043,682750,9583250,2024,6,2024-06,0,0.6371,0,0,0.3629,0,0,0,0,1,,,,,0,1
LJ500_R164_C059,690750,9583250,2024,6,2024-06,0.6643,0.3177,0.018,0,0,0,0,0,0,1,,,,,0,1
LJ500_R166_C072,697250,9584250,2024,6,2024-06,0,0,0,0,1,0,0,0,0,1,,,,,0,1
LJ500_R167_C067,694750,9584750,2024,6,2024-06,0,0,0,0,1,0,0,0,0,1,,,,,0,1
LJ500_R168_C045,683750,9585250,2024,6,2024-06,0.083,0.79,0,0,0.1269,0,0,0,0,1,0.5559,0.0527,0.3347,-0.529,88,0
LJ500_R173_C033,677750,9587750,2024,6,2024-06,0.0493,0.4112,0,0,0.5395,0,0,0,0,1,,,,,0,1
LJ500_R178_C063,692750,9590250,2024,6,2024-06,0,0,0,0,1,0,0,0,0,1,,,,,0,1
LJ500_R179_C046,684250,9590750,2024,6,2024-06,0,1,0,0,0,0,0,0,0,1,0.4325,-0.0758,0.1882,-0.4536,52.48,0
LJ500_R180_C071,696750,9591250,2024,6,2024-06,0.1157,0,0.1808,0,0.7035,0,0,0,0,1,,,,,0,1
LJ500_R183_C039,680750,9592750,2024,6,2024-06,0,1,0,0,0,0,0,0,0,1,,,,,0,1
LJ500_R184_C039,680750,9593250,2024,6,2024-06,0,1,0,0,0,0,0,0,0,1,,,,,0,1
LJ500_R184_C066,694250,9593250,2024,6,2024-06,0.0203,0,0,0,0.9797,0,0,0,0,1,,,,,0,1
LJ500_R006_C075,698750,9504250,2024,7,2024-07,0.4991,0,0.5009,0,0,0,0,0,0,1,0.7981,0.3622,0.6381,-0.7199,32.8,0
LJ500_R011_C068,695250,9506750,2024,7,2024-07,1,0,0,0,0,0,0,0,0,1,0.7761,0.3824,0.6567,-0.6935,100,0
LJ500_R012_C055,688750,9507250,2024,7,2024-07,1,0,0,0,0,0,0,0,0,1,0.7182,0.389,0.615,-0.644,7.36,0
LJ500_R020_C061,691750,9511250,2024,7,2024-07,0,0,1,0,0,0,0,0,0,1,0.6294,0.0818,0.3499,-0.58,100,0
LJ500_R033_C056,689250,9517750,2024,7,2024-07,0.7601,0,0.2399,0,0,0,0,0,0,1,0.6883,0.2743,0.5362,-0.6048,100,0
LJ500_R035_C085,703750,9518750,2024,7,2024-07,0,0,0.6992,0,0.3008,0,0,0,0,1,0.791,0.2451,0.5434,-0.7038,91.04,0
LJ500_R039_C072,697250,9520750,2024,7,2024-07,0,0,0.019,0,0.972,0,0,0.0089,0,1,0.587,0.1716,0.3915,-0.5851,100,0
LJ500_R040_C060,691250,9521250,2024,7,2024-07,0.0093,0,0.9907,0,0,0,0,0,0,1,0.454,-0.1135,0.1093,-0.496,100,0
LJ500_R041_C061,691750,9521750,2024,7,2024-07,0.6217,0,0.3783,0,0,0,0,0,0,1,0.6299,0.0421,0.2997,-0.6031,100,0
LJ500_R043_C058,690250,9522750,2024,7,2024-07,0,0,0.6724,0,0,0,0,0.3276,0,1,0.5454,-0.05,0.2047,-0.5664,100,0
LJ500_R045_C083,702750,9523750,2024,7,2024-07,0.0975,0,0.9025,0,0,0,0,0,0,1,0.7779,0.2577,0.5586,-0.6842,100,0
LJ500_R046_C064,693250,9524250,2024,7,2024-07,0,0,0.1216,0,0,0.2178,0,0.6606,0,1,0.4425,-0.0667,0.1243,-0.4823,100,0
LJ500_R048_C071,696750,9525250,2024,7,2024-07,0,0,1,0,0,0,0,0,0,1,0.5471,0.0555,0.2841,-0.5667,100,0
LJ500_R050_C095,708750,9526250,2024,7,2024-07,0.2432,0.6234,0.1334,0,0,0,0,0,0,1,0.736,0.2832,0.584,-0.6684,86.4,0
LJ500_R056_C049,685750,9529250,2024,7,2024-07,0,0,1,0,0,0,0,0,0,1,0.5245,-0.0336,0.1932,-0.5297,100,0
LJ500_R058_C079,700750,9530250,2024,7,2024-07,0,0,0.7206,0,0.2794,0,0,0,0,1,0.7179,0.1764,0.4601,-0.6566,100,0
LJ500_R063_C060,691250,9532750,2024,7,2024-07,0,0,0.4901,0,0.4472,0.0627,0,0,0,1,0.7167,0.1811,0.4324,-0.6766,100,0
LJ500_R064_C084,703250,9533250,2024,7,2024-07,0.235,0,0.7298,0,0.0352,0,0,0,0,1,0.7919,0.2855,0.582,-0.6938,45.6,0
LJ500_R069_C057,689750,9535750,2024,7,2024-07,0,0,0.1213,0,0.8787,0,0,0,0,1,0.3421,-0.136,0.0418,-0.4133,100,0
LJ500_R072_C062,692250,9537250,2024,7,2024-07,0,0,0.4122,0,0.5878,0,0,0,0,1,0.4595,-0.1058,0.0906,-0.5051,100,0
LJ500_R072_C095,708750,9537250,2024,7,2024-07,0.7205,0.2795,0,0,0,0,0,0,0,1,,,,,0,1
LJ500_R074_C074,698250,9538250,2024,7,2024-07,0,0,0.1778,0,0.8222,0,0,0,0,1,0.6015,0.1094,0.3449,-0.5661,100,0
LJ500_R078_C076,699250,9540250,2024,7,2024-07,0.071,0,0.0635,0,0.8655,0,0,0,0,1,0.725,0.2159,0.502,-0.6349,100,0
LJ500_R079_C076,699250,9540750,2024,7,2024-07,0,0,0,0,0.9922,0.0078,0,0,0,1,0.7431,0.1807,0.4707,-0.688,100,0
LJ500_R093_C071,696750,9547750,2024,7,2024-07,0.1849,0,0,0,0.8151,0,0,0,0,1,0.7969,0.2772,0.5723,-0.712,99.93,0
LJ500_R093_C073,697750,9547750,2024,7,2024-07,0.0013,0,0.5724,0,0.4263,0,0,0,0,1,0.7313,0.2327,0.523,-0.6457,100,0
LJ500_R096_C074,698250,9549250,2024,7,2024-07,0.4564,0,0.2184,0.311,0.0142,0,0,0,0,1,0.7771,0.2431,0.5365,-0.6975,100,0
LJ500_R098_C085,703750,9550250,2024,7,2024-07,1,0,0,0,0,0,0,0,0,1,0.7882,0.371,0.6609,-0.6925,89.76,0
LJ500_R101_C091,706750,9551750,2024,7,2024-07,0.0455,0.9545,0,0,0,0,0,0,0,1,,,,,0,1
LJ500_R106_C080,701250,9554250,2024,7,2024-07,0,0,0.2691,0.5021,0.2289,0,0,0,0,1,0.7169,0.2245,0.507,-0.6399,52.64,0
LJ500_R108_C065,693750,9555250,2024,7,2024-07,0,0,0.0703,0.9297,0,0,0,0,0,1,0.7592,0.2775,0.5664,-0.6642,100,0
LJ500_R109_C088,705250,9555750,2024,7,2024-07,1,0,0,0,0,0,0,0,0,1,0.7388,0.3062,0.5793,-0.6584,33.6,0
LJ500_R119_C079,700750,9560750,2024,7,2024-07,0,0,0.0076,0,0.8026,0.1897,0,0,0,1,0.7354,0.1896,0.4813,-0.6526,100,0
LJ500_R122_C070,696250,9562250,2024,7,2024-07,0,0,0,0,0.635,0.365,0,0,0,1,0.5981,0.1148,0.3424,-0.5608,100,0
LJ500_R125_C065,693750,9563750,2024,7,2024-07,0,0,0.0771,0,0.9229,0,0,0,0,1,0.6274,0.107,0.3607,-0.5872,100,0
LJ500_R131_C053,687750,9566750,2024,7,2024-07,0,0,0.1735,0,0.8265,0,0,0,0,1,0.5609,0.1008,0.3345,-0.5378,100,0
LJ500_R132_C080,701250,9567250,2024,7,2024-07,0.9327,0,0.0078,0,0.0594,0,0,0,0,1,0.7567,0.3417,0.6137,-0.6712,19.2,0
LJ500_R138_C087,704750,9570250,2024,7,2024-07,0.2364,0,0.5005,0,0.2631,0,0,0,0,1,0.7586,0.2458,0.5477,-0.6404,100,0
LJ500_R142_C071,696750,9572250,2024,7,2024-07,0,0,0,0,1,0,0,0,0,1,0.588,0.0608,0.3097,-0.5406,100,0
LJ500_R145_C054,688250,9573750,2024,7,2024-07,0,0,0.7423,0,0.2577,0,0,0,0,1,0.6355,0.1085,0.3797,-0.5981,100,0
LJ500_R147_C083,702750,9574750,2024,7,2024-07,0.3027,0,0,0,0.6973,0,0,0,0,1,0.641,0.2009,0.4675,-0.5574,47.68,0
LJ500_R156_C028,675250,9579250,2024,7,2024-07,0.6724,0,0.3276,0,0,0,0,0,0,1,0.7236,0.2112,0.4934,-0.6474,80,0
LJ500_R156_C067,694750,9579250,2024,7,2024-07,0,0,0,0,1,0,0,0,0,1,0.4847,0.1141,0.3429,-0.4454,79.84,0
LJ500_R156_C079,700750,9579250,2024,7,2024-07,1,0,0,0,0,0,0,0,0,1,0.7301,0.2723,0.5496,-0.6677,93.12,0
LJ500_R157_C009,665750,9579750,2024,7,2024-07,0.0008,0,0.666,0,0.3333,0,0,0,0,1,0.7841,0.2216,0.522,-0.6884,100,0
LJ500_R158_C065,693750,9580250,2024,7,2024-07,0,0,0.7476,0.135,0.1174,0,0,0,0,1,0.5904,0.0525,0.3327,-0.551,97.44,0
LJ500_R160_C074,698250,9581250,2024,7,2024-07,0.325,0,0,0,0.675,0,0,0,0,1,0.5853,0.1903,0.4557,-0.5246,19.36,0
LJ500_R161_C066,694250,9581750,2024,7,2024-07,0,0,0.0311,0.0756,0.8933,0,0,0,0,1,,,,,0,1
LJ500_R164_C043,682750,9583250,2024,7,2024-07,0,0.6371,0,0,0.3629,0,0,0,0,1,0.4858,0.0577,0.2899,-0.4698,100,0
LJ500_R164_C059,690750,9583250,2024,7,2024-07,0.6643,0.3177,0.018,0,0,0,0,0,0,1,0.7152,0.2994,0.5639,-0.6457,100,0
LJ500_R166_C072,697250,9584250,2024,7,2024-07,0,0,0,0,1,0,0,0,0,1,,,,,0,1
LJ500_R167_C067,694750,9584750,2024,7,2024-07,0,0,0,0,1,0,0,0,0,1,0.6171,0.2012,0.4518,-0.5348,12.32,0
LJ500_R168_C045,683750,9585250,2024,7,2024-07,0.083,0.79,0,0,0.1269,0,0,0,0,1,0.5781,0.0892,0.3569,-0.56,100,0
LJ500_R173_C033,677750,9587750,2024,7,2024-07,0.0493,0.4112,0,0,0.5395,0,0,0,0,1,0.5126,0.1512,0.3658,-0.4703,1.44,0
LJ500_R178_C063,692750,9590250,2024,7,2024-07,0,0,0,0,1,0,0,0,0,1,0.7296,0.2122,0.4999,-0.6737,20.8,0
LJ500_R179_C046,684250,9590750,2024,7,2024-07,0,1,0,0,0,0,0,0,0,1,0.3403,-0.0137,0.2059,-0.3572,49.76,0
LJ500_R180_C071,696750,9591250,2024,7,2024-07,0.1157,0,0.1808,0,0.7035,0,0,0,0,1,0.7457,0.1985,0.4831,-0.7047,100,0
LJ500_R183_C039,680750,9592750,2024,7,2024-07,0,1,0,0,0,0,0,0,0,1,0.4162,-0.163,0.0803,-0.4583,74.93,0
LJ500_R184_C039,680750,9593250,2024,7,2024-07,0,1,0,0,0,0,0,0,0,1,0.5681,0.0188,0.2825,-0.5521,33.62,0
LJ500_R184_C066,694250,9593250,2024,7,2024-07,0.0203,0,0,0,0.9797,0,0,0,0,1,,,,,0,1
LJ500_R006_C075,698750,9504250,2024,8,2024-08,0.4991,0,0.5009,0,0,0,0,0,0,1,0.8276,0.3485,0.6212,-0.7693,79.04,0
LJ500_R011_C068,695250,9506750,2024,8,2024-08,1,0,0,0,0,0,0,0,0,1,0.8487,0.3909,0.6704,-0.7762,100,0
LJ500_R012_C055,688750,9507250,2024,8,2024-08,1,0,0,0,0,0,0,0,0,1,0.8364,0.3845,0.6647,-0.7704,100,0
LJ500_R020_C061,691750,9511250,2024,8,2024-08,0,0,1,0,0,0,0,0,0,1,0.6377,0.0589,0.3142,-0.6097,100,0
LJ500_R033_C056,689250,9517750,2024,8,2024-08,0.7601,0,0.2399,0,0,0,0,0,0,1,0.7794,0.2585,0.5408,-0.6925,100,0
LJ500_R035_C085,703750,9518750,2024,8,2024-08,0,0,0.6992,0,0.3008,0,0,0,0,1,0.8106,0.2235,0.519,-0.7337,100,0
LJ500_R039_C072,697250,9520750,2024,8,2024-08,0,0,0.019,0,0.972,0,0,0.0089,0,1,0.5677,0.138,0.3454,-0.5734,100,0
LJ500_R040_C060,691250,9521250,2024,8,2024-08,0.0093,0,0.9907,0,0,0,0,0,0,1,0.4346,-0.1783,0.0219,-0.5114,100,0
LJ500_R041_C061,691750,9521750,2024,8,2024-08,0.6217,0,0.3783,0,0,0,0,0,0,1,0.5622,-0.0347,0.1918,-0.5634,100,0
LJ500_R043_C058,690250,9522750,2024,8,2024-08,0,0,0.6724,0,0,0,0,0.3276,0,1,0.4738,-0.125,0.1041,-0.5419,100,0
LJ500_R045_C083,702750,9523750,2024,8,2024-08,0.0975,0,0.9025,0,0,0,0,0,0,1,0.8107,0.2343,0.5325,-0.734,100,0
LJ500_R046_C064,693250,9524250,2024,8,2024-08,0,0,0.1216,0,0,0.2178,0,0.6606,0,1,0.3596,-0.1217,0.0496,-0.4124,100,0
LJ500_R048_C071,696750,9525250,2024,8,2024-08,0,0,1,0,0,0,0,0,0,1,0.5352,0.0163,0.228,-0.583,100,0
LJ500_R050_C095,708750,9526250,2024,8,2024-08,0.2432,0.6234,0.1334,0,0,0,0,0,0,1,0.7458,0.2534,0.5446,-0.6948,100,0
LJ500_R056_C049,685750,9529250,2024,8,2024-08,0,0,1,0,0,0,0,0,0,1,0.4875,-0.082,0.1351,-0.5302,100,0
LJ500_R058_C079,700750,9530250,2024,8,2024-08,0,0,0.7206,0,0.2794,0,0,0,0,1,0.694,0.1532,0.4354,-0.6381,100,0
LJ500_R063_C060,691250,9532750,2024,8,2024-08,0,0,0.4901,0,0.4472,0.0627,0,0,0,1,0.6913,0.1736,0.4252,-0.6478,100,0
LJ500_R064_C084,703250,9533250,2024,8,2024-08,0.235,0,0.7298,0,0.0352,0,0,0,0,1,0.821,0.2743,0.5733,-0.74,100,0
LJ500_R069_C057,689750,9535750,2024,8,2024-08,0,0,0.1213,0,0.8787,0,0,0,0,1,0.2808,-0.19,-0.0339,-0.3726,100,0
LJ500_R072_C062,692250,9537250,2024,8,2024-08,0,0,0.4122,0,0.5878,0,0,0,0,1,0.3984,-0.1521,0.0246,-0.4505,100,0
LJ500_R072_C095,708750,9537250,2024,8,2024-08,0.7205,0.2795,0,0,0,0,0,0,0,1,0.7329,0.2853,0.5556,-0.678,100,0
LJ500_R074_C074,698250,9538250,2024,8,2024-08,0,0,0.1778,0,0.8222,0,0,0,0,1,0.6231,0.0938,0.3313,-0.5838,100,0
LJ500_R078_C076,699250,9540250,2024,8,2024-08,0.071,0,0.0635,0,0.8655,0,0,0,0,1,0.777,0.1938,0.4763,-0.6917,100,0
LJ500_R079_C076,699250,9540750,2024,8,2024-08,0,0,0,0,0.9922,0.0078,0,0,0,1,0.7664,0.1764,0.4473,-0.7196,100,0
LJ500_R093_C071,696750,9547750,2024,8,2024-08,0.1849,0,0,0,0.8151,0,0,0,0,1,0.8164,0.2797,0.5686,-0.7365,100,0
LJ500_R093_C073,697750,9547750,2024,8,2024-08,0.0013,0,0.5724,0,0.4263,0,0,0,0,1,0.7746,0.2147,0.4985,-0.7002,100,0
LJ500_R096_C074,698250,9549250,2024,8,2024-08,0.4564,0,0.2184,0.311,0.0142,0,0,0,0,1,0.7966,0.243,0.5326,-0.7208,100,0
LJ500_R098_C085,703750,9550250,2024,8,2024-08,1,0,0,0,0,0,0,0,0,1,0.8315,0.3696,0.6504,-0.7522,100,0
LJ500_R101_C091,706750,9551750,2024,8,2024-08,0.0455,0.9545,0,0,0,0,0,0,0,1,0.7369,0.2495,0.5379,-0.7016,100,0
LJ500_R106_C080,701250,9554250,2024,8,2024-08,0,0,0.2691,0.5021,0.2289,0,0,0,0,1,0.7819,0.2328,0.5208,-0.7135,100,0
LJ500_R108_C065,693750,9555250,2024,8,2024-08,0,0,0.0703,0.9297,0,0,0,0,0,1,0.7974,0.2432,0.5116,-0.7403,100,0
LJ500_R109_C088,705250,9555750,2024,8,2024-08,1,0,0,0,0,0,0,0,0,1,0.7937,0.3038,0.5854,-0.7239,100,0
LJ500_R119_C079,700750,9560750,2024,8,2024-08,0,0,0.0076,0,0.8026,0.1897,0,0,0,1,0.7405,0.1858,0.4654,-0.664,100,0
LJ500_R122_C070,696250,9562250,2024,8,2024-08,0,0,0,0,0.635,0.365,0,0,0,1,0.6073,0.1184,0.3347,-0.574,100,0
LJ500_R125_C065,693750,9563750,2024,8,2024-08,0,0,0.0771,0,0.9229,0,0,0,0,1,0.6354,0.1143,0.3542,-0.5989,100,0
LJ500_R131_C053,687750,9566750,2024,8,2024-08,0,0,0.1735,0,0.8265,0,0,0,0,1,0.5769,0.0613,0.2874,-0.584,100,0
LJ500_R132_C080,701250,9567250,2024,8,2024-08,0.9327,0,0.0078,0,0.0594,0,0,0,0,1,0.8449,0.3432,0.6397,-0.7584,100,0
LJ500_R138_C087,704750,9570250,2024,8,2024-08,0.2364,0,0.5005,0,0.2631,0,0,0,0,1,0.7972,0.2556,0.5567,-0.6865,100,0
LJ500_R142_C071,696750,9572250,2024,8,2024-08,0,0,0,0,1,0,0,0,0,1,0.6495,0.0672,0.3205,-0.6048,100,0
LJ500_R145_C054,688250,9573750,2024,8,2024-08,0,0,0.7423,0,0.2577,0,0,0,0,1,0.6322,0.0984,0.3562,-0.6037,100,0
LJ500_R147_C083,702750,9574750,2024,8,2024-08,0.3027,0,0,0,0.6973,0,0,0,0,1,0.7458,0.2088,0.4935,-0.6632,100,0
LJ500_R156_C028,675250,9579250,2024,8,2024-08,0.6724,0,0.3276,0,0,0,0,0,0,1,0.7052,0.2044,0.4901,-0.6342,100,0
LJ500_R156_C067,694750,9579250,2024,8,2024-08,0,0,0,0,1,0,0,0,0,1,0.6531,0.1355,0.4084,-0.6131,100,0
LJ500_R156_C079,700750,9579250,2024,8,2024-08,1,0,0,0,0,0,0,0,0,1,0.7222,0.2505,0.5226,-0.6743,100,0
LJ500_R157_C009,665750,9579750,2024,8,2024-08,0.0008,0,0.666,0,0.3333,0,0,0,0,1,0.7364,0.1615,0.4641,-0.6686,100,0
LJ500_R158_C065,693750,9580250,2024,8,2024-08,0,0,0.7476,0.135,0.1174,0,0,0,0,1,0.6117,0.0447,0.2987,-0.5842,100,0
LJ500_R160_C074,698250,9581250,2024,8,2024-08,0.325,0,0,0,0.675,0,0,0,0,1,0.7506,0.2005,0.488,-0.6879,100,0
LJ500_R161_C066,694250,9581750,2024,8,2024-08,0,0,0.0311,0.0756,0.8933,0,0,0,0,1,0.6238,0.0848,0.3354,-0.5863,100,0
LJ500_R164_C043,682750,9583250,2024,8,2024-08,0,0.6371,0,0,0.3629,0,0,0,0,1,0.5348,0.018,0.2691,-0.5255,100,0
LJ500_R164_C059,690750,9583250,2024,8,2024-08,0.6643,0.3177,0.018,0,0,0,0,0,0,1,0.7412,0.3263,0.5882,-0.6825,14.88,0
LJ500_R166_C072,697250,9584250,2024,8,2024-08,0,0,0,0,1,0,0,0,0,1,0.7633,0.2339,0.5116,-0.6984,0.16,0
LJ500_R167_C067,694750,9584750,2024,8,2024-08,0,0,0,0,1,0,0,0,0,1,0.3806,0.1124,0.2657,-0.3406,60.8,0
LJ500_R168_C045,683750,9585250,2024,8,2024-08,0.083,0.79,0,0,0.1269,0,0,0,0,1,0.5715,0.0792,0.3524,-0.5529,100,0
LJ500_R173_C033,677750,9587750,2024,8,2024-08,0.0493,0.4112,0,0,0.5395,0,0,0,0,1,0.6457,0.1827,0.467,-0.586,42.72,0
LJ500_R178_C063,692750,9590250,2024,8,2024-08,0,0,0,0,1,0,0,0,0,1,0.6626,0.2305,0.4935,-0.5878,57.92,0
LJ500_R179_C046,684250,9590750,2024,8,2024-08,0,1,0,0,0,0,0,0,0,1,0.4367,0.0012,0.2509,-0.4443,24.64,0
LJ500_R180_C071,696750,9591250,2024,8,2024-08,0.1157,0,0.1808,0,0.7035,0,0,0,0,1,,,,,0,1
LJ500_R183_C039,680750,9592750,2024,8,2024-08,0,1,0,0,0,0,0,0,0,1,,,,,0,1
LJ500_R184_C039,680750,9593250,2024,8,2024-08,0,1,0,0,0,0,0,0,0,1,,,,,0,1
LJ500_R184_C066,694250,9593250,2024,8,2024-08,0.0203,0,0,0,0.9797,0,0,0,0,1,0.5752,0.2035,0.429,-0.4564,0.8108,0
LJ500_R006_C075,698750,9504250,2024,9,2024-09,0.4991,0,0.5009,0,0,0,0,0,0,1,0.7342,0.3631,0.6302,-0.6324,67.84,0
LJ500_R011_C068,695250,9506750,2024,9,2024-09,1,0,0,0,0,0,0,0,0,1,0.8067,0.3842,0.6662,-0.7127,99.68,0
LJ500_R012_C055,688750,9507250,2024,9,2024-09,1,0,0,0,0,0,0,0,0,1,0.834,0.3819,0.6658,-0.7561,90.08,0
LJ500_R020_C061,691750,9511250,2024,9,2024-09,0,0,1,0,0,0,0,0,0,1,0.5602,-0.0094,0.2417,-0.6036,100,0
LJ500_R033_C056,689250,9517750,2024,9,2024-09,0.7601,0,0.2399,0,0,0,0,0,0,1,0.7419,0.2142,0.4976,-0.6873,100,0
LJ500_R035_C085,703750,9518750,2024,9,2024-09,0,0,0.6992,0,0.3008,0,0,0,0,1,0.6848,0.0946,0.3834,-0.6505,100,0
LJ500_R039_C072,697250,9520750,2024,9,2024-09,0,0,0.019,0,0.972,0,0,0.0089,0,1,0.5064,0.1394,0.3421,-0.5252,100,0
LJ500_R040_C060,691250,9521250,2024,9,2024-09,0.0093,0,0.9907,0,0,0,0,0,0,1,0.3217,-0.2089,-0.0122,-0.4754,100,0
LJ500_R041_C061,691750,9521750,2024,9,2024-09,0.6217,0,0.3783,0,0,0,0,0,0,1,0.4639,-0.1364,0.0808,-0.544,100,0
LJ500_R043_C058,690250,9522750,2024,9,2024-09,0,0,0.6724,0,0,0,0,0.3276,0,1,0.3787,-0.1619,0.056,-0.5249,100,0
LJ500_R045_C083,702750,9523750,2024,9,2024-09,0.0975,0,0.9025,0,0,0,0,0,0,1,0.6957,0.1349,0.4303,-0.6511,100,0
LJ500_R046_C064,693250,9524250,2024,9,2024-09,0,0,0.1216,0,0,0.2178,0,0.6606,0,1,0.2929,-0.1683,-0.0164,-0.3945,100,0
LJ500_R048_C071,696750,9525250,2024,9,2024-09,0,0,1,0,0,0,0,0,0,1,0.3447,-0.0475,0.1459,-0.4721,100,0
LJ500_R050_C095,708750,9526250,2024,9,2024-09,0.2432,0.6234,0.1334,0,0,0,0,0,0,1,0.7564,0.2469,0.5511,-0.6941,100,0
LJ500_R056_C049,685750,9529250,2024,9,2024-09,0,0,1,0,0,0,0,0,0,1,0.3936,-0.1391,0.06,-0.5022,100,0
LJ500_R058_C079,700750,9530250,2024,9,2024-09,0,0,0.7206,0,0.2794,0,0,0,0,1,0.6198,0.0837,0.356,-0.6196,100,0
LJ500_R063_C060,691250,9532750,2024,9,2024-09,0,0,0.4901,0,0.4472,0.0627,0,0,0,1,0.5895,0.0735,0.3187,-0.6214,100,0
LJ500_R064_C084,703250,9533250,2024,9,2024-09,0.235,0,0.7298,0,0.0352,0,0,0,0,1,0.778,0.2391,0.5477,-0.7001,100,0
LJ500_R069_C057,689750,9535750,2024,9,2024-09,0,0,0.1213,0,0.8787,0,0,0,0,1,0.2467,-0.1985,-0.0338,-0.3687,100,0
LJ500_R072_C062,692250,9537250,2024,9,2024-09,0,0,0.4122,0,0.5878,0,0,0,0,1,0.3127,-0.189,-0.0222,-0.427,100,0
LJ500_R072_C095,708750,9537250,2024,9,2024-09,0.7205,0.2795,0,0,0,0,0,0,0,1,0.8206,0.3913,0.6726,-0.7342,0.16,0
LJ500_R074_C074,698250,9538250,2024,9,2024-09,0,0,0.1778,0,0.8222,0,0,0,0,1,0.4564,-0.0073,0.1848,-0.4905,100,0
LJ500_R078_C076,699250,9540250,2024,9,2024-09,0.071,0,0.0635,0,0.8655,0,0,0,0,1,0.6453,0.084,0.3622,-0.6225,100,0
LJ500_R079_C076,699250,9540750,2024,9,2024-09,0,0,0,0,0.9922,0.0078,0,0,0,1,0.6367,0.1077,0.3723,-0.6386,100,0
LJ500_R093_C071,696750,9547750,2024,9,2024-09,0.1849,0,0,0,0.8151,0,0,0,0,1,0.7299,0.201,0.4928,-0.6867,100,0
LJ500_R093_C073,697750,9547750,2024,9,2024-09,0.0013,0,0.5724,0,0.4263,0,0,0,0,1,0.7409,0.1946,0.4905,-0.6814,100,0
LJ500_R096_C074,698250,9549250,2024,9,2024-09,0.4564,0,0.2184,0.311,0.0142,0,0,0,0,1,0.7742,0.2314,0.5283,-0.7026,100,0
LJ500_R098_C085,703750,9550250,2024,9,2024-09,1,0,0,0,0,0,0,0,0,1,0.7723,0.3519,0.6177,-0.6848,72,0
LJ500_R101_C091,706750,9551750,2024,9,2024-09,0.0455,0.9545,0,0,0,0,0,0,0,1,,,,,0,1
LJ500_R106_C080,701250,9554250,2024,9,2024-09,0,0,0.2691,0.5021,0.2289,0,0,0,0,1,0.4109,-0.1415,-0.0286,-0.4472,100,0
LJ500_R108_C065,693750,9555250,2024,9,2024-09,0,0,0.0703,0.9297,0,0,0,0,0,1,0.7358,0.222,0.5009,-0.6597,100,0
LJ500_R109_C088,705250,9555750,2024,9,2024-09,1,0,0,0,0,0,0,0,0,1,0.7239,0.3049,0.5732,-0.6328,90.08,0
LJ500_R119_C079,700750,9560750,2024,9,2024-09,0,0,0.0076,0,0.8026,0.1897,0,0,0,1,0.6333,0.0791,0.3477,-0.606,100,0
LJ500_R122_C070,696250,9562250,2024,9,2024-09,0,0,0,0,0.635,0.365,0,0,0,1,0.459,0.022,0.2232,-0.4765,100,0
LJ500_R125_C065,693750,9563750,2024,9,2024-09,0,0,0.0771,0,0.9229,0,0,0,0,1,0.5237,0.0102,0.2317,-0.5356,100,0
LJ500_R131_C053,687750,9566750,2024,9,2024-09,0,0,0.1735,0,0.8265,0,0,0,0,1,0.4647,-0.0132,0.2038,-0.5212,100,0
LJ500_R132_C080,701250,9567250,2024,9,2024-09,0.9327,0,0.0078,0,0.0594,0,0,0,0,1,,,,,0,1
LJ500_R138_C087,704750,9570250,2024,9,2024-09,0.2364,0,0.5005,0,0.2631,0,0,0,0,1,0.7245,0.1965,0.5018,-0.6237,100,0
LJ500_R142_C071,696750,9572250,2024,9,2024-09,0,0,0,0,1,0,0,0,0,1,0.571,-0.0123,0.2267,-0.563,100,0
LJ500_R145_C054,688250,9573750,2024,9,2024-09,0,0,0.7423,0,0.2577,0,0,0,0,1,0.6017,0.0656,0.3241,-0.5895,100,0
LJ500_R147_C083,702750,9574750,2024,9,2024-09,0.3027,0,0,0,0.6973,0,0,0,0,1,0.7175,0.1909,0.4783,-0.6427,33.28,0
LJ500_R156_C028,675250,9579250,2024,9,2024-09,0.6724,0,0.3276,0,0,0,0,0,0,1,0.6833,0.1448,0.4192,-0.6578,100,0
LJ500_R156_C067,694750,9579250,2024,9,2024-09,0,0,0,0,1,0,0,0,0,1,0.6,0.0854,0.358,-0.5747,100,0
LJ500_R156_C079,700750,9579250,2024,9,2024-09,1,0,0,0,0,0,0,0,0,1,0.7237,0.2435,0.5312,-0.665,100,0
LJ500_R157_C009,665750,9579750,2024,9,2024-09,0.0008,0,0.666,0,0.3333,0,0,0,0,1,0.6355,0.0472,0.3265,-0.6259,100,0
LJ500_R158_C065,693750,9580250,2024,9,2024-09,0,0,0.7476,0.135,0.1174,0,0,0,0,1,0.562,0.0018,0.2563,-0.5627,100,0
LJ500_R160_C074,698250,9581250,2024,9,2024-09,0.325,0,0,0,0.675,0,0,0,0,1,0.7057,0.1372,0.4198,-0.6612,100,0
LJ500_R161_C066,694250,9581750,2024,9,2024-09,0,0,0.0311,0.0756,0.8933,0,0,0,0,1,0.5835,0.04,0.2824,-0.5594,100,0
LJ500_R164_C043,682750,9583250,2024,9,2024-09,0,0.6371,0,0,0.3629,0,0,0,0,1,0.506,-0.0457,0.1828,-0.5422,100,0
LJ500_R164_C059,690750,9583250,2024,9,2024-09,0.6643,0.3177,0.018,0,0,0,0,0,0,1,0.7811,0.287,0.5674,-0.7251,100,0
LJ500_R166_C072,697250,9584250,2024,9,2024-09,0,0,0,0,1,0,0,0,0,1,0.7016,0.1426,0.4253,-0.6244,100,0
LJ500_R167_C067,694750,9584750,2024,9,2024-09,0,0,0,0,1,0,0,0,0,1,0.6889,0.1203,0.4047,-0.618,98.4,0
LJ500_R168_C045,683750,9585250,2024,9,2024-09,0.083,0.79,0,0,0.1269,0,0,0,0,1,0.5703,0.0291,0.3134,-0.5863,100,0
LJ500_R173_C033,677750,9587750,2024,9,2024-09,0.0493,0.4112,0,0,0.5395,0,0,0,0,1,0.6393,0.0845,0.3603,-0.6298,100,0
LJ500_R178_C063,692750,9590250,2024,9,2024-09,0,0,0,0,1,0,0,0,0,1,0.7033,0.1642,0.4431,-0.6483,100,0
LJ500_R179_C046,684250,9590750,2024,9,2024-09,0,1,0,0,0,0,0,0,0,1,0.5119,-0.1009,0.1713,-0.5728,100,0
LJ500_R180_C071,696750,9591250,2024,9,2024-09,0.1157,0,0.1808,0,0.7035,0,0,0,0,1,0.6692,0.1499,0.4258,-0.6274,91.2,0
LJ500_R183_C039,680750,9592750,2024,9,2024-09,0,1,0,0,0,0,0,0,0,1,0.417,-0.2091,0.0406,-0.4944,100,0
LJ500_R184_C039,680750,9593250,2024,9,2024-09,0,1,0,0,0,0,0,0,0,1,0.389,-0.0711,0.1627,-0.3998,100,0
LJ500_R184_C066,694250,9593250,2024,9,2024-09,0.0203,0,0,0,0.9797,0,0,0,0,1,0.6478,0.1123,0.4011,-0.6169,89.73,0
LJ500_R006_C075,698750,9504250,2024,10,2024-10,0.4991,0,0.5009,0,0,0,0,0,0,1,,,,,0,1
LJ500_R011_C068,695250,9506750,2024,10,2024-10,1,0,0,0,0,0,0,0,0,1,,,,,0,1
LJ500_R012_C055,688750,9507250,2024,10,2024-10,1,0,0,0,0,0,0,0,0,1,0.7932,0.3545,0.6297,-0.7217,68.16,0
LJ500_R020_C061,691750,9511250,2024,10,2024-10,0,0,1,0,0,0,0,0,0,1,0.4657,-0.0688,0.1566,-0.5152,100,0
LJ500_R033_C056,689250,9517750,2024,10,2024-10,0.7601,0,0.2399,0,0,0,0,0,0,1,0.2911,-0.1334,-0.0547,-0.3158,100,0
LJ500_R035_C085,703750,9518750,2024,10,2024-10,0,0,0.6992,0,0.3008,0,0,0,0,1,0.4932,-0.0025,0.2738,-0.4673,27.84,0
LJ500_R039_C072,697250,9520750,2024,10,2024-10,0,0,0.019,0,0.972,0,0,0.0089,0,1,0.4718,0.1077,0.3032,-0.5014,100,0
LJ500_R040_C060,691250,9521250,2024,10,2024-10,0.0093,0,0.9907,0,0,0,0,0,0,1,0.2124,-0.3674,-0.3387,-0.3182,100,0
LJ500_R041_C061,691750,9521750,2024,10,2024-10,0.6217,0,0.3783,0,0,0,0,0,0,1,0.308,-0.2221,-0.1087,-0.3579,100,0
LJ500_R043_C058,690250,9522750,2024,10,2024-10,0,0,0.6724,0,0,0,0,0.3276,0,1,0.3099,-0.1646,0.0396,-0.4229,100,0
LJ500_R045_C083,702750,9523750,2024,10,2024-10,0.0975,0,0.9025,0,0,0,0,0,0,1,,,,,0,1
LJ500_R046_C064,693250,9524250,2024,10,2024-10,0,0,0.1216,0,0,0.2178,0,0.6606,0,1,0.2554,-0.1716,-0.0389,-0.3269,100,0
LJ500_R048_C071,696750,9525250,2024,10,2024-10,0,0,1,0,0,0,0,0,0,1,0.3002,-0.0733,0.1081,-0.412,100,0
LJ500_R050_C095,708750,9526250,2024,10,2024-10,0.2432,0.6234,0.1334,0,0,0,0,0,0,1,0.7493,0.2265,0.5247,-0.6946,100,0
LJ500_R056_C049,685750,9529250,2024,10,2024-10,0,0,1,0,0,0,0,0,0,1,0.3348,-0.152,0.0331,-0.438,100,0
LJ500_R058_C079,700750,9530250,2024,10,2024-10,0,0,0.7206,0,0.2794,0,0,0,0,1,0.4738,0.0246,0.2888,-0.4668,100,0
LJ500_R063_C060,691250,9532750,2024,10,2024-10,0,0,0.4901,0,0.4472,0.0627,0,0,0,1,0.2703,-0.1512,-0.0006,-0.3323,80.32,0
LJ500_R064_C084,703250,9533250,2024,10,2024-10,0.235,0,0.7298,0,0.0352,0,0,0,0,1,0.674,0.1612,0.4433,-0.6391,23.52,0
LJ500_R069_C057,689750,9535750,2024,10,2024-10,0,0,0.1213,0,0.8787,0,0,0,0,1,0.2301,-0.194,-0.0394,-0.3146,100,0
LJ500_R072_C062,692250,9537250,2024,10,2024-10,0,0,0.4122,0,0.5878,0,0,0,0,1,0.2782,-0.1791,-0.021,-0.3656,100,0
LJ500_R072_C095,708750,9537250,2024,10,2024-10,0.7205,0.2795,0,0,0,0,0,0,0,1,0.6664,0.2548,0.542,-0.5702,0.64,0
LJ500_R074_C074,698250,9538250,2024,10,2024-10,0,0,0.1778,0,0.8222,0,0,0,0,1,0.3516,-0.0725,0.0922,-0.3852,100,0
LJ500_R078_C076,699250,9540250,2024,10,2024-10,0.071,0,0.0635,0,0.8655,0,0,0,0,1,0.5447,0.0183,0.2772,-0.5452,46.56,0
LJ500_R079_C076,699250,9540750,2024,10,2024-10,0,0,0,0,0.9922,0.0078,0,0,0,1,0.5493,0.0418,0.2824,-0.5735,45.92,0
LJ500_R093_C071,696750,9547750,2024,10,2024-10,0.1849,0,0,0,0.8151,0,0,0,0,1,0.6564,0.1235,0.4057,-0.6325,46.28,0
LJ500_R093_C073,697750,9547750,2024,10,2024-10,0.0013,0,0.5724,0,0.4263,0,0,0,0,1,0.6829,0.1503,0.4313,-0.6408,72.64,0
LJ500_R096_C074,698250,9549250,2024,10,2024-10,0.4564,0,0.2184,0.311,0.0142,0,0,0,0,1,0.7468,0.1889,0.4751,-0.6813,40.32,0
LJ500_R098_C085,703750,9550250,2024,10,2024-10,1,0,0,0,0,0,0,0,0,1,0.8232,0.3388,0.6293,-0.7396,100,0
LJ500_R101_C091,706750,9551750,2024,10,2024-10,0.0455,0.9545,0,0,0,0,0,0,0,1,0.6587,0.107,0.3725,-0.6351,100,0
LJ500_R106_C080,701250,9554250,2024,10,2024-10,0,0,0.2691,0.5021,0.2289,0,0,0,0,1,0.3698,-0.1661,-0.0575,-0.445,100,0
LJ500_R108_C065,693750,9555250,2024,10,2024-10,0,0,0.0703,0.9297,0,0,0,0,0,1,0.7275,0.2144,0.4841,-0.6676,100,0
LJ500_R109_C088,705250,9555750,2024,10,2024-10,1,0,0,0,0,0,0,0,0,1,0.7873,0.2804,0.5705,-0.7132,100,0
LJ500_R119_C079,700750,9560750,2024,10,2024-10,0,0,0.0076,0,0.8026,0.1897,0,0,0,1,0.5612,0.0271,0.2784,-0.5664,100,0
LJ500_R122_C070,696250,9562250,2024,10,2024-10,0,0,0,0,0.635,0.365,0,0,0,1,0.425,-0.017,0.1631,-0.4672,100,0
LJ500_R125_C065,693750,9563750,2024,10,2024-10,0,0,0.0771,0,0.9229,0,0,0,0,1,0.4556,-0.0236,0.1785,-0.4942,100,0
LJ500_R131_C053,687750,9566750,2024,10,2024-10,0,0,0.1735,0,0.8265,0,0,0,0,1,0.4148,-0.0091,0.1964,-0.4685,100,0
LJ500_R132_C080,701250,9567250,2024,10,2024-10,0.9327,0,0.0078,0,0.0594,0,0,0,0,1,0.796,0.2834,0.5698,-0.7241,100,0
LJ500_R138_C087,704750,9570250,2024,10,2024-10,0.2364,0,0.5005,0,0.2631,0,0,0,0,1,0.6792,0.1235,0.3893,-0.6205,100,0
LJ500_R142_C071,696750,9572250,2024,10,2024-10,0,0,0,0,1,0,0,0,0,1,0.4882,-0.0634,0.1445,-0.5097,99.04,0
LJ500_R145_C054,688250,9573750,2024,10,2024-10,0,0,0.7423,0,0.2577,0,0,0,0,1,0.5707,0.0476,0.3006,-0.5727,100,0
LJ500_R147_C083,702750,9574750,2024,10,2024-10,0.3027,0,0,0,0.6973,0,0,0,0,1,0.5546,0.0429,0.2863,-0.5284,26.72,0
LJ500_R156_C028,675250,9579250,2024,10,2024-10,0.6724,0,0.3276,0,0,0,0,0,0,1,0.655,0.102,0.3734,-0.6538,100,0
LJ500_R156_C067,694750,9579250,2024,10,2024-10,0,0,0,0,1,0,0,0,0,1,,,,,0,1
LJ500_R156_C079,700750,9579250,2024,10,2024-10,1,0,0,0,0,0,0,0,0,1,0.7363,0.2328,0.514,-0.6896,100,0
LJ500_R157_C009,665750,9579750,2024,10,2024-10,0.0008,0,0.666,0,0.3333,0,0,0,0,1,0.5848,0.0072,0.2649,-0.5924,100,0
LJ500_R158_C065,693750,9580250,2024,10,2024-10,0,0,0.7476,0.135,0.1174,0,0,0,0,1,,,,,0,1
LJ500_R160_C074,698250,9581250,2024,10,2024-10,0.325,0,0,0,0.675,0,0,0,0,1,0.6737,0.1081,0.3843,-0.6399,100,0
LJ500_R161_C066,694250,9581750,2024,10,2024-10,0,0,0.0311,0.0756,0.8933,0,0,0,0,1,,,,,0,1
LJ500_R164_C043,682750,9583250,2024,10,2024-10,0,0.6371,0,0,0.3629,0,0,0,0,1,0.4396,-0.1081,0.0677,-0.4997,100,0
LJ500_R164_C059,690750,9583250,2024,10,2024-10,0.6643,0.3177,0.018,0,0,0,0,0,0,1,0.7734,0.3284,0.6017,-0.7013,18.56,0
LJ500_R166_C072,697250,9584250,2024,10,2024-10,0,0,0,0,1,0,0,0,0,1,0.6317,0.1357,0.4047,-0.572,73.92,0
LJ500_R167_C067,694750,9584750,2024,10,2024-10,0,0,0,0,1,0,0,0,0,1,0.6253,0.0682,0.3401,-0.5857,83.84,0
LJ500_R168_C045,683750,9585250,2024,10,2024-10,0.083,0.79,0,0,0.1269,0,0,0,0,1,0.5169,-0.014,0.2553,-0.5548,82.72,0
LJ500_R173_C033,677750,9587750,2024,10,2024-10,0.0493,0.4112,0,0,0.5395,0,0,0,0,1,0.6022,0.0446,0.3215,-0.6157,100,0
LJ500_R178_C063,692750,9590250,2024,10,2024-10,0,0,0,0,1,0,0,0,0,1,0.6182,0.0959,0.359,-0.5852,52.8,0
LJ500_R179_C046,684250,9590750,2024,10,2024-10,0,1,0,0,0,0,0,0,0,1,0.3803,-0.1184,0.12,-0.436,15.68,0
LJ500_R180_C071,696750,9591250,2024,10,2024-10,0.1157,0,0.1808,0,0.7035,0,0,0,0,1,0.5824,0.1283,0.4034,-0.5202,52.48,0
LJ500_R183_C039,680750,9592750,2024,10,2024-10,0,1,0,0,0,0,0,0,0,1,0.3767,-0.2197,0.0185,-0.4629,14.11,0
LJ500_R184_C039,680750,9593250,2024,10,2024-10,0,1,0,0,0,0,0,0,0,1,0.1362,-0.1223,0.0613,-0.2036,1.6102,0
LJ500_R184_C066,694250,9593250,2024,10,2024-10,0.0203,0,0,0,0.9797,0,0,0,0,1,0.6061,0.0899,0.3617,-0.5796,47.26,0
LJ500_R006_C075,698750,9504250,2024,11,2024-11,0.4991,0,0.5009,0,0,0,0,0,0,1,,,,,0,1
LJ500_R011_C068,695250,9506750,2024,11,2024-11,1,0,0,0,0,0,0,0,0,1,0.7319,0.2809,0.5654,-0.6572,95.04,0
LJ500_R012_C055,688750,9507250,2024,11,2024-11,1,0,0,0,0,0,0,0,0,1,0.7666,0.3544,0.624,-0.6774,39.36,0
LJ500_R020_C061,691750,9511250,2024,11,2024-11,0,0,1,0,0,0,0,0,0,1,0.4568,-0.0674,0.1428,-0.4971,100,0
LJ500_R033_C056,689250,9517750,2024,11,2024-11,0.7601,0,0.2399,0,0,0,0,0,0,1,0.2901,-0.1938,-0.0991,-0.4213,100,0
LJ500_R035_C085,703750,9518750,2024,11,2024-11,0,0,0.6992,0,0.3008,0,0,0,0,1,0.5556,0.0091,0.2569,-0.5497,70.08,0
LJ500_R039_C072,697250,9520750,2024,11,2024-11,0,0,0.019,0,0.972,0,0,0.0089,0,1,0.4304,0.0866,0.2294,-0.4372,100,0
LJ500_R040_C060,691250,9521250,2024,11,2024-11,0.0093,0,0.9907,0,0,0,0,0,0,1,0.1796,-0.3201,-0.2947,-0.2953,100,0
LJ500_R041_C061,691750,9521750,2024,11,2024-11,0.6217,0,0.3783,0,0,0,0,0,0,1,0.3323,-0.2091,-0.112,-0.4167,100,0
LJ500_R043_C058,690250,9522750,2024,11,2024-11,0,0,0.6724,0,0,0,0,0.3276,0,1,0.3373,-0.2032,-0.0188,-0.4569,100,0
LJ500_R045_C083,702750,9523750,2024,11,2024-11,0.0975,0,0.9025,0,0,0,0,0,0,1,0.5281,0.0226,0.2663,-0.5148,96.48,0
LJ500_R046_C064,693250,9524250,2024,11,2024-11,0,0,0.1216,0,0,0.2178,0,0.6606,0,1,0.2703,-0.1515,-0.0232,-0.3369,100,0
LJ500_R048_C071,696750,9525250,2024,11,2024-11,0,0,1,0,0,0,0,0,0,1,0.3085,-0.1044,0.0599,-0.4351,100,0
LJ500_R050_C095,708750,9526250,2024,11,2024-11,0.2432,0.6234,0.1334,0,0,0,0,0,0,1,0.7226,0.2563,0.558,-0.65,63.52,0
LJ500_R056_C049,685750,9529250,2024,11,2024-11,0,0,1,0,0,0,0,0,0,1,0.3326,-0.1848,-0.0172,-0.4373,100,0
LJ500_R058_C079,700750,9530250,2024,11,2024-11,0,0,0.7206,0,0.2794,0,0,0,0,1,0.5069,-0.0328,0.1921,-0.5428,100,0
LJ500_R063_C060,691250,9532750,2024,11,2024-11,0,0,0.4901,0,0.4472,0.0627,0,0,0,1,0.3341,-0.122,0.0087,-0.4084,100,0
LJ500_R064_C084,703250,9533250,2024,11,2024-11,0.235,0,0.7298,0,0.0352,0,0,0,0,1,0.6905,0.155,0.4372,-0.6323,100,0
LJ500_R069_C057,689750,9535750,2024,11,2024-11,0,0,0.1213,0,0.8787,0,0,0,0,1,0.2267,-0.1934,-0.0592,-0.3278,100,0
LJ500_R072_C062,692250,9537250,2024,11,2024-11,0,0,0.4122,0,0.5878,0,0,0,0,1,0.3035,-0.1822,-0.0396,-0.3884,100,0
LJ500_R072_C095,708750,9537250,2024,11,2024-11,0.7205,0.2795,0,0,0,0,0,0,0,1,0.7385,0.2772,0.5565,-0.6576,46.56,0
LJ500_R074_C074,698250,9538250,2024,11,2024-11,0,0,0.1778,0,0.8222,0,0,0,0,1,0.3828,-0.0439,0.105,-0.4278,100,0
LJ500_R078_C076,699250,9540250,2024,11,2024-11,0.071,0,0.0635,0,0.8655,0,0,0,0,1,0.5025,-0.0542,0.1863,-0.5197,100,0
LJ500_R079_C076,699250,9540750,2024,11,2024-11,0,0,0,0,0.9922,0.0078,0,0,0,1,0.5678,0.0395,0.2775,-0.5778,100,0
LJ500_R093_C071,696750,9547750,2024,11,2024-11,0.1849,0,0,0,0.8151,0,0,0,0,1,0.6246,0.0899,0.3566,-0.5966,100,0
LJ500_R093_C073,697750,9547750,2024,11,2024-11,0.0013,0,0.5724,0,0.4263,0,0,0,0,1,0.6507,0.0977,0.3728,-0.6061,100,0
LJ500_R096_C074,698250,9549250,2024,11,2024-11,0.4564,0,0.2184,0.311,0.0142,0,0,0,0,1,0.7563,0.205,0.5103,-0.6762,23.2,0
LJ500_R098_C085,703750,9550250,2024,11,2024-11,1,0,0,0,0,0,0,0,0,1,0.788,0.3178,0.6001,-0.7017,90.24,0
LJ500_R101_C091,706750,9551750,2024,11,2024-11,0.0455,0.9545,0,0,0,0,0,0,0,1,0.505,0.0419,0.27,-0.5002,28.32,0
LJ500_R106_C080,701250,9554250,2024,11,2024-11,0,0,0.2691,0.5021,0.2289,0,0,0,0,1,0.342,-0.1931,-0.0751,-0.4161,90.24,0
LJ500_R108_C065,693750,9555250,2024,11,2024-11,0,0,0.0703,0.9297,0,0,0,0,0,1,0.7003,0.1669,0.4294,-0.6384,100,0
LJ500_R109_C088,705250,9555750,2024,11,2024-11,1,0,0,0,0,0,0,0,0,1,0.7566,0.2823,0.5634,-0.6641,0.16,0
LJ500_R119_C079,700750,9560750,2024,11,2024-11,0,0,0.0076,0,0.8026,0.1897,0,0,0,1,0.4997,0.0062,0.2283,-0.4856,32.96,0
LJ500_R122_C070,696250,9562250,2024,11,2024-11,0,0,0,0,0.635,0.365,0,0,0,1,0.429,-0.0087,0.1731,-0.4357,98.08,0
LJ500_R125_C065,693750,9563750,2024,11,2024-11,0,0,0.0771,0,0.9229,0,0,0,0,1,0.4764,-0.0238,0.1828,-0.4891,100,0
LJ500_R131_C053,687750,9566750,2024,11,2024-11,0,0,0.1735,0,0.8265,0,0,0,0,1,0.3724,-0.0636,0.0842,-0.4204,100,0
LJ500_R132_C080,701250,9567250,2024,11,2024-11,0.9327,0,0.0078,0,0.0594,0,0,0,0,1,0.8343,0.3323,0.6272,-0.7325,19.52,0
LJ500_R138_C087,704750,9570250,2024,11,2024-11,0.2364,0,0.5005,0,0.2631,0,0,0,0,1,0.6803,0.1465,0.4274,-0.595,60.48,0
LJ500_R142_C071,696750,9572250,2024,11,2024-11,0,0,0,0,1,0,0,0,0,1,0.4557,-0.0918,0.1086,-0.4805,100,0
LJ500_R145_C054,688250,9573750,2024,11,2024-11,0,0,0.7423,0,0.2577,0,0,0,0,1,0.5419,-0.0153,0.2267,-0.5465,100,0
LJ500_R147_C083,702750,9574750,2024,11,2024-11,0.3027,0,0,0,0.6973,0,0,0,0,1,0.6073,0.1323,0.3764,-0.5458,66.24,0
LJ500_R156_C028,675250,9579250,2024,11,2024-11,0.6724,0,0.3276,0,0,0,0,0,0,1,0.6604,0.1091,0.3743,-0.6224,100,0
LJ500_R156_C067,694750,9579250,2024,11,2024-11,0,0,0,0,1,0,0,0,0,1,0.5314,0.0305,0.284,-0.5105,100,0
LJ500_R156_C079,700750,9579250,2024,11,2024-11,1,0,0,0,0,0,0,0,0,1,0.6417,0.1547,0.4254,-0.5998,2.72,0
LJ500_R157_C009,665750,9579750,2024,11,2024-11,0.0008,0,0.666,0,0.3333,0,0,0,0,1,0.5809,-0.0051,0.2412,-0.5728,100,0
LJ500_R158_C065,693750,9580250,2024,11,2024-11,0,0,0.7476,0.135,0.1174,0,0,0,0,1,0.4585,-0.0655,0.1485,-0.4827,64.64,0
LJ500_R160_C074,698250,9581250,2024,11,2024-11,0.325,0,0,0,0.675,0,0,0,0,1,,,,,0,1
LJ500_R161_C066,694250,9581750,2024,11,2024-11,0,0,0.0311,0.0756,0.8933,0,0,0,0,1,0.4086,-0.0162,0.1887,-0.4142,30.24,0
LJ500_R164_C043,682750,9583250,2024,11,2024-11,0,0.6371,0,0,0.3629,0,0,0,0,1,0.4067,-0.1242,0.055,-0.4461,100,0
LJ500_R164_C059,690750,9583250,2024,11,2024-11,0.6643,0.3177,0.018,0,0,0,0,0,0,1,,,,,0,1
LJ500_R166_C072,697250,9584250,2024,11,2024-11,0,0,0,0,1,0,0,0,0,1,0.6094,0.1014,0.3718,-0.5597,83.68,0
LJ500_R167_C067,694750,9584750,2024,11,2024-11,0,0,0,0,1,0,0,0,0,1,,,,,0,1
LJ500_R168_C045,683750,9585250,2024,11,2024-11,0.083,0.79,0,0,0.1269,0,0,0,0,1,0.4867,-0.0114,0.2388,-0.4951,100,0
LJ500_R173_C033,677750,9587750,2024,11,2024-11,0.0493,0.4112,0,0,0.5395,0,0,0,0,1,0.5456,0.0321,0.2939,-0.5369,100,0
LJ500_R178_C063,692750,9590250,2024,11,2024-11,0,0,0,0,1,0,0,0,0,1,0.5605,0.1779,0.4181,-0.4942,40.8,0
LJ500_R179_C046,684250,9590750,2024,11,2024-11,0,1,0,0,0,0,0,0,0,1,0.4292,-0.1172,0.1163,-0.4725,100,0
LJ500_R180_C071,696750,9591250,2024,11,2024-11,0.1157,0,0.1808,0,0.7035,0,0,0,0,1,0.6538,0.1593,0.4843,-0.5899,1.76,0
LJ500_R183_C039,680750,9592750,2024,11,2024-11,0,1,0,0,0,0,0,0,0,1,0.3781,-0.2297,-0.001,-0.4442,100,0
LJ500_R184_C039,680750,9593250,2024,11,2024-11,0,1,0,0,0,0,0,0,0,1,0.3419,-0.0924,0.1265,-0.3389,100,0
LJ500_R184_C066,694250,9593250,2024,11,2024-11,0.0203,0,0,0,0.9797,0,0,0,0,1,0.5684,0.0816,0.3595,-0.5314,79.73,0
LJ500_R006_C075,698750,9504250,2024,12,2024-12,0.4991,0,0.5009,0,0,0,0,0,0,1,0.8195,0.3219,0.6024,-0.7519,100,0
LJ500_R011_C068,695250,9506750,2024,12,2024-12,1,0,0,0,0,0,0,0,0,1,0.772,0.2585,0.5537,-0.7067,100,0
LJ500_R012_C055,688750,9507250,2024,12,2024-12,1,0,0,0,0,0,0,0,0,1,0.8247,0.3475,0.6323,-0.7579,100,0
LJ500_R020_C061,691750,9511250,2024,12,2024-12,0,0,1,0,0,0,0,0,0,1,0.4117,-0.0728,0.1303,-0.4595,100,0
LJ500_R033_C056,689250,9517750,2024,12,2024-12,0.7601,0,0.2399,0,0,0,0,0,0,1,0.3189,-0.1961,-0.1081,-0.4708,100,0
LJ500_R035_C085,703750,9518750,2024,12,2024-12,0,0,0.6992,0,0.3008,0,0,0,0,1,0.6119,-0.0257,0.2146,-0.632,100,0
LJ500_R039_C072,697250,9520750,2024,12,2024-12,0,0,0.019,0,0.972,0,0,0.0089,0,1,0.4702,0.0967,0.2302,-0.4961,100,0
LJ500_R040_C060,691250,9521250,2024,12,2024-12,0.0093,0,0.9907,0,0,0,0,0,0,1,0.1633,-0.2706,-0.2351,-0.257,100,0
LJ500_R041_C061,691750,9521750,2024,12,2024-12,0.6217,0,0.3783,0,0,0,0,0,0,1,0.3666,-0.1793,-0.0776,-0.4628,100,0
LJ500_R043_C058,690250,9522750,2024,12,2024-12,0,0,0.6724,0,0,0,0,0.3276,0,1,0.3174,-0.2035,-0.0275,-0.4581,100,0
LJ500_R045_C083,702750,9523750,2024,12,2024-12,0.0975,0,0.9025,0,0,0,0,0,0,1,0.6148,0.0247,0.2704,-0.6316,100,0
LJ500_R046_C064,693250,9524250,2024,12,2024-12,0,0,0.1216,0,0,0.2178,0,0.6606,0,1,0.2568,-0.1646,-0.0824,-0.346,100,0
LJ500_R048_C071,696750,9525250,2024,12,2024-12,0,0,1,0,0,0,0,0,0,1,0.3054,-0.0961,0.0657,-0.4539,100,0
LJ500_R050_C095,708750,9526250,2024,12,2024-12,0.2432,0.6234,0.1334,0,0,0,0,0,0,1,0.7573,0.2149,0.5079,-0.7099,100,0
LJ500_R056_C049,685750,9529250,2024,12,2024-12,0,0,1,0,0,0,0,0,0,1,0.2464,-0.2128,-0.0183,-0.3571,10.08,0
LJ500_R058_C079,700750,9530250,2024,12,2024-12,0,0,0.7206,0,0.2794,0,0,0,0,1,0.4186,0.0188,0.2178,-0.4585,100,0
LJ500_R063_C060,691250,9532750,2024,12,2024-12,0,0,0.4901,0,0.4472,0.0627,0,0,0,1,0.3289,-0.0849,0.0544,-0.3918,100,0
LJ500_R064_C084,703250,9533250,2024,12,2024-12,0.235,0,0.7298,0,0.0352,0,0,0,0,1,0.6902,0.1664,0.4365,-0.6611,100,0
LJ500_R069_C057,689750,9535750,2024,12,2024-12,0,0,0.1213,0,0.8787,0,0,0,0,1,0.2262,-0.15,-0.0064,-0.3197,100,0
LJ500_R072_C062,692250,9537250,2024,12,2024-12,0,0,0.4122,0,0.5878,0,0,0,0,1,0.2882,-0.1583,-0.0173,-0.365,100,0
LJ500_R072_C095,708750,9537250,2024,12,2024-12,0.7205,0.2795,0,0,0,0,0,0,0,1,0.7374,0.2702,0.5447,-0.6817,100,0
LJ500_R074_C074,698250,9538250,2024,12,2024-12,0,0,0.1778,0,0.8222,0,0,0,0,1,0.4037,-0.0255,0.1083,-0.4582,100,0
LJ500_R078_C076,699250,9540250,2024,12,2024-12,0.071,0,0.0635,0,0.8655,0,0,0,0,1,0.4608,-0.0237,0.1887,-0.5035,99.84,0
LJ500_R079_C076,699250,9540750,2024,12,2024-12,0,0,0,0,0.9922,0.0078,0,0,0,1,0.537,0.0338,0.2057,-0.5974,92.96,0
LJ500_R093_C071,696750,9547750,2024,12,2024-12,0.1849,0,0,0,0.8151,0,0,0,0,1,0.597,0.077,0.3228,-0.5892,100,0
LJ500_R093_C073,697750,9547750,2024,12,2024-12,0.0013,0,0.5724,0,0.4263,0,0,0,0,1,0.611,0.0873,0.3372,-0.5859,100,0
LJ500_R096_C074,698250,9549250,2024,12,2024-12,0.4564,0,0.2184,0.311,0.0142,0,0,0,0,1,,,,,0,1
LJ500_R098_C085,703750,9550250,2024,12,2024-12,1,0,0,0,0,0,0,0,0,1,0.6617,0.2856,0.5334,-0.607,100,0
LJ500_R101_C091,706750,9551750,2024,12,2024-12,0.0455,0.9545,0,0,0,0,0,0,0,1,0.6544,0.1467,0.4101,-0.6188,100,0
LJ500_R106_C080,701250,9554250,2024,12,2024-12,0,0,0.2691,0.5021,0.2289,0,0,0,0,1,0.2622,-0.0482,0.0762,-0.2211,14.4,0
LJ500_R108_C065,693750,9555250,2024,12,2024-12,0,0,0.0703,0.9297,0,0,0,0,0,1,,,,,0,1
LJ500_R109_C088,705250,9555750,2024,12,2024-12,1,0,0,0,0,0,0,0,0,1,0.6765,0.2819,0.5537,-0.5965,100,0
LJ500_R119_C079,700750,9560750,2024,12,2024-12,0,0,0.0076,0,0.8026,0.1897,0,0,0,1,0.5177,-0.0254,0.2009,-0.556,100,0
LJ500_R122_C070,696250,9562250,2024,12,2024-12,0,0,0,0,0.635,0.365,0,0,0,1,0.3889,-0.0089,0.15,-0.4234,95.68,0
LJ500_R125_C065,693750,9563750,2024,12,2024-12,0,0,0.0771,0,0.9229,0,0,0,0,1,0.4683,-0.0102,0.2029,-0.493,100,0
LJ500_R131_C053,687750,9566750,2024,12,2024-12,0,0,0.1735,0,0.8265,0,0,0,0,1,0.19,-0.1143,0.0261,-0.2081,32.32,0
LJ500_R132_C080,701250,9567250,2024,12,2024-12,0.9327,0,0.0078,0,0.0594,0,0,0,0,1,0.7169,0.26,0.5255,-0.6537,100,0
LJ500_R138_C087,704750,9570250,2024,12,2024-12,0.2364,0,0.5005,0,0.2631,0,0,0,0,1,0.6342,0.1276,0.3912,-0.5625,100,0
LJ500_R142_C071,696750,9572250,2024,12,2024-12,0,0,0,0,1,0,0,0,0,1,0.3811,-0.0948,0.0945,-0.441,92.64,0
LJ500_R145_C054,688250,9573750,2024,12,2024-12,0,0,0.7423,0,0.2577,0,0,0,0,1,,,,,0,1
LJ500_R147_C083,702750,9574750,2024,12,2024-12,0.3027,0,0,0,0.6973,0,0,0,0,1,0.5979,0.0782,0.3441,-0.5538,100,0
LJ500_R156_C028,675250,9579250,2024,12,2024-12,0.6724,0,0.3276,0,0,0,0,0,0,1,0.6493,0.1227,0.3944,-0.6027,100,0
LJ500_R156_C067,694750,9579250,2024,12,2024-12,0,0,0,0,1,0,0,0,0,1,0.4858,-0.0003,0.2504,-0.5177,100,0
LJ500_R156_C079,700750,9579250,2024,12,2024-12,1,0,0,0,0,0,0,0,0,1,0.7374,0.2279,0.5092,-0.6962,100,0
LJ500_R157_C009,665750,9579750,2024,12,2024-12,0.0008,0,0.666,0,0.3333,0,0,0,0,1,0.5761,-0.0149,0.2334,-0.5842,100,0
LJ500_R158_C065,693750,9580250,2024,12,2024-12,0,0,0.7476,0.135,0.1174,0,0,0,0,1,0.4172,-0.0881,0.1212,-0.4651,100,0
LJ500_R160_C074,698250,9581250,2024,12,2024-12,0.325,0,0,0,0.675,0,0,0,0,1,0.5372,0.1501,0.3864,-0.5106,100,0
LJ500_R161_C066,694250,9581750,2024,12,2024-12,0,0,0.0311,0.0756,0.8933,0,0,0,0,1,0.4127,-0.0659,0.1604,-0.4712,4.8,0
LJ500_R164_C043,682750,9583250,2024,12,2024-12,0,0.6371,0,0,0.3629,0,0,0,0,1,0.4831,-0.0548,0.1815,-0.495,16.48,0
LJ500_R164_C059,690750,9583250,2024,12,2024-12,0.6643,0.3177,0.018,0,0,0,0,0,0,1,0.7242,0.2783,0.5459,-0.6654,100,0
LJ500_R166_C072,697250,9584250,2024,12,2024-12,0,0,0,0,1,0,0,0,0,1,0.6393,0.1165,0.3827,-0.6047,100,0
LJ500_R167_C067,694750,9584750,2024,12,2024-12,0,0,0,0,1,0,0,0,0,1,0.5451,0.0143,0.2568,-0.5442,100,0
LJ500_R168_C045,683750,9585250,2024,12,2024-12,0.083,0.79,0,0,0.1269,0,0,0,0,1,0.4909,-0.0188,0.2425,-0.4949,81.92,0
LJ500_R173_C033,677750,9587750,2024,12,2024-12,0.0493,0.4112,0,0,0.5395,0,0,0,0,1,,,,,0,1
LJ500_R178_C063,692750,9590250,2024,12,2024-12,0,0,0,0,1,0,0,0,0,1,0.5995,0.1019,0.3584,-0.5686,100,0
LJ500_R179_C046,684250,9590750,2024,12,2024-12,0,1,0,0,0,0,0,0,0,1,0.3954,-0.0829,0.1382,-0.4217,94.72,0
LJ500_R180_C071,696750,9591250,2024,12,2024-12,0.1157,0,0.1808,0,0.7035,0,0,0,0,1,0.6465,0.1282,0.4066,-0.6076,100,0
LJ500_R183_C039,680750,9592750,2024,12,2024-12,0,1,0,0,0,0,0,0,0,1,0.3172,-0.1263,0.0609,-0.3445,100,0
LJ500_R184_C039,680750,9593250,2024,12,2024-12,0,1,0,0,0,0,0,0,0,1,0.3123,-0.154,-0.0221,-0.3592,100,0
LJ500_R184_C066,694250,9593250,2024,12,2024-12,0.0203,0,0,0,0.9797,0,0,0,0,1,0.5934,0.0737,0.3485,-0.5644,100,0
