cell_id,centro_x_m,centro_y_m,anio,mes,anio_mes,alos_elevacion_m_mean,alos_pendiente_grados_mean,alos_northness_mean,alos_eastness_mean,ghsl_distancia_asentamiento_m_mean,osm_distancia_vias_m_mean,alos_elevacion_m_coverage,ghsl_distancia_asentamiento_m_coverage,osm_distancia_vias_m_coverage
LJ500_R006_C075,698750,9504250,2019,1,2019-01,2966.8,32.63,0.2632,-0.2962,4872.37,6600.3,1,1,1
LJ500_R011_C068,695250,9506750,2019,1,2019-01,2659.94,30.27,-0.0363,0.4297,5517.25,9709.48,0.98,1,1
LJ500_R012_C055,688750,9507250,2019,1,2019-01,3052.69,28.6,0.7597,0.3549,3501.72,9900.1,1,1,1
LJ500_R020_C061,691750,9511250,2019,1,2019-01,2202.12,31.11,-0.1609,0.493,648.49,9060.31,1,1,1
LJ500_R033_C056,689250,9517750,2019,1,2019-01,2807.93,35.42,0.3321,-0.912,1969.79,2559.3,0.98,1,1
LJ500_R035_C085,703750,9518750,2019,1,2019-01,2248.49,27.35,-0.5781,0.6793,1551.74,1700.35,1,1,1
LJ500_R039_C072,697250,9520750,2019,1,2019-01,1630.72,19.18,0.1865,-0.5934,212.3,60.26,1,1,1
LJ500_R040_C060,691250,9521250,2019,1,2019-01,2175.31,33.88,0.8136,0.085,2924.04,3068.14,0.98,1,1
LJ500_R041_C061,691750,9521750,2019,1,2019-01,1815.86,32.96,0.8298,-0.2344,2224.86,2418.89,1,1,1
LJ500_R043_C058,690250,9522750,2019,1,2019-01,2231.05,30.27,0.2587,-0.661,2590.44,2334.7,0.98,1,1
LJ500_R045_C083,702750,9523750,2019,1,2019-01,1985.23,27.15,-0.6907,0.086,530.17,3670.15,0.98,1,1
LJ500_R046_C064,693250,9524250,2019,1,2019-01,1569.23,21.67,-0.4942,0.1351,114.11,180.73,0.98,1,1
LJ500_R048_C071,696750,9525250,2019,1,2019-01,1933.05,31,0.4044,0.164,1033.82,573.15,0.98,1,1
LJ500_R050_C095,708750,9526250,2019,1,2019-01,3225.82,22.89,0.1619,-0.3025,4675.03,8387.49,0.98,1,1
LJ500_R056_C049,685750,9529250,2019,1,2019-01,2241.43,27.1,-0.1362,-0.4498,3214.46,2973.21,1,1,1
LJ500_R058_C079,700750,9530250,2019,1,2019-01,2083.35,25.85,-0.5755,-0.7355,405.63,1349.1,0.98,1,1
LJ500_R063_C060,691250,9532750,2019,1,2019-01,1462.4,11.93,-0.4515,0.4791,218.98,149.96,1,1,1
LJ500_R064_C084,703250,9533250,2019,1,2019-01,2137.52,30.81,-0.2795,-0.3455,2306.51,3314.27,0.98,1,1
LJ500_R069_C057,689750,9535750,2019,1,2019-01,1674.64,17.62,0.158,0.7977,171.42,204.83,1,1,1
LJ500_R072_C062,692250,9537250,2019,1,2019-01,1759.48,15.83,-0.3644,-0.3318,201.97,1616.78,0.98,1,1
LJ500_R072_C095,708750,9537250,2019,1,2019-01,3183.34,32.14,-0.4754,-0.6619,1438.8,9795.41,0.98,1,1
LJ500_R074_C074,698250,9538250,2019,1,2019-01,1687.7,20.17,-0.1469,0.1973,85.66,108.26,0.98,1,1
LJ500_R078_C076,699250,9540250,2019,1,2019-01,1880.36,25.63,-0.6187,-0.3901,596.71,471.43,1,1,1
LJ500_R079_C076,699250,9540750,2019,1,2019-01,1861.25,27.96,0.3676,-0.5134,301.62,392.49,0.98,1,1
LJ500_R093_C071,696750,9547750,2019,1,2019-01,2817.31,29.86,0.3248,0.8145,727.95,95.89,0.8908,1,1
LJ500_R093_C073,697750,9547750,2019,1,2019-01,2565.58,27.79,-0.5848,0.4706,560.42,701.3,1,1,1
LJ500_R096_C074,698250,9549250,2019,1,2019-01,2548.95,33.02,0.0113,0.5126,818.62,1012.15,0.98,1,1
LJ500_R098_C085,703750,9550250,2019,1,2019-01,2696.03,33.64,0.0175,-0.4423,2313.02,3316.3,1,1,1
LJ500_R101_C091,706750,9551750,2019,1,2019-01,3238.79,27.07,0.808,0.0962,,,1,0,0
LJ500_R106_C080,701250,9554250,2019,1,2019-01,2358.96,20.17,0.326,0.5763,428.26,544.68,0.9604,1,1
LJ500_R006_C075,698750,9504250,2019,2,2019-02,2966.8,32.63,0.2632,-0.2962,4872.37,6600.3,1,1,1
LJ500_R011_C068,695250,9506750,2019,2,2019-02,2659.94,30.27,-0.0363,0.4297,5517.25,9709.48,0.98,1,1
LJ500_R012_C055,688750,9507250,2019,2,2019-02,3052.69,28.6,0.7597,0.3549,3501.72,9900.1,1,1,1
LJ500_R020_C061,691750,9511250,2019,2,2019-02,2202.12,31.11,-0.1609,0.493,648.49,9060.31,1,1,1
LJ500_R033_C056,689250,9517750,2019,2,2019-02,2807.93,35.42,0.3321,-0.912,1969.79,2559.3,0.98,1,1
LJ500_R035_C085,703750,9518750,2019,2,2019-02,2248.49,27.35,-0.5781,0.6793,1551.74,1700.35,1,1,1
LJ500_R039_C072,697250,9520750,2019,2,2019-02,1630.72,19.18,0.1865,-0.5934,212.3,60.26,1,1,1
LJ500_R040_C060,691250,9521250,2019,2,2019-02,2175.31,33.88,0.8136,0.085,2924.04,3068.14,0.98,1,1
LJ500_R041_C061,691750,9521750,2019,2,2019-02,1815.86,32.96,0.8298,-0.2344,2224.86,2418.89,1,1,1
LJ500_R043_C058,690250,9522750,2019,2,2019-02,2231.05,30.27,0.2587,-0.661,2590.44,2334.7,0.98,1,1
LJ500_R045_C083,702750,9523750,2019,2,2019-02,1985.23,27.15,-0.6907,0.086,530.17,3670.15,0.98,1,1
LJ500_R046_C064,693250,9524250,2019,2,2019-02,1569.23,21.67,-0.4942,0.1351,114.11,180.73,0.98,1,1
LJ500_R048_C071,696750,9525250,2019,2,2019-02,1933.05,31,0.4044,0.164,1033.82,573.15,0.98,1,1
LJ500_R050_C095,708750,9526250,2019,2,2019-02,3225.82,22.89,0.1619,-0.3025,4675.03,8387.49,0.98,1,1
LJ500_R056_C049,685750,9529250,2019,2,2019-02,2241.43,27.1,-0.1362,-0.4498,3214.46,2973.21,1,1,1
LJ500_R058_C079,700750,9530250,2019,2,2019-02,2083.35,25.85,-0.5755,-0.7355,405.63,1349.1,0.98,1,1
LJ500_R063_C060,691250,9532750,2019,2,2019-02,1462.4,11.93,-0.4515,0.4791,218.98,149.96,1,1,1
LJ500_R064_C084,703250,9533250,2019,2,2019-02,2137.52,30.81,-0.2795,-0.3455,2306.51,3314.27,0.98,1,1
LJ500_R069_C057,689750,9535750,2019,2,2019-02,1674.64,17.62,0.158,0.7977,171.42,204.83,1,1,1
LJ500_R072_C062,692250,9537250,2019,2,2019-02,1759.48,15.83,-0.3644,-0.3318,201.97,1616.78,0.98,1,1
LJ500_R072_C095,708750,9537250,2019,2,2019-02,3183.34,32.14,-0.4754,-0.6619,1438.8,9795.41,0.98,1,1
LJ500_R074_C074,698250,9538250,2019,2,2019-02,1687.7,20.17,-0.1469,0.1973,85.66,108.26,0.98,1,1
LJ500_R078_C076,699250,9540250,2019,2,2019-02,1880.36,25.63,-0.6187,-0.3901,596.71,471.43,1,1,1
LJ500_R079_C076,699250,9540750,2019,2,2019-02,1861.25,27.96,0.3676,-0.5134,301.62,392.49,0.98,1,1
LJ500_R093_C071,696750,9547750,2019,2,2019-02,2817.31,29.86,0.3248,0.8145,727.95,95.89,0.8908,1,1
LJ500_R093_C073,697750,9547750,2019,2,2019-02,2565.58,27.79,-0.5848,0.4706,560.42,701.3,1,1,1
LJ500_R096_C074,698250,9549250,2019,2,2019-02,2548.95,33.02,0.0113,0.5126,818.62,1012.15,0.98,1,1
LJ500_R098_C085,703750,9550250,2019,2,2019-02,2696.03,33.64,0.0175,-0.4423,2313.02,3316.3,1,1,1
LJ500_R101_C091,706750,9551750,2019,2,2019-02,3238.79,27.07,0.808,0.0962,,,1,0,0
LJ500_R106_C080,701250,9554250,2019,2,2019-02,2358.96,20.17,0.326,0.5763,428.26,544.68,0.9604,1,1
LJ500_R006_C075,698750,9504250,2019,3,2019-03,2966.8,32.63,0.2632,-0.2962,4872.37,6600.3,1,1,1
LJ500_R011_C068,695250,9506750,2019,3,2019-03,2659.94,30.27,-0.0363,0.4297,5517.25,9709.48,0.98,1,1
LJ500_R012_C055,688750,9507250,2019,3,2019-03,3052.69,28.6,0.7597,0.3549,3501.72,9900.1,1,1,1
LJ500_R020_C061,691750,9511250,2019,3,2019-03,2202.12,31.11,-0.1609,0.493,648.49,9060.31,1,1,1
LJ500_R033_C056,689250,9517750,2019,3,2019-03,2807.93,35.42,0.3321,-0.912,1969.79,2559.3,0.98,1,1
LJ500_R035_C085,703750,9518750,2019,3,2019-03,2248.49,27.35,-0.5781,0.6793,1551.74,1700.35,1,1,1
LJ500_R039_C072,697250,9520750,2019,3,2019-03,1630.72,19.18,0.1865,-0.5934,212.3,60.26,1,1,1
LJ500_R040_C060,691250,9521250,2019,3,2019-03,2175.31,33.88,0.8136,0.085,2924.04,3068.14,0.98,1,1
LJ500_R041_C061,691750,9521750,2019,3,2019-03,1815.86,32.96,0.8298,-0.2344,2224.86,2418.89,1,1,1
LJ500_R043_C058,690250,9522750,2019,3,2019-03,2231.05,30.27,0.2587,-0.661,2590.44,2334.7,0.98,1,1
LJ500_R045_C083,702750,9523750,2019,3,2019-03,1985.23,27.15,-0.6907,0.086,530.17,3670.15,0.98,1,1
LJ500_R046_C064,693250,9524250,2019,3,2019-03,1569.23,21.67,-0.4942,0.1351,114.11,180.73,0.98,1,1
LJ500_R048_C071,696750,9525250,2019,3,2019-03,1933.05,31,0.4044,0.164,1033.82,573.15,0.98,1,1
LJ500_R050_C095,708750,9526250,2019,3,2019-03,3225.82,22.89,0.1619,-0.3025,4675.03,8387.49,0.98,1,1
LJ500_R056_C049,685750,9529250,2019,3,2019-03,2241.43,27.1,-0.1362,-0.4498,3214.46,2973.21,1,1,1
LJ500_R058_C079,700750,9530250,2019,3,2019-03,2083.35,25.85,-0.5755,-0.7355,405.63,1349.1,0.98,1,1
LJ500_R063_C060,691250,9532750,2019,3,2019-03,1462.4,11.93,-0.4515,0.4791,218.98,149.96,1,1,1
LJ500_R064_C084,703250,9533250,2019,3,2019-03,2137.52,30.81,-0.2795,-0.3455,2306.51,3314.27,0.98,1,1
LJ500_R069_C057,689750,9535750,2019,3,2019-03,1674.64,17.62,0.158,0.7977,171.42,204.83,1,1,1
LJ500_R072_C062,692250,9537250,2019,3,2019-03,1759.48,15.83,-0.3644,-0.3318,201.97,1616.78,0.98,1,1
LJ500_R072_C095,708750,9537250,2019,3,2019-03,3183.34,32.14,-0.4754,-0.6619,1438.8,9795.41,0.98,1,1
LJ500_R074_C074,698250,9538250,2019,3,2019-03,1687.7,20.17,-0.1469,0.1973,85.66,108.26,0.98,1,1
LJ500_R078_C076,699250,9540250,2019,3,2019-03,1880.36,25.63,-0.6187,-0.3901,596.71,471.43,1,1,1
LJ500_R079_C076,699250,9540750,2019,3,2019-03,1861.25,27.96,0.3676,-0.5134,301.62,392.49,0.98,1,1
LJ500_R093_C071,696750,9547750,2019,3,2019-03,2817.31,29.86,0.3248,0.8145,727.95,95.89,0.8908,1,1
LJ500_R093_C073,697750,9547750,2019,3,2019-03,2565.58,27.79,-0.5848,0.4706,560.42,701.3,1,1,1
LJ500_R096_C074,698250,9549250,2019,3,2019-03,2548.95,33.02,0.0113,0.5126,818.62,1012.15,0.98,1,1
LJ500_R098_C085,703750,9550250,2019,3,2019-03,2696.03,33.64,0.0175,-0.4423,2313.02,3316.3,1,1,1
LJ500_R101_C091,706750,9551750,2019,3,2019-03,3238.79,27.07,0.808,0.0962,,,1,0,0
LJ500_R106_C080,701250,9554250,2019,3,2019-03,2358.96,20.17,0.326,0.5763,428.26,544.68,0.9604,1,1
LJ500_R006_C075,698750,9504250,2019,4,2019-04,2966.8,32.63,0.2632,-0.2962,4872.37,6600.3,1,1,1
LJ500_R011_C068,695250,9506750,2019,4,2019-04,2659.94,30.27,-0.0363,0.4297,5517.25,9709.48,0.98,1,1
LJ500_R012_C055,688750,9507250,2019,4,2019-04,3052.69,28.6,0.7597,0.3549,3501.72,9900.1,1,1,1
LJ500_R020_C061,691750,9511250,2019,4,2019-04,2202.12,31.11,-0.1609,0.493,648.49,9060.31,1,1,1
LJ500_R033_C056,689250,9517750,2019,4,2019-04,2807.93,35.42,0.3321,-0.912,1969.79,2559.3,0.98,1,1
LJ500_R035_C085,703750,9518750,2019,4,2019-04,2248.49,27.35,-0.5781,0.6793,1551.74,1700.35,1,1,1
LJ500_R039_C072,697250,9520750,2019,4,2019-04,1630.72,19.18,0.1865,-0.5934,212.3,60.26,1,1,1
LJ500_R040_C060,691250,9521250,2019,4,2019-04,2175.31,33.88,0.8136,0.085,2924.04,3068.14,0.98,1,1
LJ500_R041_C061,691750,9521750,2019,4,2019-04,1815.86,32.96,0.8298,-0.2344,2224.86,2418.89,1,1,1
LJ500_R043_C058,690250,9522750,2019,4,2019-04,2231.05,30.27,0.2587,-0.661,2590.44,2334.7,0.98,1,1
LJ500_R045_C083,702750,9523750,2019,4,2019-04,1985.23,27.15,-0.6907,0.086,530.17,3670.15,0.98,1,1
LJ500_R046_C064,693250,9524250,2019,4,2019-04,1569.23,21.67,-0.4942,0.1351,114.11,180.73,0.98,1,1
LJ500_R048_C071,696750,9525250,2019,4,2019-04,1933.05,31,0.4044,0.164,1033.82,573.15,0.98,1,1
LJ500_R050_C095,708750,9526250,2019,4,2019-04,3225.82,22.89,0.1619,-0.3025,4675.03,8387.49,0.98,1,1
LJ500_R056_C049,685750,9529250,2019,4,2019-04,2241.43,27.1,-0.1362,-0.4498,3214.46,2973.21,1,1,1
LJ500_R058_C079,700750,9530250,2019,4,2019-04,2083.35,25.85,-0.5755,-0.7355,405.63,1349.1,0.98,1,1
LJ500_R063_C060,691250,9532750,2019,4,2019-04,1462.4,11.93,-0.4515,0.4791,218.98,149.96,1,1,1
LJ500_R064_C084,703250,9533250,2019,4,2019-04,2137.52,30.81,-0.2795,-0.3455,2306.51,3314.27,0.98,1,1
LJ500_R069_C057,689750,9535750,2019,4,2019-04,1674.64,17.62,0.158,0.7977,171.42,204.83,1,1,1
LJ500_R072_C062,692250,9537250,2019,4,2019-04,1759.48,15.83,-0.3644,-0.3318,201.97,1616.78,0.98,1,1
LJ500_R072_C095,708750,9537250,2019,4,2019-04,3183.34,32.14,-0.4754,-0.6619,1438.8,9795.41,0.98,1,1
LJ500_R074_C074,698250,9538250,2019,4,2019-04,1687.7,20.17,-0.1469,0.1973,85.66,108.26,0.98,1,1
LJ500_R078_C076,699250,9540250,2019,4,2019-04,1880.36,25.63,-0.6187,-0.3901,596.71,471.43,1,1,1
LJ500_R079_C076,699250,9540750,2019,4,2019-04,1861.25,27.96,0.3676,-0.5134,301.62,392.49,0.98,1,1
LJ500_R093_C071,696750,9547750,2019,4,2019-04,2817.31,29.86,0.3248,0.8145,727.95,95.89,0.8908,1,1
LJ500_R093_C073,697750,9547750,2019,4,2019-04,2565.58,27.79,-0.5848,0.4706,560.42,701.3,1,1,1
LJ500_R096_C074,698250,9549250,2019,4,2019-04,2548.95,33.02,0.0113,0.5126,818.62,1012.15,0.98,1,1
LJ500_R098_C085,703750,9550250,2019,4,2019-04,2696.03,33.64,0.0175,-0.4423,2313.02,3316.3,1,1,1
LJ500_R101_C091,706750,9551750,2019,4,2019-04,3238.79,27.07,0.808,0.0962,,,1,0,0
LJ500_R106_C080,701250,9554250,2019,4,2019-04,2358.96,20.17,0.326,0.5763,428.26,544.68,0.9604,1,1
LJ500_R006_C075,698750,9504250,2019,5,2019-05,2966.8,32.63,0.2632,-0.2962,4872.37,6600.3,1,1,1
LJ500_R011_C068,695250,9506750,2019,5,2019-05,2659.94,30.27,-0.0363,0.4297,5517.25,9709.48,0.98,1,1
LJ500_R012_C055,688750,9507250,2019,5,2019-05,3052.69,28.6,0.7597,0.3549,3501.72,9900.1,1,1,1
LJ500_R020_C061,691750,9511250,2019,5,2019-05,2202.12,31.11,-0.1609,0.493,648.49,9060.31,1,1,1
LJ500_R033_C056,689250,9517750,2019,5,2019-05,2807.93,35.42,0.3321,-0.912,1969.79,2559.3,0.98,1,1
LJ500_R035_C085,703750,9518750,2019,5,2019-05,2248.49,27.35,-0.5781,0.6793,1551.74,1700.35,1,1,1
LJ500_R039_C072,697250,9520750,2019,5,2019-05,1630.72,19.18,0.1865,-0.5934,212.3,60.26,1,1,1
LJ500_R040_C060,691250,9521250,2019,5,2019-05,2175.31,33.88,0.8136,0.085,2924.04,3068.14,0.98,1,1
LJ500_R041_C061,691750,9521750,2019,5,2019-05,1815.86,32.96,0.8298,-0.2344,2224.86,2418.89,1,1,1
LJ500_R043_C058,690250,9522750,2019,5,2019-05,2231.05,30.27,0.2587,-0.661,2590.44,2334.7,0.98,1,1
LJ500_R045_C083,702750,9523750,2019,5,2019-05,1985.23,27.15,-0.6907,0.086,530.17,3670.15,0.98,1,1
LJ500_R046_C064,693250,9524250,2019,5,2019-05,1569.23,21.67,-0.4942,0.1351,114.11,180.73,0.98,1,1
LJ500_R048_C071,696750,9525250,2019,5,2019-05,1933.05,31,0.4044,0.164,1033.82,573.15,0.98,1,1
LJ500_R050_C095,708750,9526250,2019,5,2019-05,3225.82,22.89,0.1619,-0.3025,4675.03,8387.49,0.98,1,1
LJ500_R056_C049,685750,9529250,2019,5,2019-05,2241.43,27.1,-0.1362,-0.4498,3214.46,2973.21,1,1,1
LJ500_R058_C079,700750,9530250,2019,5,2019-05,2083.35,25.85,-0.5755,-0.7355,405.63,1349.1,0.98,1,1
LJ500_R063_C060,691250,9532750,2019,5,2019-05,1462.4,11.93,-0.4515,0.4791,218.98,149.96,1,1,1
LJ500_R064_C084,703250,9533250,2019,5,2019-05,2137.52,30.81,-0.2795,-0.3455,2306.51,3314.27,0.98,1,1
LJ500_R069_C057,689750,9535750,2019,5,2019-05,1674.64,17.62,0.158,0.7977,171.42,204.83,1,1,1
LJ500_R072_C062,692250,9537250,2019,5,2019-05,1759.48,15.83,-0.3644,-0.3318,201.97,1616.78,0.98,1,1
LJ500_R072_C095,708750,9537250,2019,5,2019-05,3183.34,32.14,-0.4754,-0.6619,1438.8,9795.41,0.98,1,1
LJ500_R074_C074,698250,9538250,2019,5,2019-05,1687.7,20.17,-0.1469,0.1973,85.66,108.26,0.98,1,1
LJ500_R078_C076,699250,9540250,2019,5,2019-05,1880.36,25.63,-0.6187,-0.3901,596.71,471.43,1,1,1
LJ500_R079_C076,699250,9540750,2019,5,2019-05,1861.25,27.96,0.3676,-0.5134,301.62,392.49,0.98,1,1
LJ500_R093_C071,696750,9547750,2019,5,2019-05,2817.31,29.86,0.3248,0.8145,727.95,95.89,0.8908,1,1
LJ500_R093_C073,697750,9547750,2019,5,2019-05,2565.58,27.79,-0.5848,0.4706,560.42,701.3,1,1,1
LJ500_R096_C074,698250,9549250,2019,5,2019-05,2548.95,33.02,0.0113,0.5126,818.62,1012.15,0.98,1,1
LJ500_R098_C085,703750,9550250,2019,5,2019-05,2696.03,33.64,0.0175,-0.4423,2313.02,3316.3,1,1,1
LJ500_R101_C091,706750,9551750,2019,5,2019-05,3238.79,27.07,0.808,0.0962,,,1,0,0
LJ500_R106_C080,701250,9554250,2019,5,2019-05,2358.96,20.17,0.326,0.5763,428.26,544.68,0.9604,1,1
LJ500_R006_C075,698750,9504250,2019,6,2019-06,2966.8,32.63,0.2632,-0.2962,4872.37,6600.3,1,1,1
LJ500_R011_C068,695250,9506750,2019,6,2019-06,2659.94,30.27,-0.0363,0.4297,5517.25,9709.48,0.98,1,1
LJ500_R012_C055,688750,9507250,2019,6,2019-06,3052.69,28.6,0.7597,0.3549,3501.72,9900.1,1,1,1
LJ500_R020_C061,691750,9511250,2019,6,2019-06,2202.12,31.11,-0.1609,0.493,648.49,9060.31,1,1,1
LJ500_R033_C056,689250,9517750,2019,6,2019-06,2807.93,35.42,0.3321,-0.912,1969.79,2559.3,0.98,1,1
LJ500_R035_C085,703750,9518750,2019,6,2019-06,2248.49,27.35,-0.5781,0.6793,1551.74,1700.35,1,1,1
LJ500_R039_C072,697250,9520750,2019,6,2019-06,1630.72,19.18,0.1865,-0.5934,212.3,60.26,1,1,1
LJ500_R040_C060,691250,9521250,2019,6,2019-06,2175.31,33.88,0.8136,0.085,2924.04,3068.14,0.98,1,1
LJ500_R041_C061,691750,9521750,2019,6,2019-06,1815.86,32.96,0.8298,-0.2344,2224.86,2418.89,1,1,1
LJ500_R043_C058,690250,9522750,2019,6,2019-06,2231.05,30.27,0.2587,-0.661,2590.44,2334.7,0.98,1,1
LJ500_R045_C083,702750,9523750,2019,6,2019-06,1985.23,27.15,-0.6907,0.086,530.17,3670.15,0.98,1,1
LJ500_R046_C064,693250,9524250,2019,6,2019-06,1569.23,21.67,-0.4942,0.1351,114.11,180.73,0.98,1,1
LJ500_R048_C071,696750,9525250,2019,6,2019-06,1933.05,31,0.4044,0.164,1033.82,573.15,0.98,1,1
LJ500_R050_C095,708750,9526250,2019,6,2019-06,3225.82,22.89,0.1619,-0.3025,4675.03,8387.49,0.98,1,1
LJ500_R056_C049,685750,9529250,2019,6,2019-06,2241.43,27.1,-0.1362,-0.4498,3214.46,2973.21,1,1,1
LJ500_R058_C079,700750,9530250,2019,6,2019-06,2083.35,25.85,-0.5755,-0.7355,405.63,1349.1,0.98,1,1
LJ500_R063_C060,691250,9532750,2019,6,2019-06,1462.4,11.93,-0.4515,0.4791,218.98,149.96,1,1,1
LJ500_R064_C084,703250,9533250,2019,6,2019-06,2137.52,30.81,-0.2795,-0.3455,2306.51,3314.27,0.98,1,1
LJ500_R069_C057,689750,9535750,2019,6,2019-06,1674.64,17.62,0.158,0.7977,171.42,204.83,1,1,1
LJ500_R072_C062,692250,9537250,2019,6,2019-06,1759.48,15.83,-0.3644,-0.3318,201.97,1616.78,0.98,1,1
LJ500_R072_C095,708750,9537250,2019,6,2019-06,3183.34,32.14,-0.4754,-0.6619,1438.8,9795.41,0.98,1,1
LJ500_R074_C074,698250,9538250,2019,6,2019-06,1687.7,20.17,-0.1469,0.1973,85.66,108.26,0.98,1,1
LJ500_R078_C076,699250,9540250,2019,6,2019-06,1880.36,25.63,-0.6187,-0.3901,596.71,471.43,1,1,1
LJ500_R079_C076,699250,9540750,2019,6,2019-06,1861.25,27.96,0.3676,-0.5134,301.62,392.49,0.98,1,1
LJ500_R093_C071,696750,9547750,2019,6,2019-06,2817.31,29.86,0.3248,0.8145,727.95,95.89,0.8908,1,1
LJ500_R093_C073,697750,9547750,2019,6,2019-06,2565.58,27.79,-0.5848,0.4706,560.42,701.3,1,1,1
LJ500_R096_C074,698250,9549250,2019,6,2019-06,2548.95,33.02,0.0113,0.5126,818.62,1012.15,0.98,1,1
LJ500_R098_C085,703750,9550250,2019,6,2019-06,2696.03,33.64,0.0175,-0.4423,2313.02,3316.3,1,1,1
LJ500_R101_C091,706750,9551750,2019,6,2019-06,3238.79,27.07,0.808,0.0962,,,1,0,0
LJ500_R106_C080,701250,9554250,2019,6,2019-06,2358.96,20.17,0.326,0.5763,428.26,544.68,0.9604,1,1
LJ500_R006_C075,698750,9504250,2019,7,2019-07,2966.8,32.63,0.2632,-0.2962,4872.37,6600.3,1,1,1
LJ500_R011_C068,695250,9506750,2019,7,2019-07,2659.94,30.27,-0.0363,0.4297,5517.25,9709.48,0.98,1,1
LJ500_R012_C055,688750,9507250,2019,7,2019-07,3052.69,28.6,0.7597,0.3549,3501.72,9900.1,1,1,1
LJ500_R020_C061,691750,9511250,2019,7,2019-07,2202.12,31.11,-0.1609,0.493,648.49,9060.31,1,1,1
LJ500_R033_C056,689250,9517750,2019,7,2019-07,2807.93,35.42,0.3321,-0.912,1969.79,2559.3,0.98,1,1
LJ500_R035_C085,703750,9518750,2019,7,2019-07,2248.49,27.35,-0.5781,0.6793,1551.74,1700.35,1,1,1
LJ500_R039_C072,697250,9520750,2019,7,2019-07,1630.72,19.18,0.1865,-0.5934,212.3,60.26,1,1,1
LJ500_R040_C060,691250,9521250,2019,7,2019-07,2175.31,33.88,0.8136,0.085,2924.04,3068.14,0.98,1,1
LJ500_R041_C061,691750,9521750,2019,7,2019-07,1815.86,32.96,0.8298,-0.2344,2224.86,2418.89,1,1,1
LJ500_R043_C058,690250,9522750,2019,7,2019-07,2231.05,30.27,0.2587,-0.661,2590.44,2334.7,0.98,1,1
LJ500_R045_C083,702750,9523750,2019,7,2019-07,1985.23,27.15,-0.6907,0.086,530.17,3670.15,0.98,1,1
LJ500_R046_C064,693250,9524250,2019,7,2019-07,1569.23,21.67,-0.4942,0.1351,114.11,180.73,0.98,1,1
LJ500_R048_C071,696750,9525250,2019,7,2019-07,1933.05,31,0.4044,0.164,1033.82,573.15,0.98,1,1
LJ500_R050_C095,708750,9526250,2019,7,2019-07,3225.82,22.89,0.1619,-0.3025,4675.03,8387.49,0.98,1,1
LJ500_R056_C049,685750,9529250,2019,7,2019-07,2241.43,27.1,-0.1362,-0.4498,3214.46,2973.21,1,1,1
LJ500_R058_C079,700750,9530250,2019,7,2019-07,2083.35,25.85,-0.5755,-0.7355,405.63,1349.1,0.98,1,1
LJ500_R063_C060,691250,9532750,2019,7,2019-07,1462.4,11.93,-0.4515,0.4791,218.98,149.96,1,1,1
LJ500_R064_C084,703250,9533250,2019,7,2019-07,2137.52,30.81,-0.2795,-0.3455,2306.51,3314.27,0.98,1,1
LJ500_R069_C057,689750,9535750,2019,7,2019-07,1674.64,17.62,0.158,0.7977,171.42,204.83,1,1,1
LJ500_R072_C062,692250,9537250,2019,7,2019-07,1759.48,15.83,-0.3644,-0.3318,201.97,1616.78,0.98,1,1
LJ500_R072_C095,708750,9537250,2019,7,2019-07,3183.34,32.14,-0.4754,-0.6619,1438.8,9795.41,0.98,1,1
LJ500_R074_C074,698250,9538250,2019,7,2019-07,1687.7,20.17,-0.1469,0.1973,85.66,108.26,0.98,1,1
LJ500_R078_C076,699250,9540250,2019,7,2019-07,1880.36,25.63,-0.6187,-0.3901,596.71,471.43,1,1,1
LJ500_R079_C076,699250,9540750,2019,7,2019-07,1861.25,27.96,0.3676,-0.5134,301.62,392.49,0.98,1,1
LJ500_R093_C071,696750,9547750,2019,7,2019-07,2817.31,29.86,0.3248,0.8145,727.95,95.89,0.8908,1,1
LJ500_R093_C073,697750,9547750,2019,7,2019-07,2565.58,27.79,-0.5848,0.4706,560.42,701.3,1,1,1
LJ500_R096_C074,698250,9549250,2019,7,2019-07,2548.95,33.02,0.0113,0.5126,818.62,1012.15,0.98,1,1
LJ500_R098_C085,703750,9550250,2019,7,2019-07,2696.03,33.64,0.0175,-0.4423,2313.02,3316.3,1,1,1
LJ500_R101_C091,706750,9551750,2019,7,2019-07,3238.79,27.07,0.808,0.0962,,,1,0,0
LJ500_R106_C080,701250,9554250,2019,7,2019-07,2358.96,20.17,0.326,0.5763,428.26,544.68,0.9604,1,1
LJ500_R006_C075,698750,9504250,2019,8,2019-08,2966.8,32.63,0.2632,-0.2962,4872.37,6600.3,1,1,1
LJ500_R011_C068,695250,9506750,2019,8,2019-08,2659.94,30.27,-0.0363,0.4297,5517.25,9709.48,0.98,1,1
LJ500_R012_C055,688750,9507250,2019,8,2019-08,3052.69,28.6,0.7597,0.3549,3501.72,9900.1,1,1,1
LJ500_R020_C061,691750,9511250,2019,8,2019-08,2202.12,31.11,-0.1609,0.493,648.49,9060.31,1,1,1
LJ500_R033_C056,689250,9517750,2019,8,2019-08,2807.93,35.42,0.3321,-0.912,1969.79,2559.3,0.98,1,1
LJ500_R035_C085,703750,9518750,2019,8,2019-08,2248.49,27.35,-0.5781,0.6793,1551.74,1700.35,1,1,1
LJ500_R039_C072,697250,9520750,2019,8,2019-08,1630.72,19.18,0.1865,-0.5934,212.3,60.26,1,1,1
LJ500_R040_C060,691250,9521250,2019,8,2019-08,2175.31,33.88,0.8136,0.085,2924.04,3068.14,0.98,1,1
LJ500_R041_C061,691750,9521750,2019,8,2019-08,1815.86,32.96,0.8298,-0.2344,2224.86,2418.89,1,1,1
LJ500_R043_C058,690250,9522750,2019,8,2019-08,2231.05,30.27,0.2587,-0.661,2590.44,2334.7,0.98,1,1
LJ500_R045_C083,702750,9523750,2019,8,2019-08,1985.23,27.15,-0.6907,0.086,530.17,3670.15,0.98,1,1
LJ500_R046_C064,693250,9524250,2019,8,2019-08,1569.23,21.67,-0.4942,0.1351,114.11,180.73,0.98,1,1
LJ500_R048_C071,696750,9525250,2019,8,2019-08,1933.05,31,0.4044,0.164,1033.82,573.15,0.98,1,1
LJ500_R050_C095,708750,9526250,2019,8,2019-08,3225.82,22.89,0.1619,-0.3025,4675.03,8387.49,0.98,1,1
LJ500_R056_C049,685750,9529250,2019,8,2019-08,2241.43,27.1,-0.1362,-0.4498,3214.46,2973.21,1,1,1
LJ500_R058_C079,700750,9530250,2019,8,2019-08,2083.35,25.85,-0.5755,-0.7355,405.63,1349.1,0.98,1,1
LJ500_R063_C060,691250,9532750,2019,8,2019-08,1462.4,11.93,-0.4515,0.4791,218.98,149.96,1,1,1
LJ500_R064_C084,703250,9533250,2019,8,2019-08,2137.52,30.81,-0.2795,-0.3455,2306.51,3314.27,0.98,1,1
LJ500_R069_C057,689750,9535750,2019,8,2019-08,1674.64,17.62,0.158,0.7977,171.42,204.83,1,1,1
LJ500_R072_C062,692250,9537250,2019,8,2019-08,1759.48,15.83,-0.3644,-0.3318,201.97,1616.78,0.98,1,1
LJ500_R072_C095,708750,9537250,2019,8,2019-08,3183.34,32.14,-0.4754,-0.6619,1438.8,9795.41,0.98,1,1
LJ500_R074_C074,698250,9538250,2019,8,2019-08,1687.7,20.17,-0.1469,0.1973,85.66,108.26,0.98,1,1
LJ500_R078_C076,699250,9540250,2019,8,2019-08,1880.36,25.63,-0.6187,-0.3901,596.71,471.43,1,1,1
LJ500_R079_C076,699250,9540750,2019,8,2019-08,1861.25,27.96,0.3676,-0.5134,301.62,392.49,0.98,1,1
LJ500_R093_C071,696750,9547750,2019,8,2019-08,2817.31,29.86,0.3248,0.8145,727.95,95.89,0.8908,1,1
LJ500_R093_C073,697750,9547750,2019,8,2019-08,2565.58,27.79,-0.5848,0.4706,560.42,701.3,1,1,1
LJ500_R096_C074,698250,9549250,2019,8,2019-08,2548.95,33.02,0.0113,0.5126,818.62,1012.15,0.98,1,1
LJ500_R098_C085,703750,9550250,2019,8,2019-08,2696.03,33.64,0.0175,-0.4423,2313.02,3316.3,1,1,1
LJ500_R101_C091,706750,9551750,2019,8,2019-08,3238.79,27.07,0.808,0.0962,,,1,0,0
LJ500_R106_C080,701250,9554250,2019,8,2019-08,2358.96,20.17,0.326,0.5763,428.26,544.68,0.9604,1,1
LJ500_R006_C075,698750,9504250,2019,9,2019-09,2966.8,32.63,0.2632,-0.2962,4872.37,6600.3,1,1,1
LJ500_R011_C068,695250,9506750,2019,9,2019-09,2659.94,30.27,-0.0363,0.4297,5517.25,9709.48,0.98,1,1
LJ500_R012_C055,688750,9507250,2019,9,2019-09,3052.69,28.6,0.7597,0.3549,3501.72,9900.1,1,1,1
LJ500_R020_C061,691750,9511250,2019,9,2019-09,2202.12,31.11,-0.1609,0.493,648.49,9060.31,1,1,1
LJ500_R033_C056,689250,9517750,2019,9,2019-09,2807.93,35.42,0.3321,-0.912,1969.79,2559.3,0.98,1,1
LJ500_R035_C085,703750,9518750,2019,9,2019-09,2248.49,27.35,-0.5781,0.6793,1551.74,1700.35,1,1,1
LJ500_R039_C072,697250,9520750,2019,9,2019-09,1630.72,19.18,0.1865,-0.5934,212.3,60.26,1,1,1
LJ500_R040_C060,691250,9521250,2019,9,2019-09,2175.31,33.88,0.8136,0.085,2924.04,3068.14,0.98,1,1
LJ500_R041_C061,691750,9521750,2019,9,2019-09,1815.86,32.96,0.8298,-0.2344,2224.86,2418.89,1,1,1
LJ500_R043_C058,690250,9522750,2019,9,2019-09,2231.05,30.27,0.2587,-0.661,2590.44,2334.7,0.98,1,1
LJ500_R045_C083,702750,9523750,2019,9,2019-09,1985.23,27.15,-0.6907,0.086,530.17,3670.15,0.98,1,1
LJ500_R046_C064,693250,9524250,2019,9,2019-09,1569.23,21.67,-0.4942,0.1351,114.11,180.73,0.98,1,1
LJ500_R048_C071,696750,9525250,2019,9,2019-09,1933.05,31,0.4044,0.164,1033.82,573.15,0.98,1,1
LJ500_R050_C095,708750,9526250,2019,9,2019-09,3225.82,22.89,0.1619,-0.3025,4675.03,8387.49,0.98,1,1
LJ500_R056_C049,685750,9529250,2019,9,2019-09,2241.43,27.1,-0.1362,-0.4498,3214.46,2973.21,1,1,1
LJ500_R058_C079,700750,9530250,2019,9,2019-09,2083.35,25.85,-0.5755,-0.7355,405.63,1349.1,0.98,1,1
LJ500_R063_C060,691250,9532750,2019,9,2019-09,1462.4,11.93,-0.4515,0.4791,218.98,149.96,1,1,1
LJ500_R064_C084,703250,9533250,2019,9,2019-09,2137.52,30.81,-0.2795,-0.3455,2306.51,3314.27,0.98,1,1
LJ500_R069_C057,689750,9535750,2019,9,2019-09,1674.64,17.62,0.158,0.7977,171.42,204.83,1,1,1
LJ500_R072_C062,692250,9537250,2019,9,2019-09,1759.48,15.83,-0.3644,-0.3318,201.97,1616.78,0.98,1,1
LJ500_R072_C095,708750,9537250,2019,9,2019-09,3183.34,32.14,-0.4754,-0.6619,1438.8,9795.41,0.98,1,1
LJ500_R074_C074,698250,9538250,2019,9,2019-09,1687.7,20.17,-0.1469,0.1973,85.66,108.26,0.98,1,1
LJ500_R078_C076,699250,9540250,2019,9,2019-09,1880.36,25.63,-0.6187,-0.3901,596.71,471.43,1,1,1
LJ500_R079_C076,699250,9540750,2019,9,2019-09,1861.25,27.96,0.3676,-0.5134,301.62,392.49,0.98,1,1
LJ500_R093_C071,696750,9547750,2019,9,2019-09,2817.31,29.86,0.3248,0.8145,727.95,95.89,0.8908,1,1
LJ500_R093_C073,697750,9547750,2019,9,2019-09,2565.58,27.79,-0.5848,0.4706,560.42,701.3,1,1,1
LJ500_R096_C074,698250,9549250,2019,9,2019-09,2548.95,33.02,0.0113,0.5126,818.62,1012.15,0.98,1,1
LJ500_R098_C085,703750,9550250,2019,9,2019-09,2696.03,33.64,0.0175,-0.4423,2313.02,3316.3,1,1,1
LJ500_R101_C091,706750,9551750,2019,9,2019-09,3238.79,27.07,0.808,0.0962,,,1,0,0
LJ500_R106_C080,701250,9554250,2019,9,2019-09,2358.96,20.17,0.326,0.5763,428.26,544.68,0.9604,1,1
LJ500_R006_C075,698750,9504250,2019,10,2019-10,2966.8,32.63,0.2632,-0.2962,4872.37,6600.3,1,1,1
LJ500_R011_C068,695250,9506750,2019,10,2019-10,2659.94,30.27,-0.0363,0.4297,5517.25,9709.48,0.98,1,1
LJ500_R012_C055,688750,9507250,2019,10,2019-10,3052.69,28.6,0.7597,0.3549,3501.72,9900.1,1,1,1
LJ500_R020_C061,691750,9511250,2019,10,2019-10,2202.12,31.11,-0.1609,0.493,648.49,9060.31,1,1,1
LJ500_R033_C056,689250,9517750,2019,10,2019-10,2807.93,35.42,0.3321,-0.912,1969.79,2559.3,0.98,1,1
LJ500_R035_C085,703750,9518750,2019,10,2019-10,2248.49,27.35,-0.5781,0.6793,1551.74,1700.35,1,1,1
LJ500_R039_C072,697250,9520750,2019,10,2019-10,1630.72,19.18,0.1865,-0.5934,212.3,60.26,1,1,1
LJ500_R040_C060,691250,9521250,2019,10,2019-10,2175.31,33.88,0.8136,0.085,2924.04,3068.14,0.98,1,1
LJ500_R041_C061,691750,9521750,2019,10,2019-10,1815.86,32.96,0.8298,-0.2344,2224.86,2418.89,1,1,1
LJ500_R043_C058,690250,9522750,2019,10,2019-10,2231.05,30.27,0.2587,-0.661,2590.44,2334.7,0.98,1,1
LJ500_R045_C083,702750,9523750,2019,10,2019-10,1985.23,27.15,-0.6907,0.086,530.17,3670.15,0.98,1,1
LJ500_R046_C064,693250,9524250,2019,10,2019-10,1569.23,21.67,-0.4942,0.1351,114.11,180.73,0.98,1,1
LJ500_R048_C071,696750,9525250,2019,10,2019-10,1933.05,31,0.4044,0.164,1033.82,573.15,0.98,1,1
LJ500_R050_C095,708750,9526250,2019,10,2019-10,3225.82,22.89,0.1619,-0.3025,4675.03,8387.49,0.98,1,1
LJ500_R056_C049,685750,9529250,2019,10,2019-10,2241.43,27.1,-0.1362,-0.4498,3214.46,2973.21,1,1,1
LJ500_R058_C079,700750,9530250,2019,10,2019-10,2083.35,25.85,-0.5755,-0.7355,405.63,1349.1,0.98,1,1
LJ500_R063_C060,691250,9532750,2019,10,2019-10,1462.4,11.93,-0.4515,0.4791,218.98,149.96,1,1,1
LJ500_R064_C084,703250,9533250,2019,10,2019-10,2137.52,30.81,-0.2795,-0.3455,2306.51,3314.27,0.98,1,1
LJ500_R069_C057,689750,9535750,2019,10,2019-10,1674.64,17.62,0.158,0.7977,171.42,204.83,1,1,1
LJ500_R072_C062,692250,9537250,2019,10,2019-10,1759.48,15.83,-0.3644,-0.3318,201.97,1616.78,0.98,1,1
LJ500_R072_C095,708750,9537250,2019,10,2019-10,3183.34,32.14,-0.4754,-0.6619,1438.8,9795.41,0.98,1,1
LJ500_R074_C074,698250,9538250,2019,10,2019-10,1687.7,20.17,-0.1469,0.1973,85.66,108.26,0.98,1,1
LJ500_R078_C076,699250,9540250,2019,10,2019-10,1880.36,25.63,-0.6187,-0.3901,596.71,471.43,1,1,1
LJ500_R079_C076,699250,9540750,2019,10,2019-10,1861.25,27.96,0.3676,-0.5134,301.62,392.49,0.98,1,1
LJ500_R093_C071,696750,9547750,2019,10,2019-10,2817.31,29.86,0.3248,0.8145,727.95,95.89,0.8908,1,1
LJ500_R093_C073,697750,9547750,2019,10,2019-10,2565.58,27.79,-0.5848,0.4706,560.42,701.3,1,1,1
LJ500_R096_C074,698250,9549250,2019,10,2019-10,2548.95,33.02,0.0113,0.5126,818.62,1012.15,0.98,1,1
LJ500_R098_C085,703750,9550250,2019,10,2019-10,2696.03,33.64,0.0175,-0.4423,2313.02,3316.3,1,1,1
LJ500_R101_C091,706750,9551750,2019,10,2019-10,3238.79,27.07,0.808,0.0962,,,1,0,0
LJ500_R106_C080,701250,9554250,2019,10,2019-10,2358.96,20.17,0.326,0.5763,428.26,544.68,0.9604,1,1
LJ500_R006_C075,698750,9504250,2019,11,2019-11,2966.8,32.63,0.2632,-0.2962,4872.37,6600.3,1,1,1
LJ500_R011_C068,695250,9506750,2019,11,2019-11,2659.94,30.27,-0.0363,0.4297,5517.25,9709.48,0.98,1,1
LJ500_R012_C055,688750,9507250,2019,11,2019-11,3052.69,28.6,0.7597,0.3549,3501.72,9900.1,1,1,1
LJ500_R020_C061,691750,9511250,2019,11,2019-11,2202.12,31.11,-0.1609,0.493,648.49,9060.31,1,1,1
LJ500_R033_C056,689250,9517750,2019,11,2019-11,2807.93,35.42,0.3321,-0.912,1969.79,2559.3,0.98,1,1
LJ500_R035_C085,703750,9518750,2019,11,2019-11,2248.49,27.35,-0.5781,0.6793,1551.74,1700.35,1,1,1
LJ500_R039_C072,697250,9520750,2019,11,2019-11,1630.72,19.18,0.1865,-0.5934,212.3,60.26,1,1,1
LJ500_R040_C060,691250,9521250,2019,11,2019-11,2175.31,33.88,0.8136,0.085,2924.04,3068.14,0.98,1,1
LJ500_R041_C061,691750,9521750,2019,11,2019-11,1815.86,32.96,0.8298,-0.2344,2224.86,2418.89,1,1,1
LJ500_R043_C058,690250,9522750,2019,11,2019-11,2231.05,30.27,0.2587,-0.661,2590.44,2334.7,0.98,1,1
LJ500_R045_C083,702750,9523750,2019,11,2019-11,1985.23,27.15,-0.6907,0.086,530.17,3670.15,0.98,1,1
LJ500_R046_C064,693250,9524250,2019,11,2019-11,1569.23,21.67,-0.4942,0.1351,114.11,180.73,0.98,1,1
LJ500_R048_C071,696750,9525250,2019,11,2019-11,1933.05,31,0.4044,0.164,1033.82,573.15,0.98,1,1
LJ500_R050_C095,708750,9526250,2019,11,2019-11,3225.82,22.89,0.1619,-0.3025,4675.03,8387.49,0.98,1,1
LJ500_R056_C049,685750,9529250,2019,11,2019-11,2241.43,27.1,-0.1362,-0.4498,3214.46,2973.21,1,1,1
LJ500_R058_C079,700750,9530250,2019,11,2019-11,2083.35,25.85,-0.5755,-0.7355,405.63,1349.1,0.98,1,1
LJ500_R063_C060,691250,9532750,2019,11,2019-11,1462.4,11.93,-0.4515,0.4791,218.98,149.96,1,1,1
LJ500_R064_C084,703250,9533250,2019,11,2019-11,2137.52,30.81,-0.2795,-0.3455,2306.51,3314.27,0.98,1,1
LJ500_R069_C057,689750,9535750,2019,11,2019-11,1674.64,17.62,0.158,0.7977,171.42,204.83,1,1,1
LJ500_R072_C062,692250,9537250,2019,11,2019-11,1759.48,15.83,-0.3644,-0.3318,201.97,1616.78,0.98,1,1
LJ500_R072_C095,708750,9537250,2019,11,2019-11,3183.34,32.14,-0.4754,-0.6619,1438.8,9795.41,0.98,1,1
LJ500_R074_C074,698250,9538250,2019,11,2019-11,1687.7,20.17,-0.1469,0.1973,85.66,108.26,0.98,1,1
LJ500_R078_C076,699250,9540250,2019,11,2019-11,1880.36,25.63,-0.6187,-0.3901,596.71,471.43,1,1,1
LJ500_R079_C076,699250,9540750,2019,11,2019-11,1861.25,27.96,0.3676,-0.5134,301.62,392.49,0.98,1,1
LJ500_R093_C071,696750,9547750,2019,11,2019-11,2817.31,29.86,0.3248,0.8145,727.95,95.89,0.8908,1,1
LJ500_R093_C073,697750,9547750,2019,11,2019-11,2565.58,27.79,-0.5848,0.4706,560.42,701.3,1,1,1
LJ500_R096_C074,698250,9549250,2019,11,2019-11,2548.95,33.02,0.0113,0.5126,818.62,1012.15,0.98,1,1
LJ500_R098_C085,703750,9550250,2019,11,2019-11,2696.03,33.64,0.0175,-0.4423,2313.02,3316.3,1,1,1
LJ500_R101_C091,706750,9551750,2019,11,2019-11,3238.79,27.07,0.808,0.0962,,,1,0,0
LJ500_R106_C080,701250,9554250,2019,11,2019-11,2358.96,20.17,0.326,0.5763,428.26,544.68,0.9604,1,1
LJ500_R006_C075,698750,9504250,2019,12,2019-12,2966.8,32.63,0.2632,-0.2962,4872.37,6600.3,1,1,1
LJ500_R011_C068,695250,9506750,2019,12,2019-12,2659.94,30.27,-0.0363,0.4297,5517.25,9709.48,0.98,1,1
LJ500_R012_C055,688750,9507250,2019,12,2019-12,3052.69,28.6,0.7597,0.3549,3501.72,9900.1,1,1,1
LJ500_R020_C061,691750,9511250,2019,12,2019-12,2202.12,31.11,-0.1609,0.493,648.49,9060.31,1,1,1
LJ500_R033_C056,689250,9517750,2019,12,2019-12,2807.93,35.42,0.3321,-0.912,1969.79,2559.3,0.98,1,1
LJ500_R035_C085,703750,9518750,2019,12,2019-12,2248.49,27.35,-0.5781,0.6793,1551.74,1700.35,1,1,1
LJ500_R039_C072,697250,9520750,2019,12,2019-12,1630.72,19.18,0.1865,-0.5934,212.3,60.26,1,1,1
LJ500_R040_C060,691250,9521250,2019,12,2019-12,2175.31,33.88,0.8136,0.085,2924.04,3068.14,0.98,1,1
LJ500_R041_C061,691750,9521750,2019,12,2019-12,1815.86,32.96,0.8298,-0.2344,2224.86,2418.89,1,1,1
LJ500_R043_C058,690250,9522750,2019,12,2019-12,2231.05,30.27,0.2587,-0.661,2590.44,2334.7,0.98,1,1
LJ500_R045_C083,702750,9523750,2019,12,2019-12,1985.23,27.15,-0.6907,0.086,530.17,3670.15,0.98,1,1
LJ500_R046_C064,693250,9524250,2019,12,2019-12,1569.23,21.67,-0.4942,0.1351,114.11,180.73,0.98,1,1
LJ500_R048_C071,696750,9525250,2019,12,2019-12,1933.05,31,0.4044,0.164,1033.82,573.15,0.98,1,1
LJ500_R050_C095,708750,9526250,2019,12,2019-12,3225.82,22.89,0.1619,-0.3025,4675.03,8387.49,0.98,1,1
LJ500_R056_C049,685750,9529250,2019,12,2019-12,2241.43,27.1,-0.1362,-0.4498,3214.46,2973.21,1,1,1
LJ500_R058_C079,700750,9530250,2019,12,2019-12,2083.35,25.85,-0.5755,-0.7355,405.63,1349.1,0.98,1,1
LJ500_R063_C060,691250,9532750,2019,12,2019-12,1462.4,11.93,-0.4515,0.4791,218.98,149.96,1,1,1
LJ500_R064_C084,703250,9533250,2019,12,2019-12,2137.52,30.81,-0.2795,-0.3455,2306.51,3314.27,0.98,1,1
LJ500_R069_C057,689750,9535750,2019,12,2019-12,1674.64,17.62,0.158,0.7977,171.42,204.83,1,1,1
LJ500_R072_C062,692250,9537250,2019,12,2019-12,1759.48,15.83,-0.3644,-0.3318,201.97,1616.78,0.98,1,1
LJ500_R072_C095,708750,9537250,2019,12,2019-12,3183.34,32.14,-0.4754,-0.6619,1438.8,9795.41,0.98,1,1
LJ500_R074_C074,698250,9538250,2019,12,2019-12,1687.7,20.17,-0.1469,0.1973,85.66,108.26,0.98,1,1
LJ500_R078_C076,699250,9540250,2019,12,2019-12,1880.36,25.63,-0.6187,-0.3901,596.71,471.43,1,1,1
LJ500_R079_C076,699250,9540750,2019,12,2019-12,1861.25,27.96,0.3676,-0.5134,301.62,392.49,0.98,1,1
LJ500_R093_C071,696750,9547750,2019,12,2019-12,2817.31,29.86,0.3248,0.8145,727.95,95.89,0.8908,1,1
LJ500_R093_C073,697750,9547750,2019,12,2019-12,2565.58,27.79,-0.5848,0.4706,560.42,701.3,1,1,1
LJ500_R096_C074,698250,9549250,2019,12,2019-12,2548.95,33.02,0.0113,0.5126,818.62,1012.15,0.98,1,1
LJ500_R098_C085,703750,9550250,2019,12,2019-12,2696.03,33.64,0.0175,-0.4423,2313.02,3316.3,1,1,1
LJ500_R101_C091,706750,9551750,2019,12,2019-12,3238.79,27.07,0.808,0.0962,,,1,0,0
LJ500_R106_C080,701250,9554250,2019,12,2019-12,2358.96,20.17,0.326,0.5763,428.26,544.68,0.9604,1,1
LJ500_R006_C075,698750,9504250,2020,1,2020-01,2966.8,32.63,0.2632,-0.2962,4872.37,6600.3,1,1,1
LJ500_R011_C068,695250,9506750,2020,1,2020-01,2659.94,30.27,-0.0363,0.4297,5517.25,9709.48,0.98,1,1
LJ500_R012_C055,688750,9507250,2020,1,2020-01,3052.69,28.6,0.7597,0.3549,3501.72,9900.1,1,1,1
LJ500_R020_C061,691750,9511250,2020,1,2020-01,2202.12,31.11,-0.1609,0.493,648.49,9060.31,1,1,1
LJ500_R033_C056,689250,9517750,2020,1,2020-01,2807.93,35.42,0.3321,-0.912,1969.79,2559.3,0.98,1,1
LJ500_R035_C085,703750,9518750,2020,1,2020-01,2248.49,27.35,-0.5781,0.6793,1551.74,1700.35,1,1,1
LJ500_R039_C072,697250,9520750,2020,1,2020-01,1630.72,19.18,0.1865,-0.5934,212.3,60.26,1,1,1
LJ500_R040_C060,691250,9521250,2020,1,2020-01,2175.31,33.88,0.8136,0.085,2924.04,3068.14,0.98,1,1
LJ500_R041_C061,691750,9521750,2020,1,2020-01,1815.86,32.96,0.8298,-0.2344,2224.86,2418.89,1,1,1
LJ500_R043_C058,690250,9522750,2020,1,2020-01,2231.05,30.27,0.2587,-0.661,2590.44,2334.7,0.98,1,1
LJ500_R045_C083,702750,9523750,2020,1,2020-01,1985.23,27.15,-0.6907,0.086,530.17,3670.15,0.98,1,1
LJ500_R046_C064,693250,9524250,2020,1,2020-01,1569.23,21.67,-0.4942,0.1351,114.11,180.73,0.98,1,1
LJ500_R048_C071,696750,9525250,2020,1,2020-01,1933.05,31,0.4044,0.164,1033.82,573.15,0.98,1,1
LJ500_R050_C095,708750,9526250,2020,1,2020-01,3225.82,22.89,0.1619,-0.3025,4675.03,8387.49,0.98,1,1
LJ500_R056_C049,685750,9529250,2020,1,2020-01,2241.43,27.1,-0.1362,-0.4498,3214.46,2973.21,1,1,1
LJ500_R058_C079,700750,9530250,2020,1,2020-01,2083.35,25.85,-0.5755,-0.7355,405.63,1349.1,0.98,1,1
LJ500_R063_C060,691250,9532750,2020,1,2020-01,1462.4,11.93,-0.4515,0.4791,218.98,149.96,1,1,1
LJ500_R064_C084,703250,9533250,2020,1,2020-01,2137.52,30.81,-0.2795,-0.3455,2306.51,3314.27,0.98,1,1
LJ500_R069_C057,689750,9535750,2020,1,2020-01,1674.64,17.62,0.158,0.7977,171.42,204.83,1,1,1
LJ500_R072_C062,692250,9537250,2020,1,2020-01,1759.48,15.83,-0.3644,-0.3318,201.97,1616.78,0.98,1,1
LJ500_R072_C095,708750,9537250,2020,1,2020-01,3183.34,32.14,-0.4754,-0.6619,1438.8,9795.41,0.98,1,1
LJ500_R074_C074,698250,9538250,2020,1,2020-01,1687.7,20.17,-0.1469,0.1973,85.66,108.26,0.98,1,1
LJ500_R078_C076,699250,9540250,2020,1,2020-01,1880.36,25.63,-0.6187,-0.3901,596.71,471.43,1,1,1
LJ500_R079_C076,699250,9540750,2020,1,2020-01,1861.25,27.96,0.3676,-0.5134,301.62,392.49,0.98,1,1
LJ500_R093_C071,696750,9547750,2020,1,2020-01,2817.31,29.86,0.3248,0.8145,727.95,95.89,0.8908,1,1
LJ500_R093_C073,697750,9547750,2020,1,2020-01,2565.58,27.79,-0.5848,0.4706,560.42,701.3,1,1,1
LJ500_R096_C074,698250,9549250,2020,1,2020-01,2548.95,33.02,0.0113,0.5126,818.62,1012.15,0.98,1,1
LJ500_R098_C085,703750,9550250,2020,1,2020-01,2696.03,33.64,0.0175,-0.4423,2313.02,3316.3,1,1,1
LJ500_R101_C091,706750,9551750,2020,1,2020-01,3238.79,27.07,0.808,0.0962,,,1,0,0
LJ500_R106_C080,701250,9554250,2020,1,2020-01,2358.96,20.17,0.326,0.5763,428.26,544.68,0.9604,1,1
LJ500_R006_C075,698750,9504250,2020,2,2020-02,2966.8,32.63,0.2632,-0.2962,4872.37,6600.3,1,1,1
LJ500_R011_C068,695250,9506750,2020,2,2020-02,2659.94,30.27,-0.0363,0.4297,5517.25,9709.48,0.98,1,1
LJ500_R012_C055,688750,9507250,2020,2,2020-02,3052.69,28.6,0.7597,0.3549,3501.72,9900.1,1,1,1
LJ500_R020_C061,691750,9511250,2020,2,2020-02,2202.12,31.11,-0.1609,0.493,648.49,9060.31,1,1,1
LJ500_R033_C056,689250,9517750,2020,2,2020-02,2807.93,35.42,0.3321,-0.912,1969.79,2559.3,0.98,1,1
LJ500_R035_C085,703750,9518750,2020,2,2020-02,2248.49,27.35,-0.5781,0.6793,1551.74,1700.35,1,1,1
LJ500_R039_C072,697250,9520750,2020,2,2020-02,1630.72,19.18,0.1865,-0.5934,212.3,60.26,1,1,1
LJ500_R040_C060,691250,9521250,2020,2,2020-02,2175.31,33.88,0.8136,0.085,2924.04,3068.14,0.98,1,1
LJ500_R041_C061,691750,9521750,2020,2,2020-02,1815.86,32.96,0.8298,-0.2344,2224.86,2418.89,1,1,1
LJ500_R043_C058,690250,9522750,2020,2,2020-02,2231.05,30.27,0.2587,-0.661,2590.44,2334.7,0.98,1,1
LJ500_R045_C083,702750,9523750,2020,2,2020-02,1985.23,27.15,-0.6907,0.086,530.17,3670.15,0.98,1,1
LJ500_R046_C064,693250,9524250,2020,2,2020-02,1569.23,21.67,-0.4942,0.1351,114.11,180.73,0.98,1,1
LJ500_R048_C071,696750,9525250,2020,2,2020-02,1933.05,31,0.4044,0.164,1033.82,573.15,0.98,1,1
LJ500_R050_C095,708750,9526250,2020,2,2020-02,3225.82,22.89,0.1619,-0.3025,4675.03,8387.49,0.98,1,1
LJ500_R056_C049,685750,9529250,2020,2,2020-02,2241.43,27.1,-0.1362,-0.4498,3214.46,2973.21,1,1,1
LJ500_R058_C079,700750,9530250,2020,2,2020-02,2083.35,25.85,-0.5755,-0.7355,405.63,1349.1,0.98,1,1
LJ500_R063_C060,691250,9532750,2020,2,2020-02,1462.4,11.93,-0.4515,0.4791,218.98,149.96,1,1,1
LJ500_R064_C084,703250,9533250,2020,2,2020-02,2137.52,30.81,-0.2795,-0.3455,2306.51,3314.27,0.98,1,1
LJ500_R069_C057,689750,9535750,2020,2,2020-02,1674.64,17.62,0.158,0.7977,171.42,204.83,1,1,1
LJ500_R072_C062,692250,9537250,2020,2,2020-02,1759.48,15.83,-0.3644,-0.3318,201.97,1616.78,0.98,1,1
LJ500_R072_C095,708750,9537250,2020,2,2020-02,3183.34,32.14,-0.4754,-0.6619,1438.8,9795.41,0.98,1,1
LJ500_R074_C074,698250,9538250,2020,2,2020-02,1687.7,20.17,-0.1469,0.1973,85.66,108.26,0.98,1,1
LJ500_R078_C076,699250,9540250,2020,2,2020-02,1880.36,25.63,-0.6187,-0.3901,596.71,471.43,1,1,1
LJ500_R079_C076,699250,9540750,2020,2,2020-02,1861.25,27.96,0.3676,-0.5134,301.62,392.49,0.98,1,1
LJ500_R093_C071,696750,9547750,2020,2,2020-02,2817.31,29.86,0.3248,0.8145,727.95,95.89,0.8908,1,1
LJ500_R093_C073,697750,9547750,2020,2,2020-02,2565.58,27.79,-0.5848,0.4706,560.42,701.3,1,1,1
LJ500_R096_C074,698250,9549250,2020,2,2020-02,2548.95,33.02,0.0113,0.5126,818.62,1012.15,0.98,1,1
LJ500_R098_C085,703750,9550250,2020,2,2020-02,2696.03,33.64,0.0175,-0.4423,2313.02,3316.3,1,1,1
LJ500_R101_C091,706750,9551750,2020,2,2020-02,3238.79,27.07,0.808,0.0962,,,1,0,0
LJ500_R106_C080,701250,9554250,2020,2,2020-02,2358.96,20.17,0.326,0.5763,428.26,544.68,0.9604,1,1
LJ500_R006_C075,698750,9504250,2020,3,2020-03,2966.8,32.63,0.2632,-0.2962,4872.37,6600.3,1,1,1
LJ500_R011_C068,695250,9506750,2020,3,2020-03,2659.94,30.27,-0.0363,0.4297,5517.25,9709.48,0.98,1,1
LJ500_R012_C055,688750,9507250,2020,3,2020-03,3052.69,28.6,0.7597,0.3549,3501.72,9900.1,1,1,1
LJ500_R020_C061,691750,9511250,2020,3,2020-03,2202.12,31.11,-0.1609,0.493,648.49,9060.31,1,1,1
LJ500_R033_C056,689250,9517750,2020,3,2020-03,2807.93,35.42,0.3321,-0.912,1969.79,2559.3,0.98,1,1
LJ500_R035_C085,703750,9518750,2020,3,2020-03,2248.49,27.35,-0.5781,0.6793,1551.74,1700.35,1,1,1
LJ500_R039_C072,697250,9520750,2020,3,2020-03,1630.72,19.18,0.1865,-0.5934,212.3,60.26,1,1,1
LJ500_R040_C060,691250,9521250,2020,3,2020-03,2175.31,33.88,0.8136,0.085,2924.04,3068.14,0.98,1,1
LJ500_R041_C061,691750,9521750,2020,3,2020-03,1815.86,32.96,0.8298,-0.2344,2224.86,2418.89,1,1,1
LJ500_R043_C058,690250,9522750,2020,3,2020-03,2231.05,30.27,0.2587,-0.661,2590.44,2334.7,0.98,1,1
LJ500_R045_C083,702750,9523750,2020,3,2020-03,1985.23,27.15,-0.6907,0.086,530.17,3670.15,0.98,1,1
LJ500_R046_C064,693250,9524250,2020,3,2020-03,1569.23,21.67,-0.4942,0.1351,114.11,180.73,0.98,1,1
LJ500_R048_C071,696750,9525250,2020,3,2020-03,1933.05,31,0.4044,0.164,1033.82,573.15,0.98,1,1
LJ500_R050_C095,708750,9526250,2020,3,2020-03,3225.82,22.89,0.1619,-0.3025,4675.03,8387.49,0.98,1,1
LJ500_R056_C049,685750,9529250,2020,3,2020-03,2241.43,27.1,-0.1362,-0.4498,3214.46,2973.21,1,1,1
LJ500_R058_C079,700750,9530250,2020,3,2020-03,2083.35,25.85,-0.5755,-0.7355,405.63,1349.1,0.98,1,1
LJ500_R063_C060,691250,9532750,2020,3,2020-03,1462.4,11.93,-0.4515,0.4791,218.98,149.96,1,1,1
LJ500_R064_C084,703250,9533250,2020,3,2020-03,2137.52,30.81,-0.2795,-0.3455,2306.51,3314.27,0.98,1,1
LJ500_R069_C057,689750,9535750,2020,3,2020-03,1674.64,17.62,0.158,0.7977,171.42,204.83,1,1,1
LJ500_R072_C062,692250,9537250,2020,3,2020-03,1759.48,15.83,-0.3644,-0.3318,201.97,1616.78,0.98,1,1
LJ500_R072_C095,708750,9537250,2020,3,2020-03,3183.34,32.14,-0.4754,-0.6619,1438.8,9795.41,0.98,1,1
LJ500_R074_C074,698250,9538250,2020,3,2020-03,1687.7,20.17,-0.1469,0.1973,85.66,108.26,0.98,1,1
LJ500_R078_C076,699250,9540250,2020,3,2020-03,1880.36,25.63,-0.6187,-0.3901,596.71,471.43,1,1,1
LJ500_R079_C076,699250,9540750,2020,3,2020-03,1861.25,27.96,0.3676,-0.5134,301.62,392.49,0.98,1,1
LJ500_R093_C071,696750,9547750,2020,3,2020-03,2817.31,29.86,0.3248,0.8145,727.95,95.89,0.8908,1,1
LJ500_R093_C073,697750,9547750,2020,3,2020-03,2565.58,27.79,-0.5848,0.4706,560.42,701.3,1,1,1
LJ500_R096_C074,698250,9549250,2020,3,2020-03,2548.95,33.02,0.0113,0.5126,818.62,1012.15,0.98,1,1
LJ500_R098_C085,703750,9550250,2020,3,2020-03,2696.03,33.64,0.0175,-0.4423,2313.02,3316.3,1,1,1
LJ500_R101_C091,706750,9551750,2020,3,2020-03,3238.79,27.07,0.808,0.0962,,,1,0,0
LJ500_R106_C080,701250,9554250,2020,3,2020-03,2358.96,20.17,0.326,0.5763,428.26,544.68,0.9604,1,1
LJ500_R006_C075,698750,9504250,2020,4,2020-04,2966.8,32.63,0.2632,-0.2962,4872.37,6600.3,1,1,1
LJ500_R011_C068,695250,9506750,2020,4,2020-04,2659.94,30.27,-0.0363,0.4297,5517.25,9709.48,0.98,1,1
LJ500_R012_C055,688750,9507250,2020,4,2020-04,3052.69,28.6,0.7597,0.3549,3501.72,9900.1,1,1,1
LJ500_R020_C061,691750,9511250,2020,4,2020-04,2202.12,31.11,-0.1609,0.493,648.49,9060.31,1,1,1
LJ500_R033_C056,689250,9517750,2020,4,2020-04,2807.93,35.42,0.3321,-0.912,1969.79,2559.3,0.98,1,1
LJ500_R035_C085,703750,9518750,2020,4,2020-04,2248.49,27.35,-0.5781,0.6793,1551.74,1700.35,1,1,1
LJ500_R039_C072,697250,9520750,2020,4,2020-04,1630.72,19.18,0.1865,-0.5934,212.3,60.26,1,1,1
LJ500_R040_C060,691250,9521250,2020,4,2020-04,2175.31,33.88,0.8136,0.085,2924.04,3068.14,0.98,1,1
LJ500_R041_C061,691750,9521750,2020,4,2020-04,1815.86,32.96,0.8298,-0.2344,2224.86,2418.89,1,1,1
LJ500_R043_C058,690250,9522750,2020,4,2020-04,2231.05,30.27,0.2587,-0.661,2590.44,2334.7,0.98,1,1
LJ500_R045_C083,702750,9523750,2020,4,2020-04,1985.23,27.15,-0.6907,0.086,530.17,3670.15,0.98,1,1
LJ500_R046_C064,693250,9524250,2020,4,2020-04,1569.23,21.67,-0.4942,0.1351,114.11,180.73,0.98,1,1
LJ500_R048_C071,696750,9525250,2020,4,2020-04,1933.05,31,0.4044,0.164,1033.82,573.15,0.98,1,1
LJ500_R050_C095,708750,9526250,2020,4,2020-04,3225.82,22.89,0.1619,-0.3025,4675.03,8387.49,0.98,1,1
LJ500_R056_C049,685750,9529250,2020,4,2020-04,2241.43,27.1,-0.1362,-0.4498,3214.46,2973.21,1,1,1
LJ500_R058_C079,700750,9530250,2020,4,2020-04,2083.35,25.85,-0.5755,-0.7355,405.63,1349.1,0.98,1,1
LJ500_R063_C060,691250,9532750,2020,4,2020-04,1462.4,11.93,-0.4515,0.4791,218.98,149.96,1,1,1
LJ500_R064_C084,703250,9533250,2020,4,2020-04,2137.52,30.81,-0.2795,-0.3455,2306.51,3314.27,0.98,1,1
LJ500_R069_C057,689750,9535750,2020,4,2020-04,1674.64,17.62,0.158,0.7977,171.42,204.83,1,1,1
LJ500_R072_C062,692250,9537250,2020,4,2020-04,1759.48,15.83,-0.3644,-0.3318,201.97,1616.78,0.98,1,1
LJ500_R072_C095,708750,9537250,2020,4,2020-04,3183.34,32.14,-0.4754,-0.6619,1438.8,9795.41,0.98,1,1
LJ500_R074_C074,698250,9538250,2020,4,2020-04,1687.7,20.17,-0.1469,0.1973,85.66,108.26,0.98,1,1
LJ500_R078_C076,699250,9540250,2020,4,2020-04,1880.36,25.63,-0.6187,-0.3901,596.71,471.43,1,1,1
LJ500_R079_C076,699250,9540750,2020,4,2020-04,1861.25,27.96,0.3676,-0.5134,301.62,392.49,0.98,1,1
LJ500_R093_C071,696750,9547750,2020,4,2020-04,2817.31,29.86,0.3248,0.8145,727.95,95.89,0.8908,1,1
LJ500_R093_C073,697750,9547750,2020,4,2020-04,2565.58,27.79,-0.5848,0.4706,560.42,701.3,1,1,1
LJ500_R096_C074,698250,9549250,2020,4,2020-04,2548.95,33.02,0.0113,0.5126,818.62,1012.15,0.98,1,1
LJ500_R098_C085,703750,9550250,2020,4,2020-04,2696.03,33.64,0.0175,-0.4423,2313.02,3316.3,1,1,1
LJ500_R101_C091,706750,9551750,2020,4,2020-04,3238.79,27.07,0.808,0.0962,,,1,0,0
LJ500_R106_C080,701250,9554250,2020,4,2020-04,2358.96,20.17,0.326,0.5763,428.26,544.68,0.9604,1,1
LJ500_R006_C075,698750,9504250,2020,5,2020-05,2966.8,32.63,0.2632,-0.2962,4872.37,6600.3,1,1,1
LJ500_R011_C068,695250,9506750,2020,5,2020-05,2659.94,30.27,-0.0363,0.4297,5517.25,9709.48,0.98,1,1
LJ500_R012_C055,688750,9507250,2020,5,2020-05,3052.69,28.6,0.7597,0.3549,3501.72,9900.1,1,1,1
LJ500_R020_C061,691750,9511250,2020,5,2020-05,2202.12,31.11,-0.1609,0.493,648.49,9060.31,1,1,1
LJ500_R033_C056,689250,9517750,2020,5,2020-05,2807.93,35.42,0.3321,-0.912,1969.79,2559.3,0.98,1,1
LJ500_R035_C085,703750,9518750,2020,5,2020-05,2248.49,27.35,-0.5781,0.6793,1551.74,1700.35,1,1,1
LJ500_R039_C072,697250,9520750,2020,5,2020-05,1630.72,19.18,0.1865,-0.5934,212.3,60.26,1,1,1
LJ500_R040_C060,691250,9521250,2020,5,2020-05,2175.31,33.88,0.8136,0.085,2924.04,3068.14,0.98,1,1
LJ500_R041_C061,691750,9521750,2020,5,2020-05,1815.86,32.96,0.8298,-0.2344,2224.86,2418.89,1,1,1
LJ500_R043_C058,690250,9522750,2020,5,2020-05,2231.05,30.27,0.2587,-0.661,2590.44,2334.7,0.98,1,1
LJ500_R045_C083,702750,9523750,2020,5,2020-05,1985.23,27.15,-0.6907,0.086,530.17,3670.15,0.98,1,1
LJ500_R046_C064,693250,9524250,2020,5,2020-05,1569.23,21.67,-0.4942,0.1351,114.11,180.73,0.98,1,1
LJ500_R048_C071,696750,9525250,2020,5,2020-05,1933.05,31,0.4044,0.164,1033.82,573.15,0.98,1,1
LJ500_R050_C095,708750,9526250,2020,5,2020-05,3225.82,22.89,0.1619,-0.3025,4675.03,8387.49,0.98,1,1
LJ500_R056_C049,685750,9529250,2020,5,2020-05,2241.43,27.1,-0.1362,-0.4498,3214.46,2973.21,1,1,1
LJ500_R058_C079,700750,9530250,2020,5,2020-05,2083.35,25.85,-0.5755,-0.7355,405.63,1349.1,0.98,1,1
LJ500_R063_C060,691250,9532750,2020,5,2020-05,1462.4,11.93,-0.4515,0.4791,218.98,149.96,1,1,1
LJ500_R064_C084,703250,9533250,2020,5,2020-05,2137.52,30.81,-0.2795,-0.3455,2306.51,3314.27,0.98,1,1
LJ500_R069_C057,689750,9535750,2020,5,2020-05,1674.64,17.62,0.158,0.7977,171.42,204.83,1,1,1
LJ500_R072_C062,692250,9537250,2020,5,2020-05,1759.48,15.83,-0.3644,-0.3318,201.97,1616.78,0.98,1,1
LJ500_R072_C095,708750,9537250,2020,5,2020-05,3183.34,32.14,-0.4754,-0.6619,1438.8,9795.41,0.98,1,1
LJ500_R074_C074,698250,9538250,2020,5,2020-05,1687.7,20.17,-0.1469,0.1973,85.66,108.26,0.98,1,1
LJ500_R078_C076,699250,9540250,2020,5,2020-05,1880.36,25.63,-0.6187,-0.3901,596.71,471.43,1,1,1
LJ500_R079_C076,699250,9540750,2020,5,2020-05,1861.25,27.96,0.3676,-0.5134,301.62,392.49,0.98,1,1
LJ500_R093_C071,696750,9547750,2020,5,2020-05,2817.31,29.86,0.3248,0.8145,727.95,95.89,0.8908,1,1
LJ500_R093_C073,697750,9547750,2020,5,2020-05,2565.58,27.79,-0.5848,0.4706,560.42,701.3,1,1,1
LJ500_R096_C074,698250,9549250,2020,5,2020-05,2548.95,33.02,0.0113,0.5126,818.62,1012.15,0.98,1,1
LJ500_R098_C085,703750,9550250,2020,5,2020-05,2696.03,33.64,0.0175,-0.4423,2313.02,3316.3,1,1,1
LJ500_R101_C091,706750,9551750,2020,5,2020-05,3238.79,27.07,0.808,0.0962,,,1,0,0
LJ500_R106_C080,701250,9554250,2020,5,2020-05,2358.96,20.17,0.326,0.5763,428.26,544.68,0.9604,1,1
LJ500_R006_C075,698750,9504250,2020,6,2020-06,2966.8,32.63,0.2632,-0.2962,4872.37,6600.3,1,1,1
LJ500_R011_C068,695250,9506750,2020,6,2020-06,2659.94,30.27,-0.0363,0.4297,5517.25,9709.48,0.98,1,1
LJ500_R012_C055,688750,9507250,2020,6,2020-06,3052.69,28.6,0.7597,0.3549,3501.72,9900.1,1,1,1
LJ500_R020_C061,691750,9511250,2020,6,2020-06,2202.12,31.11,-0.1609,0.493,648.49,9060.31,1,1,1
LJ500_R033_C056,689250,9517750,2020,6,2020-06,2807.93,35.42,0.3321,-0.912,1969.79,2559.3,0.98,1,1
LJ500_R035_C085,703750,9518750,2020,6,2020-06,2248.49,27.35,-0.5781,0.6793,1551.74,1700.35,1,1,1
LJ500_R039_C072,697250,9520750,2020,6,2020-06,1630.72,19.18,0.1865,-0.5934,212.3,60.26,1,1,1
LJ500_R040_C060,691250,9521250,2020,6,2020-06,2175.31,33.88,0.8136,0.085,2924.04,3068.14,0.98,1,1
LJ500_R041_C061,691750,9521750,2020,6,2020-06,1815.86,32.96,0.8298,-0.2344,2224.86,2418.89,1,1,1
LJ500_R043_C058,690250,9522750,2020,6,2020-06,2231.05,30.27,0.2587,-0.661,2590.44,2334.7,0.98,1,1
LJ500_R045_C083,702750,9523750,2020,6,2020-06,1985.23,27.15,-0.6907,0.086,530.17,3670.15,0.98,1,1
LJ500_R046_C064,693250,9524250,2020,6,2020-06,1569.23,21.67,-0.4942,0.1351,114.11,180.73,0.98,1,1
LJ500_R048_C071,696750,9525250,2020,6,2020-06,1933.05,31,0.4044,0.164,1033.82,573.15,0.98,1,1
LJ500_R050_C095,708750,9526250,2020,6,2020-06,3225.82,22.89,0.1619,-0.3025,4675.03,8387.49,0.98,1,1
LJ500_R056_C049,685750,9529250,2020,6,2020-06,2241.43,27.1,-0.1362,-0.4498,3214.46,2973.21,1,1,1
LJ500_R058_C079,700750,9530250,2020,6,2020-06,2083.35,25.85,-0.5755,-0.7355,405.63,1349.1,0.98,1,1
LJ500_R063_C060,691250,9532750,2020,6,2020-06,1462.4,11.93,-0.4515,0.4791,218.98,149.96,1,1,1
LJ500_R064_C084,703250,9533250,2020,6,2020-06,2137.52,30.81,-0.2795,-0.3455,2306.51,3314.27,0.98,1,1
LJ500_R069_C057,689750,9535750,2020,6,2020-06,1674.64,17.62,0.158,0.7977,171.42,204.83,1,1,1
LJ500_R072_C062,692250,9537250,2020,6,2020-06,1759.48,15.83,-0.3644,-0.3318,201.97,1616.78,0.98,1,1
LJ500_R072_C095,708750,9537250,2020,6,2020-06,3183.34,32.14,-0.4754,-0.6619,1438.8,9795.41,0.98,1,1
LJ500_R074_C074,698250,9538250,2020,6,2020-06,1687.7,20.17,-0.1469,0.1973,85.66,108.26,0.98,1,1
LJ500_R078_C076,699250,9540250,2020,6,2020-06,1880.36,25.63,-0.6187,-0.3901,596.71,471.43,1,1,1
LJ500_R079_C076,699250,9540750,2020,6,2020-06,1861.25,27.96,0.3676,-0.5134,301.62,392.49,0.98,1,1
LJ500_R093_C071,696750,9547750,2020,6,2020-06,2817.31,29.86,0.3248,0.8145,727.95,95.89,0.8908,1,1
LJ500_R093_C073,697750,9547750,2020,6,2020-06,2565.58,27.79,-0.5848,0.4706,560.42,701.3,1,1,1
LJ500_R096_C074,698250,9549250,2020,6,2020-06,2548.95,33.02,0.0113,0.5126,818.62,1012.15,0.98,1,1
LJ500_R098_C085,703750,9550250,2020,6,2020-06,2696.03,33.64,0.0175,-0.4423,2313.02,3316.3,1,1,1
LJ500_R101_C091,706750,9551750,2020,6,2020-06,3238.79,27.07,0.808,0.0962,,,1,0,0
LJ500_R106_C080,701250,9554250,2020,6,2020-06,2358.96,20.17,0.326,0.5763,428.26,544.68,0.9604,1,1
LJ500_R006_C075,698750,9504250,2020,7,2020-07,2966.8,32.63,0.2632,-0.2962,4872.37,6600.3,1,1,1
LJ500_R011_C068,695250,9506750,2020,7,2020-07,2659.94,30.27,-0.0363,0.4297,5517.25,9709.48,0.98,1,1
LJ500_R012_C055,688750,9507250,2020,7,2020-07,3052.69,28.6,0.7597,0.3549,3501.72,9900.1,1,1,1
LJ500_R020_C061,691750,9511250,2020,7,2020-07,2202.12,31.11,-0.1609,0.493,648.49,9060.31,1,1,1
LJ500_R033_C056,689250,9517750,2020,7,2020-07,2807.93,35.42,0.3321,-0.912,1969.79,2559.3,0.98,1,1
LJ500_R035_C085,703750,9518750,2020,7,2020-07,2248.49,27.35,-0.5781,0.6793,1551.74,1700.35,1,1,1
LJ500_R039_C072,697250,9520750,2020,7,2020-07,1630.72,19.18,0.1865,-0.5934,212.3,60.26,1,1,1
LJ500_R040_C060,691250,9521250,2020,7,2020-07,2175.31,33.88,0.8136,0.085,2924.04,3068.14,0.98,1,1
LJ500_R041_C061,691750,9521750,2020,7,2020-07,1815.86,32.96,0.8298,-0.2344,2224.86,2418.89,1,1,1
LJ500_R043_C058,690250,9522750,2020,7,2020-07,2231.05,30.27,0.2587,-0.661,2590.44,2334.7,0.98,1,1
LJ500_R045_C083,702750,9523750,2020,7,2020-07,1985.23,27.15,-0.6907,0.086,530.17,3670.15,0.98,1,1
LJ500_R046_C064,693250,9524250,2020,7,2020-07,1569.23,21.67,-0.4942,0.1351,114.11,180.73,0.98,1,1
LJ500_R048_C071,696750,9525250,2020,7,2020-07,1933.05,31,0.4044,0.164,1033.82,573.15,0.98,1,1
LJ500_R050_C095,708750,9526250,2020,7,2020-07,3225.82,22.89,0.1619,-0.3025,4675.03,8387.49,0.98,1,1
LJ500_R056_C049,685750,9529250,2020,7,2020-07,2241.43,27.1,-0.1362,-0.4498,3214.46,2973.21,1,1,1
LJ500_R058_C079,700750,9530250,2020,7,2020-07,2083.35,25.85,-0.5755,-0.7355,405.63,1349.1,0.98,1,1
LJ500_R063_C060,691250,9532750,2020,7,2020-07,1462.4,11.93,-0.4515,0.4791,218.98,149.96,1,1,1
LJ500_R064_C084,703250,9533250,2020,7,2020-07,2137.52,30.81,-0.2795,-0.3455,2306.51,3314.27,0.98,1,1
LJ500_R069_C057,689750,9535750,2020,7,2020-07,1674.64,17.62,0.158,0.7977,171.42,204.83,1,1,1
LJ500_R072_C062,692250,9537250,2020,7,2020-07,1759.48,15.83,-0.3644,-0.3318,201.97,1616.78,0.98,1,1
LJ500_R072_C095,708750,9537250,2020,7,2020-07,3183.34,32.14,-0.4754,-0.6619,1438.8,9795.41,0.98,1,1
LJ500_R074_C074,698250,9538250,2020,7,2020-07,1687.7,20.17,-0.1469,0.1973,85.66,108.26,0.98,1,1
LJ500_R078_C076,699250,9540250,2020,7,2020-07,1880.36,25.63,-0.6187,-0.3901,596.71,471.43,1,1,1
LJ500_R079_C076,699250,9540750,2020,7,2020-07,1861.25,27.96,0.3676,-0.5134,301.62,392.49,0.98,1,1
LJ500_R093_C071,696750,9547750,2020,7,2020-07,2817.31,29.86,0.3248,0.8145,727.95,95.89,0.8908,1,1
LJ500_R093_C073,697750,9547750,2020,7,2020-07,2565.58,27.79,-0.5848,0.4706,560.42,701.3,1,1,1
LJ500_R096_C074,698250,9549250,2020,7,2020-07,2548.95,33.02,0.0113,0.5126,818.62,1012.15,0.98,1,1
LJ500_R098_C085,703750,9550250,2020,7,2020-07,2696.03,33.64,0.0175,-0.4423,2313.02,3316.3,1,1,1
LJ500_R101_C091,706750,9551750,2020,7,2020-07,3238.79,27.07,0.808,0.0962,,,1,0,0
LJ500_R106_C080,701250,9554250,2020,7,2020-07,2358.96,20.17,0.326,0.5763,428.26,544.68,0.9604,1,1
LJ500_R006_C075,698750,9504250,2020,8,2020-08,2966.8,32.63,0.2632,-0.2962,4872.37,6600.3,1,1,1
LJ500_R011_C068,695250,9506750,2020,8,2020-08,2659.94,30.27,-0.0363,0.4297,5517.25,9709.48,0.98,1,1
LJ500_R012_C055,688750,9507250,2020,8,2020-08,3052.69,28.6,0.7597,0.3549,3501.72,9900.1,1,1,1
LJ500_R020_C061,691750,9511250,2020,8,2020-08,2202.12,31.11,-0.1609,0.493,648.49,9060.31,1,1,1
LJ500_R033_C056,689250,9517750,2020,8,2020-08,2807.93,35.42,0.3321,-0.912,1969.79,2559.3,0.98,1,1
LJ500_R035_C085,703750,9518750,2020,8,2020-08,2248.49,27.35,-0.5781,0.6793,1551.74,1700.35,1,1,1
LJ500_R039_C072,697250,9520750,2020,8,2020-08,1630.72,19.18,0.1865,-0.5934,212.3,60.26,1,1,1
LJ500_R040_C060,691250,9521250,2020,8,2020-08,2175.31,33.88,0.8136,0.085,2924.04,3068.14,0.98,1,1
LJ500_R041_C061,691750,9521750,2020,8,2020-08,1815.86,32.96,0.8298,-0.2344,2224.86,2418.89,1,1,1
LJ500_R043_C058,690250,9522750,2020,8,2020-08,2231.05,30.27,0.2587,-0.661,2590.44,2334.7,0.98,1,1
LJ500_R045_C083,702750,9523750,2020,8,2020-08,1985.23,27.15,-0.6907,0.086,530.17,3670.15,0.98,1,1
LJ500_R046_C064,693250,9524250,2020,8,2020-08,1569.23,21.67,-0.4942,0.1351,114.11,180.73,0.98,1,1
LJ500_R048_C071,696750,9525250,2020,8,2020-08,1933.05,31,0.4044,0.164,1033.82,573.15,0.98,1,1
LJ500_R050_C095,708750,9526250,2020,8,2020-08,3225.82,22.89,0.1619,-0.3025,4675.03,8387.49,0.98,1,1
LJ500_R056_C049,685750,9529250,2020,8,2020-08,2241.43,27.1,-0.1362,-0.4498,3214.46,2973.21,1,1,1
LJ500_R058_C079,700750,9530250,2020,8,2020-08,2083.35,25.85,-0.5755,-0.7355,405.63,1349.1,0.98,1,1
LJ500_R063_C060,691250,9532750,2020,8,2020-08,1462.4,11.93,-0.4515,0.4791,218.98,149.96,1,1,1
LJ500_R064_C084,703250,9533250,2020,8,2020-08,2137.52,30.81,-0.2795,-0.3455,2306.51,3314.27,0.98,1,1
LJ500_R069_C057,689750,9535750,2020,8,2020-08,1674.64,17.62,0.158,0.7977,171.42,204.83,1,1,1
LJ500_R072_C062,692250,9537250,2020,8,2020-08,1759.48,15.83,-0.3644,-0.3318,201.97,1616.78,0.98,1,1
LJ500_R072_C095,708750,9537250,2020,8,2020-08,3183.34,32.14,-0.4754,-0.6619,1438.8,9795.41,0.98,1,1
LJ500_R074_C074,698250,9538250,2020,8,2020-08,1687.7,20.17,-0.1469,0.1973,85.66,108.26,0.98,1,1
LJ500_R078_C076,699250,9540250,2020,8,2020-08,1880.36,25.63,-0.6187,-0.3901,596.71,471.43,1,1,1
LJ500_R079_C076,699250,9540750,2020,8,2020-08,1861.25,27.96,0.3676,-0.5134,301.62,392.49,0.98,1,1
LJ500_R093_C071,696750,9547750,2020,8,2020-08,2817.31,29.86,0.3248,0.8145,727.95,95.89,0.8908,1,1
LJ500_R093_C073,697750,9547750,2020,8,2020-08,2565.58,27.79,-0.5848,0.4706,560.42,701.3,1,1,1
LJ500_R096_C074,698250,9549250,2020,8,2020-08,2548.95,33.02,0.0113,0.5126,818.62,1012.15,0.98,1,1
LJ500_R098_C085,703750,9550250,2020,8,2020-08,2696.03,33.64,0.0175,-0.4423,2313.02,3316.3,1,1,1
LJ500_R101_C091,706750,9551750,2020,8,2020-08,3238.79,27.07,0.808,0.0962,,,1,0,0
LJ500_R106_C080,701250,9554250,2020,8,2020-08,2358.96,20.17,0.326,0.5763,428.26,544.68,0.9604,1,1
LJ500_R006_C075,698750,9504250,2020,9,2020-09,2966.8,32.63,0.2632,-0.2962,4872.37,6600.3,1,1,1
LJ500_R011_C068,695250,9506750,2020,9,2020-09,2659.94,30.27,-0.0363,0.4297,5517.25,9709.48,0.98,1,1
LJ500_R012_C055,688750,9507250,2020,9,2020-09,3052.69,28.6,0.7597,0.3549,3501.72,9900.1,1,1,1
LJ500_R020_C061,691750,9511250,2020,9,2020-09,2202.12,31.11,-0.1609,0.493,648.49,9060.31,1,1,1
LJ500_R033_C056,689250,9517750,2020,9,2020-09,2807.93,35.42,0.3321,-0.912,1969.79,2559.3,0.98,1,1
LJ500_R035_C085,703750,9518750,2020,9,2020-09,2248.49,27.35,-0.5781,0.6793,1551.74,1700.35,1,1,1
LJ500_R039_C072,697250,9520750,2020,9,2020-09,1630.72,19.18,0.1865,-0.5934,212.3,60.26,1,1,1
LJ500_R040_C060,691250,9521250,2020,9,2020-09,2175.31,33.88,0.8136,0.085,2924.04,3068.14,0.98,1,1
LJ500_R041_C061,691750,9521750,2020,9,2020-09,1815.86,32.96,0.8298,-0.2344,2224.86,2418.89,1,1,1
LJ500_R043_C058,690250,9522750,2020,9,2020-09,2231.05,30.27,0.2587,-0.661,2590.44,2334.7,0.98,1,1
LJ500_R045_C083,702750,9523750,2020,9,2020-09,1985.23,27.15,-0.6907,0.086,530.17,3670.15,0.98,1,1
LJ500_R046_C064,693250,9524250,2020,9,2020-09,1569.23,21.67,-0.4942,0.1351,114.11,180.73,0.98,1,1
LJ500_R048_C071,696750,9525250,2020,9,2020-09,1933.05,31,0.4044,0.164,1033.82,573.15,0.98,1,1
LJ500_R050_C095,708750,9526250,2020,9,2020-09,3225.82,22.89,0.1619,-0.3025,4675.03,8387.49,0.98,1,1
LJ500_R056_C049,685750,9529250,2020,9,2020-09,2241.43,27.1,-0.1362,-0.4498,3214.46,2973.21,1,1,1
LJ500_R058_C079,700750,9530250,2020,9,2020-09,2083.35,25.85,-0.5755,-0.7355,405.63,1349.1,0.98,1,1
LJ500_R063_C060,691250,9532750,2020,9,2020-09,1462.4,11.93,-0.4515,0.4791,218.98,149.96,1,1,1
LJ500_R064_C084,703250,9533250,2020,9,2020-09,2137.52,30.81,-0.2795,-0.3455,2306.51,3314.27,0.98,1,1
LJ500_R069_C057,689750,9535750,2020,9,2020-09,1674.64,17.62,0.158,0.7977,171.42,204.83,1,1,1
LJ500_R072_C062,692250,9537250,2020,9,2020-09,1759.48,15.83,-0.3644,-0.3318,201.97,1616.78,0.98,1,1
LJ500_R072_C095,708750,9537250,2020,9,2020-09,3183.34,32.14,-0.4754,-0.6619,1438.8,9795.41,0.98,1,1
LJ500_R074_C074,698250,9538250,2020,9,2020-09,1687.7,20.17,-0.1469,0.1973,85.66,108.26,0.98,1,1
LJ500_R078_C076,699250,9540250,2020,9,2020-09,1880.36,25.63,-0.6187,-0.3901,596.71,471.43,1,1,1
LJ500_R079_C076,699250,9540750,2020,9,2020-09,1861.25,27.96,0.3676,-0.5134,301.62,392.49,0.98,1,1
LJ500_R093_C071,696750,9547750,2020,9,2020-09,2817.31,29.86,0.3248,0.8145,727.95,95.89,0.8908,1,1
LJ500_R093_C073,697750,9547750,2020,9,2020-09,2565.58,27.79,-0.5848,0.4706,560.42,701.3,1,1,1
LJ500_R096_C074,698250,9549250,2020,9,2020-09,2548.95,33.02,0.0113,0.5126,818.62,1012.15,0.98,1,1
LJ500_R098_C085,703750,9550250,2020,9,2020-09,2696.03,33.64,0.0175,-0.4423,2313.02,3316.3,1,1,1
LJ500_R101_C091,706750,9551750,2020,9,2020-09,3238.79,27.07,0.808,0.0962,,,1,0,0
LJ500_R106_C080,701250,9554250,2020,9,2020-09,2358.96,20.17,0.326,0.5763,428.26,544.68,0.9604,1,1
LJ500_R006_C075,698750,9504250,2020,10,2020-10,2966.8,32.63,0.2632,-0.2962,4872.37,6600.3,1,1,1
LJ500_R011_C068,695250,9506750,2020,10,2020-10,2659.94,30.27,-0.0363,0.4297,5517.25,9709.48,0.98,1,1
LJ500_R012_C055,688750,9507250,2020,10,2020-10,3052.69,28.6,0.7597,0.3549,3501.72,9900.1,1,1,1
LJ500_R020_C061,691750,9511250,2020,10,2020-10,2202.12,31.11,-0.1609,0.493,648.49,9060.31,1,1,1
LJ500_R033_C056,689250,9517750,2020,10,2020-10,2807.93,35.42,0.3321,-0.912,1969.79,2559.3,0.98,1,1
LJ500_R035_C085,703750,9518750,2020,10,2020-10,2248.49,27.35,-0.5781,0.6793,1551.74,1700.35,1,1,1
LJ500_R039_C072,697250,9520750,2020,10,2020-10,1630.72,19.18,0.1865,-0.5934,212.3,60.26,1,1,1
LJ500_R040_C060,691250,9521250,2020,10,2020-10,2175.31,33.88,0.8136,0.085,2924.04,3068.14,0.98,1,1
LJ500_R041_C061,691750,9521750,2020,10,2020-10,1815.86,32.96,0.8298,-0.2344,2224.86,2418.89,1,1,1
LJ500_R043_C058,690250,9522750,2020,10,2020-10,2231.05,30.27,0.2587,-0.661,2590.44,2334.7,0.98,1,1
LJ500_R045_C083,702750,9523750,2020,10,2020-10,1985.23,27.15,-0.6907,0.086,530.17,3670.15,0.98,1,1
LJ500_R046_C064,693250,9524250,2020,10,2020-10,1569.23,21.67,-0.4942,0.1351,114.11,180.73,0.98,1,1
LJ500_R048_C071,696750,9525250,2020,10,2020-10,1933.05,31,0.4044,0.164,1033.82,573.15,0.98,1,1
LJ500_R050_C095,708750,9526250,2020,10,2020-10,3225.82,22.89,0.1619,-0.3025,4675.03,8387.49,0.98,1,1
LJ500_R056_C049,685750,9529250,2020,10,2020-10,2241.43,27.1,-0.1362,-0.4498,3214.46,2973.21,1,1,1
LJ500_R058_C079,700750,9530250,2020,10,2020-10,2083.35,25.85,-0.5755,-0.7355,405.63,1349.1,0.98,1,1
LJ500_R063_C060,691250,9532750,2020,10,2020-10,1462.4,11.93,-0.4515,0.4791,218.98,149.96,1,1,1
LJ500_R064_C084,703250,9533250,2020,10,2020-10,2137.52,30.81,-0.2795,-0.3455,2306.51,3314.27,0.98,1,1
LJ500_R069_C057,689750,9535750,2020,10,2020-10,1674.64,17.62,0.158,0.7977,171.42,204.83,1,1,1
LJ500_R072_C062,692250,9537250,2020,10,2020-10,1759.48,15.83,-0.3644,-0.3318,201.97,1616.78,0.98,1,1
LJ500_R072_C095,708750,9537250,2020,10,2020-10,3183.34,32.14,-0.4754,-0.6619,1438.8,9795.41,0.98,1,1
LJ500_R074_C074,698250,9538250,2020,10,2020-10,1687.7,20.17,-0.1469,0.1973,85.66,108.26,0.98,1,1
LJ500_R078_C076,699250,9540250,2020,10,2020-10,1880.36,25.63,-0.6187,-0.3901,596.71,471.43,1,1,1
LJ500_R079_C076,699250,9540750,2020,10,2020-10,1861.25,27.96,0.3676,-0.5134,301.62,392.49,0.98,1,1
LJ500_R093_C071,696750,9547750,2020,10,2020-10,2817.31,29.86,0.3248,0.8145,727.95,95.89,0.8908,1,1
LJ500_R093_C073,697750,9547750,2020,10,2020-10,2565.58,27.79,-0.5848,0.4706,560.42,701.3,1,1,1
LJ500_R096_C074,698250,9549250,2020,10,2020-10,2548.95,33.02,0.0113,0.5126,818.62,1012.15,0.98,1,1
LJ500_R098_C085,703750,9550250,2020,10,2020-10,2696.03,33.64,0.0175,-0.4423,2313.02,3316.3,1,1,1
LJ500_R101_C091,706750,9551750,2020,10,2020-10,3238.79,27.07,0.808,0.0962,,,1,0,0
LJ500_R106_C080,701250,9554250,2020,10,2020-10,2358.96,20.17,0.326,0.5763,428.26,544.68,0.9604,1,1
LJ500_R006_C075,698750,9504250,2020,11,2020-11,2966.8,32.63,0.2632,-0.2962,4872.37,6600.3,1,1,1
LJ500_R011_C068,695250,9506750,2020,11,2020-11,2659.94,30.27,-0.0363,0.4297,5517.25,9709.48,0.98,1,1
LJ500_R012_C055,688750,9507250,2020,11,2020-11,3052.69,28.6,0.7597,0.3549,3501.72,9900.1,1,1,1
LJ500_R020_C061,691750,9511250,2020,11,2020-11,2202.12,31.11,-0.1609,0.493,648.49,9060.31,1,1,1
LJ500_R033_C056,689250,9517750,2020,11,2020-11,2807.93,35.42,0.3321,-0.912,1969.79,2559.3,0.98,1,1
LJ500_R035_C085,703750,9518750,2020,11,2020-11,2248.49,27.35,-0.5781,0.6793,1551.74,1700.35,1,1,1
LJ500_R039_C072,697250,9520750,2020,11,2020-11,1630.72,19.18,0.1865,-0.5934,212.3,60.26,1,1,1
LJ500_R040_C060,691250,9521250,2020,11,2020-11,2175.31,33.88,0.8136,0.085,2924.04,3068.14,0.98,1,1
LJ500_R041_C061,691750,9521750,2020,11,2020-11,1815.86,32.96,0.8298,-0.2344,2224.86,2418.89,1,1,1
LJ500_R043_C058,690250,9522750,2020,11,2020-11,2231.05,30.27,0.2587,-0.661,2590.44,2334.7,0.98,1,1
LJ500_R045_C083,702750,9523750,2020,11,2020-11,1985.23,27.15,-0.6907,0.086,530.17,3670.15,0.98,1,1
LJ500_R046_C064,693250,9524250,2020,11,2020-11,1569.23,21.67,-0.4942,0.1351,114.11,180.73,0.98,1,1
LJ500_R048_C071,696750,9525250,2020,11,2020-11,1933.05,31,0.4044,0.164,1033.82,573.15,0.98,1,1
LJ500_R050_C095,708750,9526250,2020,11,2020-11,3225.82,22.89,0.1619,-0.3025,4675.03,8387.49,0.98,1,1
LJ500_R056_C049,685750,9529250,2020,11,2020-11,2241.43,27.1,-0.1362,-0.4498,3214.46,2973.21,1,1,1
LJ500_R058_C079,700750,9530250,2020,11,2020-11,2083.35,25.85,-0.5755,-0.7355,405.63,1349.1,0.98,1,1
LJ500_R063_C060,691250,9532750,2020,11,2020-11,1462.4,11.93,-0.4515,0.4791,218.98,149.96,1,1,1
LJ500_R064_C084,703250,9533250,2020,11,2020-11,2137.52,30.81,-0.2795,-0.3455,2306.51,3314.27,0.98,1,1
LJ500_R069_C057,689750,9535750,2020,11,2020-11,1674.64,17.62,0.158,0.7977,171.42,204.83,1,1,1
LJ500_R072_C062,692250,9537250,2020,11,2020-11,1759.48,15.83,-0.3644,-0.3318,201.97,1616.78,0.98,1,1
LJ500_R072_C095,708750,9537250,2020,11,2020-11,3183.34,32.14,-0.4754,-0.6619,1438.8,9795.41,0.98,1,1
LJ500_R074_C074,698250,9538250,2020,11,2020-11,1687.7,20.17,-0.1469,0.1973,85.66,108.26,0.98,1,1
LJ500_R078_C076,699250,9540250,2020,11,2020-11,1880.36,25.63,-0.6187,-0.3901,596.71,471.43,1,1,1
LJ500_R079_C076,699250,9540750,2020,11,2020-11,1861.25,27.96,0.3676,-0.5134,301.62,392.49,0.98,1,1
LJ500_R093_C071,696750,9547750,2020,11,2020-11,2817.31,29.86,0.3248,0.8145,727.95,95.89,0.8908,1,1
LJ500_R093_C073,697750,9547750,2020,11,2020-11,2565.58,27.79,-0.5848,0.4706,560.42,701.3,1,1,1
LJ500_R096_C074,698250,9549250,2020,11,2020-11,2548.95,33.02,0.0113,0.5126,818.62,1012.15,0.98,1,1
LJ500_R098_C085,703750,9550250,2020,11,2020-11,2696.03,33.64,0.0175,-0.4423,2313.02,3316.3,1,1,1
LJ500_R101_C091,706750,9551750,2020,11,2020-11,3238.79,27.07,0.808,0.0962,,,1,0,0
LJ500_R106_C080,701250,9554250,2020,11,2020-11,2358.96,20.17,0.326,0.5763,428.26,544.68,0.9604,1,1
LJ500_R006_C075,698750,9504250,2020,12,2020-12,2966.8,32.63,0.2632,-0.2962,4872.37,6600.3,1,1,1
LJ500_R011_C068,695250,9506750,2020,12,2020-12,2659.94,30.27,-0.0363,0.4297,5517.25,9709.48,0.98,1,1
LJ500_R012_C055,688750,9507250,2020,12,2020-12,3052.69,28.6,0.7597,0.3549,3501.72,9900.1,1,1,1
LJ500_R020_C061,691750,9511250,2020,12,2020-12,2202.12,31.11,-0.1609,0.493,648.49,9060.31,1,1,1
LJ500_R033_C056,689250,9517750,2020,12,2020-12,2807.93,35.42,0.3321,-0.912,1969.79,2559.3,0.98,1,1
LJ500_R035_C085,703750,9518750,2020,12,2020-12,2248.49,27.35,-0.5781,0.6793,1551.74,1700.35,1,1,1
LJ500_R039_C072,697250,9520750,2020,12,2020-12,1630.72,19.18,0.1865,-0.5934,212.3,60.26,1,1,1
LJ500_R040_C060,691250,9521250,2020,12,2020-12,2175.31,33.88,0.8136,0.085,2924.04,3068.14,0.98,1,1
LJ500_R041_C061,691750,9521750,2020,12,2020-12,1815.86,32.96,0.8298,-0.2344,2224.86,2418.89,1,1,1
LJ500_R043_C058,690250,9522750,2020,12,2020-12,2231.05,30.27,0.2587,-0.661,2590.44,2334.7,0.98,1,1
LJ500_R045_C083,702750,9523750,2020,12,2020-12,1985.23,27.15,-0.6907,0.086,530.17,3670.15,0.98,1,1
LJ500_R046_C064,693250,9524250,2020,12,2020-12,1569.23,21.67,-0.4942,0.1351,114.11,180.73,0.98,1,1
LJ500_R048_C071,696750,9525250,2020,12,2020-12,1933.05,31,0.4044,0.164,1033.82,573.15,0.98,1,1
LJ500_R050_C095,708750,9526250,2020,12,2020-12,3225.82,22.89,0.1619,-0.3025,4675.03,8387.49,0.98,1,1
LJ500_R056_C049,685750,9529250,2020,12,2020-12,2241.43,27.1,-0.1362,-0.4498,3214.46,2973.21,1,1,1
LJ500_R058_C079,700750,9530250,2020,12,2020-12,2083.35,25.85,-0.5755,-0.7355,405.63,1349.1,0.98,1,1
LJ500_R063_C060,691250,9532750,2020,12,2020-12,1462.4,11.93,-0.4515,0.4791,218.98,149.96,1,1,1
LJ500_R064_C084,703250,9533250,2020,12,2020-12,2137.52,30.81,-0.2795,-0.3455,2306.51,3314.27,0.98,1,1
LJ500_R069_C057,689750,9535750,2020,12,2020-12,1674.64,17.62,0.158,0.7977,171.42,204.83,1,1,1
LJ500_R072_C062,692250,9537250,2020,12,2020-12,1759.48,15.83,-0.3644,-0.3318,201.97,1616.78,0.98,1,1
LJ500_R072_C095,708750,9537250,2020,12,2020-12,3183.34,32.14,-0.4754,-0.6619,1438.8,9795.41,0.98,1,1
LJ500_R074_C074,698250,9538250,2020,12,2020-12,1687.7,20.17,-0.1469,0.1973,85.66,108.26,0.98,1,1
LJ500_R078_C076,699250,9540250,2020,12,2020-12,1880.36,25.63,-0.6187,-0.3901,596.71,471.43,1,1,1
LJ500_R079_C076,699250,9540750,2020,12,2020-12,1861.25,27.96,0.3676,-0.5134,301.62,392.49,0.98,1,1
LJ500_R093_C071,696750,9547750,2020,12,2020-12,2817.31,29.86,0.3248,0.8145,727.95,95.89,0.8908,1,1
LJ500_R093_C073,697750,9547750,2020,12,2020-12,2565.58,27.79,-0.5848,0.4706,560.42,701.3,1,1,1
LJ500_R096_C074,698250,9549250,2020,12,2020-12,2548.95,33.02,0.0113,0.5126,818.62,1012.15,0.98,1,1
LJ500_R098_C085,703750,9550250,2020,12,2020-12,2696.03,33.64,0.0175,-0.4423,2313.02,3316.3,1,1,1
LJ500_R101_C091,706750,9551750,2020,12,2020-12,3238.79,27.07,0.808,0.0962,,,1,0,0
LJ500_R106_C080,701250,9554250,2020,12,2020-12,2358.96,20.17,0.326,0.5763,428.26,544.68,0.9604,1,1
LJ500_R006_C075,698750,9504250,2021,1,2021-01,2966.8,32.63,0.2632,-0.2962,4872.37,6600.3,1,1,1
LJ500_R011_C068,695250,9506750,2021,1,2021-01,2659.94,30.27,-0.0363,0.4297,5517.25,9709.48,0.98,1,1
LJ500_R012_C055,688750,9507250,2021,1,2021-01,3052.69,28.6,0.7597,0.3549,3501.72,9900.1,1,1,1
LJ500_R020_C061,691750,9511250,2021,1,2021-01,2202.12,31.11,-0.1609,0.493,648.49,9060.31,1,1,1
LJ500_R033_C056,689250,9517750,2021,1,2021-01,2807.93,35.42,0.3321,-0.912,1969.79,2559.3,0.98,1,1
LJ500_R035_C085,703750,9518750,2021,1,2021-01,2248.49,27.35,-0.5781,0.6793,1551.74,1700.35,1,1,1
LJ500_R039_C072,697250,9520750,2021,1,2021-01,1630.72,19.18,0.1865,-0.5934,212.3,60.26,1,1,1
LJ500_R040_C060,691250,9521250,2021,1,2021-01,2175.31,33.88,0.8136,0.085,2924.04,3068.14,0.98,1,1
LJ500_R041_C061,691750,9521750,2021,1,2021-01,1815.86,32.96,0.8298,-0.2344,2224.86,2418.89,1,1,1
LJ500_R043_C058,690250,9522750,2021,1,2021-01,2231.05,30.27,0.2587,-0.661,2590.44,2334.7,0.98,1,1
LJ500_R045_C083,702750,9523750,2021,1,2021-01,1985.23,27.15,-0.6907,0.086,530.17,3670.15,0.98,1,1
LJ500_R046_C064,693250,9524250,2021,1,2021-01,1569.23,21.67,-0.4942,0.1351,114.11,180.73,0.98,1,1
LJ500_R048_C071,696750,9525250,2021,1,2021-01,1933.05,31,0.4044,0.164,1033.82,573.15,0.98,1,1
LJ500_R050_C095,708750,9526250,2021,1,2021-01,3225.82,22.89,0.1619,-0.3025,4675.03,8387.49,0.98,1,1
LJ500_R056_C049,685750,9529250,2021,1,2021-01,2241.43,27.1,-0.1362,-0.4498,3214.46,2973.21,1,1,1
LJ500_R058_C079,700750,9530250,2021,1,2021-01,2083.35,25.85,-0.5755,-0.7355,405.63,1349.1,0.98,1,1
LJ500_R063_C060,691250,9532750,2021,1,2021-01,1462.4,11.93,-0.4515,0.4791,218.98,149.96,1,1,1
LJ500_R064_C084,703250,9533250,2021,1,2021-01,2137.52,30.81,-0.2795,-0.3455,2306.51,3314.27,0.98,1,1
LJ500_R069_C057,689750,9535750,2021,1,2021-01,1674.64,17.62,0.158,0.7977,171.42,204.83,1,1,1
LJ500_R072_C062,692250,9537250,2021,1,2021-01,1759.48,15.83,-0.3644,-0.3318,201.97,1616.78,0.98,1,1
LJ500_R072_C095,708750,9537250,2021,1,2021-01,3183.34,32.14,-0.4754,-0.6619,1438.8,9795.41,0.98,1,1
LJ500_R074_C074,698250,9538250,2021,1,2021-01,1687.7,20.17,-0.1469,0.1973,85.66,108.26,0.98,1,1
LJ500_R078_C076,699250,9540250,2021,1,2021-01,1880.36,25.63,-0.6187,-0.3901,596.71,471.43,1,1,1
LJ500_R079_C076,699250,9540750,2021,1,2021-01,1861.25,27.96,0.3676,-0.5134,301.62,392.49,0.98,1,1
LJ500_R093_C071,696750,9547750,2021,1,2021-01,2817.31,29.86,0.3248,0.8145,727.95,95.89,0.8908,1,1
LJ500_R093_C073,697750,9547750,2021,1,2021-01,2565.58,27.79,-0.5848,0.4706,560.42,701.3,1,1,1
LJ500_R096_C074,698250,9549250,2021,1,2021-01,2548.95,33.02,0.0113,0.5126,818.62,1012.15,0.98,1,1
LJ500_R098_C085,703750,9550250,2021,1,2021-01,2696.03,33.64,0.0175,-0.4423,2313.02,3316.3,1,1,1
LJ500_R101_C091,706750,9551750,2021,1,2021-01,3238.79,27.07,0.808,0.0962,,,1,0,0
LJ500_R106_C080,701250,9554250,2021,1,2021-01,2358.96,20.17,0.326,0.5763,428.26,544.68,0.9604,1,1
LJ500_R006_C075,698750,9504250,2021,2,2021-02,2966.8,32.63,0.2632,-0.2962,4872.37,6600.3,1,1,1
LJ500_R011_C068,695250,9506750,2021,2,2021-02,2659.94,30.27,-0.0363,0.4297,5517.25,9709.48,0.98,1,1
LJ500_R012_C055,688750,9507250,2021,2,2021-02,3052.69,28.6,0.7597,0.3549,3501.72,9900.1,1,1,1
LJ500_R020_C061,691750,9511250,2021,2,2021-02,2202.12,31.11,-0.1609,0.493,648.49,9060.31,1,1,1
LJ500_R033_C056,689250,9517750,2021,2,2021-02,2807.93,35.42,0.3321,-0.912,1969.79,2559.3,0.98,1,1
LJ500_R035_C085,703750,9518750,2021,2,2021-02,2248.49,27.35,-0.5781,0.6793,1551.74,1700.35,1,1,1
LJ500_R039_C072,697250,9520750,2021,2,2021-02,1630.72,19.18,0.1865,-0.5934,212.3,60.26,1,1,1
LJ500_R040_C060,691250,9521250,2021,2,2021-02,2175.31,33.88,0.8136,0.085,2924.04,3068.14,0.98,1,1
LJ500_R041_C061,691750,9521750,2021,2,2021-02,1815.86,32.96,0.8298,-0.2344,2224.86,2418.89,1,1,1
LJ500_R043_C058,690250,9522750,2021,2,2021-02,2231.05,30.27,0.2587,-0.661,2590.44,2334.7,0.98,1,1
LJ500_R045_C083,702750,9523750,2021,2,2021-02,1985.23,27.15,-0.6907,0.086,530.17,3670.15,0.98,1,1
LJ500_R046_C064,693250,9524250,2021,2,2021-02,1569.23,21.67,-0.4942,0.1351,114.11,180.73,0.98,1,1
LJ500_R048_C071,696750,9525250,2021,2,2021-02,1933.05,31,0.4044,0.164,1033.82,573.15,0.98,1,1
LJ500_R050_C095,708750,9526250,2021,2,2021-02,3225.82,22.89,0.1619,-0.3025,4675.03,8387.49,0.98,1,1
LJ500_R056_C049,685750,9529250,2021,2,2021-02,2241.43,27.1,-0.1362,-0.4498,3214.46,2973.21,1,1,1
LJ500_R058_C079,700750,9530250,2021,2,2021-02,2083.35,25.85,-0.5755,-0.7355,405.63,1349.1,0.98,1,1
LJ500_R063_C060,691250,9532750,2021,2,2021-02,1462.4,11.93,-0.4515,0.4791,218.98,149.96,1,1,1
LJ500_R064_C084,703250,9533250,2021,2,2021-02,2137.52,30.81,-0.2795,-0.3455,2306.51,3314.27,0.98,1,1
LJ500_R069_C057,689750,9535750,2021,2,2021-02,1674.64,17.62,0.158,0.7977,171.42,204.83,1,1,1
LJ500_R072_C062,692250,9537250,2021,2,2021-02,1759.48,15.83,-0.3644,-0.3318,201.97,1616.78,0.98,1,1
LJ500_R072_C095,708750,9537250,2021,2,2021-02,3183.34,32.14,-0.4754,-0.6619,1438.8,9795.41,0.98,1,1
LJ500_R074_C074,698250,9538250,2021,2,2021-02,1687.7,20.17,-0.1469,0.1973,85.66,108.26,0.98,1,1
LJ500_R078_C076,699250,9540250,2021,2,2021-02,1880.36,25.63,-0.6187,-0.3901,596.71,471.43,1,1,1
LJ500_R079_C076,699250,9540750,2021,2,2021-02,1861.25,27.96,0.3676,-0.5134,301.62,392.49,0.98,1,1
LJ500_R093_C071,696750,9547750,2021,2,2021-02,2817.31,29.86,0.3248,0.8145,727.95,95.89,0.8908,1,1
LJ500_R093_C073,697750,9547750,2021,2,2021-02,2565.58,27.79,-0.5848,0.4706,560.42,701.3,1,1,1
LJ500_R096_C074,698250,9549250,2021,2,2021-02,2548.95,33.02,0.0113,0.5126,818.62,1012.15,0.98,1,1
LJ500_R098_C085,703750,9550250,2021,2,2021-02,2696.03,33.64,0.0175,-0.4423,2313.02,3316.3,1,1,1
LJ500_R101_C091,706750,9551750,2021,2,2021-02,3238.79,27.07,0.808,0.0962,,,1,0,0
LJ500_R106_C080,701250,9554250,2021,2,2021-02,2358.96,20.17,0.326,0.5763,428.26,544.68,0.9604,1,1
LJ500_R006_C075,698750,9504250,2021,3,2021-03,2966.8,32.63,0.2632,-0.2962,4872.37,6600.3,1,1,1
LJ500_R011_C068,695250,9506750,2021,3,2021-03,2659.94,30.27,-0.0363,0.4297,5517.25,9709.48,0.98,1,1
LJ500_R012_C055,688750,9507250,2021,3,2021-03,3052.69,28.6,0.7597,0.3549,3501.72,9900.1,1,1,1
LJ500_R020_C061,691750,9511250,2021,3,2021-03,2202.12,31.11,-0.1609,0.493,648.49,9060.31,1,1,1
LJ500_R033_C056,689250,9517750,2021,3,2021-03,2807.93,35.42,0.3321,-0.912,1969.79,2559.3,0.98,1,1
LJ500_R035_C085,703750,9518750,2021,3,2021-03,2248.49,27.35,-0.5781,0.6793,1551.74,1700.35,1,1,1
LJ500_R039_C072,697250,9520750,2021,3,2021-03,1630.72,19.18,0.1865,-0.5934,212.3,60.26,1,1,1
LJ500_R040_C060,691250,9521250,2021,3,2021-03,2175.31,33.88,0.8136,0.085,2924.04,3068.14,0.98,1,1
LJ500_R041_C061,691750,9521750,2021,3,2021-03,1815.86,32.96,0.8298,-0.2344,2224.86,2418.89,1,1,1
LJ500_R043_C058,690250,9522750,2021,3,2021-03,2231.05,30.27,0.2587,-0.661,2590.44,2334.7,0.98,1,1
LJ500_R045_C083,702750,9523750,2021,3,2021-03,1985.23,27.15,-0.6907,0.086,530.17,3670.15,0.98,1,1
LJ500_R046_C064,693250,9524250,2021,3,2021-03,1569.23,21.67,-0.4942,0.1351,114.11,180.73,0.98,1,1
LJ500_R048_C071,696750,9525250,2021,3,2021-03,1933.05,31,0.4044,0.164,1033.82,573.15,0.98,1,1
LJ500_R050_C095,708750,9526250,2021,3,2021-03,3225.82,22.89,0.1619,-0.3025,4675.03,8387.49,0.98,1,1
LJ500_R056_C049,685750,9529250,2021,3,2021-03,2241.43,27.1,-0.1362,-0.4498,3214.46,2973.21,1,1,1
LJ500_R058_C079,700750,9530250,2021,3,2021-03,2083.35,25.85,-0.5755,-0.7355,405.63,1349.1,0.98,1,1
LJ500_R063_C060,691250,9532750,2021,3,2021-03,1462.4,11.93,-0.4515,0.4791,218.98,149.96,1,1,1
LJ500_R064_C084,703250,9533250,2021,3,2021-03,2137.52,30.81,-0.2795,-0.3455,2306.51,3314.27,0.98,1,1
LJ500_R069_C057,689750,9535750,2021,3,2021-03,1674.64,17.62,0.158,0.7977,171.42,204.83,1,1,1
LJ500_R072_C062,692250,9537250,2021,3,2021-03,1759.48,15.83,-0.3644,-0.3318,201.97,1616.78,0.98,1,1
LJ500_R072_C095,708750,9537250,2021,3,2021-03,3183.34,32.14,-0.4754,-0.6619,1438.8,9795.41,0.98,1,1
LJ500_R074_C074,698250,9538250,2021,3,2021-03,1687.7,20.17,-0.1469,0.1973,85.66,108.26,0.98,1,1
LJ500_R078_C076,699250,9540250,2021,3,2021-03,1880.36,25.63,-0.6187,-0.3901,596.71,471.43,1,1,1
LJ500_R079_C076,699250,9540750,2021,3,2021-03,1861.25,27.96,0.3676,-0.5134,301.62,392.49,0.98,1,1
LJ500_R093_C071,696750,9547750,2021,3,2021-03,2817.31,29.86,0.3248,0.8145,727.95,95.89,0.8908,1,1
LJ500_R093_C073,697750,9547750,2021,3,2021-03,2565.58,27.79,-0.5848,0.4706,560.42,701.3,1,1,1
LJ500_R096_C074,698250,9549250,2021,3,2021-03,2548.95,33.02,0.0113,0.5126,818.62,1012.15,0.98,1,1
LJ500_R098_C085,703750,9550250,2021,3,2021-03,2696.03,33.64,0.0175,-0.4423,2313.02,3316.3,1,1,1
LJ500_R101_C091,706750,9551750,2021,3,2021-03,3238.79,27.07,0.808,0.0962,,,1,0,0
LJ500_R106_C080,701250,9554250,2021,3,2021-03,2358.96,20.17,0.326,0.5763,428.26,544.68,0.9604,1,1
LJ500_R006_C075,698750,9504250,2021,4,2021-04,2966.8,32.63,0.2632,-0.2962,4872.37,6600.3,1,1,1
LJ500_R011_C068,695250,9506750,2021,4,2021-04,2659.94,30.27,-0.0363,0.4297,5517.25,9709.48,0.98,1,1
LJ500_R012_C055,688750,9507250,2021,4,2021-04,3052.69,28.6,0.7597,0.3549,3501.72,9900.1,1,1,1
LJ500_R020_C061,691750,9511250,2021,4,2021-04,2202.12,31.11,-0.1609,0.493,648.49,9060.31,1,1,1
LJ500_R033_C056,689250,9517750,2021,4,2021-04,2807.93,35.42,0.3321,-0.912,1969.79,2559.3,0.98,1,1
LJ500_R035_C085,703750,9518750,2021,4,2021-04,2248.49,27.35,-0.5781,0.6793,1551.74,1700.35,1,1,1
LJ500_R039_C072,697250,9520750,2021,4,2021-04,1630.72,19.18,0.1865,-0.5934,212.3,60.26,1,1,1
LJ500_R040_C060,691250,9521250,2021,4,2021-04,2175.31,33.88,0.8136,0.085,2924.04,3068.14,0.98,1,1
LJ500_R041_C061,691750,9521750,2021,4,2021-04,1815.86,32.96,0.8298,-0.2344,2224.86,2418.89,1,1,1
LJ500_R043_C058,690250,9522750,2021,4,2021-04,2231.05,30.27,0.2587,-0.661,2590.44,2334.7,0.98,1,1
LJ500_R045_C083,702750,9523750,2021,4,2021-04,1985.23,27.15,-0.6907,0.086,530.17,3670.15,0.98,1,1
LJ500_R046_C064,693250,9524250,2021,4,2021-04,1569.23,21.67,-0.4942,0.1351,114.11,180.73,0.98,1,1
LJ500_R048_C071,696750,9525250,2021,4,2021-04,1933.05,31,0.4044,0.164,1033.82,573.15,0.98,1,1
LJ500_R050_C095,708750,9526250,2021,4,2021-04,3225.82,22.89,0.1619,-0.3025,4675.03,8387.49,0.98,1,1
LJ500_R056_C049,685750,9529250,2021,4,2021-04,2241.43,27.1,-0.1362,-0.4498,3214.46,2973.21,1,1,1
LJ500_R058_C079,700750,9530250,2021,4,2021-04,2083.35,25.85,-0.5755,-0.7355,405.63,1349.1,0.98,1,1
LJ500_R063_C060,691250,9532750,2021,4,2021-04,1462.4,11.93,-0.4515,0.4791,218.98,149.96,1,1,1
LJ500_R064_C084,703250,9533250,2021,4,2021-04,2137.52,30.81,-0.2795,-0.3455,2306.51,3314.27,0.98,1,1
LJ500_R069_C057,689750,9535750,2021,4,2021-04,1674.64,17.62,0.158,0.7977,171.42,204.83,1,1,1
LJ500_R072_C062,692250,9537250,2021,4,2021-04,1759.48,15.83,-0.3644,-0.3318,201.97,1616.78,0.98,1,1
LJ500_R072_C095,708750,9537250,2021,4,2021-04,3183.34,32.14,-0.4754,-0.6619,1438.8,9795.41,0.98,1,1
LJ500_R074_C074,698250,9538250,2021,4,2021-04,1687.7,20.17,-0.1469,0.1973,85.66,108.26,0.98,1,1
LJ500_R078_C076,699250,9540250,2021,4,2021-04,1880.36,25.63,-0.6187,-0.3901,596.71,471.43,1,1,1
LJ500_R079_C076,699250,9540750,2021,4,2021-04,1861.25,27.96,0.3676,-0.5134,301.62,392.49,0.98,1,1
LJ500_R093_C071,696750,9547750,2021,4,2021-04,2817.31,29.86,0.3248,0.8145,727.95,95.89,0.8908,1,1
LJ500_R093_C073,697750,9547750,2021,4,2021-04,2565.58,27.79,-0.5848,0.4706,560.42,701.3,1,1,1
LJ500_R096_C074,698250,9549250,2021,4,2021-04,2548.95,33.02,0.0113,0.5126,818.62,1012.15,0.98,1,1
LJ500_R098_C085,703750,9550250,2021,4,2021-04,2696.03,33.64,0.0175,-0.4423,2313.02,3316.3,1,1,1
LJ500_R101_C091,706750,9551750,2021,4,2021-04,3238.79,27.07,0.808,0.0962,,,1,0,0
LJ500_R106_C080,701250,9554250,2021,4,2021-04,2358.96,20.17,0.326,0.5763,428.26,544.68,0.9604,1,1
LJ500_R006_C075,698750,9504250,2021,5,2021-05,2966.8,32.63,0.2632,-0.2962,4872.37,6600.3,1,1,1
LJ500_R011_C068,695250,9506750,2021,5,2021-05,2659.94,30.27,-0.0363,0.4297,5517.25,9709.48,0.98,1,1
LJ500_R012_C055,688750,9507250,2021,5,2021-05,3052.69,28.6,0.7597,0.3549,3501.72,9900.1,1,1,1
LJ500_R020_C061,691750,9511250,2021,5,2021-05,2202.12,31.11,-0.1609,0.493,648.49,9060.31,1,1,1
LJ500_R033_C056,689250,9517750,2021,5,2021-05,2807.93,35.42,0.3321,-0.912,1969.79,2559.3,0.98,1,1
LJ500_R035_C085,703750,9518750,2021,5,2021-05,2248.49,27.35,-0.5781,0.6793,1551.74,1700.35,1,1,1
LJ500_R039_C072,697250,9520750,2021,5,2021-05,1630.72,19.18,0.1865,-0.5934,212.3,60.26,1,1,1
LJ500_R040_C060,691250,9521250,2021,5,2021-05,2175.31,33.88,0.8136,0.085,2924.04,3068.14,0.98,1,1
LJ500_R041_C061,691750,9521750,2021,5,2021-05,1815.86,32.96,0.8298,-0.2344,2224.86,2418.89,1,1,1
LJ500_R043_C058,690250,9522750,2021,5,2021-05,2231.05,30.27,0.2587,-0.661,2590.44,2334.7,0.98,1,1
LJ500_R045_C083,702750,9523750,2021,5,2021-05,1985.23,27.15,-0.6907,0.086,530.17,3670.15,0.98,1,1
LJ500_R046_C064,693250,9524250,2021,5,2021-05,1569.23,21.67,-0.4942,0.1351,114.11,180.73,0.98,1,1
LJ500_R048_C071,696750,9525250,2021,5,2021-05,1933.05,31,0.4044,0.164,1033.82,573.15,0.98,1,1
LJ500_R050_C095,708750,9526250,2021,5,2021-05,3225.82,22.89,0.1619,-0.3025,4675.03,8387.49,0.98,1,1
LJ500_R056_C049,685750,9529250,2021,5,2021-05,2241.43,27.1,-0.1362,-0.4498,3214.46,2973.21,1,1,1
LJ500_R058_C079,700750,9530250,2021,5,2021-05,2083.35,25.85,-0.5755,-0.7355,405.63,1349.1,0.98,1,1
LJ500_R063_C060,691250,9532750,2021,5,2021-05,1462.4,11.93,-0.4515,0.4791,218.98,149.96,1,1,1
LJ500_R064_C084,703250,9533250,2021,5,2021-05,2137.52,30.81,-0.2795,-0.3455,2306.51,3314.27,0.98,1,1
LJ500_R069_C057,689750,9535750,2021,5,2021-05,1674.64,17.62,0.158,0.7977,171.42,204.83,1,1,1
LJ500_R072_C062,692250,9537250,2021,5,2021-05,1759.48,15.83,-0.3644,-0.3318,201.97,1616.78,0.98,1,1
LJ500_R072_C095,708750,9537250,2021,5,2021-05,3183.34,32.14,-0.4754,-0.6619,1438.8,9795.41,0.98,1,1
LJ500_R074_C074,698250,9538250,2021,5,2021-05,1687.7,20.17,-0.1469,0.1973,85.66,108.26,0.98,1,1
LJ500_R078_C076,699250,9540250,2021,5,2021-05,1880.36,25.63,-0.6187,-0.3901,596.71,471.43,1,1,1
LJ500_R079_C076,699250,9540750,2021,5,2021-05,1861.25,27.96,0.3676,-0.5134,301.62,392.49,0.98,1,1
LJ500_R093_C071,696750,9547750,2021,5,2021-05,2817.31,29.86,0.3248,0.8145,727.95,95.89,0.8908,1,1
LJ500_R093_C073,697750,9547750,2021,5,2021-05,2565.58,27.79,-0.5848,0.4706,560.42,701.3,1,1,1
LJ500_R096_C074,698250,9549250,2021,5,2021-05,2548.95,33.02,0.0113,0.5126,818.62,1012.15,0.98,1,1
LJ500_R098_C085,703750,9550250,2021,5,2021-05,2696.03,33.64,0.0175,-0.4423,2313.02,3316.3,1,1,1
LJ500_R101_C091,706750,9551750,2021,5,2021-05,3238.79,27.07,0.808,0.0962,,,1,0,0
LJ500_R106_C080,701250,9554250,2021,5,2021-05,2358.96,20.17,0.326,0.5763,428.26,544.68,0.9604,1,1
LJ500_R006_C075,698750,9504250,2021,6,2021-06,2966.8,32.63,0.2632,-0.2962,4872.37,6600.3,1,1,1
LJ500_R011_C068,695250,9506750,2021,6,2021-06,2659.94,30.27,-0.0363,0.4297,5517.25,9709.48,0.98,1,1
LJ500_R012_C055,688750,9507250,2021,6,2021-06,3052.69,28.6,0.7597,0.3549,3501.72,9900.1,1,1,1
LJ500_R020_C061,691750,9511250,2021,6,2021-06,2202.12,31.11,-0.1609,0.493,648.49,9060.31,1,1,1
LJ500_R033_C056,689250,9517750,2021,6,2021-06,2807.93,35.42,0.3321,-0.912,1969.79,2559.3,0.98,1,1
LJ500_R035_C085,703750,9518750,2021,6,2021-06,2248.49,27.35,-0.5781,0.6793,1551.74,1700.35,1,1,1
LJ500_R039_C072,697250,9520750,2021,6,2021-06,1630.72,19.18,0.1865,-0.5934,212.3,60.26,1,1,1
LJ500_R040_C060,691250,9521250,2021,6,2021-06,2175.31,33.88,0.8136,0.085,2924.04,3068.14,0.98,1,1
LJ500_R041_C061,691750,9521750,2021,6,2021-06,1815.86,32.96,0.8298,-0.2344,2224.86,2418.89,1,1,1
LJ500_R043_C058,690250,9522750,2021,6,2021-06,2231.05,30.27,0.2587,-0.661,2590.44,2334.7,0.98,1,1
LJ500_R045_C083,702750,9523750,2021,6,2021-06,1985.23,27.15,-0.6907,0.086,530.17,3670.15,0.98,1,1
LJ500_R046_C064,693250,9524250,2021,6,2021-06,1569.23,21.67,-0.4942,0.1351,114.11,180.73,0.98,1,1
LJ500_R048_C071,696750,9525250,2021,6,2021-06,1933.05,31,0.4044,0.164,1033.82,573.15,0.98,1,1
LJ500_R050_C095,708750,9526250,2021,6,2021-06,3225.82,22.89,0.1619,-0.3025,4675.03,8387.49,0.98,1,1
LJ500_R056_C049,685750,9529250,2021,6,2021-06,2241.43,27.1,-0.1362,-0.4498,3214.46,2973.21,1,1,1
LJ500_R058_C079,700750,9530250,2021,6,2021-06,2083.35,25.85,-0.5755,-0.7355,405.63,1349.1,0.98,1,1
LJ500_R063_C060,691250,9532750,2021,6,2021-06,1462.4,11.93,-0.4515,0.4791,218.98,149.96,1,1,1
LJ500_R064_C084,703250,9533250,2021,6,2021-06,2137.52,30.81,-0.2795,-0.3455,2306.51,3314.27,0.98,1,1
LJ500_R069_C057,689750,9535750,2021,6,2021-06,1674.64,17.62,0.158,0.7977,171.42,204.83,1,1,1
LJ500_R072_C062,692250,9537250,2021,6,2021-06,1759.48,15.83,-0.3644,-0.3318,201.97,1616.78,0.98,1,1
LJ500_R072_C095,708750,9537250,2021,6,2021-06,3183.34,32.14,-0.4754,-0.6619,1438.8,9795.41,0.98,1,1
LJ500_R074_C074,698250,9538250,2021,6,2021-06,1687.7,20.17,-0.1469,0.1973,85.66,108.26,0.98,1,1
LJ500_R078_C076,699250,9540250,2021,6,2021-06,1880.36,25.63,-0.6187,-0.3901,596.71,471.43,1,1,1
LJ500_R079_C076,699250,9540750,2021,6,2021-06,1861.25,27.96,0.3676,-0.5134,301.62,392.49,0.98,1,1
LJ500_R093_C071,696750,9547750,2021,6,2021-06,2817.31,29.86,0.3248,0.8145,727.95,95.89,0.8908,1,1
LJ500_R093_C073,697750,9547750,2021,6,2021-06,2565.58,27.79,-0.5848,0.4706,560.42,701.3,1,1,1
LJ500_R096_C074,698250,9549250,2021,6,2021-06,2548.95,33.02,0.0113,0.5126,818.62,1012.15,0.98,1,1
LJ500_R098_C085,703750,9550250,2021,6,2021-06,2696.03,33.64,0.0175,-0.4423,2313.02,3316.3,1,1,1
LJ500_R101_C091,706750,9551750,2021,6,2021-06,3238.79,27.07,0.808,0.0962,,,1,0,0
LJ500_R106_C080,701250,9554250,2021,6,2021-06,2358.96,20.17,0.326,0.5763,428.26,544.68,0.9604,1,1
LJ500_R006_C075,698750,9504250,2021,7,2021-07,2966.8,32.63,0.2632,-0.2962,4872.37,6600.3,1,1,1
LJ500_R011_C068,695250,9506750,2021,7,2021-07,2659.94,30.27,-0.0363,0.4297,5517.25,9709.48,0.98,1,1
LJ500_R012_C055,688750,9507250,2021,7,2021-07,3052.69,28.6,0.7597,0.3549,3501.72,9900.1,1,1,1
LJ500_R020_C061,691750,9511250,2021,7,2021-07,2202.12,31.11,-0.1609,0.493,648.49,9060.31,1,1,1
LJ500_R033_C056,689250,9517750,2021,7,2021-07,2807.93,35.42,0.3321,-0.912,1969.79,2559.3,0.98,1,1
LJ500_R035_C085,703750,9518750,2021,7,2021-07,2248.49,27.35,-0.5781,0.6793,1551.74,1700.35,1,1,1
LJ500_R039_C072,697250,9520750,2021,7,2021-07,1630.72,19.18,0.1865,-0.5934,212.3,60.26,1,1,1
LJ500_R040_C060,691250,9521250,2021,7,2021-07,2175.31,33.88,0.8136,0.085,2924.04,3068.14,0.98,1,1
LJ500_R041_C061,691750,9521750,2021,7,2021-07,1815.86,32.96,0.8298,-0.2344,2224.86,2418.89,1,1,1
LJ500_R043_C058,690250,9522750,2021,7,2021-07,2231.05,30.27,0.2587,-0.661,2590.44,2334.7,0.98,1,1
LJ500_R045_C083,702750,9523750,2021,7,2021-07,1985.23,27.15,-0.6907,0.086,530.17,3670.15,0.98,1,1
LJ500_R046_C064,693250,9524250,2021,7,2021-07,1569.23,21.67,-0.4942,0.1351,114.11,180.73,0.98,1,1
LJ500_R048_C071,696750,9525250,2021,7,2021-07,1933.05,31,0.4044,0.164,1033.82,573.15,0.98,1,1
LJ500_R050_C095,708750,9526250,2021,7,2021-07,3225.82,22.89,0.1619,-0.3025,4675.03,8387.49,0.98,1,1
LJ500_R056_C049,685750,9529250,2021,7,2021-07,2241.43,27.1,-0.1362,-0.4498,3214.46,2973.21,1,1,1
LJ500_R058_C079,700750,9530250,2021,7,2021-07,2083.35,25.85,-0.5755,-0.7355,405.63,1349.1,0.98,1,1
LJ500_R063_C060,691250,9532750,2021,7,2021-07,1462.4,11.93,-0.4515,0.4791,218.98,149.96,1,1,1
LJ500_R064_C084,703250,9533250,2021,7,2021-07,2137.52,30.81,-0.2795,-0.3455,2306.51,3314.27,0.98,1,1
LJ500_R069_C057,689750,9535750,2021,7,2021-07,1674.64,17.62,0.158,0.7977,171.42,204.83,1,1,1
LJ500_R072_C062,692250,9537250,2021,7,2021-07,1759.48,15.83,-0.3644,-0.3318,201.97,1616.78,0.98,1,1
LJ500_R072_C095,708750,9537250,2021,7,2021-07,3183.34,32.14,-0.4754,-0.6619,1438.8,9795.41,0.98,1,1
LJ500_R074_C074,698250,9538250,2021,7,2021-07,1687.7,20.17,-0.1469,0.1973,85.66,108.26,0.98,1,1
LJ500_R078_C076,699250,9540250,2021,7,2021-07,1880.36,25.63,-0.6187,-0.3901,596.71,471.43,1,1,1
LJ500_R079_C076,699250,9540750,2021,7,2021-07,1861.25,27.96,0.3676,-0.5134,301.62,392.49,0.98,1,1
LJ500_R093_C071,696750,9547750,2021,7,2021-07,2817.31,29.86,0.3248,0.8145,727.95,95.89,0.8908,1,1
LJ500_R093_C073,697750,9547750,2021,7,2021-07,2565.58,27.79,-0.5848,0.4706,560.42,701.3,1,1,1
LJ500_R096_C074,698250,9549250,2021,7,2021-07,2548.95,33.02,0.0113,0.5126,818.62,1012.15,0.98,1,1
LJ500_R098_C085,703750,9550250,2021,7,2021-07,2696.03,33.64,0.0175,-0.4423,2313.02,3316.3,1,1,1
LJ500_R101_C091,706750,9551750,2021,7,2021-07,3238.79,27.07,0.808,0.0962,,,1,0,0
LJ500_R106_C080,701250,9554250,2021,7,2021-07,2358.96,20.17,0.326,0.5763,428.26,544.68,0.9604,1,1
LJ500_R006_C075,698750,9504250,2021,8,2021-08,2966.8,32.63,0.2632,-0.2962,4872.37,6600.3,1,1,1
LJ500_R011_C068,695250,9506750,2021,8,2021-08,2659.94,30.27,-0.0363,0.4297,5517.25,9709.48,0.98,1,1
LJ500_R012_C055,688750,9507250,2021,8,2021-08,3052.69,28.6,0.7597,0.3549,3501.72,9900.1,1,1,1
LJ500_R020_C061,691750,9511250,2021,8,2021-08,2202.12,31.11,-0.1609,0.493,648.49,9060.31,1,1,1
LJ500_R033_C056,689250,9517750,2021,8,2021-08,2807.93,35.42,0.3321,-0.912,1969.79,2559.3,0.98,1,1
LJ500_R035_C085,703750,9518750,2021,8,2021-08,2248.49,27.35,-0.5781,0.6793,1551.74,1700.35,1,1,1
LJ500_R039_C072,697250,9520750,2021,8,2021-08,1630.72,19.18,0.1865,-0.5934,212.3,60.26,1,1,1
LJ500_R040_C060,691250,9521250,2021,8,2021-08,2175.31,33.88,0.8136,0.085,2924.04,3068.14,0.98,1,1
LJ500_R041_C061,691750,9521750,2021,8,2021-08,1815.86,32.96,0.8298,-0.2344,2224.86,2418.89,1,1,1
LJ500_R043_C058,690250,9522750,2021,8,2021-08,2231.05,30.27,0.2587,-0.661,2590.44,2334.7,0.98,1,1
LJ500_R045_C083,702750,9523750,2021,8,2021-08,1985.23,27.15,-0.6907,0.086,530.17,3670.15,0.98,1,1
LJ500_R046_C064,693250,9524250,2021,8,2021-08,1569.23,21.67,-0.4942,0.1351,114.11,180.73,0.98,1,1
LJ500_R048_C071,696750,9525250,2021,8,2021-08,1933.05,31,0.4044,0.164,1033.82,573.15,0.98,1,1
LJ500_R050_C095,708750,9526250,2021,8,2021-08,3225.82,22.89,0.1619,-0.3025,4675.03,8387.49,0.98,1,1
LJ500_R056_C049,685750,9529250,2021,8,2021-08,2241.43,27.1,-0.1362,-0.4498,3214.46,2973.21,1,1,1
LJ500_R058_C079,700750,9530250,2021,8,2021-08,2083.35,25.85,-0.5755,-0.7355,405.63,1349.1,0.98,1,1
LJ500_R063_C060,691250,9532750,2021,8,2021-08,1462.4,11.93,-0.4515,0.4791,218.98,149.96,1,1,1
LJ500_R064_C084,703250,9533250,2021,8,2021-08,2137.52,30.81,-0.2795,-0.3455,2306.51,3314.27,0.98,1,1
LJ500_R069_C057,689750,9535750,2021,8,2021-08,1674.64,17.62,0.158,0.7977,171.42,204.83,1,1,1
LJ500_R072_C062,692250,9537250,2021,8,2021-08,1759.48,15.83,-0.3644,-0.3318,201.97,1616.78,0.98,1,1
LJ500_R072_C095,708750,9537250,2021,8,2021-08,3183.34,32.14,-0.4754,-0.6619,1438.8,9795.41,0.98,1,1
LJ500_R074_C074,698250,9538250,2021,8,2021-08,1687.7,20.17,-0.1469,0.1973,85.66,108.26,0.98,1,1
LJ500_R078_C076,699250,9540250,2021,8,2021-08,1880.36,25.63,-0.6187,-0.3901,596.71,471.43,1,1,1
LJ500_R079_C076,699250,9540750,2021,8,2021-08,1861.25,27.96,0.3676,-0.5134,301.62,392.49,0.98,1,1
LJ500_R093_C071,696750,9547750,2021,8,2021-08,2817.31,29.86,0.3248,0.8145,727.95,95.89,0.8908,1,1
LJ500_R093_C073,697750,9547750,2021,8,2021-08,2565.58,27.79,-0.5848,0.4706,560.42,701.3,1,1,1
LJ500_R096_C074,698250,9549250,2021,8,2021-08,2548.95,33.02,0.0113,0.5126,818.62,1012.15,0.98,1,1
LJ500_R098_C085,703750,9550250,2021,8,2021-08,2696.03,33.64,0.0175,-0.4423,2313.02,3316.3,1,1,1
LJ500_R101_C091,706750,9551750,2021,8,2021-08,3238.79,27.07,0.808,0.0962,,,1,0,0
LJ500_R106_C080,701250,9554250,2021,8,2021-08,2358.96,20.17,0.326,0.5763,428.26,544.68,0.9604,1,1
LJ500_R006_C075,698750,9504250,2021,9,2021-09,2966.8,32.63,0.2632,-0.2962,4872.37,6600.3,1,1,1
LJ500_R011_C068,695250,9506750,2021,9,2021-09,2659.94,30.27,-0.0363,0.4297,5517.25,9709.48,0.98,1,1
LJ500_R012_C055,688750,9507250,2021,9,2021-09,3052.69,28.6,0.7597,0.3549,3501.72,9900.1,1,1,1
LJ500_R020_C061,691750,9511250,2021,9,2021-09,2202.12,31.11,-0.1609,0.493,648.49,9060.31,1,1,1
LJ500_R033_C056,689250,9517750,2021,9,2021-09,2807.93,35.42,0.3321,-0.912,1969.79,2559.3,0.98,1,1
LJ500_R035_C085,703750,9518750,2021,9,2021-09,2248.49,27.35,-0.5781,0.6793,1551.74,1700.35,1,1,1
LJ500_R039_C072,697250,9520750,2021,9,2021-09,1630.72,19.18,0.1865,-0.5934,212.3,60.26,1,1,1
LJ500_R040_C060,691250,9521250,2021,9,2021-09,2175.31,33.88,0.8136,0.085,2924.04,3068.14,0.98,1,1
LJ500_R041_C061,691750,9521750,2021,9,2021-09,1815.86,32.96,0.8298,-0.2344,2224.86,2418.89,1,1,1
LJ500_R043_C058,690250,9522750,2021,9,2021-09,2231.05,30.27,0.2587,-0.661,2590.44,2334.7,0.98,1,1
LJ500_R045_C083,702750,9523750,2021,9,2021-09,1985.23,27.15,-0.6907,0.086,530.17,3670.15,0.98,1,1
LJ500_R046_C064,693250,9524250,2021,9,2021-09,1569.23,21.67,-0.4942,0.1351,114.11,180.73,0.98,1,1
LJ500_R048_C071,696750,9525250,2021,9,2021-09,1933.05,31,0.4044,0.164,1033.82,573.15,0.98,1,1
LJ500_R050_C095,708750,9526250,2021,9,2021-09,3225.82,22.89,0.1619,-0.3025,4675.03,8387.49,0.98,1,1
LJ500_R056_C049,685750,9529250,2021,9,2021-09,2241.43,27.1,-0.1362,-0.4498,3214.46,2973.21,1,1,1
LJ500_R058_C079,700750,9530250,2021,9,2021-09,2083.35,25.85,-0.5755,-0.7355,405.63,1349.1,0.98,1,1
LJ500_R063_C060,691250,9532750,2021,9,2021-09,1462.4,11.93,-0.4515,0.4791,218.98,149.96,1,1,1
LJ500_R064_C084,703250,9533250,2021,9,2021-09,2137.52,30.81,-0.2795,-0.3455,2306.51,3314.27,0.98,1,1
LJ500_R069_C057,689750,9535750,2021,9,2021-09,1674.64,17.62,0.158,0.7977,171.42,204.83,1,1,1
LJ500_R072_C062,692250,9537250,2021,9,2021-09,1759.48,15.83,-0.3644,-0.3318,201.97,1616.78,0.98,1,1
LJ500_R072_C095,708750,9537250,2021,9,2021-09,3183.34,32.14,-0.4754,-0.6619,1438.8,9795.41,0.98,1,1
LJ500_R074_C074,698250,9538250,2021,9,2021-09,1687.7,20.17,-0.1469,0.1973,85.66,108.26,0.98,1,1
LJ500_R078_C076,699250,9540250,2021,9,2021-09,1880.36,25.63,-0.6187,-0.3901,596.71,471.43,1,1,1
LJ500_R079_C076,699250,9540750,2021,9,2021-09,1861.25,27.96,0.3676,-0.5134,301.62,392.49,0.98,1,1
LJ500_R093_C071,696750,9547750,2021,9,2021-09,2817.31,29.86,0.3248,0.8145,727.95,95.89,0.8908,1,1
LJ500_R093_C073,697750,9547750,2021,9,2021-09,2565.58,27.79,-0.5848,0.4706,560.42,701.3,1,1,1
LJ500_R096_C074,698250,9549250,2021,9,2021-09,2548.95,33.02,0.0113,0.5126,818.62,1012.15,0.98,1,1
LJ500_R098_C085,703750,9550250,2021,9,2021-09,2696.03,33.64,0.0175,-0.4423,2313.02,3316.3,1,1,1
LJ500_R101_C091,706750,9551750,2021,9,2021-09,3238.79,27.07,0.808,0.0962,,,1,0,0
LJ500_R106_C080,701250,9554250,2021,9,2021-09,2358.96,20.17,0.326,0.5763,428.26,544.68,0.9604,1,1
LJ500_R006_C075,698750,9504250,2021,10,2021-10,2966.8,32.63,0.2632,-0.2962,4872.37,6600.3,1,1,1
LJ500_R011_C068,695250,9506750,2021,10,2021-10,2659.94,30.27,-0.0363,0.4297,5517.25,9709.48,0.98,1,1
LJ500_R012_C055,688750,9507250,2021,10,2021-10,3052.69,28.6,0.7597,0.3549,3501.72,9900.1,1,1,1
LJ500_R020_C061,691750,9511250,2021,10,2021-10,2202.12,31.11,-0.1609,0.493,648.49,9060.31,1,1,1
LJ500_R033_C056,689250,9517750,2021,10,2021-10,2807.93,35.42,0.3321,-0.912,1969.79,2559.3,0.98,1,1
LJ500_R035_C085,703750,9518750,2021,10,2021-10,2248.49,27.35,-0.5781,0.6793,1551.74,1700.35,1,1,1
LJ500_R039_C072,697250,9520750,2021,10,2021-10,1630.72,19.18,0.1865,-0.5934,212.3,60.26,1,1,1
LJ500_R040_C060,691250,9521250,2021,10,2021-10,2175.31,33.88,0.8136,0.085,2924.04,3068.14,0.98,1,1
LJ500_R041_C061,691750,9521750,2021,10,2021-10,1815.86,32.96,0.8298,-0.2344,2224.86,2418.89,1,1,1
LJ500_R043_C058,690250,9522750,2021,10,2021-10,2231.05,30.27,0.2587,-0.661,2590.44,2334.7,0.98,1,1
LJ500_R045_C083,702750,9523750,2021,10,2021-10,1985.23,27.15,-0.6907,0.086,530.17,3670.15,0.98,1,1
LJ500_R046_C064,693250,9524250,2021,10,2021-10,1569.23,21.67,-0.4942,0.1351,114.11,180.73,0.98,1,1
LJ500_R048_C071,696750,9525250,2021,10,2021-10,1933.05,31,0.4044,0.164,1033.82,573.15,0.98,1,1
LJ500_R050_C095,708750,9526250,2021,10,2021-10,3225.82,22.89,0.1619,-0.3025,4675.03,8387.49,0.98,1,1
LJ500_R056_C049,685750,9529250,2021,10,2021-10,2241.43,27.1,-0.1362,-0.4498,3214.46,2973.21,1,1,1
LJ500_R058_C079,700750,9530250,2021,10,2021-10,2083.35,25.85,-0.5755,-0.7355,405.63,1349.1,0.98,1,1
LJ500_R063_C060,691250,9532750,2021,10,2021-10,1462.4,11.93,-0.4515,0.4791,218.98,149.96,1,1,1
LJ500_R064_C084,703250,9533250,2021,10,2021-10,2137.52,30.81,-0.2795,-0.3455,2306.51,3314.27,0.98,1,1
LJ500_R069_C057,689750,9535750,2021,10,2021-10,1674.64,17.62,0.158,0.7977,171.42,204.83,1,1,1
LJ500_R072_C062,692250,9537250,2021,10,2021-10,1759.48,15.83,-0.3644,-0.3318,201.97,1616.78,0.98,1,1
LJ500_R072_C095,708750,9537250,2021,10,2021-10,3183.34,32.14,-0.4754,-0.6619,1438.8,9795.41,0.98,1,1
LJ500_R074_C074,698250,9538250,2021,10,2021-10,1687.7,20.17,-0.1469,0.1973,85.66,108.26,0.98,1,1
LJ500_R078_C076,699250,9540250,2021,10,2021-10,1880.36,25.63,-0.6187,-0.3901,596.71,471.43,1,1,1
LJ500_R079_C076,699250,9540750,2021,10,2021-10,1861.25,27.96,0.3676,-0.5134,301.62,392.49,0.98,1,1
LJ500_R093_C071,696750,9547750,2021,10,2021-10,2817.31,29.86,0.3248,0.8145,727.95,95.89,0.8908,1,1
LJ500_R093_C073,697750,9547750,2021,10,2021-10,2565.58,27.79,-0.5848,0.4706,560.42,701.3,1,1,1
LJ500_R096_C074,698250,9549250,2021,10,2021-10,2548.95,33.02,0.0113,0.5126,818.62,1012.15,0.98,1,1
LJ500_R098_C085,703750,9550250,2021,10,2021-10,2696.03,33.64,0.0175,-0.4423,2313.02,3316.3,1,1,1
LJ500_R101_C091,706750,9551750,2021,10,2021-10,3238.79,27.07,0.808,0.0962,,,1,0,0
LJ500_R106_C080,701250,9554250,2021,10,2021-10,2358.96,20.17,0.326,0.5763,428.26,544.68,0.9604,1,1
LJ500_R006_C075,698750,9504250,2021,11,2021-11,2966.8,32.63,0.2632,-0.2962,4872.37,6600.3,1,1,1
LJ500_R011_C068,695250,9506750,2021,11,2021-11,2659.94,30.27,-0.0363,0.4297,5517.25,9709.48,0.98,1,1
LJ500_R012_C055,688750,9507250,2021,11,2021-11,3052.69,28.6,0.7597,0.3549,3501.72,9900.1,1,1,1
LJ500_R020_C061,691750,9511250,2021,11,2021-11,2202.12,31.11,-0.1609,0.493,648.49,9060.31,1,1,1
LJ500_R033_C056,689250,9517750,2021,11,2021-11,2807.93,35.42,0.3321,-0.912,1969.79,2559.3,0.98,1,1
LJ500_R035_C085,703750,9518750,2021,11,2021-11,2248.49,27.35,-0.5781,0.6793,1551.74,1700.35,1,1,1
LJ500_R039_C072,697250,9520750,2021,11,2021-11,1630.72,19.18,0.1865,-0.5934,212.3,60.26,1,1,1
LJ500_R040_C060,691250,9521250,2021,11,2021-11,2175.31,33.88,0.8136,0.085,2924.04,3068.14,0.98,1,1
LJ500_R041_C061,691750,9521750,2021,11,2021-11,1815.86,32.96,0.8298,-0.2344,2224.86,2418.89,1,1,1
LJ500_R043_C058,690250,9522750,2021,11,2021-11,2231.05,30.27,0.2587,-0.661,2590.44,2334.7,0.98,1,1
LJ500_R045_C083,702750,9523750,2021,11,2021-11,1985.23,27.15,-0.6907,0.086,530.17,3670.15,0.98,1,1
LJ500_R046_C064,693250,9524250,2021,11,2021-11,1569.23,21.67,-0.4942,0.1351,114.11,180.73,0.98,1,1
LJ500_R048_C071,696750,9525250,2021,11,2021-11,1933.05,31,0.4044,0.164,1033.82,573.15,0.98,1,1
LJ500_R050_C095,708750,9526250,2021,11,2021-11,3225.82,22.89,0.1619,-0.3025,4675.03,8387.49,0.98,1,1
LJ500_R056_C049,685750,9529250,2021,11,2021-11,2241.43,27.1,-0.1362,-0.4498,3214.46,2973.21,1,1,1
LJ500_R058_C079,700750,9530250,2021,11,2021-11,2083.35,25.85,-0.5755,-0.7355,405.63,1349.1,0.98,1,1
LJ500_R063_C060,691250,9532750,2021,11,2021-11,1462.4,11.93,-0.4515,0.4791,218.98,149.96,1,1,1
LJ500_R064_C084,703250,9533250,2021,11,2021-11,2137.52,30.81,-0.2795,-0.3455,2306.51,3314.27,0.98,1,1
LJ500_R069_C057,689750,9535750,2021,11,2021-11,1674.64,17.62,0.158,0.7977,171.42,204.83,1,1,1
LJ500_R072_C062,692250,9537250,2021,11,2021-11,1759.48,15.83,-0.3644,-0.3318,201.97,1616.78,0.98,1,1
LJ500_R072_C095,708750,9537250,2021,11,2021-11,3183.34,32.14,-0.4754,-0.6619,1438.8,9795.41,0.98,1,1
LJ500_R074_C074,698250,9538250,2021,11,2021-11,1687.7,20.17,-0.1469,0.1973,85.66,108.26,0.98,1,1
LJ500_R078_C076,699250,9540250,2021,11,2021-11,1880.36,25.63,-0.6187,-0.3901,596.71,471.43,1,1,1
LJ500_R079_C076,699250,9540750,2021,11,2021-11,1861.25,27.96,0.3676,-0.5134,301.62,392.49,0.98,1,1
LJ500_R093_C071,696750,9547750,2021,11,2021-11,2817.31,29.86,0.3248,0.8145,727.95,95.89,0.8908,1,1
LJ500_R093_C073,697750,9547750,2021,11,2021-11,2565.58,27.79,-0.5848,0.4706,560.42,701.3,1,1,1
LJ500_R096_C074,698250,9549250,2021,11,2021-11,2548.95,33.02,0.0113,0.5126,818.62,1012.15,0.98,1,1
LJ500_R098_C085,703750,9550250,2021,11,2021-11,2696.03,33.64,0.0175,-0.4423,2313.02,3316.3,1,1,1
LJ500_R101_C091,706750,9551750,2021,11,2021-11,3238.79,27.07,0.808,0.0962,,,1,0,0
LJ500_R106_C080,701250,9554250,2021,11,2021-11,2358.96,20.17,0.326,0.5763,428.26,544.68,0.9604,1,1
LJ500_R006_C075,698750,9504250,2021,12,2021-12,2966.8,32.63,0.2632,-0.2962,4872.37,6600.3,1,1,1
LJ500_R011_C068,695250,9506750,2021,12,2021-12,2659.94,30.27,-0.0363,0.4297,5517.25,9709.48,0.98,1,1
LJ500_R012_C055,688750,9507250,2021,12,2021-12,3052.69,28.6,0.7597,0.3549,3501.72,9900.1,1,1,1
LJ500_R020_C061,691750,9511250,2021,12,2021-12,2202.12,31.11,-0.1609,0.493,648.49,9060.31,1,1,1
LJ500_R033_C056,689250,9517750,2021,12,2021-12,2807.93,35.42,0.3321,-0.912,1969.79,2559.3,0.98,1,1
LJ500_R035_C085,703750,9518750,2021,12,2021-12,2248.49,27.35,-0.5781,0.6793,1551.74,1700.35,1,1,1
LJ500_R039_C072,697250,9520750,2021,12,2021-12,1630.72,19.18,0.1865,-0.5934,212.3,60.26,1,1,1
LJ500_R040_C060,691250,9521250,2021,12,2021-12,2175.31,33.88,0.8136,0.085,2924.04,3068.14,0.98,1,1
LJ500_R041_C061,691750,9521750,2021,12,2021-12,1815.86,32.96,0.8298,-0.2344,2224.86,2418.89,1,1,1
LJ500_R043_C058,690250,9522750,2021,12,2021-12,2231.05,30.27,0.2587,-0.661,2590.44,2334.7,0.98,1,1
LJ500_R045_C083,702750,9523750,2021,12,2021-12,1985.23,27.15,-0.6907,0.086,530.17,3670.15,0.98,1,1
LJ500_R046_C064,693250,9524250,2021,12,2021-12,1569.23,21.67,-0.4942,0.1351,114.11,180.73,0.98,1,1
LJ500_R048_C071,696750,9525250,2021,12,2021-12,1933.05,31,0.4044,0.164,1033.82,573.15,0.98,1,1
LJ500_R050_C095,708750,9526250,2021,12,2021-12,3225.82,22.89,0.1619,-0.3025,4675.03,8387.49,0.98,1,1
LJ500_R056_C049,685750,9529250,2021,12,2021-12,2241.43,27.1,-0.1362,-0.4498,3214.46,2973.21,1,1,1
LJ500_R058_C079,700750,9530250,2021,12,2021-12,2083.35,25.85,-0.5755,-0.7355,405.63,1349.1,0.98,1,1
LJ500_R063_C060,691250,9532750,2021,12,2021-12,1462.4,11.93,-0.4515,0.4791,218.98,149.96,1,1,1
LJ500_R064_C084,703250,9533250,2021,12,2021-12,2137.52,30.81,-0.2795,-0.3455,2306.51,3314.27,0.98,1,1
LJ500_R069_C057,689750,9535750,2021,12,2021-12,1674.64,17.62,0.158,0.7977,171.42,204.83,1,1,1
LJ500_R072_C062,692250,9537250,2021,12,2021-12,1759.48,15.83,-0.3644,-0.3318,201.97,1616.78,0.98,1,1
LJ500_R072_C095,708750,9537250,2021,12,2021-12,3183.34,32.14,-0.4754,-0.6619,1438.8,9795.41,0.98,1,1
LJ500_R074_C074,698250,9538250,2021,12,2021-12,1687.7,20.17,-0.1469,0.1973,85.66,108.26,0.98,1,1
LJ500_R078_C076,699250,9540250,2021,12,2021-12,1880.36,25.63,-0.6187,-0.3901,596.71,471.43,1,1,1
LJ500_R079_C076,699250,9540750,2021,12,2021-12,1861.25,27.96,0.3676,-0.5134,301.62,392.49,0.98,1,1
LJ500_R093_C071,696750,9547750,2021,12,2021-12,2817.31,29.86,0.3248,0.8145,727.95,95.89,0.8908,1,1
LJ500_R093_C073,697750,9547750,2021,12,2021-12,2565.58,27.79,-0.5848,0.4706,560.42,701.3,1,1,1
LJ500_R096_C074,698250,9549250,2021,12,2021-12,2548.95,33.02,0.0113,0.5126,818.62,1012.15,0.98,1,1
LJ500_R098_C085,703750,9550250,2021,12,2021-12,2696.03,33.64,0.0175,-0.4423,2313.02,3316.3,1,1,1
LJ500_R101_C091,706750,9551750,2021,12,2021-12,3238.79,27.07,0.808,0.0962,,,1,0,0
LJ500_R106_C080,701250,9554250,2021,12,2021-12,2358.96,20.17,0.326,0.5763,428.26,544.68,0.9604,1,1
LJ500_R006_C075,698750,9504250,2022,1,2022-01,2966.8,32.63,0.2632,-0.2962,4872.37,6600.3,1,1,1
LJ500_R011_C068,695250,9506750,2022,1,2022-01,2659.94,30.27,-0.0363,0.4297,5517.25,9709.48,0.98,1,1
LJ500_R012_C055,688750,9507250,2022,1,2022-01,3052.69,28.6,0.7597,0.3549,3501.72,9900.1,1,1,1
LJ500_R020_C061,691750,9511250,2022,1,2022-01,2202.12,31.11,-0.1609,0.493,648.49,9060.31,1,1,1
LJ500_R033_C056,689250,9517750,2022,1,2022-01,2807.93,35.42,0.3321,-0.912,1969.79,2559.3,0.98,1,1
LJ500_R035_C085,703750,9518750,2022,1,2022-01,2248.49,27.35,-0.5781,0.6793,1551.74,1700.35,1,1,1
LJ500_R039_C072,697250,9520750,2022,1,2022-01,1630.72,19.18,0.1865,-0.5934,212.3,60.26,1,1,1
LJ500_R040_C060,691250,9521250,2022,1,2022-01,2175.31,33.88,0.8136,0.085,2924.04,3068.14,0.98,1,1
LJ500_R041_C061,691750,9521750,2022,1,2022-01,1815.86,32.96,0.8298,-0.2344,2224.86,2418.89,1,1,1
LJ500_R043_C058,690250,9522750,2022,1,2022-01,2231.05,30.27,0.2587,-0.661,2590.44,2334.7,0.98,1,1
LJ500_R045_C083,702750,9523750,2022,1,2022-01,1985.23,27.15,-0.6907,0.086,530.17,3670.15,0.98,1,1
LJ500_R046_C064,693250,9524250,2022,1,2022-01,1569.23,21.67,-0.4942,0.1351,114.11,180.73,0.98,1,1
LJ500_R048_C071,696750,9525250,2022,1,2022-01,1933.05,31,0.4044,0.164,1033.82,573.15,0.98,1,1
LJ500_R050_C095,708750,9526250,2022,1,2022-01,3225.82,22.89,0.1619,-0.3025,4675.03,8387.49,0.98,1,1
LJ500_R056_C049,685750,9529250,2022,1,2022-01,2241.43,27.1,-0.1362,-0.4498,3214.46,2973.21,1,1,1
LJ500_R058_C079,700750,9530250,2022,1,2022-01,2083.35,25.85,-0.5755,-0.7355,405.63,1349.1,0.98,1,1
LJ500_R063_C060,691250,9532750,2022,1,2022-01,1462.4,11.93,-0.4515,0.4791,218.98,149.96,1,1,1
LJ500_R064_C084,703250,9533250,2022,1,2022-01,2137.52,30.81,-0.2795,-0.3455,2306.51,3314.27,0.98,1,1
LJ500_R069_C057,689750,9535750,2022,1,2022-01,1674.64,17.62,0.158,0.7977,171.42,204.83,1,1,1
LJ500_R072_C062,692250,9537250,2022,1,2022-01,1759.48,15.83,-0.3644,-0.3318,201.97,1616.78,0.98,1,1
LJ500_R072_C095,708750,9537250,2022,1,2022-01,3183.34,32.14,-0.4754,-0.6619,1438.8,9795.41,0.98,1,1
LJ500_R074_C074,698250,9538250,2022,1,2022-01,1687.7,20.17,-0.1469,0.1973,85.66,108.26,0.98,1,1
LJ500_R078_C076,699250,9540250,2022,1,2022-01,1880.36,25.63,-0.6187,-0.3901,596.71,471.43,1,1,1
LJ500_R079_C076,699250,9540750,2022,1,2022-01,1861.25,27.96,0.3676,-0.5134,301.62,392.49,0.98,1,1
LJ500_R093_C071,696750,9547750,2022,1,2022-01,2817.31,29.86,0.3248,0.8145,727.95,95.89,0.8908,1,1
LJ500_R093_C073,697750,9547750,2022,1,2022-01,2565.58,27.79,-0.5848,0.4706,560.42,701.3,1,1,1
LJ500_R096_C074,698250,9549250,2022,1,2022-01,2548.95,33.02,0.0113,0.5126,818.62,1012.15,0.98,1,1
LJ500_R098_C085,703750,9550250,2022,1,2022-01,2696.03,33.64,0.0175,-0.4423,2313.02,3316.3,1,1,1
LJ500_R101_C091,706750,9551750,2022,1,2022-01,3238.79,27.07,0.808,0.0962,,,1,0,0
LJ500_R106_C080,701250,9554250,2022,1,2022-01,2358.96,20.17,0.326,0.5763,428.26,544.68,0.9604,1,1
LJ500_R006_C075,698750,9504250,2022,2,2022-02,2966.8,32.63,0.2632,-0.2962,4872.37,6600.3,1,1,1
LJ500_R011_C068,695250,9506750,2022,2,2022-02,2659.94,30.27,-0.0363,0.4297,5517.25,9709.48,0.98,1,1
LJ500_R012_C055,688750,9507250,2022,2,2022-02,3052.69,28.6,0.7597,0.3549,3501.72,9900.1,1,1,1
LJ500_R020_C061,691750,9511250,2022,2,2022-02,2202.12,31.11,-0.1609,0.493,648.49,9060.31,1,1,1
LJ500_R033_C056,689250,9517750,2022,2,2022-02,2807.93,35.42,0.3321,-0.912,1969.79,2559.3,0.98,1,1
LJ500_R035_C085,703750,9518750,2022,2,2022-02,2248.49,27.35,-0.5781,0.6793,1551.74,1700.35,1,1,1
LJ500_R039_C072,697250,9520750,2022,2,2022-02,1630.72,19.18,0.1865,-0.5934,212.3,60.26,1,1,1
LJ500_R040_C060,691250,9521250,2022,2,2022-02,2175.31,33.88,0.8136,0.085,2924.04,3068.14,0.98,1,1
LJ500_R041_C061,691750,9521750,2022,2,2022-02,1815.86,32.96,0.8298,-0.2344,2224.86,2418.89,1,1,1
LJ500_R043_C058,690250,9522750,2022,2,2022-02,2231.05,30.27,0.2587,-0.661,2590.44,2334.7,0.98,1,1
LJ500_R045_C083,702750,9523750,2022,2,2022-02,1985.23,27.15,-0.6907,0.086,530.17,3670.15,0.98,1,1
LJ500_R046_C064,693250,9524250,2022,2,2022-02,1569.23,21.67,-0.4942,0.1351,114.11,180.73,0.98,1,1
LJ500_R048_C071,696750,9525250,2022,2,2022-02,1933.05,31,0.4044,0.164,1033.82,573.15,0.98,1,1
LJ500_R050_C095,708750,9526250,2022,2,2022-02,3225.82,22.89,0.1619,-0.3025,4675.03,8387.49,0.98,1,1
LJ500_R056_C049,685750,9529250,2022,2,2022-02,2241.43,27.1,-0.1362,-0.4498,3214.46,2973.21,1,1,1
LJ500_R058_C079,700750,9530250,2022,2,2022-02,2083.35,25.85,-0.5755,-0.7355,405.63,1349.1,0.98,1,1
LJ500_R063_C060,691250,9532750,2022,2,2022-02,1462.4,11.93,-0.4515,0.4791,218.98,149.96,1,1,1
LJ500_R064_C084,703250,9533250,2022,2,2022-02,2137.52,30.81,-0.2795,-0.3455,2306.51,3314.27,0.98,1,1
LJ500_R069_C057,689750,9535750,2022,2,2022-02,1674.64,17.62,0.158,0.7977,171.42,204.83,1,1,1
LJ500_R072_C062,692250,9537250,2022,2,2022-02,1759.48,15.83,-0.3644,-0.3318,201.97,1616.78,0.98,1,1
LJ500_R072_C095,708750,9537250,2022,2,2022-02,3183.34,32.14,-0.4754,-0.6619,1438.8,9795.41,0.98,1,1
LJ500_R074_C074,698250,9538250,2022,2,2022-02,1687.7,20.17,-0.1469,0.1973,85.66,108.26,0.98,1,1
LJ500_R078_C076,699250,9540250,2022,2,2022-02,1880.36,25.63,-0.6187,-0.3901,596.71,471.43,1,1,1
LJ500_R079_C076,699250,9540750,2022,2,2022-02,1861.25,27.96,0.3676,-0.5134,301.62,392.49,0.98,1,1
LJ500_R093_C071,696750,9547750,2022,2,2022-02,2817.31,29.86,0.3248,0.8145,727.95,95.89,0.8908,1,1
LJ500_R093_C073,697750,9547750,2022,2,2022-02,2565.58,27.79,-0.5848,0.4706,560.42,701.3,1,1,1
LJ500_R096_C074,698250,9549250,2022,2,2022-02,2548.95,33.02,0.0113,0.5126,818.62,1012.15,0.98,1,1
LJ500_R098_C085,703750,9550250,2022,2,2022-02,2696.03,33.64,0.0175,-0.4423,2313.02,3316.3,1,1,1
LJ500_R101_C091,706750,9551750,2022,2,2022-02,3238.79,27.07,0.808,0.0962,,,1,0,0
LJ500_R106_C080,701250,9554250,2022,2,2022-02,2358.96,20.17,0.326,0.5763,428.26,544.68,0.9604,1,1
LJ500_R006_C075,698750,9504250,2022,3,2022-03,2966.8,32.63,0.2632,-0.2962,4872.37,6600.3,1,1,1
LJ500_R011_C068,695250,9506750,2022,3,2022-03,2659.94,30.27,-0.0363,0.4297,5517.25,9709.48,0.98,1,1
LJ500_R012_C055,688750,9507250,2022,3,2022-03,3052.69,28.6,0.7597,0.3549,3501.72,9900.1,1,1,1
LJ500_R020_C061,691750,9511250,2022,3,2022-03,2202.12,31.11,-0.1609,0.493,648.49,9060.31,1,1,1
LJ500_R033_C056,689250,9517750,2022,3,2022-03,2807.93,35.42,0.3321,-0.912,1969.79,2559.3,0.98,1,1
LJ500_R035_C085,703750,9518750,2022,3,2022-03,2248.49,27.35,-0.5781,0.6793,1551.74,1700.35,1,1,1
LJ500_R039_C072,697250,9520750,2022,3,2022-03,1630.72,19.18,0.1865,-0.5934,212.3,60.26,1,1,1
LJ500_R040_C060,691250,9521250,2022,3,2022-03,2175.31,33.88,0.8136,0.085,2924.04,3068.14,0.98,1,1
LJ500_R041_C061,691750,9521750,2022,3,2022-03,1815.86,32.96,0.8298,-0.2344,2224.86,2418.89,1,1,1
LJ500_R043_C058,690250,9522750,2022,3,2022-03,2231.05,30.27,0.2587,-0.661,2590.44,2334.7,0.98,1,1
LJ500_R045_C083,702750,9523750,2022,3,2022-03,1985.23,27.15,-0.6907,0.086,530.17,3670.15,0.98,1,1
LJ500_R046_C064,693250,9524250,2022,3,2022-03,1569.23,21.67,-0.4942,0.1351,114.11,180.73,0.98,1,1
LJ500_R048_C071,696750,9525250,2022,3,2022-03,1933.05,31,0.4044,0.164,1033.82,573.15,0.98,1,1
LJ500_R050_C095,708750,9526250,2022,3,2022-03,3225.82,22.89,0.1619,-0.3025,4675.03,8387.49,0.98,1,1
LJ500_R056_C049,685750,9529250,2022,3,2022-03,2241.43,27.1,-0.1362,-0.4498,3214.46,2973.21,1,1,1
LJ500_R058_C079,700750,9530250,2022,3,2022-03,2083.35,25.85,-0.5755,-0.7355,405.63,1349.1,0.98,1,1
LJ500_R063_C060,691250,9532750,2022,3,2022-03,1462.4,11.93,-0.4515,0.4791,218.98,149.96,1,1,1
LJ500_R064_C084,703250,9533250,2022,3,2022-03,2137.52,30.81,-0.2795,-0.3455,2306.51,3314.27,0.98,1,1
LJ500_R069_C057,689750,9535750,2022,3,2022-03,1674.64,17.62,0.158,0.7977,171.42,204.83,1,1,1
LJ500_R072_C062,692250,9537250,2022,3,2022-03,1759.48,15.83,-0.3644,-0.3318,201.97,1616.78,0.98,1,1
LJ500_R072_C095,708750,9537250,2022,3,2022-03,3183.34,32.14,-0.4754,-0.6619,1438.8,9795.41,0.98,1,1
LJ500_R074_C074,698250,9538250,2022,3,2022-03,1687.7,20.17,-0.1469,0.1973,85.66,108.26,0.98,1,1
LJ500_R078_C076,699250,9540250,2022,3,2022-03,1880.36,25.63,-0.6187,-0.3901,596.71,471.43,1,1,1
LJ500_R079_C076,699250,9540750,2022,3,2022-03,1861.25,27.96,0.3676,-0.5134,301.62,392.49,0.98,1,1
LJ500_R093_C071,696750,9547750,2022,3,2022-03,2817.31,29.86,0.3248,0.8145,727.95,95.89,0.8908,1,1
LJ500_R093_C073,697750,9547750,2022,3,2022-03,2565.58,27.79,-0.5848,0.4706,560.42,701.3,1,1,1
LJ500_R096_C074,698250,9549250,2022,3,2022-03,2548.95,33.02,0.0113,0.5126,818.62,1012.15,0.98,1,1
LJ500_R098_C085,703750,9550250,2022,3,2022-03,2696.03,33.64,0.0175,-0.4423,2313.02,3316.3,1,1,1
LJ500_R101_C091,706750,9551750,2022,3,2022-03,3238.79,27.07,0.808,0.0962,,,1,0,0
LJ500_R106_C080,701250,9554250,2022,3,2022-03,2358.96,20.17,0.326,0.5763,428.26,544.68,0.9604,1,1
LJ500_R006_C075,698750,9504250,2022,4,2022-04,2966.8,32.63,0.2632,-0.2962,4872.37,6600.3,1,1,1
LJ500_R011_C068,695250,9506750,2022,4,2022-04,2659.94,30.27,-0.0363,0.4297,5517.25,9709.48,0.98,1,1
LJ500_R012_C055,688750,9507250,2022,4,2022-04,3052.69,28.6,0.7597,0.3549,3501.72,9900.1,1,1,1
LJ500_R020_C061,691750,9511250,2022,4,2022-04,2202.12,31.11,-0.1609,0.493,648.49,9060.31,1,1,1
LJ500_R033_C056,689250,9517750,2022,4,2022-04,2807.93,35.42,0.3321,-0.912,1969.79,2559.3,0.98,1,1
LJ500_R035_C085,703750,9518750,2022,4,2022-04,2248.49,27.35,-0.5781,0.6793,1551.74,1700.35,1,1,1
LJ500_R039_C072,697250,9520750,2022,4,2022-04,1630.72,19.18,0.1865,-0.5934,212.3,60.26,1,1,1
LJ500_R040_C060,691250,9521250,2022,4,2022-04,2175.31,33.88,0.8136,0.085,2924.04,3068.14,0.98,1,1
LJ500_R041_C061,691750,9521750,2022,4,2022-04,1815.86,32.96,0.8298,-0.2344,2224.86,2418.89,1,1,1
LJ500_R043_C058,690250,9522750,2022,4,2022-04,2231.05,30.27,0.2587,-0.661,2590.44,2334.7,0.98,1,1
LJ500_R045_C083,702750,9523750,2022,4,2022-04,1985.23,27.15,-0.6907,0.086,530.17,3670.15,0.98,1,1
LJ500_R046_C064,693250,9524250,2022,4,2022-04,1569.23,21.67,-0.4942,0.1351,114.11,180.73,0.98,1,1
LJ500_R048_C071,696750,9525250,2022,4,2022-04,1933.05,31,0.4044,0.164,1033.82,573.15,0.98,1,1
LJ500_R050_C095,708750,9526250,2022,4,2022-04,3225.82,22.89,0.1619,-0.3025,4675.03,8387.49,0.98,1,1
LJ500_R056_C049,685750,9529250,2022,4,2022-04,2241.43,27.1,-0.1362,-0.4498,3214.46,2973.21,1,1,1
LJ500_R058_C079,700750,9530250,2022,4,2022-04,2083.35,25.85,-0.5755,-0.7355,405.63,1349.1,0.98,1,1
LJ500_R063_C060,691250,9532750,2022,4,2022-04,1462.4,11.93,-0.4515,0.4791,218.98,149.96,1,1,1
LJ500_R064_C084,703250,9533250,2022,4,2022-04,2137.52,30.81,-0.2795,-0.3455,2306.51,3314.27,0.98,1,1
LJ500_R069_C057,689750,9535750,2022,4,2022-04,1674.64,17.62,0.158,0.7977,171.42,204.83,1,1,1
LJ500_R072_C062,692250,9537250,2022,4,2022-04,1759.48,15.83,-0.3644,-0.3318,201.97,1616.78,0.98,1,1
LJ500_R072_C095,708750,9537250,2022,4,2022-04,3183.34,32.14,-0.4754,-0.6619,1438.8,9795.41,0.98,1,1
LJ500_R074_C074,698250,9538250,2022,4,2022-04,1687.7,20.17,-0.1469,0.1973,85.66,108.26,0.98,1,1
LJ500_R078_C076,699250,9540250,2022,4,2022-04,1880.36,25.63,-0.6187,-0.3901,596.71,471.43,1,1,1
LJ500_R079_C076,699250,9540750,2022,4,2022-04,1861.25,27.96,0.3676,-0.5134,301.62,392.49,0.98,1,1
LJ500_R093_C071,696750,9547750,2022,4,2022-04,2817.31,29.86,0.3248,0.8145,727.95,95.89,0.8908,1,1
LJ500_R093_C073,697750,9547750,2022,4,2022-04,2565.58,27.79,-0.5848,0.4706,560.42,701.3,1,1,1
LJ500_R096_C074,698250,9549250,2022,4,2022-04,2548.95,33.02,0.0113,0.5126,818.62,1012.15,0.98,1,1
LJ500_R098_C085,703750,9550250,2022,4,2022-04,2696.03,33.64,0.0175,-0.4423,2313.02,3316.3,1,1,1
LJ500_R101_C091,706750,9551750,2022,4,2022-04,3238.79,27.07,0.808,0.0962,,,1,0,0
LJ500_R106_C080,701250,9554250,2022,4,2022-04,2358.96,20.17,0.326,0.5763,428.26,544.68,0.9604,1,1
LJ500_R006_C075,698750,9504250,2022,5,2022-05,2966.8,32.63,0.2632,-0.2962,4872.37,6600.3,1,1,1
LJ500_R011_C068,695250,9506750,2022,5,2022-05,2659.94,30.27,-0.0363,0.4297,5517.25,9709.48,0.98,1,1
LJ500_R012_C055,688750,9507250,2022,5,2022-05,3052.69,28.6,0.7597,0.3549,3501.72,9900.1,1,1,1
LJ500_R020_C061,691750,9511250,2022,5,2022-05,2202.12,31.11,-0.1609,0.493,648.49,9060.31,1,1,1
LJ500_R033_C056,689250,9517750,2022,5,2022-05,2807.93,35.42,0.3321,-0.912,1969.79,2559.3,0.98,1,1
LJ500_R035_C085,703750,9518750,2022,5,2022-05,2248.49,27.35,-0.5781,0.6793,1551.74,1700.35,1,1,1
LJ500_R039_C072,697250,9520750,2022,5,2022-05,1630.72,19.18,0.1865,-0.5934,212.3,60.26,1,1,1
LJ500_R040_C060,691250,9521250,2022,5,2022-05,2175.31,33.88,0.8136,0.085,2924.04,3068.14,0.98,1,1
LJ500_R041_C061,691750,9521750,2022,5,2022-05,1815.86,32.96,0.8298,-0.2344,2224.86,2418.89,1,1,1
LJ500_R043_C058,690250,9522750,2022,5,2022-05,2231.05,30.27,0.2587,-0.661,2590.44,2334.7,0.98,1,1
LJ500_R045_C083,702750,9523750,2022,5,2022-05,1985.23,27.15,-0.6907,0.086,530.17,3670.15,0.98,1,1
LJ500_R046_C064,693250,9524250,2022,5,2022-05,1569.23,21.67,-0.4942,0.1351,114.11,180.73,0.98,1,1
LJ500_R048_C071,696750,9525250,2022,5,2022-05,1933.05,31,0.4044,0.164,1033.82,573.15,0.98,1,1
LJ500_R050_C095,708750,9526250,2022,5,2022-05,3225.82,22.89,0.1619,-0.3025,4675.03,8387.49,0.98,1,1
LJ500_R056_C049,685750,9529250,2022,5,2022-05,2241.43,27.1,-0.1362,-0.4498,3214.46,2973.21,1,1,1
LJ500_R058_C079,700750,9530250,2022,5,2022-05,2083.35,25.85,-0.5755,-0.7355,405.63,1349.1,0.98,1,1
LJ500_R063_C060,691250,9532750,2022,5,2022-05,1462.4,11.93,-0.4515,0.4791,218.98,149.96,1,1,1
LJ500_R064_C084,703250,9533250,2022,5,2022-05,2137.52,30.81,-0.2795,-0.3455,2306.51,3314.27,0.98,1,1
LJ500_R069_C057,689750,9535750,2022,5,2022-05,1674.64,17.62,0.158,0.7977,171.42,204.83,1,1,1
LJ500_R072_C062,692250,9537250,2022,5,2022-05,1759.48,15.83,-0.3644,-0.3318,201.97,1616.78,0.98,1,1
LJ500_R072_C095,708750,9537250,2022,5,2022-05,3183.34,32.14,-0.4754,-0.6619,1438.8,9795.41,0.98,1,1
LJ500_R074_C074,698250,9538250,2022,5,2022-05,1687.7,20.17,-0.1469,0.1973,85.66,108.26,0.98,1,1
LJ500_R078_C076,699250,9540250,2022,5,2022-05,1880.36,25.63,-0.6187,-0.3901,596.71,471.43,1,1,1
LJ500_R079_C076,699250,9540750,2022,5,2022-05,1861.25,27.96,0.3676,-0.5134,301.62,392.49,0.98,1,1
LJ500_R093_C071,696750,9547750,2022,5,2022-05,2817.31,29.86,0.3248,0.8145,727.95,95.89,0.8908,1,1
LJ500_R093_C073,697750,9547750,2022,5,2022-05,2565.58,27.79,-0.5848,0.4706,560.42,701.3,1,1,1
LJ500_R096_C074,698250,9549250,2022,5,2022-05,2548.95,33.02,0.0113,0.5126,818.62,1012.15,0.98,1,1
LJ500_R098_C085,703750,9550250,2022,5,2022-05,2696.03,33.64,0.0175,-0.4423,2313.02,3316.3,1,1,1
LJ500_R101_C091,706750,9551750,2022,5,2022-05,3238.79,27.07,0.808,0.0962,,,1,0,0
LJ500_R106_C080,701250,9554250,2022,5,2022-05,2358.96,20.17,0.326,0.5763,428.26,544.68,0.9604,1,1
LJ500_R006_C075,698750,9504250,2022,6,2022-06,2966.8,32.63,0.2632,-0.2962,4872.37,6600.3,1,1,1
LJ500_R011_C068,695250,9506750,2022,6,2022-06,2659.94,30.27,-0.0363,0.4297,5517.25,9709.48,0.98,1,1
LJ500_R012_C055,688750,9507250,2022,6,2022-06,3052.69,28.6,0.7597,0.3549,3501.72,9900.1,1,1,1
LJ500_R020_C061,691750,9511250,2022,6,2022-06,2202.12,31.11,-0.1609,0.493,648.49,9060.31,1,1,1
LJ500_R033_C056,689250,9517750,2022,6,2022-06,2807.93,35.42,0.3321,-0.912,1969.79,2559.3,0.98,1,1
LJ500_R035_C085,703750,9518750,2022,6,2022-06,2248.49,27.35,-0.5781,0.6793,1551.74,1700.35,1,1,1
LJ500_R039_C072,697250,9520750,2022,6,2022-06,1630.72,19.18,0.1865,-0.5934,212.3,60.26,1,1,1
LJ500_R040_C060,691250,9521250,2022,6,2022-06,2175.31,33.88,0.8136,0.085,2924.04,3068.14,0.98,1,1
LJ500_R041_C061,691750,9521750,2022,6,2022-06,1815.86,32.96,0.8298,-0.2344,2224.86,2418.89,1,1,1
LJ500_R043_C058,690250,9522750,2022,6,2022-06,2231.05,30.27,0.2587,-0.661,2590.44,2334.7,0.98,1,1
LJ500_R045_C083,702750,9523750,2022,6,2022-06,1985.23,27.15,-0.6907,0.086,530.17,3670.15,0.98,1,1
LJ500_R046_C064,693250,9524250,2022,6,2022-06,1569.23,21.67,-0.4942,0.1351,114.11,180.73,0.98,1,1
LJ500_R048_C071,696750,9525250,2022,6,2022-06,1933.05,31,0.4044,0.164,1033.82,573.15,0.98,1,1
LJ500_R050_C095,708750,9526250,2022,6,2022-06,3225.82,22.89,0.1619,-0.3025,4675.03,8387.49,0.98,1,1
LJ500_R056_C049,685750,9529250,2022,6,2022-06,2241.43,27.1,-0.1362,-0.4498,3214.46,2973.21,1,1,1
LJ500_R058_C079,700750,9530250,2022,6,2022-06,2083.35,25.85,-0.5755,-0.7355,405.63,1349.1,0.98,1,1
LJ500_R063_C060,691250,9532750,2022,6,2022-06,1462.4,11.93,-0.4515,0.4791,218.98,149.96,1,1,1
LJ500_R064_C084,703250,9533250,2022,6,2022-06,2137.52,30.81,-0.2795,-0.3455,2306.51,3314.27,0.98,1,1
LJ500_R069_C057,689750,9535750,2022,6,2022-06,1674.64,17.62,0.158,0.7977,171.42,204.83,1,1,1
LJ500_R072_C062,692250,9537250,2022,6,2022-06,1759.48,15.83,-0.3644,-0.3318,201.97,1616.78,0.98,1,1
LJ500_R072_C095,708750,9537250,2022,6,2022-06,3183.34,32.14,-0.4754,-0.6619,1438.8,9795.41,0.98,1,1
LJ500_R074_C074,698250,9538250,2022,6,2022-06,1687.7,20.17,-0.1469,0.1973,85.66,108.26,0.98,1,1
LJ500_R078_C076,699250,9540250,2022,6,2022-06,1880.36,25.63,-0.6187,-0.3901,596.71,471.43,1,1,1
LJ500_R079_C076,699250,9540750,2022,6,2022-06,1861.25,27.96,0.3676,-0.5134,301.62,392.49,0.98,1,1
LJ500_R093_C071,696750,9547750,2022,6,2022-06,2817.31,29.86,0.3248,0.8145,727.95,95.89,0.8908,1,1
LJ500_R093_C073,697750,9547750,2022,6,2022-06,2565.58,27.79,-0.5848,0.4706,560.42,701.3,1,1,1
LJ500_R096_C074,698250,9549250,2022,6,2022-06,2548.95,33.02,0.0113,0.5126,818.62,1012.15,0.98,1,1
LJ500_R098_C085,703750,9550250,2022,6,2022-06,2696.03,33.64,0.0175,-0.4423,2313.02,3316.3,1,1,1
LJ500_R101_C091,706750,9551750,2022,6,2022-06,3238.79,27.07,0.808,0.0962,,,1,0,0
LJ500_R106_C080,701250,9554250,2022,6,2022-06,2358.96,20.17,0.326,0.5763,428.26,544.68,0.9604,1,1
LJ500_R006_C075,698750,9504250,2022,7,2022-07,2966.8,32.63,0.2632,-0.2962,4872.37,6600.3,1,1,1
LJ500_R011_C068,695250,9506750,2022,7,2022-07,2659.94,30.27,-0.0363,0.4297,5517.25,9709.48,0.98,1,1
LJ500_R012_C055,688750,9507250,2022,7,2022-07,3052.69,28.6,0.7597,0.3549,3501.72,9900.1,1,1,1
LJ500_R020_C061,691750,9511250,2022,7,2022-07,2202.12,31.11,-0.1609,0.493,648.49,9060.31,1,1,1
LJ500_R033_C056,689250,9517750,2022,7,2022-07,2807.93,35.42,0.3321,-0.912,1969.79,2559.3,0.98,1,1
LJ500_R035_C085,703750,9518750,2022,7,2022-07,2248.49,27.35,-0.5781,0.6793,1551.74,1700.35,1,1,1
LJ500_R039_C072,697250,9520750,2022,7,2022-07,1630.72,19.18,0.1865,-0.5934,212.3,60.26,1,1,1
LJ500_R040_C060,691250,9521250,2022,7,2022-07,2175.31,33.88,0.8136,0.085,2924.04,3068.14,0.98,1,1
LJ500_R041_C061,691750,9521750,2022,7,2022-07,1815.86,32.96,0.8298,-0.2344,2224.86,2418.89,1,1,1
LJ500_R043_C058,690250,9522750,2022,7,2022-07,2231.05,30.27,0.2587,-0.661,2590.44,2334.7,0.98,1,1
LJ500_R045_C083,702750,9523750,2022,7,2022-07,1985.23,27.15,-0.6907,0.086,530.17,3670.15,0.98,1,1
LJ500_R046_C064,693250,9524250,2022,7,2022-07,1569.23,21.67,-0.4942,0.1351,114.11,180.73,0.98,1,1
LJ500_R048_C071,696750,9525250,2022,7,2022-07,1933.05,31,0.4044,0.164,1033.82,573.15,0.98,1,1
LJ500_R050_C095,708750,9526250,2022,7,2022-07,3225.82,22.89,0.1619,-0.3025,4675.03,8387.49,0.98,1,1
LJ500_R056_C049,685750,9529250,2022,7,2022-07,2241.43,27.1,-0.1362,-0.4498,3214.46,2973.21,1,1,1
LJ500_R058_C079,700750,9530250,2022,7,2022-07,2083.35,25.85,-0.5755,-0.7355,405.63,1349.1,0.98,1,1
LJ500_R063_C060,691250,9532750,2022,7,2022-07,1462.4,11.93,-0.4515,0.4791,218.98,149.96,1,1,1
LJ500_R064_C084,703250,9533250,2022,7,2022-07,2137.52,30.81,-0.2795,-0.3455,2306.51,3314.27,0.98,1,1
LJ500_R069_C057,689750,9535750,2022,7,2022-07,1674.64,17.62,0.158,0.7977,171.42,204.83,1,1,1
LJ500_R072_C062,692250,9537250,2022,7,2022-07,1759.48,15.83,-0.3644,-0.3318,201.97,1616.78,0.98,1,1
LJ500_R072_C095,708750,9537250,2022,7,2022-07,3183.34,32.14,-0.4754,-0.6619,1438.8,9795.41,0.98,1,1
LJ500_R074_C074,698250,9538250,2022,7,2022-07,1687.7,20.17,-0.1469,0.1973,85.66,108.26,0.98,1,1
LJ500_R078_C076,699250,9540250,2022,7,2022-07,1880.36,25.63,-0.6187,-0.3901,596.71,471.43,1,1,1
LJ500_R079_C076,699250,9540750,2022,7,2022-07,1861.25,27.96,0.3676,-0.5134,301.62,392.49,0.98,1,1
LJ500_R093_C071,696750,9547750,2022,7,2022-07,2817.31,29.86,0.3248,0.8145,727.95,95.89,0.8908,1,1
LJ500_R093_C073,697750,9547750,2022,7,2022-07,2565.58,27.79,-0.5848,0.4706,560.42,701.3,1,1,1
LJ500_R096_C074,698250,9549250,2022,7,2022-07,2548.95,33.02,0.0113,0.5126,818.62,1012.15,0.98,1,1
LJ500_R098_C085,703750,9550250,2022,7,2022-07,2696.03,33.64,0.0175,-0.4423,2313.02,3316.3,1,1,1
LJ500_R101_C091,706750,9551750,2022,7,2022-07,3238.79,27.07,0.808,0.0962,,,1,0,0
LJ500_R106_C080,701250,9554250,2022,7,2022-07,2358.96,20.17,0.326,0.5763,428.26,544.68,0.9604,1,1
LJ500_R006_C075,698750,9504250,2022,8,2022-08,2966.8,32.63,0.2632,-0.2962,4872.37,6600.3,1,1,1
LJ500_R011_C068,695250,9506750,2022,8,2022-08,2659.94,30.27,-0.0363,0.4297,5517.25,9709.48,0.98,1,1
LJ500_R012_C055,688750,9507250,2022,8,2022-08,3052.69,28.6,0.7597,0.3549,3501.72,9900.1,1,1,1
LJ500_R020_C061,691750,9511250,2022,8,2022-08,2202.12,31.11,-0.1609,0.493,648.49,9060.31,1,1,1
LJ500_R033_C056,689250,9517750,2022,8,2022-08,2807.93,35.42,0.3321,-0.912,1969.79,2559.3,0.98,1,1
LJ500_R035_C085,703750,9518750,2022,8,2022-08,2248.49,27.35,-0.5781,0.6793,1551.74,1700.35,1,1,1
LJ500_R039_C072,697250,9520750,2022,8,2022-08,1630.72,19.18,0.1865,-0.5934,212.3,60.26,1,1,1
LJ500_R040_C060,691250,9521250,2022,8,2022-08,2175.31,33.88,0.8136,0.085,2924.04,3068.14,0.98,1,1
LJ500_R041_C061,691750,9521750,2022,8,2022-08,1815.86,32.96,0.8298,-0.2344,2224.86,2418.89,1,1,1
LJ500_R043_C058,690250,9522750,2022,8,2022-08,2231.05,30.27,0.2587,-0.661,2590.44,2334.7,0.98,1,1
LJ500_R045_C083,702750,9523750,2022,8,2022-08,1985.23,27.15,-0.6907,0.086,530.17,3670.15,0.98,1,1
LJ500_R046_C064,693250,9524250,2022,8,2022-08,1569.23,21.67,-0.4942,0.1351,114.11,180.73,0.98,1,1
LJ500_R048_C071,696750,9525250,2022,8,2022-08,1933.05,31,0.4044,0.164,1033.82,573.15,0.98,1,1
LJ500_R050_C095,708750,9526250,2022,8,2022-08,3225.82,22.89,0.1619,-0.3025,4675.03,8387.49,0.98,1,1
LJ500_R056_C049,685750,9529250,2022,8,2022-08,2241.43,27.1,-0.1362,-0.4498,3214.46,2973.21,1,1,1
LJ500_R058_C079,700750,9530250,2022,8,2022-08,2083.35,25.85,-0.5755,-0.7355,405.63,1349.1,0.98,1,1
LJ500_R063_C060,691250,9532750,2022,8,2022-08,1462.4,11.93,-0.4515,0.4791,218.98,149.96,1,1,1
LJ500_R064_C084,703250,9533250,2022,8,2022-08,2137.52,30.81,-0.2795,-0.3455,2306.51,3314.27,0.98,1,1
LJ500_R069_C057,689750,9535750,2022,8,2022-08,1674.64,17.62,0.158,0.7977,171.42,204.83,1,1,1
LJ500_R072_C062,692250,9537250,2022,8,2022-08,1759.48,15.83,-0.3644,-0.3318,201.97,1616.78,0.98,1,1
LJ500_R072_C095,708750,9537250,2022,8,2022-08,3183.34,32.14,-0.4754,-0.6619,1438.8,9795.41,0.98,1,1
LJ500_R074_C074,698250,9538250,2022,8,2022-08,1687.7,20.17,-0.1469,0.1973,85.66,108.26,0.98,1,1
LJ500_R078_C076,699250,9540250,2022,8,2022-08,1880.36,25.63,-0.6187,-0.3901,596.71,471.43,1,1,1
LJ500_R079_C076,699250,9540750,2022,8,2022-08,1861.25,27.96,0.3676,-0.5134,301.62,392.49,0.98,1,1
LJ500_R093_C071,696750,9547750,2022,8,2022-08,2817.31,29.86,0.3248,0.8145,727.95,95.89,0.8908,1,1
LJ500_R093_C073,697750,9547750,2022,8,2022-08,2565.58,27.79,-0.5848,0.4706,560.42,701.3,1,1,1
LJ500_R096_C074,698250,9549250,2022,8,2022-08,2548.95,33.02,0.0113,0.5126,818.62,1012.15,0.98,1,1
LJ500_R098_C085,703750,9550250,2022,8,2022-08,2696.03,33.64,0.0175,-0.4423,2313.02,3316.3,1,1,1
LJ500_R101_C091,706750,9551750,2022,8,2022-08,3238.79,27.07,0.808,0.0962,,,1,0,0
LJ500_R106_C080,701250,9554250,2022,8,2022-08,2358.96,20.17,0.326,0.5763,428.26,544.68,0.9604,1,1
LJ500_R006_C075,698750,9504250,2022,9,2022-09,2966.8,32.63,0.2632,-0.2962,4872.37,6600.3,1,1,1
LJ500_R011_C068,695250,9506750,2022,9,2022-09,2659.94,30.27,-0.0363,0.4297,5517.25,9709.48,0.98,1,1
LJ500_R012_C055,688750,9507250,2022,9,2022-09,3052.69,28.6,0.7597,0.3549,3501.72,9900.1,1,1,1
LJ500_R020_C061,691750,9511250,2022,9,2022-09,2202.12,31.11,-0.1609,0.493,648.49,9060.31,1,1,1
LJ500_R033_C056,689250,9517750,2022,9,2022-09,2807.93,35.42,0.3321,-0.912,1969.79,2559.3,0.98,1,1
LJ500_R035_C085,703750,9518750,2022,9,2022-09,2248.49,27.35,-0.5781,0.6793,1551.74,1700.35,1,1,1
LJ500_R039_C072,697250,9520750,2022,9,2022-09,1630.72,19.18,0.1865,-0.5934,212.3,60.26,1,1,1
LJ500_R040_C060,691250,9521250,2022,9,2022-09,2175.31,33.88,0.8136,0.085,2924.04,3068.14,0.98,1,1
LJ500_R041_C061,691750,9521750,2022,9,2022-09,1815.86,32.96,0.8298,-0.2344,2224.86,2418.89,1,1,1
LJ500_R043_C058,690250,9522750,2022,9,2022-09,2231.05,30.27,0.2587,-0.661,2590.44,2334.7,0.98,1,1
LJ500_R045_C083,702750,9523750,2022,9,2022-09,1985.23,27.15,-0.6907,0.086,530.17,3670.15,0.98,1,1
LJ500_R046_C064,693250,9524250,2022,9,2022-09,1569.23,21.67,-0.4942,0.1351,114.11,180.73,0.98,1,1
LJ500_R048_C071,696750,9525250,2022,9,2022-09,1933.05,31,0.4044,0.164,1033.82,573.15,0.98,1,1
LJ500_R050_C095,708750,9526250,2022,9,2022-09,3225.82,22.89,0.1619,-0.3025,4675.03,8387.49,0.98,1,1
LJ500_R056_C049,685750,9529250,2022,9,2022-09,2241.43,27.1,-0.1362,-0.4498,3214.46,2973.21,1,1,1
LJ500_R058_C079,700750,9530250,2022,9,2022-09,2083.35,25.85,-0.5755,-0.7355,405.63,1349.1,0.98,1,1
LJ500_R063_C060,691250,9532750,2022,9,2022-09,1462.4,11.93,-0.4515,0.4791,218.98,149.96,1,1,1
LJ500_R064_C084,703250,9533250,2022,9,2022-09,2137.52,30.81,-0.2795,-0.3455,2306.51,3314.27,0.98,1,1
LJ500_R069_C057,689750,9535750,2022,9,2022-09,1674.64,17.62,0.158,0.7977,171.42,204.83,1,1,1
LJ500_R072_C062,692250,9537250,2022,9,2022-09,1759.48,15.83,-0.3644,-0.3318,201.97,1616.78,0.98,1,1
LJ500_R072_C095,708750,9537250,2022,9,2022-09,3183.34,32.14,-0.4754,-0.6619,1438.8,9795.41,0.98,1,1
LJ500_R074_C074,698250,9538250,2022,9,2022-09,1687.7,20.17,-0.1469,0.1973,85.66,108.26,0.98,1,1
LJ500_R078_C076,699250,9540250,2022,9,2022-09,1880.36,25.63,-0.6187,-0.3901,596.71,471.43,1,1,1
LJ500_R079_C076,699250,9540750,2022,9,2022-09,1861.25,27.96,0.3676,-0.5134,301.62,392.49,0.98,1,1
LJ500_R093_C071,696750,9547750,2022,9,2022-09,2817.31,29.86,0.3248,0.8145,727.95,95.89,0.8908,1,1
LJ500_R093_C073,697750,9547750,2022,9,2022-09,2565.58,27.79,-0.5848,0.4706,560.42,701.3,1,1,1
LJ500_R096_C074,698250,9549250,2022,9,2022-09,2548.95,33.02,0.0113,0.5126,818.62,1012.15,0.98,1,1
LJ500_R098_C085,703750,9550250,2022,9,2022-09,2696.03,33.64,0.0175,-0.4423,2313.02,3316.3,1,1,1
LJ500_R101_C091,706750,9551750,2022,9,2022-09,3238.79,27.07,0.808,0.0962,,,1,0,0
LJ500_R106_C080,701250,9554250,2022,9,2022-09,2358.96,20.17,0.326,0.5763,428.26,544.68,0.9604,1,1
LJ500_R006_C075,698750,9504250,2022,10,2022-10,2966.8,32.63,0.2632,-0.2962,4872.37,6600.3,1,1,1
LJ500_R011_C068,695250,9506750,2022,10,2022-10,2659.94,30.27,-0.0363,0.4297,5517.25,9709.48,0.98,1,1
LJ500_R012_C055,688750,9507250,2022,10,2022-10,3052.69,28.6,0.7597,0.3549,3501.72,9900.1,1,1,1
LJ500_R020_C061,691750,9511250,2022,10,2022-10,2202.12,31.11,-0.1609,0.493,648.49,9060.31,1,1,1
LJ500_R033_C056,689250,9517750,2022,10,2022-10,2807.93,35.42,0.3321,-0.912,1969.79,2559.3,0.98,1,1
LJ500_R035_C085,703750,9518750,2022,10,2022-10,2248.49,27.35,-0.5781,0.6793,1551.74,1700.35,1,1,1
LJ500_R039_C072,697250,9520750,2022,10,2022-10,1630.72,19.18,0.1865,-0.5934,212.3,60.26,1,1,1
LJ500_R040_C060,691250,9521250,2022,10,2022-10,2175.31,33.88,0.8136,0.085,2924.04,3068.14,0.98,1,1
LJ500_R041_C061,691750,9521750,2022,10,2022-10,1815.86,32.96,0.8298,-0.2344,2224.86,2418.89,1,1,1
LJ500_R043_C058,690250,9522750,2022,10,2022-10,2231.05,30.27,0.2587,-0.661,2590.44,2334.7,0.98,1,1
LJ500_R045_C083,702750,9523750,2022,10,2022-10,1985.23,27.15,-0.6907,0.086,530.17,3670.15,0.98,1,1
LJ500_R046_C064,693250,9524250,2022,10,2022-10,1569.23,21.67,-0.4942,0.1351,114.11,180.73,0.98,1,1
LJ500_R048_C071,696750,9525250,2022,10,2022-10,1933.05,31,0.4044,0.164,1033.82,573.15,0.98,1,1
LJ500_R050_C095,708750,9526250,2022,10,2022-10,3225.82,22.89,0.1619,-0.3025,4675.03,8387.49,0.98,1,1
LJ500_R056_C049,685750,9529250,2022,10,2022-10,2241.43,27.1,-0.1362,-0.4498,3214.46,2973.21,1,1,1
LJ500_R058_C079,700750,9530250,2022,10,2022-10,2083.35,25.85,-0.5755,-0.7355,405.63,1349.1,0.98,1,1
LJ500_R063_C060,691250,9532750,2022,10,2022-10,1462.4,11.93,-0.4515,0.4791,218.98,149.96,1,1,1
LJ500_R064_C084,703250,9533250,2022,10,2022-10,2137.52,30.81,-0.2795,-0.3455,2306.51,3314.27,0.98,1,1
LJ500_R069_C057,689750,9535750,2022,10,2022-10,1674.64,17.62,0.158,0.7977,171.42,204.83,1,1,1
LJ500_R072_C062,692250,9537250,2022,10,2022-10,1759.48,15.83,-0.3644,-0.3318,201.97,1616.78,0.98,1,1
LJ500_R072_C095,708750,9537250,2022,10,2022-10,3183.34,32.14,-0.4754,-0.6619,1438.8,9795.41,0.98,1,1
LJ500_R074_C074,698250,9538250,2022,10,2022-10,1687.7,20.17,-0.1469,0.1973,85.66,108.26,0.98,1,1
LJ500_R078_C076,699250,9540250,2022,10,2022-10,1880.36,25.63,-0.6187,-0.3901,596.71,471.43,1,1,1
LJ500_R079_C076,699250,9540750,2022,10,2022-10,1861.25,27.96,0.3676,-0.5134,301.62,392.49,0.98,1,1
LJ500_R093_C071,696750,9547750,2022,10,2022-10,2817.31,29.86,0.3248,0.8145,727.95,95.89,0.8908,1,1
LJ500_R093_C073,697750,9547750,2022,10,2022-10,2565.58,27.79,-0.5848,0.4706,560.42,701.3,1,1,1
LJ500_R096_C074,698250,9549250,2022,10,2022-10,2548.95,33.02,0.0113,0.5126,818.62,1012.15,0.98,1,1
LJ500_R098_C085,703750,9550250,2022,10,2022-10,2696.03,33.64,0.0175,-0.4423,2313.02,3316.3,1,1,1
LJ500_R101_C091,706750,9551750,2022,10,2022-10,3238.79,27.07,0.808,0.0962,,,1,0,0
LJ500_R106_C080,701250,9554250,2022,10,2022-10,2358.96,20.17,0.326,0.5763,428.26,544.68,0.9604,1,1
LJ500_R006_C075,698750,9504250,2022,11,2022-11,2966.8,32.63,0.2632,-0.2962,4872.37,6600.3,1,1,1
LJ500_R011_C068,695250,9506750,2022,11,2022-11,2659.94,30.27,-0.0363,0.4297,5517.25,9709.48,0.98,1,1
LJ500_R012_C055,688750,9507250,2022,11,2022-11,3052.69,28.6,0.7597,0.3549,3501.72,9900.1,1,1,1
LJ500_R020_C061,691750,9511250,2022,11,2022-11,2202.12,31.11,-0.1609,0.493,648.49,9060.31,1,1,1
LJ500_R033_C056,689250,9517750,2022,11,2022-11,2807.93,35.42,0.3321,-0.912,1969.79,2559.3,0.98,1,1
LJ500_R035_C085,703750,9518750,2022,11,2022-11,2248.49,27.35,-0.5781,0.6793,1551.74,1700.35,1,1,1
LJ500_R039_C072,697250,9520750,2022,11,2022-11,1630.72,19.18,0.1865,-0.5934,212.3,60.26,1,1,1
LJ500_R040_C060,691250,9521250,2022,11,2022-11,2175.31,33.88,0.8136,0.085,2924.04,3068.14,0.98,1,1
LJ500_R041_C061,691750,9521750,2022,11,2022-11,1815.86,32.96,0.8298,-0.2344,2224.86,2418.89,1,1,1
LJ500_R043_C058,690250,9522750,2022,11,2022-11,2231.05,30.27,0.2587,-0.661,2590.44,2334.7,0.98,1,1
LJ500_R045_C083,702750,9523750,2022,11,2022-11,1985.23,27.15,-0.6907,0.086,530.17,3670.15,0.98,1,1
LJ500_R046_C064,693250,9524250,2022,11,2022-11,1569.23,21.67,-0.4942,0.1351,114.11,180.73,0.98,1,1
LJ500_R048_C071,696750,9525250,2022,11,2022-11,1933.05,31,0.4044,0.164,1033.82,573.15,0.98,1,1
LJ500_R050_C095,708750,9526250,2022,11,2022-11,3225.82,22.89,0.1619,-0.3025,4675.03,8387.49,0.98,1,1
LJ500_R056_C049,685750,9529250,2022,11,2022-11,2241.43,27.1,-0.1362,-0.4498,3214.46,2973.21,1,1,1
LJ500_R058_C079,700750,9530250,2022,11,2022-11,2083.35,25.85,-0.5755,-0.7355,405.63,1349.1,0.98,1,1
LJ500_R063_C060,691250,9532750,2022,11,2022-11,1462.4,11.93,-0.4515,0.4791,218.98,149.96,1,1,1
LJ500_R064_C084,703250,9533250,2022,11,2022-11,2137.52,30.81,-0.2795,-0.3455,2306.51,3314.27,0.98,1,1
LJ500_R069_C057,689750,9535750,2022,11,2022-11,1674.64,17.62,0.158,0.7977,171.42,204.83,1,1,1
LJ500_R072_C062,692250,9537250,2022,11,2022-11,1759.48,15.83,-0.3644,-0.3318,201.97,1616.78,0.98,1,1
LJ500_R072_C095,708750,9537250,2022,11,2022-11,3183.34,32.14,-0.4754,-0.6619,1438.8,9795.41,0.98,1,1
LJ500_R074_C074,698250,9538250,2022,11,2022-11,1687.7,20.17,-0.1469,0.1973,85.66,108.26,0.98,1,1
LJ500_R078_C076,699250,9540250,2022,11,2022-11,1880.36,25.63,-0.6187,-0.3901,596.71,471.43,1,1,1
LJ500_R079_C076,699250,9540750,2022,11,2022-11,1861.25,27.96,0.3676,-0.5134,301.62,392.49,0.98,1,1
LJ500_R093_C071,696750,9547750,2022,11,2022-11,2817.31,29.86,0.3248,0.8145,727.95,95.89,0.8908,1,1
LJ500_R093_C073,697750,9547750,2022,11,2022-11,2565.58,27.79,-0.5848,0.4706,560.42,701.3,1,1,1
LJ500_R096_C074,698250,9549250,2022,11,2022-11,2548.95,33.02,0.0113,0.5126,818.62,1012.15,0.98,1,1
LJ500_R098_C085,703750,9550250,2022,11,2022-11,2696.03,33.64,0.0175,-0.4423,2313.02,3316.3,1,1,1
LJ500_R101_C091,706750,9551750,2022,11,2022-11,3238.79,27.07,0.808,0.0962,,,1,0,0
LJ500_R106_C080,701250,9554250,2022,11,2022-11,2358.96,20.17,0.326,0.5763,428.26,544.68,0.9604,1,1
LJ500_R006_C075,698750,9504250,2022,12,2022-12,2966.8,32.63,0.2632,-0.2962,4872.37,6600.3,1,1,1
LJ500_R011_C068,695250,9506750,2022,12,2022-12,2659.94,30.27,-0.0363,0.4297,5517.25,9709.48,0.98,1,1
LJ500_R012_C055,688750,9507250,2022,12,2022-12,3052.69,28.6,0.7597,0.3549,3501.72,9900.1,1,1,1
LJ500_R020_C061,691750,9511250,2022,12,2022-12,2202.12,31.11,-0.1609,0.493,648.49,9060.31,1,1,1
LJ500_R033_C056,689250,9517750,2022,12,2022-12,2807.93,35.42,0.3321,-0.912,1969.79,2559.3,0.98,1,1
LJ500_R035_C085,703750,9518750,2022,12,2022-12,2248.49,27.35,-0.5781,0.6793,1551.74,1700.35,1,1,1
LJ500_R039_C072,697250,9520750,2022,12,2022-12,1630.72,19.18,0.1865,-0.5934,212.3,60.26,1,1,1
LJ500_R040_C060,691250,9521250,2022,12,2022-12,2175.31,33.88,0.8136,0.085,2924.04,3068.14,0.98,1,1
LJ500_R041_C061,691750,9521750,2022,12,2022-12,1815.86,32.96,0.8298,-0.2344,2224.86,2418.89,1,1,1
LJ500_R043_C058,690250,9522750,2022,12,2022-12,2231.05,30.27,0.2587,-0.661,2590.44,2334.7,0.98,1,1
LJ500_R045_C083,702750,9523750,2022,12,2022-12,1985.23,27.15,-0.6907,0.086,530.17,3670.15,0.98,1,1
LJ500_R046_C064,693250,9524250,2022,12,2022-12,1569.23,21.67,-0.4942,0.1351,114.11,180.73,0.98,1,1
LJ500_R048_C071,696750,9525250,2022,12,2022-12,1933.05,31,0.4044,0.164,1033.82,573.15,0.98,1,1
LJ500_R050_C095,708750,9526250,2022,12,2022-12,3225.82,22.89,0.1619,-0.3025,4675.03,8387.49,0.98,1,1
LJ500_R056_C049,685750,9529250,2022,12,2022-12,2241.43,27.1,-0.1362,-0.4498,3214.46,2973.21,1,1,1
LJ500_R058_C079,700750,9530250,2022,12,2022-12,2083.35,25.85,-0.5755,-0.7355,405.63,1349.1,0.98,1,1
LJ500_R063_C060,691250,9532750,2022,12,2022-12,1462.4,11.93,-0.4515,0.4791,218.98,149.96,1,1,1
LJ500_R064_C084,703250,9533250,2022,12,2022-12,2137.52,30.81,-0.2795,-0.3455,2306.51,3314.27,0.98,1,1
LJ500_R069_C057,689750,9535750,2022,12,2022-12,1674.64,17.62,0.158,0.7977,171.42,204.83,1,1,1
LJ500_R072_C062,692250,9537250,2022,12,2022-12,1759.48,15.83,-0.3644,-0.3318,201.97,1616.78,0.98,1,1
LJ500_R072_C095,708750,9537250,2022,12,2022-12,3183.34,32.14,-0.4754,-0.6619,1438.8,9795.41,0.98,1,1
LJ500_R074_C074,698250,9538250,2022,12,2022-12,1687.7,20.17,-0.1469,0.1973,85.66,108.26,0.98,1,1
LJ500_R078_C076,699250,9540250,2022,12,2022-12,1880.36,25.63,-0.6187,-0.3901,596.71,471.43,1,1,1
LJ500_R079_C076,699250,9540750,2022,12,2022-12,1861.25,27.96,0.3676,-0.5134,301.62,392.49,0.98,1,1
LJ500_R093_C071,696750,9547750,2022,12,2022-12,2817.31,29.86,0.3248,0.8145,727.95,95.89,0.8908,1,1
LJ500_R093_C073,697750,9547750,2022,12,2022-12,2565.58,27.79,-0.5848,0.4706,560.42,701.3,1,1,1
LJ500_R096_C074,698250,9549250,2022,12,2022-12,2548.95,33.02,0.0113,0.5126,818.62,1012.15,0.98,1,1
LJ500_R098_C085,703750,9550250,2022,12,2022-12,2696.03,33.64,0.0175,-0.4423,2313.02,3316.3,1,1,1
LJ500_R101_C091,706750,9551750,2022,12,2022-12,3238.79,27.07,0.808,0.0962,,,1,0,0
LJ500_R106_C080,701250,9554250,2022,12,2022-12,2358.96,20.17,0.326,0.5763,428.26,544.68,0.9604,1,1
LJ500_R006_C075,698750,9504250,2023,1,2023-01,2966.8,32.63,0.2632,-0.2962,4872.37,6600.3,1,1,1
LJ500_R011_C068,695250,9506750,2023,1,2023-01,2659.94,30.27,-0.0363,0.4297,5517.25,9709.48,0.98,1,1
LJ500_R012_C055,688750,9507250,2023,1,2023-01,3052.69,28.6,0.7597,0.3549,3501.72,9900.1,1,1,1
LJ500_R020_C061,691750,9511250,2023,1,2023-01,2202.12,31.11,-0.1609,0.493,648.49,9060.31,1,1,1
LJ500_R033_C056,689250,9517750,2023,1,2023-01,2807.93,35.42,0.3321,-0.912,1969.79,2559.3,0.98,1,1
LJ500_R035_C085,703750,9518750,2023,1,2023-01,2248.49,27.35,-0.5781,0.6793,1551.74,1700.35,1,1,1
LJ500_R039_C072,697250,9520750,2023,1,2023-01,1630.72,19.18,0.1865,-0.5934,212.3,60.26,1,1,1
LJ500_R040_C060,691250,9521250,2023,1,2023-01,2175.31,33.88,0.8136,0.085,2924.04,3068.14,0.98,1,1
LJ500_R041_C061,691750,9521750,2023,1,2023-01,1815.86,32.96,0.8298,-0.2344,2224.86,2418.89,1,1,1
LJ500_R043_C058,690250,9522750,2023,1,2023-01,2231.05,30.27,0.2587,-0.661,2590.44,2334.7,0.98,1,1
LJ500_R045_C083,702750,9523750,2023,1,2023-01,1985.23,27.15,-0.6907,0.086,530.17,3670.15,0.98,1,1
LJ500_R046_C064,693250,9524250,2023,1,2023-01,1569.23,21.67,-0.4942,0.1351,114.11,180.73,0.98,1,1
LJ500_R048_C071,696750,9525250,2023,1,2023-01,1933.05,31,0.4044,0.164,1033.82,573.15,0.98,1,1
LJ500_R050_C095,708750,9526250,2023,1,2023-01,3225.82,22.89,0.1619,-0.3025,4675.03,8387.49,0.98,1,1
LJ500_R056_C049,685750,9529250,2023,1,2023-01,2241.43,27.1,-0.1362,-0.4498,3214.46,2973.21,1,1,1
LJ500_R058_C079,700750,9530250,2023,1,2023-01,2083.35,25.85,-0.5755,-0.7355,405.63,1349.1,0.98,1,1
LJ500_R063_C060,691250,9532750,2023,1,2023-01,1462.4,11.93,-0.4515,0.4791,218.98,149.96,1,1,1
LJ500_R064_C084,703250,9533250,2023,1,2023-01,2137.52,30.81,-0.2795,-0.3455,2306.51,3314.27,0.98,1,1
LJ500_R069_C057,689750,9535750,2023,1,2023-01,1674.64,17.62,0.158,0.7977,171.42,204.83,1,1,1
LJ500_R072_C062,692250,9537250,2023,1,2023-01,1759.48,15.83,-0.3644,-0.3318,201.97,1616.78,0.98,1,1
LJ500_R072_C095,708750,9537250,2023,1,2023-01,3183.34,32.14,-0.4754,-0.6619,1438.8,9795.41,0.98,1,1
LJ500_R074_C074,698250,9538250,2023,1,2023-01,1687.7,20.17,-0.1469,0.1973,85.66,108.26,0.98,1,1
LJ500_R078_C076,699250,9540250,2023,1,2023-01,1880.36,25.63,-0.6187,-0.3901,596.71,471.43,1,1,1
LJ500_R079_C076,699250,9540750,2023,1,2023-01,1861.25,27.96,0.3676,-0.5134,301.62,392.49,0.98,1,1
LJ500_R093_C071,696750,9547750,2023,1,2023-01,2817.31,29.86,0.3248,0.8145,727.95,95.89,0.8908,1,1
LJ500_R093_C073,697750,9547750,2023,1,2023-01,2565.58,27.79,-0.5848,0.4706,560.42,701.3,1,1,1
LJ500_R096_C074,698250,9549250,2023,1,2023-01,2548.95,33.02,0.0113,0.5126,818.62,1012.15,0.98,1,1
LJ500_R098_C085,703750,9550250,2023,1,2023-01,2696.03,33.64,0.0175,-0.4423,2313.02,3316.3,1,1,1
LJ500_R101_C091,706750,9551750,2023,1,2023-01,3238.79,27.07,0.808,0.0962,,,1,0,0
LJ500_R106_C080,701250,9554250,2023,1,2023-01,2358.96,20.17,0.326,0.5763,428.26,544.68,0.9604,1,1
LJ500_R006_C075,698750,9504250,2023,2,2023-02,2966.8,32.63,0.2632,-0.2962,4872.37,6600.3,1,1,1
LJ500_R011_C068,695250,9506750,2023,2,2023-02,2659.94,30.27,-0.0363,0.4297,5517.25,9709.48,0.98,1,1
LJ500_R012_C055,688750,9507250,2023,2,2023-02,3052.69,28.6,0.7597,0.3549,3501.72,9900.1,1,1,1
LJ500_R020_C061,691750,9511250,2023,2,2023-02,2202.12,31.11,-0.1609,0.493,648.49,9060.31,1,1,1
LJ500_R033_C056,689250,9517750,2023,2,2023-02,2807.93,35.42,0.3321,-0.912,1969.79,2559.3,0.98,1,1
LJ500_R035_C085,703750,9518750,2023,2,2023-02,2248.49,27.35,-0.5781,0.6793,1551.74,1700.35,1,1,1
LJ500_R039_C072,697250,9520750,2023,2,2023-02,1630.72,19.18,0.1865,-0.5934,212.3,60.26,1,1,1
LJ500_R040_C060,691250,9521250,2023,2,2023-02,2175.31,33.88,0.8136,0.085,2924.04,3068.14,0.98,1,1
LJ500_R041_C061,691750,9521750,2023,2,2023-02,1815.86,32.96,0.8298,-0.2344,2224.86,2418.89,1,1,1
LJ500_R043_C058,690250,9522750,2023,2,2023-02,2231.05,30.27,0.2587,-0.661,2590.44,2334.7,0.98,1,1
LJ500_R045_C083,702750,9523750,2023,2,2023-02,1985.23,27.15,-0.6907,0.086,530.17,3670.15,0.98,1,1
LJ500_R046_C064,693250,9524250,2023,2,2023-02,1569.23,21.67,-0.4942,0.1351,114.11,180.73,0.98,1,1
LJ500_R048_C071,696750,9525250,2023,2,2023-02,1933.05,31,0.4044,0.164,1033.82,573.15,0.98,1,1
LJ500_R050_C095,708750,9526250,2023,2,2023-02,3225.82,22.89,0.1619,-0.3025,4675.03,8387.49,0.98,1,1
LJ500_R056_C049,685750,9529250,2023,2,2023-02,2241.43,27.1,-0.1362,-0.4498,3214.46,2973.21,1,1,1
LJ500_R058_C079,700750,9530250,2023,2,2023-02,2083.35,25.85,-0.5755,-0.7355,405.63,1349.1,0.98,1,1
LJ500_R063_C060,691250,9532750,2023,2,2023-02,1462.4,11.93,-0.4515,0.4791,218.98,149.96,1,1,1
LJ500_R064_C084,703250,9533250,2023,2,2023-02,2137.52,30.81,-0.2795,-0.3455,2306.51,3314.27,0.98,1,1
LJ500_R069_C057,689750,9535750,2023,2,2023-02,1674.64,17.62,0.158,0.7977,171.42,204.83,1,1,1
LJ500_R072_C062,692250,9537250,2023,2,2023-02,1759.48,15.83,-0.3644,-0.3318,201.97,1616.78,0.98,1,1
LJ500_R072_C095,708750,9537250,2023,2,2023-02,3183.34,32.14,-0.4754,-0.6619,1438.8,9795.41,0.98,1,1
LJ500_R074_C074,698250,9538250,2023,2,2023-02,1687.7,20.17,-0.1469,0.1973,85.66,108.26,0.98,1,1
LJ500_R078_C076,699250,9540250,2023,2,2023-02,1880.36,25.63,-0.6187,-0.3901,596.71,471.43,1,1,1
LJ500_R079_C076,699250,9540750,2023,2,2023-02,1861.25,27.96,0.3676,-0.5134,301.62,392.49,0.98,1,1
LJ500_R093_C071,696750,9547750,2023,2,2023-02,2817.31,29.86,0.3248,0.8145,727.95,95.89,0.8908,1,1
LJ500_R093_C073,697750,9547750,2023,2,2023-02,2565.58,27.79,-0.5848,0.4706,560.42,701.3,1,1,1
LJ500_R096_C074,698250,9549250,2023,2,2023-02,2548.95,33.02,0.0113,0.5126,818.62,1012.15,0.98,1,1
LJ500_R098_C085,703750,9550250,2023,2,2023-02,2696.03,33.64,0.0175,-0.4423,2313.02,3316.3,1,1,1
LJ500_R101_C091,706750,9551750,2023,2,2023-02,3238.79,27.07,0.808,0.0962,,,1,0,0
LJ500_R106_C080,701250,9554250,2023,2,2023-02,2358.96,20.17,0.326,0.5763,428.26,544.68,0.9604,1,1
LJ500_R006_C075,698750,9504250,2023,3,2023-03,2966.8,32.63,0.2632,-0.2962,4872.37,6600.3,1,1,1
LJ500_R011_C068,695250,9506750,2023,3,2023-03,2659.94,30.27,-0.0363,0.4297,5517.25,9709.48,0.98,1,1
LJ500_R012_C055,688750,9507250,2023,3,2023-03,3052.69,28.6,0.7597,0.3549,3501.72,9900.1,1,1,1
LJ500_R020_C061,691750,9511250,2023,3,2023-03,2202.12,31.11,-0.1609,0.493,648.49,9060.31,1,1,1
LJ500_R033_C056,689250,9517750,2023,3,2023-03,2807.93,35.42,0.3321,-0.912,1969.79,2559.3,0.98,1,1
LJ500_R035_C085,703750,9518750,2023,3,2023-03,2248.49,27.35,-0.5781,0.6793,1551.74,1700.35,1,1,1
LJ500_R039_C072,697250,9520750,2023,3,2023-03,1630.72,19.18,0.1865,-0.5934,212.3,60.26,1,1,1
LJ500_R040_C060,691250,9521250,2023,3,2023-03,2175.31,33.88,0.8136,0.085,2924.04,3068.14,0.98,1,1
LJ500_R041_C061,691750,9521750,2023,3,2023-03,1815.86,32.96,0.8298,-0.2344,2224.86,2418.89,1,1,1
LJ500_R043_C058,690250,9522750,2023,3,2023-03,2231.05,30.27,0.2587,-0.661,2590.44,2334.7,0.98,1,1
LJ500_R045_C083,702750,9523750,2023,3,2023-03,1985.23,27.15,-0.6907,0.086,530.17,3670.15,0.98,1,1
LJ500_R046_C064,693250,9524250,2023,3,2023-03,1569.23,21.67,-0.4942,0.1351,114.11,180.73,0.98,1,1
LJ500_R048_C071,696750,9525250,2023,3,2023-03,1933.05,31,0.4044,0.164,1033.82,573.15,0.98,1,1
LJ500_R050_C095,708750,9526250,2023,3,2023-03,3225.82,22.89,0.1619,-0.3025,4675.03,8387.49,0.98,1,1
LJ500_R056_C049,685750,9529250,2023,3,2023-03,2241.43,27.1,-0.1362,-0.4498,3214.46,2973.21,1,1,1
LJ500_R058_C079,700750,9530250,2023,3,2023-03,2083.35,25.85,-0.5755,-0.7355,405.63,1349.1,0.98,1,1
LJ500_R063_C060,691250,9532750,2023,3,2023-03,1462.4,11.93,-0.4515,0.4791,218.98,149.96,1,1,1
LJ500_R064_C084,703250,9533250,2023,3,2023-03,2137.52,30.81,-0.2795,-0.3455,2306.51,3314.27,0.98,1,1
LJ500_R069_C057,689750,9535750,2023,3,2023-03,1674.64,17.62,0.158,0.7977,171.42,204.83,1,1,1
LJ500_R072_C062,692250,9537250,2023,3,2023-03,1759.48,15.83,-0.3644,-0.3318,201.97,1616.78,0.98,1,1
LJ500_R072_C095,708750,9537250,2023,3,2023-03,3183.34,32.14,-0.4754,-0.6619,1438.8,9795.41,0.98,1,1
LJ500_R074_C074,698250,9538250,2023,3,2023-03,1687.7,20.17,-0.1469,0.1973,85.66,108.26,0.98,1,1
LJ500_R078_C076,699250,9540250,2023,3,2023-03,1880.36,25.63,-0.6187,-0.3901,596.71,471.43,1,1,1
LJ500_R079_C076,699250,9540750,2023,3,2023-03,1861.25,27.96,0.3676,-0.5134,301.62,392.49,0.98,1,1
LJ500_R093_C071,696750,9547750,2023,3,2023-03,2817.31,29.86,0.3248,0.8145,727.95,95.89,0.8908,1,1
LJ500_R093_C073,697750,9547750,2023,3,2023-03,2565.58,27.79,-0.5848,0.4706,560.42,701.3,1,1,1
LJ500_R096_C074,698250,9549250,2023,3,2023-03,2548.95,33.02,0.0113,0.5126,818.62,1012.15,0.98,1,1
LJ500_R098_C085,703750,9550250,2023,3,2023-03,2696.03,33.64,0.0175,-0.4423,2313.02,3316.3,1,1,1
LJ500_R101_C091,706750,9551750,2023,3,2023-03,3238.79,27.07,0.808,0.0962,,,1,0,0
LJ500_R106_C080,701250,9554250,2023,3,2023-03,2358.96,20.17,0.326,0.5763,428.26,544.68,0.9604,1,1
LJ500_R006_C075,698750,9504250,2023,4,2023-04,2966.8,32.63,0.2632,-0.2962,4872.37,6600.3,1,1,1
LJ500_R011_C068,695250,9506750,2023,4,2023-04,2659.94,30.27,-0.0363,0.4297,5517.25,9709.48,0.98,1,1
LJ500_R012_C055,688750,9507250,2023,4,2023-04,3052.69,28.6,0.7597,0.3549,3501.72,9900.1,1,1,1
LJ500_R020_C061,691750,9511250,2023,4,2023-04,2202.12,31.11,-0.1609,0.493,648.49,9060.31,1,1,1
LJ500_R033_C056,689250,9517750,2023,4,2023-04,2807.93,35.42,0.3321,-0.912,1969.79,2559.3,0.98,1,1
LJ500_R035_C085,703750,9518750,2023,4,2023-04,2248.49,27.35,-0.5781,0.6793,1551.74,1700.35,1,1,1
LJ500_R039_C072,697250,9520750,2023,4,2023-04,1630.72,19.18,0.1865,-0.5934,212.3,60.26,1,1,1
LJ500_R040_C060,691250,9521250,2023,4,2023-04,2175.31,33.88,0.8136,0.085,2924.04,3068.14,0.98,1,1
LJ500_R041_C061,691750,9521750,2023,4,2023-04,1815.86,32.96,0.8298,-0.2344,2224.86,2418.89,1,1,1
LJ500_R043_C058,690250,9522750,2023,4,2023-04,2231.05,30.27,0.2587,-0.661,2590.44,2334.7,0.98,1,1
LJ500_R045_C083,702750,9523750,2023,4,2023-04,1985.23,27.15,-0.6907,0.086,530.17,3670.15,0.98,1,1
LJ500_R046_C064,693250,9524250,2023,4,2023-04,1569.23,21.67,-0.4942,0.1351,114.11,180.73,0.98,1,1
LJ500_R048_C071,696750,9525250,2023,4,2023-04,1933.05,31,0.4044,0.164,1033.82,573.15,0.98,1,1
LJ500_R050_C095,708750,9526250,2023,4,2023-04,3225.82,22.89,0.1619,-0.3025,4675.03,8387.49,0.98,1,1
LJ500_R056_C049,685750,9529250,2023,4,2023-04,2241.43,27.1,-0.1362,-0.4498,3214.46,2973.21,1,1,1
LJ500_R058_C079,700750,9530250,2023,4,2023-04,2083.35,25.85,-0.5755,-0.7355,405.63,1349.1,0.98,1,1
LJ500_R063_C060,691250,9532750,2023,4,2023-04,1462.4,11.93,-0.4515,0.4791,218.98,149.96,1,1,1
LJ500_R064_C084,703250,9533250,2023,4,2023-04,2137.52,30.81,-0.2795,-0.3455,2306.51,3314.27,0.98,1,1
LJ500_R069_C057,689750,9535750,2023,4,2023-04,1674.64,17.62,0.158,0.7977,171.42,204.83,1,1,1
LJ500_R072_C062,692250,9537250,2023,4,2023-04,1759.48,15.83,-0.3644,-0.3318,201.97,1616.78,0.98,1,1
LJ500_R072_C095,708750,9537250,2023,4,2023-04,3183.34,32.14,-0.4754,-0.6619,1438.8,9795.41,0.98,1,1
LJ500_R074_C074,698250,9538250,2023,4,2023-04,1687.7,20.17,-0.1469,0.1973,85.66,108.26,0.98,1,1
LJ500_R078_C076,699250,9540250,2023,4,2023-04,1880.36,25.63,-0.6187,-0.3901,596.71,471.43,1,1,1
LJ500_R079_C076,699250,9540750,2023,4,2023-04,1861.25,27.96,0.3676,-0.5134,301.62,392.49,0.98,1,1
LJ500_R093_C071,696750,9547750,2023,4,2023-04,2817.31,29.86,0.3248,0.8145,727.95,95.89,0.8908,1,1
LJ500_R093_C073,697750,9547750,2023,4,2023-04,2565.58,27.79,-0.5848,0.4706,560.42,701.3,1,1,1
LJ500_R096_C074,698250,9549250,2023,4,2023-04,2548.95,33.02,0.0113,0.5126,818.62,1012.15,0.98,1,1
LJ500_R098_C085,703750,9550250,2023,4,2023-04,2696.03,33.64,0.0175,-0.4423,2313.02,3316.3,1,1,1
LJ500_R101_C091,706750,9551750,2023,4,2023-04,3238.79,27.07,0.808,0.0962,,,1,0,0
LJ500_R106_C080,701250,9554250,2023,4,2023-04,2358.96,20.17,0.326,0.5763,428.26,544.68,0.9604,1,1
LJ500_R006_C075,698750,9504250,2023,5,2023-05,2966.8,32.63,0.2632,-0.2962,4872.37,6600.3,1,1,1
LJ500_R011_C068,695250,9506750,2023,5,2023-05,2659.94,30.27,-0.0363,0.4297,5517.25,9709.48,0.98,1,1
LJ500_R012_C055,688750,9507250,2023,5,2023-05,3052.69,28.6,0.7597,0.3549,3501.72,9900.1,1,1,1
LJ500_R020_C061,691750,9511250,2023,5,2023-05,2202.12,31.11,-0.1609,0.493,648.49,9060.31,1,1,1
LJ500_R033_C056,689250,9517750,2023,5,2023-05,2807.93,35.42,0.3321,-0.912,1969.79,2559.3,0.98,1,1
LJ500_R035_C085,703750,9518750,2023,5,2023-05,2248.49,27.35,-0.5781,0.6793,1551.74,1700.35,1,1,1
LJ500_R039_C072,697250,9520750,2023,5,2023-05,1630.72,19.18,0.1865,-0.5934,212.3,60.26,1,1,1
LJ500_R040_C060,691250,9521250,2023,5,2023-05,2175.31,33.88,0.8136,0.085,2924.04,3068.14,0.98,1,1
LJ500_R041_C061,691750,9521750,2023,5,2023-05,1815.86,32.96,0.8298,-0.2344,2224.86,2418.89,1,1,1
LJ500_R043_C058,690250,9522750,2023,5,2023-05,2231.05,30.27,0.2587,-0.661,2590.44,2334.7,0.98,1,1
LJ500_R045_C083,702750,9523750,2023,5,2023-05,1985.23,27.15,-0.6907,0.086,530.17,3670.15,0.98,1,1
LJ500_R046_C064,693250,9524250,2023,5,2023-05,1569.23,21.67,-0.4942,0.1351,114.11,180.73,0.98,1,1
LJ500_R048_C071,696750,9525250,2023,5,2023-05,1933.05,31,0.4044,0.164,1033.82,573.15,0.98,1,1
LJ500_R050_C095,708750,9526250,2023,5,2023-05,3225.82,22.89,0.1619,-0.3025,4675.03,8387.49,0.98,1,1
LJ500_R056_C049,685750,9529250,2023,5,2023-05,2241.43,27.1,-0.1362,-0.4498,3214.46,2973.21,1,1,1
LJ500_R058_C079,700750,9530250,2023,5,2023-05,2083.35,25.85,-0.5755,-0.7355,405.63,1349.1,0.98,1,1
LJ500_R063_C060,691250,9532750,2023,5,2023-05,1462.4,11.93,-0.4515,0.4791,218.98,149.96,1,1,1
LJ500_R064_C084,703250,9533250,2023,5,2023-05,2137.52,30.81,-0.2795,-0.3455,2306.51,3314.27,0.98,1,1
LJ500_R069_C057,689750,9535750,2023,5,2023-05,1674.64,17.62,0.158,0.7977,171.42,204.83,1,1,1
LJ500_R072_C062,692250,9537250,2023,5,2023-05,1759.48,15.83,-0.3644,-0.3318,201.97,1616.78,0.98,1,1
LJ500_R072_C095,708750,9537250,2023,5,2023-05,3183.34,32.14,-0.4754,-0.6619,1438.8,9795.41,0.98,1,1
LJ500_R074_C074,698250,9538250,2023,5,2023-05,1687.7,20.17,-0.1469,0.1973,85.66,108.26,0.98,1,1
LJ500_R078_C076,699250,9540250,2023,5,2023-05,1880.36,25.63,-0.6187,-0.3901,596.71,471.43,1,1,1
LJ500_R079_C076,699250,9540750,2023,5,2023-05,1861.25,27.96,0.3676,-0.5134,301.62,392.49,0.98,1,1
LJ500_R093_C071,696750,9547750,2023,5,2023-05,2817.31,29.86,0.3248,0.8145,727.95,95.89,0.8908,1,1
LJ500_R093_C073,697750,9547750,2023,5,2023-05,2565.58,27.79,-0.5848,0.4706,560.42,701.3,1,1,1
LJ500_R096_C074,698250,9549250,2023,5,2023-05,2548.95,33.02,0.0113,0.5126,818.62,1012.15,0.98,1,1
LJ500_R098_C085,703750,9550250,2023,5,2023-05,2696.03,33.64,0.0175,-0.4423,2313.02,3316.3,1,1,1
LJ500_R101_C091,706750,9551750,2023,5,2023-05,3238.79,27.07,0.808,0.0962,,,1,0,0
LJ500_R106_C080,701250,9554250,2023,5,2023-05,2358.96,20.17,0.326,0.5763,428.26,544.68,0.9604,1,1
LJ500_R006_C075,698750,9504250,2023,6,2023-06,2966.8,32.63,0.2632,-0.2962,4872.37,6600.3,1,1,1
LJ500_R011_C068,695250,9506750,2023,6,2023-06,2659.94,30.27,-0.0363,0.4297,5517.25,9709.48,0.98,1,1
LJ500_R012_C055,688750,9507250,2023,6,2023-06,3052.69,28.6,0.7597,0.3549,3501.72,9900.1,1,1,1
LJ500_R020_C061,691750,9511250,2023,6,2023-06,2202.12,31.11,-0.1609,0.493,648.49,9060.31,1,1,1
LJ500_R033_C056,689250,9517750,2023,6,2023-06,2807.93,35.42,0.3321,-0.912,1969.79,2559.3,0.98,1,1
LJ500_R035_C085,703750,9518750,2023,6,2023-06,2248.49,27.35,-0.5781,0.6793,1551.74,1700.35,1,1,1
LJ500_R039_C072,697250,9520750,2023,6,2023-06,1630.72,19.18,0.1865,-0.5934,212.3,60.26,1,1,1
LJ500_R040_C060,691250,9521250,2023,6,2023-06,2175.31,33.88,0.8136,0.085,2924.04,3068.14,0.98,1,1
LJ500_R041_C061,691750,9521750,2023,6,2023-06,1815.86,32.96,0.8298,-0.2344,2224.86,2418.89,1,1,1
LJ500_R043_C058,690250,9522750,2023,6,2023-06,2231.05,30.27,0.2587,-0.661,2590.44,2334.7,0.98,1,1
LJ500_R045_C083,702750,9523750,2023,6,2023-06,1985.23,27.15,-0.6907,0.086,530.17,3670.15,0.98,1,1
LJ500_R046_C064,693250,9524250,2023,6,2023-06,1569.23,21.67,-0.4942,0.1351,114.11,180.73,0.98,1,1
LJ500_R048_C071,696750,9525250,2023,6,2023-06,1933.05,31,0.4044,0.164,1033.82,573.15,0.98,1,1
LJ500_R050_C095,708750,9526250,2023,6,2023-06,3225.82,22.89,0.1619,-0.3025,4675.03,8387.49,0.98,1,1
LJ500_R056_C049,685750,9529250,2023,6,2023-06,2241.43,27.1,-0.1362,-0.4498,3214.46,2973.21,1,1,1
LJ500_R058_C079,700750,9530250,2023,6,2023-06,2083.35,25.85,-0.5755,-0.7355,405.63,1349.1,0.98,1,1
LJ500_R063_C060,691250,9532750,2023,6,2023-06,1462.4,11.93,-0.4515,0.4791,218.98,149.96,1,1,1
LJ500_R064_C084,703250,9533250,2023,6,2023-06,2137.52,30.81,-0.2795,-0.3455,2306.51,3314.27,0.98,1,1
LJ500_R069_C057,689750,9535750,2023,6,2023-06,1674.64,17.62,0.158,0.7977,171.42,204.83,1,1,1
LJ500_R072_C062,692250,9537250,2023,6,2023-06,1759.48,15.83,-0.3644,-0.3318,201.97,1616.78,0.98,1,1
LJ500_R072_C095,708750,9537250,2023,6,2023-06,3183.34,32.14,-0.4754,-0.6619,1438.8,9795.41,0.98,1,1
LJ500_R074_C074,698250,9538250,2023,6,2023-06,1687.7,20.17,-0.1469,0.1973,85.66,108.26,0.98,1,1
LJ500_R078_C076,699250,9540250,2023,6,2023-06,1880.36,25.63,-0.6187,-0.3901,596.71,471.43,1,1,1
LJ500_R079_C076,699250,9540750,2023,6,2023-06,1861.25,27.96,0.3676,-0.5134,301.62,392.49,0.98,1,1
LJ500_R093_C071,696750,9547750,2023,6,2023-06,2817.31,29.86,0.3248,0.8145,727.95,95.89,0.8908,1,1
LJ500_R093_C073,697750,9547750,2023,6,2023-06,2565.58,27.79,-0.5848,0.4706,560.42,701.3,1,1,1
LJ500_R096_C074,698250,9549250,2023,6,2023-06,2548.95,33.02,0.0113,0.5126,818.62,1012.15,0.98,1,1
LJ500_R098_C085,703750,9550250,2023,6,2023-06,2696.03,33.64,0.0175,-0.4423,2313.02,3316.3,1,1,1
LJ500_R101_C091,706750,9551750,2023,6,2023-06,3238.79,27.07,0.808,0.0962,,,1,0,0
LJ500_R106_C080,701250,9554250,2023,6,2023-06,2358.96,20.17,0.326,0.5763,428.26,544.68,0.9604,1,1
LJ500_R006_C075,698750,9504250,2023,7,2023-07,2966.8,32.63,0.2632,-0.2962,4872.37,6600.3,1,1,1
LJ500_R011_C068,695250,9506750,2023,7,2023-07,2659.94,30.27,-0.0363,0.4297,5517.25,9709.48,0.98,1,1
LJ500_R012_C055,688750,9507250,2023,7,2023-07,3052.69,28.6,0.7597,0.3549,3501.72,9900.1,1,1,1
LJ500_R020_C061,691750,9511250,2023,7,2023-07,2202.12,31.11,-0.1609,0.493,648.49,9060.31,1,1,1
LJ500_R033_C056,689250,9517750,2023,7,2023-07,2807.93,35.42,0.3321,-0.912,1969.79,2559.3,0.98,1,1
LJ500_R035_C085,703750,9518750,2023,7,2023-07,2248.49,27.35,-0.5781,0.6793,1551.74,1700.35,1,1,1
LJ500_R039_C072,697250,9520750,2023,7,2023-07,1630.72,19.18,0.1865,-0.5934,212.3,60.26,1,1,1
LJ500_R040_C060,691250,9521250,2023,7,2023-07,2175.31,33.88,0.8136,0.085,2924.04,3068.14,0.98,1,1
LJ500_R041_C061,691750,9521750,2023,7,2023-07,1815.86,32.96,0.8298,-0.2344,2224.86,2418.89,1,1,1
LJ500_R043_C058,690250,9522750,2023,7,2023-07,2231.05,30.27,0.2587,-0.661,2590.44,2334.7,0.98,1,1
LJ500_R045_C083,702750,9523750,2023,7,2023-07,1985.23,27.15,-0.6907,0.086,530.17,3670.15,0.98,1,1
LJ500_R046_C064,693250,9524250,2023,7,2023-07,1569.23,21.67,-0.4942,0.1351,114.11,180.73,0.98,1,1
LJ500_R048_C071,696750,9525250,2023,7,2023-07,1933.05,31,0.4044,0.164,1033.82,573.15,0.98,1,1
LJ500_R050_C095,708750,9526250,2023,7,2023-07,3225.82,22.89,0.1619,-0.3025,4675.03,8387.49,0.98,1,1
LJ500_R056_C049,685750,9529250,2023,7,2023-07,2241.43,27.1,-0.1362,-0.4498,3214.46,2973.21,1,1,1
LJ500_R058_C079,700750,9530250,2023,7,2023-07,2083.35,25.85,-0.5755,-0.7355,405.63,1349.1,0.98,1,1
LJ500_R063_C060,691250,9532750,2023,7,2023-07,1462.4,11.93,-0.4515,0.4791,218.98,149.96,1,1,1
LJ500_R064_C084,703250,9533250,2023,7,2023-07,2137.52,30.81,-0.2795,-0.3455,2306.51,3314.27,0.98,1,1
LJ500_R069_C057,689750,9535750,2023,7,2023-07,1674.64,17.62,0.158,0.7977,171.42,204.83,1,1,1
LJ500_R072_C062,692250,9537250,2023,7,2023-07,1759.48,15.83,-0.3644,-0.3318,201.97,1616.78,0.98,1,1
LJ500_R072_C095,708750,9537250,2023,7,2023-07,3183.34,32.14,-0.4754,-0.6619,1438.8,9795.41,0.98,1,1
LJ500_R074_C074,698250,9538250,2023,7,2023-07,1687.7,20.17,-0.1469,0.1973,85.66,108.26,0.98,1,1
LJ500_R078_C076,699250,9540250,2023,7,2023-07,1880.36,25.63,-0.6187,-0.3901,596.71,471.43,1,1,1
LJ500_R079_C076,699250,9540750,2023,7,2023-07,1861.25,27.96,0.3676,-0.5134,301.62,392.49,0.98,1,1
LJ500_R093_C071,696750,9547750,2023,7,2023-07,2817.31,29.86,0.3248,0.8145,727.95,95.89,0.8908,1,1
LJ500_R093_C073,697750,9547750,2023,7,2023-07,2565.58,27.79,-0.5848,0.4706,560.42,701.3,1,1,1
LJ500_R096_C074,698250,9549250,2023,7,2023-07,2548.95,33.02,0.0113,0.5126,818.62,1012.15,0.98,1,1
LJ500_R098_C085,703750,9550250,2023,7,2023-07,2696.03,33.64,0.0175,-0.4423,2313.02,3316.3,1,1,1
LJ500_R101_C091,706750,9551750,2023,7,2023-07,3238.79,27.07,0.808,0.0962,,,1,0,0
LJ500_R106_C080,701250,9554250,2023,7,2023-07,2358.96,20.17,0.326,0.5763,428.26,544.68,0.9604,1,1
LJ500_R006_C075,698750,9504250,2023,8,2023-08,2966.8,32.63,0.2632,-0.2962,4872.37,6600.3,1,1,1
LJ500_R011_C068,695250,9506750,2023,8,2023-08,2659.94,30.27,-0.0363,0.4297,5517.25,9709.48,0.98,1,1
LJ500_R012_C055,688750,9507250,2023,8,2023-08,3052.69,28.6,0.7597,0.3549,3501.72,9900.1,1,1,1
LJ500_R020_C061,691750,9511250,2023,8,2023-08,2202.12,31.11,-0.1609,0.493,648.49,9060.31,1,1,1
LJ500_R033_C056,689250,9517750,2023,8,2023-08,2807.93,35.42,0.3321,-0.912,1969.79,2559.3,0.98,1,1
LJ500_R035_C085,703750,9518750,2023,8,2023-08,2248.49,27.35,-0.5781,0.6793,1551.74,1700.35,1,1,1
LJ500_R039_C072,697250,9520750,2023,8,2023-08,1630.72,19.18,0.1865,-0.5934,212.3,60.26,1,1,1
LJ500_R040_C060,691250,9521250,2023,8,2023-08,2175.31,33.88,0.8136,0.085,2924.04,3068.14,0.98,1,1
LJ500_R041_C061,691750,9521750,2023,8,2023-08,1815.86,32.96,0.8298,-0.2344,2224.86,2418.89,1,1,1
LJ500_R043_C058,690250,9522750,2023,8,2023-08,2231.05,30.27,0.2587,-0.661,2590.44,2334.7,0.98,1,1
LJ500_R045_C083,702750,9523750,2023,8,2023-08,1985.23,27.15,-0.6907,0.086,530.17,3670.15,0.98,1,1
LJ500_R046_C064,693250,9524250,2023,8,2023-08,1569.23,21.67,-0.4942,0.1351,114.11,180.73,0.98,1,1
LJ500_R048_C071,696750,9525250,2023,8,2023-08,1933.05,31,0.4044,0.164,1033.82,573.15,0.98,1,1
LJ500_R050_C095,708750,9526250,2023,8,2023-08,3225.82,22.89,0.1619,-0.3025,4675.03,8387.49,0.98,1,1
LJ500_R056_C049,685750,9529250,2023,8,2023-08,2241.43,27.1,-0.1362,-0.4498,3214.46,2973.21,1,1,1
LJ500_R058_C079,700750,9530250,2023,8,2023-08,2083.35,25.85,-0.5755,-0.7355,405.63,1349.1,0.98,1,1
LJ500_R063_C060,691250,9532750,2023,8,2023-08,1462.4,11.93,-0.4515,0.4791,218.98,149.96,1,1,1
LJ500_R064_C084,703250,9533250,2023,8,2023-08,2137.52,30.81,-0.2795,-0.3455,2306.51,3314.27,0.98,1,1
LJ500_R069_C057,689750,9535750,2023,8,2023-08,1674.64,17.62,0.158,0.7977,171.42,204.83,1,1,1
LJ500_R072_C062,692250,9537250,2023,8,2023-08,1759.48,15.83,-0.3644,-0.3318,201.97,1616.78,0.98,1,1
LJ500_R072_C095,708750,9537250,2023,8,2023-08,3183.34,32.14,-0.4754,-0.6619,1438.8,9795.41,0.98,1,1
LJ500_R074_C074,698250,9538250,2023,8,2023-08,1687.7,20.17,-0.1469,0.1973,85.66,108.26,0.98,1,1
LJ500_R078_C076,699250,9540250,2023,8,2023-08,1880.36,25.63,-0.6187,-0.3901,596.71,471.43,1,1,1
LJ500_R079_C076,699250,9540750,2023,8,2023-08,1861.25,27.96,0.3676,-0.5134,301.62,392.49,0.98,1,1
LJ500_R093_C071,696750,9547750,2023,8,2023-08,2817.31,29.86,0.3248,0.8145,727.95,95.89,0.8908,1,1
LJ500_R093_C073,697750,9547750,2023,8,2023-08,2565.58,27.79,-0.5848,0.4706,560.42,701.3,1,1,1
LJ500_R096_C074,698250,9549250,2023,8,2023-08,2548.95,33.02,0.0113,0.5126,818.62,1012.15,0.98,1,1
LJ500_R098_C085,703750,9550250,2023,8,2023-08,2696.03,33.64,0.0175,-0.4423,2313.02,3316.3,1,1,1
LJ500_R101_C091,706750,9551750,2023,8,2023-08,3238.79,27.07,0.808,0.0962,,,1,0,0
LJ500_R106_C080,701250,9554250,2023,8,2023-08,2358.96,20.17,0.326,0.5763,428.26,544.68,0.9604,1,1
LJ500_R006_C075,698750,9504250,2023,9,2023-09,2966.8,32.63,0.2632,-0.2962,4872.37,6600.3,1,1,1
LJ500_R011_C068,695250,9506750,2023,9,2023-09,2659.94,30.27,-0.0363,0.4297,5517.25,9709.48,0.98,1,1
LJ500_R012_C055,688750,9507250,2023,9,2023-09,3052.69,28.6,0.7597,0.3549,3501.72,9900.1,1,1,1
LJ500_R020_C061,691750,9511250,2023,9,2023-09,2202.12,31.11,-0.1609,0.493,648.49,9060.31,1,1,1
LJ500_R033_C056,689250,9517750,2023,9,2023-09,2807.93,35.42,0.3321,-0.912,1969.79,2559.3,0.98,1,1
LJ500_R035_C085,703750,9518750,2023,9,2023-09,2248.49,27.35,-0.5781,0.6793,1551.74,1700.35,1,1,1
LJ500_R039_C072,697250,9520750,2023,9,2023-09,1630.72,19.18,0.1865,-0.5934,212.3,60.26,1,1,1
LJ500_R040_C060,691250,9521250,2023,9,2023-09,2175.31,33.88,0.8136,0.085,2924.04,3068.14,0.98,1,1
LJ500_R041_C061,691750,9521750,2023,9,2023-09,1815.86,32.96,0.8298,-0.2344,2224.86,2418.89,1,1,1
LJ500_R043_C058,690250,9522750,2023,9,2023-09,2231.05,30.27,0.2587,-0.661,2590.44,2334.7,0.98,1,1
LJ500_R045_C083,702750,9523750,2023,9,2023-09,1985.23,27.15,-0.6907,0.086,530.17,3670.15,0.98,1,1
LJ500_R046_C064,693250,9524250,2023,9,2023-09,1569.23,21.67,-0.4942,0.1351,114.11,180.73,0.98,1,1
LJ500_R048_C071,696750,9525250,2023,9,2023-09,1933.05,31,0.4044,0.164,1033.82,573.15,0.98,1,1
LJ500_R050_C095,708750,9526250,2023,9,2023-09,3225.82,22.89,0.1619,-0.3025,4675.03,8387.49,0.98,1,1
LJ500_R056_C049,685750,9529250,2023,9,2023-09,2241.43,27.1,-0.1362,-0.4498,3214.46,2973.21,1,1,1
LJ500_R058_C079,700750,9530250,2023,9,2023-09,2083.35,25.85,-0.5755,-0.7355,405.63,1349.1,0.98,1,1
LJ500_R063_C060,691250,9532750,2023,9,2023-09,1462.4,11.93,-0.4515,0.4791,218.98,149.96,1,1,1
LJ500_R064_C084,703250,9533250,2023,9,2023-09,2137.52,30.81,-0.2795,-0.3455,2306.51,3314.27,0.98,1,1
LJ500_R069_C057,689750,9535750,2023,9,2023-09,1674.64,17.62,0.158,0.7977,171.42,204.83,1,1,1
LJ500_R072_C062,692250,9537250,2023,9,2023-09,1759.48,15.83,-0.3644,-0.3318,201.97,1616.78,0.98,1,1
LJ500_R072_C095,708750,9537250,2023,9,2023-09,3183.34,32.14,-0.4754,-0.6619,1438.8,9795.41,0.98,1,1
LJ500_R074_C074,698250,9538250,2023,9,2023-09,1687.7,20.17,-0.1469,0.1973,85.66,108.26,0.98,1,1
LJ500_R078_C076,699250,9540250,2023,9,2023-09,1880.36,25.63,-0.6187,-0.3901,596.71,471.43,1,1,1
LJ500_R079_C076,699250,9540750,2023,9,2023-09,1861.25,27.96,0.3676,-0.5134,301.62,392.49,0.98,1,1
LJ500_R093_C071,696750,9547750,2023,9,2023-09,2817.31,29.86,0.3248,0.8145,727.95,95.89,0.8908,1,1
LJ500_R093_C073,697750,9547750,2023,9,2023-09,2565.58,27.79,-0.5848,0.4706,560.42,701.3,1,1,1
LJ500_R096_C074,698250,9549250,2023,9,2023-09,2548.95,33.02,0.0113,0.5126,818.62,1012.15,0.98,1,1
LJ500_R098_C085,703750,9550250,2023,9,2023-09,2696.03,33.64,0.0175,-0.4423,2313.02,3316.3,1,1,1
LJ500_R101_C091,706750,9551750,2023,9,2023-09,3238.79,27.07,0.808,0.0962,,,1,0,0
LJ500_R106_C080,701250,9554250,2023,9,2023-09,2358.96,20.17,0.326,0.5763,428.26,544.68,0.9604,1,1
LJ500_R006_C075,698750,9504250,2023,10,2023-10,2966.8,32.63,0.2632,-0.2962,4872.37,6600.3,1,1,1
LJ500_R011_C068,695250,9506750,2023,10,2023-10,2659.94,30.27,-0.0363,0.4297,5517.25,9709.48,0.98,1,1
LJ500_R012_C055,688750,9507250,2023,10,2023-10,3052.69,28.6,0.7597,0.3549,3501.72,9900.1,1,1,1
LJ500_R020_C061,691750,9511250,2023,10,2023-10,2202.12,31.11,-0.1609,0.493,648.49,9060.31,1,1,1
LJ500_R033_C056,689250,9517750,2023,10,2023-10,2807.93,35.42,0.3321,-0.912,1969.79,2559.3,0.98,1,1
LJ500_R035_C085,703750,9518750,2023,10,2023-10,2248.49,27.35,-0.5781,0.6793,1551.74,1700.35,1,1,1
LJ500_R039_C072,697250,9520750,2023,10,2023-10,1630.72,19.18,0.1865,-0.5934,212.3,60.26,1,1,1
LJ500_R040_C060,691250,9521250,2023,10,2023-10,2175.31,33.88,0.8136,0.085,2924.04,3068.14,0.98,1,1
LJ500_R041_C061,691750,9521750,2023,10,2023-10,1815.86,32.96,0.8298,-0.2344,2224.86,2418.89,1,1,1
LJ500_R043_C058,690250,9522750,2023,10,2023-10,2231.05,30.27,0.2587,-0.661,2590.44,2334.7,0.98,1,1
LJ500_R045_C083,702750,9523750,2023,10,2023-10,1985.23,27.15,-0.6907,0.086,530.17,3670.15,0.98,1,1
LJ500_R046_C064,693250,9524250,2023,10,2023-10,1569.23,21.67,-0.4942,0.1351,114.11,180.73,0.98,1,1
LJ500_R048_C071,696750,9525250,2023,10,2023-10,1933.05,31,0.4044,0.164,1033.82,573.15,0.98,1,1
LJ500_R050_C095,708750,9526250,2023,10,2023-10,3225.82,22.89,0.1619,-0.3025,4675.03,8387.49,0.98,1,1
LJ500_R056_C049,685750,9529250,2023,10,2023-10,2241.43,27.1,-0.1362,-0.4498,3214.46,2973.21,1,1,1
LJ500_R058_C079,700750,9530250,2023,10,2023-10,2083.35,25.85,-0.5755,-0.7355,405.63,1349.1,0.98,1,1
LJ500_R063_C060,691250,9532750,2023,10,2023-10,1462.4,11.93,-0.4515,0.4791,218.98,149.96,1,1,1
LJ500_R064_C084,703250,9533250,2023,10,2023-10,2137.52,30.81,-0.2795,-0.3455,2306.51,3314.27,0.98,1,1
LJ500_R069_C057,689750,9535750,2023,10,2023-10,1674.64,17.62,0.158,0.7977,171.42,204.83,1,1,1
LJ500_R072_C062,692250,9537250,2023,10,2023-10,1759.48,15.83,-0.3644,-0.3318,201.97,1616.78,0.98,1,1
LJ500_R072_C095,708750,9537250,2023,10,2023-10,3183.34,32.14,-0.4754,-0.6619,1438.8,9795.41,0.98,1,1
LJ500_R074_C074,698250,9538250,2023,10,2023-10,1687.7,20.17,-0.1469,0.1973,85.66,108.26,0.98,1,1
LJ500_R078_C076,699250,9540250,2023,10,2023-10,1880.36,25.63,-0.6187,-0.3901,596.71,471.43,1,1,1
LJ500_R079_C076,699250,9540750,2023,10,2023-10,1861.25,27.96,0.3676,-0.5134,301.62,392.49,0.98,1,1
LJ500_R093_C071,696750,9547750,2023,10,2023-10,2817.31,29.86,0.3248,0.8145,727.95,95.89,0.8908,1,1
LJ500_R093_C073,697750,9547750,2023,10,2023-10,2565.58,27.79,-0.5848,0.4706,560.42,701.3,1,1,1
LJ500_R096_C074,698250,9549250,2023,10,2023-10,2548.95,33.02,0.0113,0.5126,818.62,1012.15,0.98,1,1
LJ500_R098_C085,703750,9550250,2023,10,2023-10,2696.03,33.64,0.0175,-0.4423,2313.02,3316.3,1,1,1
LJ500_R101_C091,706750,9551750,2023,10,2023-10,3238.79,27.07,0.808,0.0962,,,1,0,0
LJ500_R106_C080,701250,9554250,2023,10,2023-10,2358.96,20.17,0.326,0.5763,428.26,544.68,0.9604,1,1
LJ500_R006_C075,698750,9504250,2023,11,2023-11,2966.8,32.63,0.2632,-0.2962,4872.37,6600.3,1,1,1
LJ500_R011_C068,695250,9506750,2023,11,2023-11,2659.94,30.27,-0.0363,0.4297,5517.25,9709.48,0.98,1,1
LJ500_R012_C055,688750,9507250,2023,11,2023-11,3052.69,28.6,0.7597,0.3549,3501.72,9900.1,1,1,1
LJ500_R020_C061,691750,9511250,2023,11,2023-11,2202.12,31.11,-0.1609,0.493,648.49,9060.31,1,1,1
LJ500_R033_C056,689250,9517750,2023,11,2023-11,2807.93,35.42,0.3321,-0.912,1969.79,2559.3,0.98,1,1
LJ500_R035_C085,703750,9518750,2023,11,2023-11,2248.49,27.35,-0.5781,0.6793,1551.74,1700.35,1,1,1
LJ500_R039_C072,697250,9520750,2023,11,2023-11,1630.72,19.18,0.1865,-0.5934,212.3,60.26,1,1,1
LJ500_R040_C060,691250,9521250,2023,11,2023-11,2175.31,33.88,0.8136,0.085,2924.04,3068.14,0.98,1,1
LJ500_R041_C061,691750,9521750,2023,11,2023-11,1815.86,32.96,0.8298,-0.2344,2224.86,2418.89,1,1,1
LJ500_R043_C058,690250,9522750,2023,11,2023-11,2231.05,30.27,0.2587,-0.661,2590.44,2334.7,0.98,1,1
LJ500_R045_C083,702750,9523750,2023,11,2023-11,1985.23,27.15,-0.6907,0.086,530.17,3670.15,0.98,1,1
LJ500_R046_C064,693250,9524250,2023,11,2023-11,1569.23,21.67,-0.4942,0.1351,114.11,180.73,0.98,1,1
LJ500_R048_C071,696750,9525250,2023,11,2023-11,1933.05,31,0.4044,0.164,1033.82,573.15,0.98,1,1
LJ500_R050_C095,708750,9526250,2023,11,2023-11,3225.82,22.89,0.1619,-0.3025,4675.03,8387.49,0.98,1,1
LJ500_R056_C049,685750,9529250,2023,11,2023-11,2241.43,27.1,-0.1362,-0.4498,3214.46,2973.21,1,1,1
LJ500_R058_C079,700750,9530250,2023,11,2023-11,2083.35,25.85,-0.5755,-0.7355,405.63,1349.1,0.98,1,1
LJ500_R063_C060,691250,9532750,2023,11,2023-11,1462.4,11.93,-0.4515,0.4791,218.98,149.96,1,1,1
LJ500_R064_C084,703250,9533250,2023,11,2023-11,2137.52,30.81,-0.2795,-0.3455,2306.51,3314.27,0.98,1,1
LJ500_R069_C057,689750,9535750,2023,11,2023-11,1674.64,17.62,0.158,0.7977,171.42,204.83,1,1,1
LJ500_R072_C062,692250,9537250,2023,11,2023-11,1759.48,15.83,-0.3644,-0.3318,201.97,1616.78,0.98,1,1
LJ500_R072_C095,708750,9537250,2023,11,2023-11,3183.34,32.14,-0.4754,-0.6619,1438.8,9795.41,0.98,1,1
LJ500_R074_C074,698250,9538250,2023,11,2023-11,1687.7,20.17,-0.1469,0.1973,85.66,108.26,0.98,1,1
LJ500_R078_C076,699250,9540250,2023,11,2023-11,1880.36,25.63,-0.6187,-0.3901,596.71,471.43,1,1,1
LJ500_R079_C076,699250,9540750,2023,11,2023-11,1861.25,27.96,0.3676,-0.5134,301.62,392.49,0.98,1,1
LJ500_R093_C071,696750,9547750,2023,11,2023-11,2817.31,29.86,0.3248,0.8145,727.95,95.89,0.8908,1,1
LJ500_R093_C073,697750,9547750,2023,11,2023-11,2565.58,27.79,-0.5848,0.4706,560.42,701.3,1,1,1
LJ500_R096_C074,698250,9549250,2023,11,2023-11,2548.95,33.02,0.0113,0.5126,818.62,1012.15,0.98,1,1
LJ500_R098_C085,703750,9550250,2023,11,2023-11,2696.03,33.64,0.0175,-0.4423,2313.02,3316.3,1,1,1
LJ500_R101_C091,706750,9551750,2023,11,2023-11,3238.79,27.07,0.808,0.0962,,,1,0,0
LJ500_R106_C080,701250,9554250,2023,11,2023-11,2358.96,20.17,0.326,0.5763,428.26,544.68,0.9604,1,1
LJ500_R006_C075,698750,9504250,2023,12,2023-12,2966.8,32.63,0.2632,-0.2962,4872.37,6600.3,1,1,1
LJ500_R011_C068,695250,9506750,2023,12,2023-12,2659.94,30.27,-0.0363,0.4297,5517.25,9709.48,0.98,1,1
LJ500_R012_C055,688750,9507250,2023,12,2023-12,3052.69,28.6,0.7597,0.3549,3501.72,9900.1,1,1,1
LJ500_R020_C061,691750,9511250,2023,12,2023-12,2202.12,31.11,-0.1609,0.493,648.49,9060.31,1,1,1
LJ500_R033_C056,689250,9517750,2023,12,2023-12,2807.93,35.42,0.3321,-0.912,1969.79,2559.3,0.98,1,1
LJ500_R035_C085,703750,9518750,2023,12,2023-12,2248.49,27.35,-0.5781,0.6793,1551.74,1700.35,1,1,1
LJ500_R039_C072,697250,9520750,2023,12,2023-12,1630.72,19.18,0.1865,-0.5934,212.3,60.26,1,1,1
LJ500_R040_C060,691250,9521250,2023,12,2023-12,2175.31,33.88,0.8136,0.085,2924.04,3068.14,0.98,1,1
LJ500_R041_C061,691750,9521750,2023,12,2023-12,1815.86,32.96,0.8298,-0.2344,2224.86,2418.89,1,1,1
LJ500_R043_C058,690250,9522750,2023,12,2023-12,2231.05,30.27,0.2587,-0.661,2590.44,2334.7,0.98,1,1
LJ500_R045_C083,702750,9523750,2023,12,2023-12,1985.23,27.15,-0.6907,0.086,530.17,3670.15,0.98,1,1
LJ500_R046_C064,693250,9524250,2023,12,2023-12,1569.23,21.67,-0.4942,0.1351,114.11,180.73,0.98,1,1
LJ500_R048_C071,696750,9525250,2023,12,2023-12,1933.05,31,0.4044,0.164,1033.82,573.15,0.98,1,1
LJ500_R050_C095,708750,9526250,2023,12,2023-12,3225.82,22.89,0.1619,-0.3025,4675.03,8387.49,0.98,1,1
LJ500_R056_C049,685750,9529250,2023,12,2023-12,2241.43,27.1,-0.1362,-0.4498,3214.46,2973.21,1,1,1
LJ500_R058_C079,700750,9530250,2023,12,2023-12,2083.35,25.85,-0.5755,-0.7355,405.63,1349.1,0.98,1,1
LJ500_R063_C060,691250,9532750,2023,12,2023-12,1462.4,11.93,-0.4515,0.4791,218.98,149.96,1,1,1
LJ500_R064_C084,703250,9533250,2023,12,2023-12,2137.52,30.81,-0.2795,-0.3455,2306.51,3314.27,0.98,1,1
LJ500_R069_C057,689750,9535750,2023,12,2023-12,1674.64,17.62,0.158,0.7977,171.42,204.83,1,1,1
LJ500_R072_C062,692250,9537250,2023,12,2023-12,1759.48,15.83,-0.3644,-0.3318,201.97,1616.78,0.98,1,1
LJ500_R072_C095,708750,9537250,2023,12,2023-12,3183.34,32.14,-0.4754,-0.6619,1438.8,9795.41,0.98,1,1
LJ500_R074_C074,698250,9538250,2023,12,2023-12,1687.7,20.17,-0.1469,0.1973,85.66,108.26,0.98,1,1
LJ500_R078_C076,699250,9540250,2023,12,2023-12,1880.36,25.63,-0.6187,-0.3901,596.71,471.43,1,1,1
LJ500_R079_C076,699250,9540750,2023,12,2023-12,1861.25,27.96,0.3676,-0.5134,301.62,392.49,0.98,1,1
LJ500_R093_C071,696750,9547750,2023,12,2023-12,2817.31,29.86,0.3248,0.8145,727.95,95.89,0.8908,1,1
LJ500_R093_C073,697750,9547750,2023,12,2023-12,2565.58,27.79,-0.5848,0.4706,560.42,701.3,1,1,1
LJ500_R096_C074,698250,9549250,2023,12,2023-12,2548.95,33.02,0.0113,0.5126,818.62,1012.15,0.98,1,1
LJ500_R098_C085,703750,9550250,2023,12,2023-12,2696.03,33.64,0.0175,-0.4423,2313.02,3316.3,1,1,1
LJ500_R101_C091,706750,9551750,2023,12,2023-12,3238.79,27.07,0.808,0.0962,,,1,0,0
LJ500_R106_C080,701250,9554250,2023,12,2023-12,2358.96,20.17,0.326,0.5763,428.26,544.68,0.9604,1,1
LJ500_R006_C075,698750,9504250,2024,1,2024-01,2966.8,32.63,0.2632,-0.2962,4872.37,6600.3,1,1,1
LJ500_R011_C068,695250,9506750,2024,1,2024-01,2659.94,30.27,-0.0363,0.4297,5517.25,9709.48,0.98,1,1
LJ500_R012_C055,688750,9507250,2024,1,2024-01,3052.69,28.6,0.7597,0.3549,3501.72,9900.1,1,1,1
LJ500_R020_C061,691750,9511250,2024,1,2024-01,2202.12,31.11,-0.1609,0.493,648.49,9060.31,1,1,1
LJ500_R033_C056,689250,9517750,2024,1,2024-01,2807.93,35.42,0.3321,-0.912,1969.79,2559.3,0.98,1,1
LJ500_R035_C085,703750,9518750,2024,1,2024-01,2248.49,27.35,-0.5781,0.6793,1551.74,1700.35,1,1,1
LJ500_R039_C072,697250,9520750,2024,1,2024-01,1630.72,19.18,0.1865,-0.5934,212.3,60.26,1,1,1
LJ500_R040_C060,691250,9521250,2024,1,2024-01,2175.31,33.88,0.8136,0.085,2924.04,3068.14,0.98,1,1
LJ500_R041_C061,691750,9521750,2024,1,2024-01,1815.86,32.96,0.8298,-0.2344,2224.86,2418.89,1,1,1
LJ500_R043_C058,690250,9522750,2024,1,2024-01,2231.05,30.27,0.2587,-0.661,2590.44,2334.7,0.98,1,1
LJ500_R045_C083,702750,9523750,2024,1,2024-01,1985.23,27.15,-0.6907,0.086,530.17,3670.15,0.98,1,1
LJ500_R046_C064,693250,9524250,2024,1,2024-01,1569.23,21.67,-0.4942,0.1351,114.11,180.73,0.98,1,1
LJ500_R048_C071,696750,9525250,2024,1,2024-01,1933.05,31,0.4044,0.164,1033.82,573.15,0.98,1,1
LJ500_R050_C095,708750,9526250,2024,1,2024-01,3225.82,22.89,0.1619,-0.3025,4675.03,8387.49,0.98,1,1
LJ500_R056_C049,685750,9529250,2024,1,2024-01,2241.43,27.1,-0.1362,-0.4498,3214.46,2973.21,1,1,1
LJ500_R058_C079,700750,9530250,2024,1,2024-01,2083.35,25.85,-0.5755,-0.7355,405.63,1349.1,0.98,1,1
LJ500_R063_C060,691250,9532750,2024,1,2024-01,1462.4,11.93,-0.4515,0.4791,218.98,149.96,1,1,1
LJ500_R064_C084,703250,9533250,2024,1,2024-01,2137.52,30.81,-0.2795,-0.3455,2306.51,3314.27,0.98,1,1
LJ500_R069_C057,689750,9535750,2024,1,2024-01,1674.64,17.62,0.158,0.7977,171.42,204.83,1,1,1
LJ500_R072_C062,692250,9537250,2024,1,2024-01,1759.48,15.83,-0.3644,-0.3318,201.97,1616.78,0.98,1,1
LJ500_R072_C095,708750,9537250,2024,1,2024-01,3183.34,32.14,-0.4754,-0.6619,1438.8,9795.41,0.98,1,1
LJ500_R074_C074,698250,9538250,2024,1,2024-01,1687.7,20.17,-0.1469,0.1973,85.66,108.26,0.98,1,1
LJ500_R078_C076,699250,9540250,2024,1,2024-01,1880.36,25.63,-0.6187,-0.3901,596.71,471.43,1,1,1
LJ500_R079_C076,699250,9540750,2024,1,2024-01,1861.25,27.96,0.3676,-0.5134,301.62,392.49,0.98,1,1
LJ500_R093_C071,696750,9547750,2024,1,2024-01,2817.31,29.86,0.3248,0.8145,727.95,95.89,0.8908,1,1
LJ500_R093_C073,697750,9547750,2024,1,2024-01,2565.58,27.79,-0.5848,0.4706,560.42,701.3,1,1,1
LJ500_R096_C074,698250,9549250,2024,1,2024-01,2548.95,33.02,0.0113,0.5126,818.62,1012.15,0.98,1,1
LJ500_R098_C085,703750,9550250,2024,1,2024-01,2696.03,33.64,0.0175,-0.4423,2313.02,3316.3,1,1,1
LJ500_R101_C091,706750,9551750,2024,1,2024-01,3238.79,27.07,0.808,0.0962,,,1,0,0
LJ500_R106_C080,701250,9554250,2024,1,2024-01,2358.96,20.17,0.326,0.5763,428.26,544.68,0.9604,1,1
LJ500_R006_C075,698750,9504250,2024,2,2024-02,2966.8,32.63,0.2632,-0.2962,4872.37,6600.3,1,1,1
LJ500_R011_C068,695250,9506750,2024,2,2024-02,2659.94,30.27,-0.0363,0.4297,5517.25,9709.48,0.98,1,1
LJ500_R012_C055,688750,9507250,2024,2,2024-02,3052.69,28.6,0.7597,0.3549,3501.72,9900.1,1,1,1
LJ500_R020_C061,691750,9511250,2024,2,2024-02,2202.12,31.11,-0.1609,0.493,648.49,9060.31,1,1,1
LJ500_R033_C056,689250,9517750,2024,2,2024-02,2807.93,35.42,0.3321,-0.912,1969.79,2559.3,0.98,1,1
LJ500_R035_C085,703750,9518750,2024,2,2024-02,2248.49,27.35,-0.5781,0.6793,1551.74,1700.35,1,1,1
LJ500_R039_C072,697250,9520750,2024,2,2024-02,1630.72,19.18,0.1865,-0.5934,212.3,60.26,1,1,1
LJ500_R040_C060,691250,9521250,2024,2,2024-02,2175.31,33.88,0.8136,0.085,2924.04,3068.14,0.98,1,1
LJ500_R041_C061,691750,9521750,2024,2,2024-02,1815.86,32.96,0.8298,-0.2344,2224.86,2418.89,1,1,1
LJ500_R043_C058,690250,9522750,2024,2,2024-02,2231.05,30.27,0.2587,-0.661,2590.44,2334.7,0.98,1,1
LJ500_R045_C083,702750,9523750,2024,2,2024-02,1985.23,27.15,-0.6907,0.086,530.17,3670.15,0.98,1,1
LJ500_R046_C064,693250,9524250,2024,2,2024-02,1569.23,21.67,-0.4942,0.1351,114.11,180.73,0.98,1,1
LJ500_R048_C071,696750,9525250,2024,2,2024-02,1933.05,31,0.4044,0.164,1033.82,573.15,0.98,1,1
LJ500_R050_C095,708750,9526250,2024,2,2024-02,3225.82,22.89,0.1619,-0.3025,4675.03,8387.49,0.98,1,1
LJ500_R056_C049,685750,9529250,2024,2,2024-02,2241.43,27.1,-0.1362,-0.4498,3214.46,2973.21,1,1,1
LJ500_R058_C079,700750,9530250,2024,2,2024-02,2083.35,25.85,-0.5755,-0.7355,405.63,1349.1,0.98,1,1
LJ500_R063_C060,691250,9532750,2024,2,2024-02,1462.4,11.93,-0.4515,0.4791,218.98,149.96,1,1,1
LJ500_R064_C084,703250,9533250,2024,2,2024-02,2137.52,30.81,-0.2795,-0.3455,2306.51,3314.27,0.98,1,1
LJ500_R069_C057,689750,9535750,2024,2,2024-02,1674.64,17.62,0.158,0.7977,171.42,204.83,1,1,1
LJ500_R072_C062,692250,9537250,2024,2,2024-02,1759.48,15.83,-0.3644,-0.3318,201.97,1616.78,0.98,1,1
LJ500_R072_C095,708750,9537250,2024,2,2024-02,3183.34,32.14,-0.4754,-0.6619,1438.8,9795.41,0.98,1,1
LJ500_R074_C074,698250,9538250,2024,2,2024-02,1687.7,20.17,-0.1469,0.1973,85.66,108.26,0.98,1,1
LJ500_R078_C076,699250,9540250,2024,2,2024-02,1880.36,25.63,-0.6187,-0.3901,596.71,471.43,1,1,1
LJ500_R079_C076,699250,9540750,2024,2,2024-02,1861.25,27.96,0.3676,-0.5134,301.62,392.49,0.98,1,1
LJ500_R093_C071,696750,9547750,2024,2,2024-02,2817.31,29.86,0.3248,0.8145,727.95,95.89,0.8908,1,1
LJ500_R093_C073,697750,9547750,2024,2,2024-02,2565.58,27.79,-0.5848,0.4706,560.42,701.3,1,1,1
LJ500_R096_C074,698250,9549250,2024,2,2024-02,2548.95,33.02,0.0113,0.5126,818.62,1012.15,0.98,1,1
LJ500_R098_C085,703750,9550250,2024,2,2024-02,2696.03,33.64,0.0175,-0.4423,2313.02,3316.3,1,1,1
LJ500_R101_C091,706750,9551750,2024,2,2024-02,3238.79,27.07,0.808,0.0962,,,1,0,0
LJ500_R106_C080,701250,9554250,2024,2,2024-02,2358.96,20.17,0.326,0.5763,428.26,544.68,0.9604,1,1
LJ500_R006_C075,698750,9504250,2024,3,2024-03,2966.8,32.63,0.2632,-0.2962,4872.37,6600.3,1,1,1
LJ500_R011_C068,695250,9506750,2024,3,2024-03,2659.94,30.27,-0.0363,0.4297,5517.25,9709.48,0.98,1,1
LJ500_R012_C055,688750,9507250,2024,3,2024-03,3052.69,28.6,0.7597,0.3549,3501.72,9900.1,1,1,1
LJ500_R020_C061,691750,9511250,2024,3,2024-03,2202.12,31.11,-0.1609,0.493,648.49,9060.31,1,1,1
LJ500_R033_C056,689250,9517750,2024,3,2024-03,2807.93,35.42,0.3321,-0.912,1969.79,2559.3,0.98,1,1
LJ500_R035_C085,703750,9518750,2024,3,2024-03,2248.49,27.35,-0.5781,0.6793,1551.74,1700.35,1,1,1
LJ500_R039_C072,697250,9520750,2024,3,2024-03,1630.72,19.18,0.1865,-0.5934,212.3,60.26,1,1,1
LJ500_R040_C060,691250,9521250,2024,3,2024-03,2175.31,33.88,0.8136,0.085,2924.04,3068.14,0.98,1,1
LJ500_R041_C061,691750,9521750,2024,3,2024-03,1815.86,32.96,0.8298,-0.2344,2224.86,2418.89,1,1,1
LJ500_R043_C058,690250,9522750,2024,3,2024-03,2231.05,30.27,0.2587,-0.661,2590.44,2334.7,0.98,1,1
LJ500_R045_C083,702750,9523750,2024,3,2024-03,1985.23,27.15,-0.6907,0.086,530.17,3670.15,0.98,1,1
LJ500_R046_C064,693250,9524250,2024,3,2024-03,1569.23,21.67,-0.4942,0.1351,114.11,180.73,0.98,1,1
LJ500_R048_C071,696750,9525250,2024,3,2024-03,1933.05,31,0.4044,0.164,1033.82,573.15,0.98,1,1
LJ500_R050_C095,708750,9526250,2024,3,2024-03,3225.82,22.89,0.1619,-0.3025,4675.03,8387.49,0.98,1,1
LJ500_R056_C049,685750,9529250,2024,3,2024-03,2241.43,27.1,-0.1362,-0.4498,3214.46,2973.21,1,1,1
LJ500_R058_C079,700750,9530250,2024,3,2024-03,2083.35,25.85,-0.5755,-0.7355,405.63,1349.1,0.98,1,1
LJ500_R063_C060,691250,9532750,2024,3,2024-03,1462.4,11.93,-0.4515,0.4791,218.98,149.96,1,1,1
LJ500_R064_C084,703250,9533250,2024,3,2024-03,2137.52,30.81,-0.2795,-0.3455,2306.51,3314.27,0.98,1,1
LJ500_R069_C057,689750,9535750,2024,3,2024-03,1674.64,17.62,0.158,0.7977,171.42,204.83,1,1,1
LJ500_R072_C062,692250,9537250,2024,3,2024-03,1759.48,15.83,-0.3644,-0.3318,201.97,1616.78,0.98,1,1
LJ500_R072_C095,708750,9537250,2024,3,2024-03,3183.34,32.14,-0.4754,-0.6619,1438.8,9795.41,0.98,1,1
LJ500_R074_C074,698250,9538250,2024,3,2024-03,1687.7,20.17,-0.1469,0.1973,85.66,108.26,0.98,1,1
LJ500_R078_C076,699250,9540250,2024,3,2024-03,1880.36,25.63,-0.6187,-0.3901,596.71,471.43,1,1,1
LJ500_R079_C076,699250,9540750,2024,3,2024-03,1861.25,27.96,0.3676,-0.5134,301.62,392.49,0.98,1,1
LJ500_R093_C071,696750,9547750,2024,3,2024-03,2817.31,29.86,0.3248,0.8145,727.95,95.89,0.8908,1,1
LJ500_R093_C073,697750,9547750,2024,3,2024-03,2565.58,27.79,-0.5848,0.4706,560.42,701.3,1,1,1
LJ500_R096_C074,698250,9549250,2024,3,2024-03,2548.95,33.02,0.0113,0.5126,818.62,1012.15,0.98,1,1
LJ500_R098_C085,703750,9550250,2024,3,2024-03,2696.03,33.64,0.0175,-0.4423,2313.02,3316.3,1,1,1
LJ500_R101_C091,706750,9551750,2024,3,2024-03,3238.79,27.07,0.808,0.0962,,,1,0,0
LJ500_R106_C080,701250,9554250,2024,3,2024-03,2358.96,20.17,0.326,0.5763,428.26,544.68,0.9604,1,1
LJ500_R006_C075,698750,9504250,2024,4,2024-04,2966.8,32.63,0.2632,-0.2962,4872.37,6600.3,1,1,1
LJ500_R011_C068,695250,9506750,2024,4,2024-04,2659.94,30.27,-0.0363,0.4297,5517.25,9709.48,0.98,1,1
LJ500_R012_C055,688750,9507250,2024,4,2024-04,3052.69,28.6,0.7597,0.3549,3501.72,9900.1,1,1,1
LJ500_R020_C061,691750,9511250,2024,4,2024-04,2202.12,31.11,-0.1609,0.493,648.49,9060.31,1,1,1
LJ500_R033_C056,689250,9517750,2024,4,2024-04,2807.93,35.42,0.3321,-0.912,1969.79,2559.3,0.98,1,1
LJ500_R035_C085,703750,9518750,2024,4,2024-04,2248.49,27.35,-0.5781,0.6793,1551.74,1700.35,1,1,1
LJ500_R039_C072,697250,9520750,2024,4,2024-04,1630.72,19.18,0.1865,-0.5934,212.3,60.26,1,1,1
LJ500_R040_C060,691250,9521250,2024,4,2024-04,2175.31,33.88,0.8136,0.085,2924.04,3068.14,0.98,1,1
LJ500_R041_C061,691750,9521750,2024,4,2024-04,1815.86,32.96,0.8298,-0.2344,2224.86,2418.89,1,1,1
LJ500_R043_C058,690250,9522750,2024,4,2024-04,2231.05,30.27,0.2587,-0.661,2590.44,2334.7,0.98,1,1
LJ500_R045_C083,702750,9523750,2024,4,2024-04,1985.23,27.15,-0.6907,0.086,530.17,3670.15,0.98,1,1
LJ500_R046_C064,693250,9524250,2024,4,2024-04,1569.23,21.67,-0.4942,0.1351,114.11,180.73,0.98,1,1
LJ500_R048_C071,696750,9525250,2024,4,2024-04,1933.05,31,0.4044,0.164,1033.82,573.15,0.98,1,1
LJ500_R050_C095,708750,9526250,2024,4,2024-04,3225.82,22.89,0.1619,-0.3025,4675.03,8387.49,0.98,1,1
LJ500_R056_C049,685750,9529250,2024,4,2024-04,2241.43,27.1,-0.1362,-0.4498,3214.46,2973.21,1,1,1
LJ500_R058_C079,700750,9530250,2024,4,2024-04,2083.35,25.85,-0.5755,-0.7355,405.63,1349.1,0.98,1,1
LJ500_R063_C060,691250,9532750,2024,4,2024-04,1462.4,11.93,-0.4515,0.4791,218.98,149.96,1,1,1
LJ500_R064_C084,703250,9533250,2024,4,2024-04,2137.52,30.81,-0.2795,-0.3455,2306.51,3314.27,0.98,1,1
LJ500_R069_C057,689750,9535750,2024,4,2024-04,1674.64,17.62,0.158,0.7977,171.42,204.83,1,1,1
LJ500_R072_C062,692250,9537250,2024,4,2024-04,1759.48,15.83,-0.3644,-0.3318,201.97,1616.78,0.98,1,1
LJ500_R072_C095,708750,9537250,2024,4,2024-04,3183.34,32.14,-0.4754,-0.6619,1438.8,9795.41,0.98,1,1
LJ500_R074_C074,698250,9538250,2024,4,2024-04,1687.7,20.17,-0.1469,0.1973,85.66,108.26,0.98,1,1
LJ500_R078_C076,699250,9540250,2024,4,2024-04,1880.36,25.63,-0.6187,-0.3901,596.71,471.43,1,1,1
LJ500_R079_C076,699250,9540750,2024,4,2024-04,1861.25,27.96,0.3676,-0.5134,301.62,392.49,0.98,1,1
LJ500_R093_C071,696750,9547750,2024,4,2024-04,2817.31,29.86,0.3248,0.8145,727.95,95.89,0.8908,1,1
LJ500_R093_C073,697750,9547750,2024,4,2024-04,2565.58,27.79,-0.5848,0.4706,560.42,701.3,1,1,1
LJ500_R096_C074,698250,9549250,2024,4,2024-04,2548.95,33.02,0.0113,0.5126,818.62,1012.15,0.98,1,1
LJ500_R098_C085,703750,9550250,2024,4,2024-04,2696.03,33.64,0.0175,-0.4423,2313.02,3316.3,1,1,1
LJ500_R101_C091,706750,9551750,2024,4,2024-04,3238.79,27.07,0.808,0.0962,,,1,0,0
LJ500_R106_C080,701250,9554250,2024,4,2024-04,2358.96,20.17,0.326,0.5763,428.26,544.68,0.9604,1,1
LJ500_R006_C075,698750,9504250,2024,5,2024-05,2966.8,32.63,0.2632,-0.2962,4872.37,6600.3,1,1,1
LJ500_R011_C068,695250,9506750,2024,5,2024-05,2659.94,30.27,-0.0363,0.4297,5517.25,9709.48,0.98,1,1
LJ500_R012_C055,688750,9507250,2024,5,2024-05,3052.69,28.6,0.7597,0.3549,3501.72,9900.1,1,1,1
LJ500_R020_C061,691750,9511250,2024,5,2024-05,2202.12,31.11,-0.1609,0.493,648.49,9060.31,1,1,1
LJ500_R033_C056,689250,9517750,2024,5,2024-05,2807.93,35.42,0.3321,-0.912,1969.79,2559.3,0.98,1,1
LJ500_R035_C085,703750,9518750,2024,5,2024-05,2248.49,27.35,-0.5781,0.6793,1551.74,1700.35,1,1,1
LJ500_R039_C072,697250,9520750,2024,5,2024-05,1630.72,19.18,0.1865,-0.5934,212.3,60.26,1,1,1
LJ500_R040_C060,691250,9521250,2024,5,2024-05,2175.31,33.88,0.8136,0.085,2924.04,3068.14,0.98,1,1
LJ500_R041_C061,691750,9521750,2024,5,2024-05,1815.86,32.96,0.8298,-0.2344,2224.86,2418.89,1,1,1
LJ500_R043_C058,690250,9522750,2024,5,2024-05,2231.05,30.27,0.2587,-0.661,2590.44,2334.7,0.98,1,1
LJ500_R045_C083,702750,9523750,2024,5,2024-05,1985.23,27.15,-0.6907,0.086,530.17,3670.15,0.98,1,1
LJ500_R046_C064,693250,9524250,2024,5,2024-05,1569.23,21.67,-0.4942,0.1351,114.11,180.73,0.98,1,1
LJ500_R048_C071,696750,9525250,2024,5,2024-05,1933.05,31,0.4044,0.164,1033.82,573.15,0.98,1,1
LJ500_R050_C095,708750,9526250,2024,5,2024-05,3225.82,22.89,0.1619,-0.3025,4675.03,8387.49,0.98,1,1
LJ500_R056_C049,685750,9529250,2024,5,2024-05,2241.43,27.1,-0.1362,-0.4498,3214.46,2973.21,1,1,1
LJ500_R058_C079,700750,9530250,2024,5,2024-05,2083.35,25.85,-0.5755,-0.7355,405.63,1349.1,0.98,1,1
LJ500_R063_C060,691250,9532750,2024,5,2024-05,1462.4,11.93,-0.4515,0.4791,218.98,149.96,1,1,1
LJ500_R064_C084,703250,9533250,2024,5,2024-05,2137.52,30.81,-0.2795,-0.3455,2306.51,3314.27,0.98,1,1
LJ500_R069_C057,689750,9535750,2024,5,2024-05,1674.64,17.62,0.158,0.7977,171.42,204.83,1,1,1
LJ500_R072_C062,692250,9537250,2024,5,2024-05,1759.48,15.83,-0.3644,-0.3318,201.97,1616.78,0.98,1,1
LJ500_R072_C095,708750,9537250,2024,5,2024-05,3183.34,32.14,-0.4754,-0.6619,1438.8,9795.41,0.98,1,1
LJ500_R074_C074,698250,9538250,2024,5,2024-05,1687.7,20.17,-0.1469,0.1973,85.66,108.26,0.98,1,1
LJ500_R078_C076,699250,9540250,2024,5,2024-05,1880.36,25.63,-0.6187,-0.3901,596.71,471.43,1,1,1
LJ500_R079_C076,699250,9540750,2024,5,2024-05,1861.25,27.96,0.3676,-0.5134,301.62,392.49,0.98,1,1
LJ500_R093_C071,696750,9547750,2024,5,2024-05,2817.31,29.86,0.3248,0.8145,727.95,95.89,0.8908,1,1
LJ500_R093_C073,697750,9547750,2024,5,2024-05,2565.58,27.79,-0.5848,0.4706,560.42,701.3,1,1,1
LJ500_R096_C074,698250,9549250,2024,5,2024-05,2548.95,33.02,0.0113,0.5126,818.62,1012.15,0.98,1,1
LJ500_R098_C085,703750,9550250,2024,5,2024-05,2696.03,33.64,0.0175,-0.4423,2313.02,3316.3,1,1,1
LJ500_R101_C091,706750,9551750,2024,5,2024-05,3238.79,27.07,0.808,0.0962,,,1,0,0
LJ500_R106_C080,701250,9554250,2024,5,2024-05,2358.96,20.17,0.326,0.5763,428.26,544.68,0.9604,1,1
LJ500_R006_C075,698750,9504250,2024,6,2024-06,2966.8,32.63,0.2632,-0.2962,4872.37,6600.3,1,1,1
LJ500_R011_C068,695250,9506750,2024,6,2024-06,2659.94,30.27,-0.0363,0.4297,5517.25,9709.48,0.98,1,1
LJ500_R012_C055,688750,9507250,2024,6,2024-06,3052.69,28.6,0.7597,0.3549,3501.72,9900.1,1,1,1
LJ500_R020_C061,691750,9511250,2024,6,2024-06,2202.12,31.11,-0.1609,0.493,648.49,9060.31,1,1,1
LJ500_R033_C056,689250,9517750,2024,6,2024-06,2807.93,35.42,0.3321,-0.912,1969.79,2559.3,0.98,1,1
LJ500_R035_C085,703750,9518750,2024,6,2024-06,2248.49,27.35,-0.5781,0.6793,1551.74,1700.35,1,1,1
LJ500_R039_C072,697250,9520750,2024,6,2024-06,1630.72,19.18,0.1865,-0.5934,212.3,60.26,1,1,1
LJ500_R040_C060,691250,9521250,2024,6,2024-06,2175.31,33.88,0.8136,0.085,2924.04,3068.14,0.98,1,1
LJ500_R041_C061,691750,9521750,2024,6,2024-06,1815.86,32.96,0.8298,-0.2344,2224.86,2418.89,1,1,1
LJ500_R043_C058,690250,9522750,2024,6,2024-06,2231.05,30.27,0.2587,-0.661,2590.44,2334.7,0.98,1,1
LJ500_R045_C083,702750,9523750,2024,6,2024-06,1985.23,27.15,-0.6907,0.086,530.17,3670.15,0.98,1,1
LJ500_R046_C064,693250,9524250,2024,6,2024-06,1569.23,21.67,-0.4942,0.1351,114.11,180.73,0.98,1,1
LJ500_R048_C071,696750,9525250,2024,6,2024-06,1933.05,31,0.4044,0.164,1033.82,573.15,0.98,1,1
LJ500_R050_C095,708750,9526250,2024,6,2024-06,3225.82,22.89,0.1619,-0.3025,4675.03,8387.49,0.98,1,1
LJ500_R056_C049,685750,9529250,2024,6,2024-06,2241.43,27.1,-0.1362,-0.4498,3214.46,2973.21,1,1,1
LJ500_R058_C079,700750,9530250,2024,6,2024-06,2083.35,25.85,-0.5755,-0.7355,405.63,1349.1,0.98,1,1
LJ500_R063_C060,691250,9532750,2024,6,2024-06,1462.4,11.93,-0.4515,0.4791,218.98,149.96,1,1,1
LJ500_R064_C084,703250,9533250,2024,6,2024-06,2137.52,30.81,-0.2795,-0.3455,2306.51,3314.27,0.98,1,1
LJ500_R069_C057,689750,9535750,2024,6,2024-06,1674.64,17.62,0.158,0.7977,171.42,204.83,1,1,1
LJ500_R072_C062,692250,9537250,2024,6,2024-06,1759.48,15.83,-0.3644,-0.3318,201.97,1616.78,0.98,1,1
LJ500_R072_C095,708750,9537250,2024,6,2024-06,3183.34,32.14,-0.4754,-0.6619,1438.8,9795.41,0.98,1,1
LJ500_R074_C074,698250,9538250,2024,6,2024-06,1687.7,20.17,-0.1469,0.1973,85.66,108.26,0.98,1,1
LJ500_R078_C076,699250,9540250,2024,6,2024-06,1880.36,25.63,-0.6187,-0.3901,596.71,471.43,1,1,1
LJ500_R079_C076,699250,9540750,2024,6,2024-06,1861.25,27.96,0.3676,-0.5134,301.62,392.49,0.98,1,1
LJ500_R093_C071,696750,9547750,2024,6,2024-06,2817.31,29.86,0.3248,0.8145,727.95,95.89,0.8908,1,1
LJ500_R093_C073,697750,9547750,2024,6,2024-06,2565.58,27.79,-0.5848,0.4706,560.42,701.3,1,1,1
LJ500_R096_C074,698250,9549250,2024,6,2024-06,2548.95,33.02,0.0113,0.5126,818.62,1012.15,0.98,1,1
LJ500_R098_C085,703750,9550250,2024,6,2024-06,2696.03,33.64,0.0175,-0.4423,2313.02,3316.3,1,1,1
LJ500_R101_C091,706750,9551750,2024,6,2024-06,3238.79,27.07,0.808,0.0962,,,1,0,0
LJ500_R106_C080,701250,9554250,2024,6,2024-06,2358.96,20.17,0.326,0.5763,428.26,544.68,0.9604,1,1
LJ500_R006_C075,698750,9504250,2024,7,2024-07,2966.8,32.63,0.2632,-0.2962,4872.37,6600.3,1,1,1
LJ500_R011_C068,695250,9506750,2024,7,2024-07,2659.94,30.27,-0.0363,0.4297,5517.25,9709.48,0.98,1,1
LJ500_R012_C055,688750,9507250,2024,7,2024-07,3052.69,28.6,0.7597,0.3549,3501.72,9900.1,1,1,1
LJ500_R020_C061,691750,9511250,2024,7,2024-07,2202.12,31.11,-0.1609,0.493,648.49,9060.31,1,1,1
LJ500_R033_C056,689250,9517750,2024,7,2024-07,2807.93,35.42,0.3321,-0.912,1969.79,2559.3,0.98,1,1
LJ500_R035_C085,703750,9518750,2024,7,2024-07,2248.49,27.35,-0.5781,0.6793,1551.74,1700.35,1,1,1
LJ500_R039_C072,697250,9520750,2024,7,2024-07,1630.72,19.18,0.1865,-0.5934,212.3,60.26,1,1,1
LJ500_R040_C060,691250,9521250,2024,7,2024-07,2175.31,33.88,0.8136,0.085,2924.04,3068.14,0.98,1,1
LJ500_R041_C061,691750,9521750,2024,7,2024-07,1815.86,32.96,0.8298,-0.2344,2224.86,2418.89,1,1,1
LJ500_R043_C058,690250,9522750,2024,7,2024-07,2231.05,30.27,0.2587,-0.661,2590.44,2334.7,0.98,1,1
LJ500_R045_C083,702750,9523750,2024,7,2024-07,1985.23,27.15,-0.6907,0.086,530.17,3670.15,0.98,1,1
LJ500_R046_C064,693250,9524250,2024,7,2024-07,1569.23,21.67,-0.4942,0.1351,114.11,180.73,0.98,1,1
LJ500_R048_C071,696750,9525250,2024,7,2024-07,1933.05,31,0.4044,0.164,1033.82,573.15,0.98,1,1
LJ500_R050_C095,708750,9526250,2024,7,2024-07,3225.82,22.89,0.1619,-0.3025,4675.03,8387.49,0.98,1,1
LJ500_R056_C049,685750,9529250,2024,7,2024-07,2241.43,27.1,-0.1362,-0.4498,3214.46,2973.21,1,1,1
LJ500_R058_C079,700750,9530250,2024,7,2024-07,2083.35,25.85,-0.5755,-0.7355,405.63,1349.1,0.98,1,1
LJ500_R063_C060,691250,9532750,2024,7,2024-07,1462.4,11.93,-0.4515,0.4791,218.98,149.96,1,1,1
LJ500_R064_C084,703250,9533250,2024,7,2024-07,2137.52,30.81,-0.2795,-0.3455,2306.51,3314.27,0.98,1,1
LJ500_R069_C057,689750,9535750,2024,7,2024-07,1674.64,17.62,0.158,0.7977,171.42,204.83,1,1,1
LJ500_R072_C062,692250,9537250,2024,7,2024-07,1759.48,15.83,-0.3644,-0.3318,201.97,1616.78,0.98,1,1
LJ500_R072_C095,708750,9537250,2024,7,2024-07,3183.34,32.14,-0.4754,-0.6619,1438.8,9795.41,0.98,1,1
LJ500_R074_C074,698250,9538250,2024,7,2024-07,1687.7,20.17,-0.1469,0.1973,85.66,108.26,0.98,1,1
LJ500_R078_C076,699250,9540250,2024,7,2024-07,1880.36,25.63,-0.6187,-0.3901,596.71,471.43,1,1,1
LJ500_R079_C076,699250,9540750,2024,7,2024-07,1861.25,27.96,0.3676,-0.5134,301.62,392.49,0.98,1,1
LJ500_R093_C071,696750,9547750,2024,7,2024-07,2817.31,29.86,0.3248,0.8145,727.95,95.89,0.8908,1,1
LJ500_R093_C073,697750,9547750,2024,7,2024-07,2565.58,27.79,-0.5848,0.4706,560.42,701.3,1,1,1
LJ500_R096_C074,698250,9549250,2024,7,2024-07,2548.95,33.02,0.0113,0.5126,818.62,1012.15,0.98,1,1
LJ500_R098_C085,703750,9550250,2024,7,2024-07,2696.03,33.64,0.0175,-0.4423,2313.02,3316.3,1,1,1
LJ500_R101_C091,706750,9551750,2024,7,2024-07,3238.79,27.07,0.808,0.0962,,,1,0,0
LJ500_R106_C080,701250,9554250,2024,7,2024-07,2358.96,20.17,0.326,0.5763,428.26,544.68,0.9604,1,1
LJ500_R006_C075,698750,9504250,2024,8,2024-08,2966.8,32.63,0.2632,-0.2962,4872.37,6600.3,1,1,1
LJ500_R011_C068,695250,9506750,2024,8,2024-08,2659.94,30.27,-0.0363,0.4297,5517.25,9709.48,0.98,1,1
LJ500_R012_C055,688750,9507250,2024,8,2024-08,3052.69,28.6,0.7597,0.3549,3501.72,9900.1,1,1,1
LJ500_R020_C061,691750,9511250,2024,8,2024-08,2202.12,31.11,-0.1609,0.493,648.49,9060.31,1,1,1
LJ500_R033_C056,689250,9517750,2024,8,2024-08,2807.93,35.42,0.3321,-0.912,1969.79,2559.3,0.98,1,1
LJ500_R035_C085,703750,9518750,2024,8,2024-08,2248.49,27.35,-0.5781,0.6793,1551.74,1700.35,1,1,1
LJ500_R039_C072,697250,9520750,2024,8,2024-08,1630.72,19.18,0.1865,-0.5934,212.3,60.26,1,1,1
LJ500_R040_C060,691250,9521250,2024,8,2024-08,2175.31,33.88,0.8136,0.085,2924.04,3068.14,0.98,1,1
LJ500_R041_C061,691750,9521750,2024,8,2024-08,1815.86,32.96,0.8298,-0.2344,2224.86,2418.89,1,1,1
LJ500_R043_C058,690250,9522750,2024,8,2024-08,2231.05,30.27,0.2587,-0.661,2590.44,2334.7,0.98,1,1
LJ500_R045_C083,702750,9523750,2024,8,2024-08,1985.23,27.15,-0.6907,0.086,530.17,3670.15,0.98,1,1
LJ500_R046_C064,693250,9524250,2024,8,2024-08,1569.23,21.67,-0.4942,0.1351,114.11,180.73,0.98,1,1
LJ500_R048_C071,696750,9525250,2024,8,2024-08,1933.05,31,0.4044,0.164,1033.82,573.15,0.98,1,1
LJ500_R050_C095,708750,9526250,2024,8,2024-08,3225.82,22.89,0.1619,-0.3025,4675.03,8387.49,0.98,1,1
LJ500_R056_C049,685750,9529250,2024,8,2024-08,2241.43,27.1,-0.1362,-0.4498,3214.46,2973.21,1,1,1
LJ500_R058_C079,700750,9530250,2024,8,2024-08,2083.35,25.85,-0.5755,-0.7355,405.63,1349.1,0.98,1,1
LJ500_R063_C060,691250,9532750,2024,8,2024-08,1462.4,11.93,-0.4515,0.4791,218.98,149.96,1,1,1
LJ500_R064_C084,703250,9533250,2024,8,2024-08,2137.52,30.81,-0.2795,-0.3455,2306.51,3314.27,0.98,1,1
LJ500_R069_C057,689750,9535750,2024,8,2024-08,1674.64,17.62,0.158,0.7977,171.42,204.83,1,1,1
LJ500_R072_C062,692250,9537250,2024,8,2024-08,1759.48,15.83,-0.3644,-0.3318,201.97,1616.78,0.98,1,1
LJ500_R072_C095,708750,9537250,2024,8,2024-08,3183.34,32.14,-0.4754,-0.6619,1438.8,9795.41,0.98,1,1
LJ500_R074_C074,698250,9538250,2024,8,2024-08,1687.7,20.17,-0.1469,0.1973,85.66,108.26,0.98,1,1
LJ500_R078_C076,699250,9540250,2024,8,2024-08,1880.36,25.63,-0.6187,-0.3901,596.71,471.43,1,1,1
LJ500_R079_C076,699250,9540750,2024,8,2024-08,1861.25,27.96,0.3676,-0.5134,301.62,392.49,0.98,1,1
LJ500_R093_C071,696750,9547750,2024,8,2024-08,2817.31,29.86,0.3248,0.8145,727.95,95.89,0.8908,1,1
LJ500_R093_C073,697750,9547750,2024,8,2024-08,2565.58,27.79,-0.5848,0.4706,560.42,701.3,1,1,1
LJ500_R096_C074,698250,9549250,2024,8,2024-08,2548.95,33.02,0.0113,0.5126,818.62,1012.15,0.98,1,1
LJ500_R098_C085,703750,9550250,2024,8,2024-08,2696.03,33.64,0.0175,-0.4423,2313.02,3316.3,1,1,1
LJ500_R101_C091,706750,9551750,2024,8,2024-08,3238.79,27.07,0.808,0.0962,,,1,0,0
LJ500_R106_C080,701250,9554250,2024,8,2024-08,2358.96,20.17,0.326,0.5763,428.26,544.68,0.9604,1,1
LJ500_R006_C075,698750,9504250,2024,9,2024-09,2966.8,32.63,0.2632,-0.2962,4872.37,6600.3,1,1,1
LJ500_R011_C068,695250,9506750,2024,9,2024-09,2659.94,30.27,-0.0363,0.4297,5517.25,9709.48,0.98,1,1
LJ500_R012_C055,688750,9507250,2024,9,2024-09,3052.69,28.6,0.7597,0.3549,3501.72,9900.1,1,1,1
LJ500_R020_C061,691750,9511250,2024,9,2024-09,2202.12,31.11,-0.1609,0.493,648.49,9060.31,1,1,1
LJ500_R033_C056,689250,9517750,2024,9,2024-09,2807.93,35.42,0.3321,-0.912,1969.79,2559.3,0.98,1,1
LJ500_R035_C085,703750,9518750,2024,9,2024-09,2248.49,27.35,-0.5781,0.6793,1551.74,1700.35,1,1,1
LJ500_R039_C072,697250,9520750,2024,9,2024-09,1630.72,19.18,0.1865,-0.5934,212.3,60.26,1,1,1
LJ500_R040_C060,691250,9521250,2024,9,2024-09,2175.31,33.88,0.8136,0.085,2924.04,3068.14,0.98,1,1
LJ500_R041_C061,691750,9521750,2024,9,2024-09,1815.86,32.96,0.8298,-0.2344,2224.86,2418.89,1,1,1
LJ500_R043_C058,690250,9522750,2024,9,2024-09,2231.05,30.27,0.2587,-0.661,2590.44,2334.7,0.98,1,1
LJ500_R045_C083,702750,9523750,2024,9,2024-09,1985.23,27.15,-0.6907,0.086,530.17,3670.15,0.98,1,1
LJ500_R046_C064,693250,9524250,2024,9,2024-09,1569.23,21.67,-0.4942,0.1351,114.11,180.73,0.98,1,1
LJ500_R048_C071,696750,9525250,2024,9,2024-09,1933.05,31,0.4044,0.164,1033.82,573.15,0.98,1,1
LJ500_R050_C095,708750,9526250,2024,9,2024-09,3225.82,22.89,0.1619,-0.3025,4675.03,8387.49,0.98,1,1
LJ500_R056_C049,685750,9529250,2024,9,2024-09,2241.43,27.1,-0.1362,-0.4498,3214.46,2973.21,1,1,1
LJ500_R058_C079,700750,9530250,2024,9,2024-09,2083.35,25.85,-0.5755,-0.7355,405.63,1349.1,0.98,1,1
LJ500_R063_C060,691250,9532750,2024,9,2024-09,1462.4,11.93,-0.4515,0.4791,218.98,149.96,1,1,1
LJ500_R064_C084,703250,9533250,2024,9,2024-09,2137.52,30.81,-0.2795,-0.3455,2306.51,3314.27,0.98,1,1
LJ500_R069_C057,689750,9535750,2024,9,2024-09,1674.64,17.62,0.158,0.7977,171.42,204.83,1,1,1
LJ500_R072_C062,692250,9537250,2024,9,2024-09,1759.48,15.83,-0.3644,-0.3318,201.97,1616.78,0.98,1,1
LJ500_R072_C095,708750,9537250,2024,9,2024-09,3183.34,32.14,-0.4754,-0.6619,1438.8,9795.41,0.98,1,1
LJ500_R074_C074,698250,9538250,2024,9,2024-09,1687.7,20.17,-0.1469,0.1973,85.66,108.26,0.98,1,1
LJ500_R078_C076,699250,9540250,2024,9,2024-09,1880.36,25.63,-0.6187,-0.3901,596.71,471.43,1,1,1
LJ500_R079_C076,699250,9540750,2024,9,2024-09,1861.25,27.96,0.3676,-0.5134,301.62,392.49,0.98,1,1
LJ500_R093_C071,696750,9547750,2024,9,2024-09,2817.31,29.86,0.3248,0.8145,727.95,95.89,0.8908,1,1
LJ500_R093_C073,697750,9547750,2024,9,2024-09,2565.58,27.79,-0.5848,0.4706,560.42,701.3,1,1,1
LJ500_R096_C074,698250,9549250,2024,9,2024-09,2548.95,33.02,0.0113,0.5126,818.62,1012.15,0.98,1,1
LJ500_R098_C085,703750,9550250,2024,9,2024-09,2696.03,33.64,0.0175,-0.4423,2313.02,3316.3,1,1,1
LJ500_R101_C091,706750,9551750,2024,9,2024-09,3238.79,27.07,0.808,0.0962,,,1,0,0
LJ500_R106_C080,701250,9554250,2024,9,2024-09,2358.96,20.17,0.326,0.5763,428.26,544.68,0.9604,1,1
LJ500_R006_C075,698750,9504250,2024,10,2024-10,2966.8,32.63,0.2632,-0.2962,4872.37,6600.3,1,1,1
LJ500_R011_C068,695250,9506750,2024,10,2024-10,2659.94,30.27,-0.0363,0.4297,5517.25,9709.48,0.98,1,1
LJ500_R012_C055,688750,9507250,2024,10,2024-10,3052.69,28.6,0.7597,0.3549,3501.72,9900.1,1,1,1
LJ500_R020_C061,691750,9511250,2024,10,2024-10,2202.12,31.11,-0.1609,0.493,648.49,9060.31,1,1,1
LJ500_R033_C056,689250,9517750,2024,10,2024-10,2807.93,35.42,0.3321,-0.912,1969.79,2559.3,0.98,1,1
LJ500_R035_C085,703750,9518750,2024,10,2024-10,2248.49,27.35,-0.5781,0.6793,1551.74,1700.35,1,1,1
LJ500_R039_C072,697250,9520750,2024,10,2024-10,1630.72,19.18,0.1865,-0.5934,212.3,60.26,1,1,1
LJ500_R040_C060,691250,9521250,2024,10,2024-10,2175.31,33.88,0.8136,0.085,2924.04,3068.14,0.98,1,1
LJ500_R041_C061,691750,9521750,2024,10,2024-10,1815.86,32.96,0.8298,-0.2344,2224.86,2418.89,1,1,1
LJ500_R043_C058,690250,9522750,2024,10,2024-10,2231.05,30.27,0.2587,-0.661,2590.44,2334.7,0.98,1,1
LJ500_R045_C083,702750,9523750,2024,10,2024-10,1985.23,27.15,-0.6907,0.086,530.17,3670.15,0.98,1,1
LJ500_R046_C064,693250,9524250,2024,10,2024-10,1569.23,21.67,-0.4942,0.1351,114.11,180.73,0.98,1,1
LJ500_R048_C071,696750,9525250,2024,10,2024-10,1933.05,31,0.4044,0.164,1033.82,573.15,0.98,1,1
LJ500_R050_C095,708750,9526250,2024,10,2024-10,3225.82,22.89,0.1619,-0.3025,4675.03,8387.49,0.98,1,1
LJ500_R056_C049,685750,9529250,2024,10,2024-10,2241.43,27.1,-0.1362,-0.4498,3214.46,2973.21,1,1,1
LJ500_R058_C079,700750,9530250,2024,10,2024-10,2083.35,25.85,-0.5755,-0.7355,405.63,1349.1,0.98,1,1
LJ500_R063_C060,691250,9532750,2024,10,2024-10,1462.4,11.93,-0.4515,0.4791,218.98,149.96,1,1,1
LJ500_R064_C084,703250,9533250,2024,10,2024-10,2137.52,30.81,-0.2795,-0.3455,2306.51,3314.27,0.98,1,1
LJ500_R069_C057,689750,9535750,2024,10,2024-10,1674.64,17.62,0.158,0.7977,171.42,204.83,1,1,1
LJ500_R072_C062,692250,9537250,2024,10,2024-10,1759.48,15.83,-0.3644,-0.3318,201.97,1616.78,0.98,1,1
LJ500_R072_C095,708750,9537250,2024,10,2024-10,3183.34,32.14,-0.4754,-0.6619,1438.8,9795.41,0.98,1,1
LJ500_R074_C074,698250,9538250,2024,10,2024-10,1687.7,20.17,-0.1469,0.1973,85.66,108.26,0.98,1,1
LJ500_R078_C076,699250,9540250,2024,10,2024-10,1880.36,25.63,-0.6187,-0.3901,596.71,471.43,1,1,1
LJ500_R079_C076,699250,9540750,2024,10,2024-10,1861.25,27.96,0.3676,-0.5134,301.62,392.49,0.98,1,1
LJ500_R093_C071,696750,9547750,2024,10,2024-10,2817.31,29.86,0.3248,0.8145,727.95,95.89,0.8908,1,1
LJ500_R093_C073,697750,9547750,2024,10,2024-10,2565.58,27.79,-0.5848,0.4706,560.42,701.3,1,1,1
LJ500_R096_C074,698250,9549250,2024,10,2024-10,2548.95,33.02,0.0113,0.5126,818.62,1012.15,0.98,1,1
LJ500_R098_C085,703750,9550250,2024,10,2024-10,2696.03,33.64,0.0175,-0.4423,2313.02,3316.3,1,1,1
LJ500_R101_C091,706750,9551750,2024,10,2024-10,3238.79,27.07,0.808,0.0962,,,1,0,0
LJ500_R106_C080,701250,9554250,2024,10,2024-10,2358.96,20.17,0.326,0.5763,428.26,544.68,0.9604,1,1
LJ500_R006_C075,698750,9504250,2024,11,2024-11,2966.8,32.63,0.2632,-0.2962,4872.37,6600.3,1,1,1
LJ500_R011_C068,695250,9506750,2024,11,2024-11,2659.94,30.27,-0.0363,0.4297,5517.25,9709.48,0.98,1,1
LJ500_R012_C055,688750,9507250,2024,11,2024-11,3052.69,28.6,0.7597,0.3549,3501.72,9900.1,1,1,1
LJ500_R020_C061,691750,9511250,2024,11,2024-11,2202.12,31.11,-0.1609,0.493,648.49,9060.31,1,1,1
LJ500_R033_C056,689250,9517750,2024,11,2024-11,2807.93,35.42,0.3321,-0.912,1969.79,2559.3,0.98,1,1
LJ500_R035_C085,703750,9518750,2024,11,2024-11,2248.49,27.35,-0.5781,0.6793,1551.74,1700.35,1,1,1
LJ500_R039_C072,697250,9520750,2024,11,2024-11,1630.72,19.18,0.1865,-0.5934,212.3,60.26,1,1,1
LJ500_R040_C060,691250,9521250,2024,11,2024-11,2175.31,33.88,0.8136,0.085,2924.04,3068.14,0.98,1,1
LJ500_R041_C061,691750,9521750,2024,11,2024-11,1815.86,32.96,0.8298,-0.2344,2224.86,2418.89,1,1,1
LJ500_R043_C058,690250,9522750,2024,11,2024-11,2231.05,30.27,0.2587,-0.661,2590.44,2334.7,0.98,1,1
LJ500_R045_C083,702750,9523750,2024,11,2024-11,1985.23,27.15,-0.6907,0.086,530.17,3670.15,0.98,1,1
LJ500_R046_C064,693250,9524250,2024,11,2024-11,1569.23,21.67,-0.4942,0.1351,114.11,180.73,0.98,1,1
LJ500_R048_C071,696750,9525250,2024,11,2024-11,1933.05,31,0.4044,0.164,1033.82,573.15,0.98,1,1
LJ500_R050_C095,708750,9526250,2024,11,2024-11,3225.82,22.89,0.1619,-0.3025,4675.03,8387.49,0.98,1,1
LJ500_R056_C049,685750,9529250,2024,11,2024-11,2241.43,27.1,-0.1362,-0.4498,3214.46,2973.21,1,1,1
LJ500_R058_C079,700750,9530250,2024,11,2024-11,2083.35,25.85,-0.5755,-0.7355,405.63,1349.1,0.98,1,1
LJ500_R063_C060,691250,9532750,2024,11,2024-11,1462.4,11.93,-0.4515,0.4791,218.98,149.96,1,1,1
LJ500_R064_C084,703250,9533250,2024,11,2024-11,2137.52,30.81,-0.2795,-0.3455,2306.51,3314.27,0.98,1,1
LJ500_R069_C057,689750,9535750,2024,11,2024-11,1674.64,17.62,0.158,0.7977,171.42,204.83,1,1,1
LJ500_R072_C062,692250,9537250,2024,11,2024-11,1759.48,15.83,-0.3644,-0.3318,201.97,1616.78,0.98,1,1
LJ500_R072_C095,708750,9537250,2024,11,2024-11,3183.34,32.14,-0.4754,-0.6619,1438.8,9795.41,0.98,1,1
LJ500_R074_C074,698250,9538250,2024,11,2024-11,1687.7,20.17,-0.1469,0.1973,85.66,108.26,0.98,1,1
LJ500_R078_C076,699250,9540250,2024,11,2024-11,1880.36,25.63,-0.6187,-0.3901,596.71,471.43,1,1,1
LJ500_R079_C076,699250,9540750,2024,11,2024-11,1861.25,27.96,0.3676,-0.5134,301.62,392.49,0.98,1,1
LJ500_R093_C071,696750,9547750,2024,11,2024-11,2817.31,29.86,0.3248,0.8145,727.95,95.89,0.8908,1,1
LJ500_R093_C073,697750,9547750,2024,11,2024-11,2565.58,27.79,-0.5848,0.4706,560.42,701.3,1,1,1
LJ500_R096_C074,698250,9549250,2024,11,2024-11,2548.95,33.02,0.0113,0.5126,818.62,1012.15,0.98,1,1
LJ500_R098_C085,703750,9550250,2024,11,2024-11,2696.03,33.64,0.0175,-0.4423,2313.02,3316.3,1,1,1
LJ500_R101_C091,706750,9551750,2024,11,2024-11,3238.79,27.07,0.808,0.0962,,,1,0,0
LJ500_R106_C080,701250,9554250,2024,11,2024-11,2358.96,20.17,0.326,0.5763,428.26,544.68,0.9604,1,1
LJ500_R006_C075,698750,9504250,2024,12,2024-12,2966.8,32.63,0.2632,-0.2962,4872.37,6600.3,1,1,1
LJ500_R011_C068,695250,9506750,2024,12,2024-12,2659.94,30.27,-0.0363,0.4297,5517.25,9709.48,0.98,1,1
LJ500_R012_C055,688750,9507250,2024,12,2024-12,3052.69,28.6,0.7597,0.3549,3501.72,9900.1,1,1,1
LJ500_R020_C061,691750,9511250,2024,12,2024-12,2202.12,31.11,-0.1609,0.493,648.49,9060.31,1,1,1
LJ500_R033_C056,689250,9517750,2024,12,2024-12,2807.93,35.42,0.3321,-0.912,1969.79,2559.3,0.98,1,1
LJ500_R035_C085,703750,9518750,2024,12,2024-12,2248.49,27.35,-0.5781,0.6793,1551.74,1700.35,1,1,1
LJ500_R039_C072,697250,9520750,2024,12,2024-12,1630.72,19.18,0.1865,-0.5934,212.3,60.26,1,1,1
LJ500_R040_C060,691250,9521250,2024,12,2024-12,2175.31,33.88,0.8136,0.085,2924.04,3068.14,0.98,1,1
LJ500_R041_C061,691750,9521750,2024,12,2024-12,1815.86,32.96,0.8298,-0.2344,2224.86,2418.89,1,1,1
LJ500_R043_C058,690250,9522750,2024,12,2024-12,2231.05,30.27,0.2587,-0.661,2590.44,2334.7,0.98,1,1
LJ500_R045_C083,702750,9523750,2024,12,2024-12,1985.23,27.15,-0.6907,0.086,530.17,3670.15,0.98,1,1
LJ500_R046_C064,693250,9524250,2024,12,2024-12,1569.23,21.67,-0.4942,0.1351,114.11,180.73,0.98,1,1
LJ500_R048_C071,696750,9525250,2024,12,2024-12,1933.05,31,0.4044,0.164,1033.82,573.15,0.98,1,1
LJ500_R050_C095,708750,9526250,2024,12,2024-12,3225.82,22.89,0.1619,-0.3025,4675.03,8387.49,0.98,1,1
LJ500_R056_C049,685750,9529250,2024,12,2024-12,2241.43,27.1,-0.1362,-0.4498,3214.46,2973.21,1,1,1
LJ500_R058_C079,700750,9530250,2024,12,2024-12,2083.35,25.85,-0.5755,-0.7355,405.63,1349.1,0.98,1,1
LJ500_R063_C060,691250,9532750,2024,12,2024-12,1462.4,11.93,-0.4515,0.4791,218.98,149.96,1,1,1
LJ500_R064_C084,703250,9533250,2024,12,2024-12,2137.52,30.81,-0.2795,-0.3455,2306.51,3314.27,0.98,1,1
LJ500_R069_C057,689750,9535750,2024,12,2024-12,1674.64,17.62,0.158,0.7977,171.42,204.83,1,1,1
LJ500_R072_C062,692250,9537250,2024,12,2024-12,1759.48,15.83,-0.3644,-0.3318,201.97,1616.78,0.98,1,1
LJ500_R072_C095,708750,9537250,2024,12,2024-12,3183.34,32.14,-0.4754,-0.6619,1438.8,9795.41,0.98,1,1
LJ500_R074_C074,698250,9538250,2024,12,2024-12,1687.7,20.17,-0.1469,0.1973,85.66,108.26,0.98,1,1
LJ500_R078_C076,699250,9540250,2024,12,2024-12,1880.36,25.63,-0.6187,-0.3901,596.71,471.43,1,1,1
LJ500_R079_C076,699250,9540750,2024,12,2024-12,1861.25,27.96,0.3676,-0.5134,301.62,392.49,0.98,1,1
LJ500_R093_C071,696750,9547750,2024,12,2024-12,2817.31,29.86,0.3248,0.8145,727.95,95.89,0.8908,1,1
LJ500_R093_C073,697750,9547750,2024,12,2024-12,2565.58,27.79,-0.5848,0.4706,560.42,701.3,1,1,1
LJ500_R096_C074,698250,9549250,2024,12,2024-12,2548.95,33.02,0.0113,0.5126,818.62,1012.15,0.98,1,1
LJ500_R098_C085,703750,9550250,2024,12,2024-12,2696.03,33.64,0.0175,-0.4423,2313.02,3316.3,1,1,1
LJ500_R101_C091,706750,9551750,2024,12,2024-12,3238.79,27.07,0.808,0.0962,,,1,0,0
LJ500_R106_C080,701250,9554250,2024,12,2024-12,2358.96,20.17,0.326,0.5763,428.26,544.68,0.9604,1,1
