cell_id,centro_x_m,centro_y_m,anio,mes,anio_mes,chirps_precipitacion_acumulada_t1_mm,chirps_precipitacion_acumulada_prev2m_mm,chirps_precipitacion_acumulada_prev3m_mm,chirps_precipitacion_maxima_diaria_t1_mm,chirps_dias_secos_t1,chirps_dias_humedos_t1,chirps_dias_validos_t1,chirps_disponibilidad_t1_pct,chirps_historia_3m_completa,chelsa_sfcwind_media_t1_ms,chelsa_sfcwind_maxima_t1_ms,chelsa_disponibilidad_t1_pct
LJ500_R108_C065,693750,9555250,2019,1,2019-01,62.6,116.75,179.28,12.75,24,7,31,100,1,0.2719,0.58,100
LJ500_R109_C088,705250,9555750,2019,1,2019-01,91.9,152.13,238.67,43.85,24.14,6.865,31,100,1,0.2229,0.5113,100
LJ500_R119_C079,700750,9560750,2019,1,2019-01,91.32,157.71,244.51,53.59,25,6,31,100,1,0.1656,0.4016,100
LJ500_R122_C070,696250,9562250,2019,1,2019-01,71.57,126.09,192.06,39.3,25,6,31,100,1,0.2068,0.4135,100
LJ500_R125_C065,693750,9563750,2019,1,2019-01,41.69,88.98,141.47,12.31,26,5,31,100,1,0.2981,0.69,100
LJ500_R131_C053,687750,9566750,2019,1,2019-01,31.45,69.45,115.21,9.9861,27,4,31,100,1,0.2585,0.5497,100
LJ500_R132_C080,701250,9567250,2019,1,2019-01,83.69,150.31,224.03,13.5,22,9,31,100,1,0.2513,0.53,100
LJ500_R138_C087,704750,9570250,2019,1,2019-01,80.81,141.33,206.25,15.14,22,9,31,100,1,0.1926,0.42,100
LJ500_R142_C071,696750,9572250,2019,1,2019-01,62.93,115.26,169.41,13.37,24,7,31,100,1,0.3141,0.6924,100
LJ500_R145_C054,688250,9573750,2019,1,2019-01,36.2,73.27,115.14,10.63,26,5,31,100,1,0.4997,1.05,100
LJ500_R147_C083,702750,9574750,2019,1,2019-01,84.07,148.32,210.65,14.42,22,9,31,100,1,0.2845,0.6919,100
LJ500_R156_C028,675250,9579250,2019,1,2019-01,62.12,94.58,128.14,12.2,24,7,31,100,1,0.4929,1.14,100
LJ500_R156_C067,694750,9579250,2019,1,2019-01,61.96,114.4,163.64,13.21,24,7,31,100,1,0.3629,0.84,100
LJ500_R156_C079,700750,9579250,2019,1,2019-01,84.07,148.32,210.65,14.42,22,9,31,100,1,0.3524,0.842,100
LJ500_R157_C009,665750,9579750,2019,1,2019-01,105.94,132.58,159.18,15.84,20.67,10.33,31,100,1,0.1431,0.3259,100
LJ500_R158_C065,693750,9580250,2019,1,2019-01,62.65,119.54,172.82,13.72,24,7,31,100,1,0.6026,1.35,100
LJ500_R160_C074,698250,9581250,2019,1,2019-01,80.23,137.9,192.34,12.84,22,9,31,100,1,0.3563,0.8463,100
LJ500_R161_C066,694250,9581750,2019,1,2019-01,68.28,125.41,179.07,13.44,23.36,7.6398,31,100,1,0.4046,0.9132,100
LJ500_R164_C043,682750,9583250,2019,1,2019-01,73.9,115.09,155.93,11.71,23,8,31,100,1,0.4118,1.1786,100
LJ500_R164_C059,690750,9583250,2019,1,2019-01,62.65,119.54,172.82,13.72,24,7,31,100,1,0.7482,1.6201,100
LJ500_R166_C072,697250,9584250,2019,1,2019-01,80.23,137.9,192.34,12.84,22,9,31,100,1,0.3516,0.7987,100
LJ500_R167_C067,694750,9584750,2019,1,2019-01,80.23,137.9,192.34,12.84,22,9,31,100,1,0.3565,0.71,100
LJ500_R168_C045,683750,9585250,2019,1,2019-01,68.05,114.61,160.63,12.81,23.67,7.3344,31,100,1,0.4674,1.09,100
LJ500_R173_C033,677750,9587750,2019,1,2019-01,80.13,119.53,158.66,12.41,22.25,8.7549,31,100,1,0.5716,1.2631,100
LJ500_R178_C063,692750,9590250,2019,1,2019-01,70.73,130.26,185.83,12.66,23,8,31,100,1,0.3935,0.9,100
LJ500_R179_C046,684250,9590750,2019,1,2019-01,72.22,121.06,171.37,12.37,23,8,31,100,1,2.2743,4.6373,100
LJ500_R180_C071,696750,9591250,2019,1,2019-01,90.41,152.57,209.4,13.99,22,9,31,100,1,0.581,1.36,100
LJ500_R183_C039,680750,9592750,2019,1,2019-01,68.84,108.75,150.2,11.53,23,8,31,100,1,0.5017,1.1957,100
LJ500_R184_C039,680750,9593250,2019,1,2019-01,68.84,108.75,150.2,11.53,23,8,31,100,1,0.5084,1.2,100
LJ500_R184_C066,694250,9593250,2019,1,2019-01,72.27,135.62,195.4,13.77,22.98,8.0193,31,100,1,0.3757,1.0056,100
LJ500_R108_C065,693750,9555250,2019,2,2019-02,97.81,160.41,214.55,40.2,27,4,31,100,1,0.2735,0.71,100
LJ500_R109_C088,705250,9555750,2019,2,2019-02,117.07,208.97,269.2,52.39,27.22,3.7838,31,100,1,0.2315,0.8073,100
LJ500_R119_C079,700750,9560750,2019,2,2019-02,129.21,220.53,286.92,67.32,27,4,31,100,1,0.1322,0.4544,100
LJ500_R122_C070,696250,9562250,2019,2,2019-02,102.05,173.63,228.15,42.84,27,4,31,100,1,0.1859,0.4984,100
LJ500_R125_C065,693750,9563750,2019,2,2019-02,41.78,83.48,130.76,14.57,26,5,31,100,1,0.3223,0.76,100
LJ500_R131_C053,687750,9566750,2019,2,2019-02,82.23,113.68,151.68,41.12,28,3,31,100,1,0.2398,0.4986,100
LJ500_R132_C080,701250,9567250,2019,2,2019-02,132.28,215.97,282.6,43.83,26,5,31,100,1,0.2561,0.66,100
LJ500_R138_C087,704750,9570250,2019,2,2019-02,114.28,195.09,255.61,34.31,26,5,31,100,1,0.1752,0.53,100
LJ500_R142_C071,696750,9572250,2019,2,2019-02,91.44,154.37,206.7,27.23,26,5,31,100,1,0.3693,0.8804,100
LJ500_R145_C054,688250,9573750,2019,2,2019-02,32.11,68.31,105.38,16.06,28,3,31,100,1,0.7029,2.45,100
LJ500_R147_C083,702750,9574750,2019,2,2019-02,123.45,207.52,271.77,38.55,25,6,31,100,1,0.2837,0.7176,100
LJ500_R156_C028,675250,9579250,2019,2,2019-02,99.55,161.67,194.13,37.82,27,4,31,100,1,0.4955,1.01,100
LJ500_R156_C067,694750,9579250,2019,2,2019-02,51.92,113.88,166.32,18.34,27,4,31,100,1,0.4094,0.97,100
LJ500_R156_C079,700750,9579250,2019,2,2019-02,123.45,207.52,271.77,38.55,25,6,31,100,1,0.4421,1.0924,100
LJ500_R157_C009,665750,9579750,2019,2,2019-02,293.6,399.54,426.18,130.35,27.33,3.6731,31,100,1,0.2258,0.4827,100
LJ500_R158_C065,693750,9580250,2019,2,2019-02,38.36,101.01,157.9,19.18,28,3,31,100,1,0.8129,2.92,100
LJ500_R160_C074,698250,9581250,2019,2,2019-02,133.83,214.06,271.73,61.05,26,5,31,100,1,0.4015,0.9368,100
LJ500_R161_C066,694250,9581750,2019,2,2019-02,68.9,137.17,194.31,32.57,27.36,3.6398,31,100,1,0.477,1.426,100
LJ500_R164_C043,682750,9583250,2019,2,2019-02,160.39,234.29,275.48,72.06,28,3,31,100,1,0.4252,1.1018,100
LJ500_R164_C059,690750,9583250,2019,2,2019-02,38.36,101.01,157.9,19.18,28,3,31,100,1,0.9595,3.3173,100
LJ500_R166_C072,697250,9584250,2019,2,2019-02,133.83,214.06,271.73,61.05,26,5,31,100,1,0.3586,0.8708,100
LJ500_R167_C067,694750,9584750,2019,2,2019-02,133.83,214.06,271.73,61.05,26,5,31,100,1,0.3077,0.81,100
LJ500_R168_C045,683750,9585250,2019,2,2019-02,84.08,152.12,198.69,46.94,28.33,2.6656,31,100,1,0.7371,2.4862,100
LJ500_R173_C033,677750,9587750,2019,2,2019-02,155.89,236.02,275.42,66.49,27.62,3.3774,31,100,1,0.8306,2.6057,100
LJ500_R178_C063,692750,9590250,2019,2,2019-02,54.93,125.65,185.19,27.46,28,3,31,100,1,0.6806,2.28,100
LJ500_R179_C046,684250,9590750,2019,2,2019-02,80.87,153.09,201.94,51.03,29,2,31,100,1,2.1594,5.8677,100
LJ500_R180_C071,696750,9591250,2019,2,2019-02,139.28,229.69,291.85,62.37,26,5,31,100,1,0.8361,2.82,100
LJ500_R183_C039,680750,9592750,2019,2,2019-02,86.39,155.24,195.15,57.6,29,2,31,100,1,0.7677,2.3757,100
LJ500_R184_C039,680750,9593250,2019,2,2019-02,86.39,155.24,195.15,57.6,29,2,31,100,1,0.7732,2.38,100
LJ500_R184_C066,694250,9593250,2019,2,2019-02,34.56,106.82,170.18,9.1722,26.98,4.0193,31,100,1,0.6007,1.8131,100
LJ500_R108_C065,693750,9555250,2019,3,2019-03,120.82,218.62,281.22,28.51,22,6,28,100,1,0.2943,0.81,100
LJ500_R109_C088,705250,9555750,2019,3,2019-03,134.08,251.15,343.04,36.2,23,5,28,100,1,0.2963,0.8178,100
LJ500_R119_C079,700750,9560750,2019,3,2019-03,135.98,265.2,356.51,24.87,22,6,28,100,1,0.1747,0.534,100
LJ500_R122_C070,696250,9562250,2019,3,2019-03,133.66,235.72,307.29,74.22,25,3,28,100,1,0.2229,0.5838,100
LJ500_R125_C065,693750,9563750,2019,3,2019-03,96.83,138.61,180.3,57.95,25,3,28,100,1,0.39,0.96,100
LJ500_R131_C053,687750,9566750,2019,3,2019-03,80.14,162.37,193.82,17.49,21,7,28,100,1,0.2522,0.6105,100
LJ500_R132_C080,701250,9567250,2019,3,2019-03,129.29,261.57,345.26,66.06,24,4,28,100,1,0.3414,0.76,100
LJ500_R138_C087,704750,9570250,2019,3,2019-03,125.76,240.04,320.85,24.3,16,12,28,100,1,0.2418,0.62,100
LJ500_R142_C071,696750,9572250,2019,3,2019-03,120.08,211.52,274.46,65.89,24,4,28,100,1,0.4191,0.9216,100
LJ500_R145_C054,688250,9573750,2019,3,2019-03,93.9,126.01,162.21,36.82,25,3,28,100,1,0.4482,1.17,100
LJ500_R147_C083,702750,9574750,2019,3,2019-03,126.74,250.2,334.27,32.48,23,5,28,100,1,0.3847,0.7661,100
LJ500_R156_C028,675250,9579250,2019,3,2019-03,146.59,246.14,308.26,45.56,22,6,28,100,1,0.4454,1.27,100
LJ500_R156_C067,694750,9579250,2019,3,2019-03,121.27,173.18,235.15,67,24,4,28,100,1,0.4871,1.01,100
LJ500_R156_C079,700750,9579250,2019,3,2019-03,126.74,250.2,334.27,32.48,23,5,28,100,1,0.4734,1.0182,100
LJ500_R157_C009,665750,9579750,2019,3,2019-03,201.3,494.9,600.84,39.87,11.67,16.33,28,100,1,0.181,0.3896,100
LJ500_R158_C065,693750,9580250,2019,3,2019-03,122.9,161.25,223.91,35.32,23,5,28,100,1,0.4418,1.26,100
LJ500_R160_C074,698250,9581250,2019,3,2019-03,129.66,263.49,343.72,33.97,23,5,28,100,1,0.4855,0.9836,100
LJ500_R161_C066,694250,9581750,2019,3,2019-03,125.06,193.96,262.24,34.89,23,5,28,100,1,0.4664,1.0631,100
LJ500_R164_C043,682750,9583250,2019,3,2019-03,144.41,304.8,378.7,57.15,25,3,28,100,1,0.4937,1.0066,100
LJ500_R164_C059,690750,9583250,2019,3,2019-03,122.9,161.25,223.91,35.32,23,5,28,100,1,0.4781,1.4291,100
LJ500_R166_C072,697250,9584250,2019,3,2019-03,129.66,263.49,343.72,33.97,23,5,28,100,1,0.4629,0.9178,100
LJ500_R167_C067,694750,9584750,2019,3,2019-03,129.66,263.49,343.72,33.97,23,5,28,100,1,0.4168,0.81,100
LJ500_R168_C045,683750,9585250,2019,3,2019-03,129.79,213.86,281.91,60.65,24.67,3.3344,28,100,1,0.4914,1.2737,100
LJ500_R173_C033,677750,9587750,2019,3,2019-03,160.96,316.86,396.99,79.15,24.38,3.6226,28,100,1,0.54,1.4423,100
LJ500_R178_C063,692750,9590250,2019,3,2019-03,127,181.92,252.65,34.92,23,5,28,100,1,0.5136,1.38,100
LJ500_R179_C046,684250,9590750,2019,3,2019-03,135.73,216.61,288.83,50.65,24.28,3.7219,28,100,1,1.4367,3.8591,100
LJ500_R180_C071,696750,9591250,2019,3,2019-03,141.55,280.84,371.25,38.98,23,5,28,100,1,0.4675,1.36,100
LJ500_R183_C039,680750,9592750,2019,3,2019-03,152.46,238.86,307.7,64.17,24,4,28,100,1,0.5356,1.3457,100
LJ500_R184_C039,680750,9593250,2019,3,2019-03,152.46,238.86,307.7,64.17,24,4,28,100,1,0.5379,1.35,100
LJ500_R184_C066,694250,9593250,2019,3,2019-03,131.54,166.1,238.36,76.16,23.98,4.0193,28,100,1,0.5932,1.41,100
LJ500_R108_C065,693750,9555250,2019,4,2019-04,142.8,263.61,361.42,37.98,22,9,31,100,1,0.2774,0.69,100
LJ500_R109_C088,705250,9555750,2019,4,2019-04,159.97,294.05,411.11,21.6,22,9,31,100,1,0.2585,0.6131,100
LJ500_R119_C079,700750,9560750,2019,4,2019-04,158.31,294.29,423.5,34.43,22,9,31,100,1,0.1532,0.418,100
LJ500_R122_C070,696250,9562250,2019,4,2019-04,140.95,274.61,376.67,24.76,22,9,31,100,1,0.2006,0.5275,100
LJ500_R125_C065,693750,9563750,2019,4,2019-04,73.01,169.84,211.63,13.02,22,9,31,100,1,0.3526,0.73,100
LJ500_R131_C053,687750,9566750,2019,4,2019-04,51.4,131.54,213.78,10.37,24,7,31,100,1,0.2193,0.5128,100
LJ500_R132_C080,701250,9567250,2019,4,2019-04,140.04,269.34,401.62,28.49,22,9,31,100,1,0.3026,0.66,100
LJ500_R138_C087,704750,9570250,2019,4,2019-04,126.07,251.83,366.12,24.23,22,9,31,100,1,0.2194,0.53,100
LJ500_R142_C071,696750,9572250,2019,4,2019-04,104.4,224.48,315.92,32.62,24,7,31,100,1,0.361,0.7034,100
LJ500_R145_C054,688250,9573750,2019,4,2019-04,62.01,155.91,188.02,13.53,24,7,31,100,1,0.4155,1.02,100
LJ500_R147_C083,702750,9574750,2019,4,2019-04,126.49,253.23,376.68,39.62,24,7,31,100,1,0.3374,0.6717,100
LJ500_R156_C028,675250,9579250,2019,4,2019-04,130.34,276.94,376.48,62.81,25,6,31,100,1,0.389,0.82,100
LJ500_R156_C067,694750,9579250,2019,4,2019-04,92.24,213.51,265.43,18.62,25,6,31,100,1,0.4165,0.8,100
LJ500_R156_C079,700750,9579250,2019,4,2019-04,126.49,253.23,376.68,39.62,24,7,31,100,1,0.3986,0.786,100
LJ500_R157_C009,665750,9579750,2019,4,2019-04,245.37,446.66,740.26,71.97,22.69,8.3077,31,100,1,0.1687,0.3753,100
LJ500_R158_C065,693750,9580250,2019,4,2019-04,94.25,217.15,255.5,41.38,26,5,31,100,1,0.4494,1.36,100
LJ500_R160_C074,698250,9581250,2019,4,2019-04,134.84,264.5,398.33,71.96,26,5,31,100,1,0.4087,0.7763,100
LJ500_R161_C066,694250,9581750,2019,4,2019-04,107.23,232.3,301.19,51.16,26,5,31,100,1,0.4207,0.8757,100
LJ500_R164_C043,682750,9583250,2019,4,2019-04,139.97,284.37,444.76,53.83,25,6,31,100,1,0.4302,0.9143,100
LJ500_R164_C059,690750,9583250,2019,4,2019-04,94.25,217.15,255.5,41.38,26,5,31,100,1,0.5182,1.637,100
LJ500_R166_C072,697250,9584250,2019,4,2019-04,134.84,264.5,398.33,71.96,26,5,31,100,1,0.3987,0.7277,100
LJ500_R167_C067,694750,9584750,2019,4,2019-04,134.84,264.5,398.33,71.96,26,5,31,100,1,0.3729,0.63,100
LJ500_R168_C045,683750,9585250,2019,4,2019-04,115.64,245.43,329.5,51.59,26,5,31,100,1,0.4182,1.0463,100
LJ500_R173_C033,677750,9587750,2019,4,2019-04,163.13,324.09,479.99,41.89,25.87,5.1323,31,100,1,0.4319,1.2315,100
LJ500_R178_C063,692750,9590250,2019,4,2019-04,114.72,241.72,296.64,48.68,26,5,31,100,1,0.4774,0.94,100
LJ500_R179_C046,684250,9590750,2019,4,2019-04,128.76,264.5,345.37,45.52,25.44,5.5562,31,100,1,1.5165,3.5562,100
LJ500_R180_C071,696750,9591250,2019,4,2019-04,152.8,294.35,433.64,54.68,25,6,31,100,1,0.4887,1.24,100
LJ500_R183_C039,680750,9592750,2019,4,2019-04,148.32,300.78,387.18,54.68,26,5,31,100,1,0.4395,1.2617,100
LJ500_R184_C039,680750,9593250,2019,4,2019-04,148.32,300.78,387.18,54.68,26,5,31,100,1,0.4429,1.3,100
LJ500_R184_C066,694250,9593250,2019,4,2019-04,122.84,254.38,288.94,54.68,25.98,5.0193,31,100,1,0.535,0.9967,100
LJ500_R108_C065,693750,9555250,2019,5,2019-05,75.76,218.56,339.37,40.43,22,8,30,100,1,0.22,0.52,100
LJ500_R109_C088,705250,9555750,2019,5,2019-05,78.09,238.06,372.14,41.52,22.22,7.7838,30,100,1,0.1817,0.4131,100
LJ500_R119_C079,700750,9560750,2019,5,2019-05,79.26,237.57,373.55,50.95,23,7,30,100,1,0.127,0.3084,100
LJ500_R122_C070,696250,9562250,2019,5,2019-05,67.93,208.88,342.54,43.13,23,7,30,100,1,0.1671,0.4343,100
LJ500_R125_C065,693750,9563750,2019,5,2019-05,50.11,123.13,219.95,26.85,22,8,30,100,1,0.3023,0.63,100
LJ500_R131_C053,687750,9566750,2019,5,2019-05,45.4,96.8,176.94,28.55,23,7,30,100,1,0.2111,0.5362,100
LJ500_R132_C080,701250,9567250,2019,5,2019-05,85.43,225.47,354.76,47.93,23,7,30,100,1,0.2383,0.55,100
LJ500_R138_C087,704750,9570250,2019,5,2019-05,86.47,212.55,338.31,47.57,22,8,30,100,1,0.1573,0.41,100
LJ500_R142_C071,696750,9572250,2019,5,2019-05,75.21,179.61,299.69,40.9,22,8,30,100,1,0.3322,0.719,100
LJ500_R145_C054,688250,9573750,2019,5,2019-05,44.43,106.44,200.34,27.63,23,7,30,100,1,0.413,1.21,100
LJ500_R147_C083,702750,9574750,2019,5,2019-05,86.81,213.29,340.04,43.46,23,7,30,100,1,0.2849,0.6576,100
LJ500_R156_C028,675250,9579250,2019,5,2019-05,81.43,211.77,358.37,58.2,24,6,30,100,1,0.4467,0.99,100
LJ500_R156_C067,694750,9579250,2019,5,2019-05,65.65,157.89,279.16,32.63,22,8,30,100,1,0.3833,0.84,100
LJ500_R156_C079,700750,9579250,2019,5,2019-05,86.81,213.29,340.04,43.46,23,7,30,100,1,0.3794,0.822,100
LJ500_R157_C009,665750,9579750,2019,5,2019-05,164.42,409.79,611.08,90.22,23.67,6.3269,30,100,1,0.1941,0.4654,100
LJ500_R158_C065,693750,9580250,2019,5,2019-05,59.01,153.26,276.16,29.44,22,8,30,100,1,0.463,1.57,100
LJ500_R160_C074,698250,9581250,2019,5,2019-05,85.87,220.71,350.37,42.44,22,8,30,100,1,0.3806,0.8379,100
LJ500_R161_C066,694250,9581750,2019,5,2019-05,67.61,174.84,299.9,33.6,22,8,30,100,1,0.3918,0.9328,100
LJ500_R164_C043,682750,9583250,2019,5,2019-05,87.2,227.16,371.57,64.18,24,6,30,100,1,0.4407,0.9076,100
LJ500_R164_C059,690750,9583250,2019,5,2019-05,59.01,153.26,276.16,29.44,22,8,30,100,1,0.5279,1.8394,100
LJ500_R166_C072,697250,9584250,2019,5,2019-05,85.87,220.71,350.37,42.44,22,8,30,100,1,0.3635,0.8055,100
LJ500_R167_C067,694750,9584750,2019,5,2019-05,85.87,220.71,350.37,42.44,22,8,30,100,1,0.3353,0.74,100
LJ500_R168_C045,683750,9585250,2019,5,2019-05,72.08,187.72,317.51,43.25,22.33,7.6656,30,100,1,0.4662,1.2644,100
LJ500_R173_C033,677750,9587750,2019,5,2019-05,92.99,256.12,417.09,62.56,23.38,6.6226,30,100,1,0.5117,1.6391,100
LJ500_R178_C063,692750,9590250,2019,5,2019-05,67.97,182.69,309.68,34.09,23,7,30,100,1,0.4773,1.21,100
LJ500_R179_C046,684250,9590750,2019,5,2019-05,75.91,204.68,340.41,48.89,23.28,6.7219,30,100,1,1.3312,4.5134,100
LJ500_R180_C071,696750,9591250,2019,5,2019-05,98.03,250.83,392.39,45.1,22,8,30,100,1,0.524,1.58,100
LJ500_R183_C039,680750,9592750,2019,5,2019-05,81.36,229.68,382.14,59.97,24,6,30,100,1,0.5138,1.4287,100
LJ500_R184_C039,680750,9593250,2019,5,2019-05,81.36,229.68,382.14,59.97,24,6,30,100,1,0.5183,1.45,100
LJ500_R184_C066,694250,9593250,2019,5,2019-05,69.36,192.21,323.75,32.63,22.98,7.0193,30,100,1,0.5045,0.9932,100
LJ500_R108_C065,693750,9555250,2019,6,2019-06,25.01,100.78,243.57,7.3922,27,4,31,100,1,0.2684,0.72,100
LJ500_R109_C088,705250,9555750,2019,6,2019-06,30.72,108.81,268.78,30.72,30,1,31,100,1,0.1982,0.5923,100
LJ500_R119_C079,700750,9560750,2019,6,2019-06,32.48,111.74,270.05,32.48,30,1,31,100,1,0.1207,0.3332,100
LJ500_R122_C070,696250,9562250,2019,6,2019-06,21.89,89.83,230.78,21.89,30,1,31,100,1,0.1765,0.471,100
LJ500_R125_C065,693750,9563750,2019,6,2019-06,15.65,65.76,138.77,7.8238,29,2,31,100,1,0.3123,0.88,100
LJ500_R131_C053,687750,9566750,2019,6,2019-06,11.68,57.08,108.48,6.6115,29,2,31,100,1,0.258,0.5042,100
LJ500_R132_C080,701250,9567250,2019,6,2019-06,36.64,122.07,262.11,36.64,30,1,31,100,1,0.2177,0.67,100
LJ500_R138_C087,704750,9570250,2019,6,2019-06,38.77,125.24,251.32,13.2,28,3,31,100,1,0.1281,0.39,100
LJ500_R142_C071,696750,9572250,2019,6,2019-06,30.6,105.81,210.21,15.3,29,2,31,100,1,0.3406,0.8368,100
LJ500_R145_C054,688250,9573750,2019,6,2019-06,7.9867,52.42,114.42,2.7099,28,3,31,100,1,0.509,1.82,100
LJ500_R147_C083,702750,9574750,2019,6,2019-06,43.4,130.2,256.69,16.42,28,3,31,100,1,0.2543,0.675,100
LJ500_R156_C028,675250,9579250,2019,6,2019-06,18.21,99.64,229.99,7.4284,28,3,31,100,1,0.5806,1.06,100
LJ500_R156_C067,694750,9579250,2019,6,2019-06,28.22,93.87,186.11,28.22,30,1,31,100,1,0.4284,0.98,100
LJ500_R156_C079,700750,9579250,2019,6,2019-06,43.4,130.2,256.69,16.42,28,3,31,100,1,0.3996,0.9261,100
LJ500_R157_C009,665750,9579750,2019,6,2019-06,43.25,207.67,453.04,28.78,29,2,31,100,1,0.2302,0.5636,100
LJ500_R158_C065,693750,9580250,2019,6,2019-06,28.9,87.91,182.16,14.45,29,2,31,100,1,0.5487,2.27,100
LJ500_R160_C074,698250,9581250,2019,6,2019-06,38.97,124.84,259.68,25.46,29,2,31,100,1,0.4102,0.9174,100
LJ500_R161_C066,694250,9581750,2019,6,2019-06,32.12,99.73,206.96,17.97,29,2,31,100,1,0.4557,1.1412,100
LJ500_R164_C043,682750,9583250,2019,6,2019-06,30.01,117.2,257.17,12.94,27,4,31,100,1,0.5488,1.0814,100
LJ500_R164_C059,690750,9583250,2019,6,2019-06,28.9,87.91,182.16,14.45,29,2,31,100,1,0.6293,2.7292,100
LJ500_R166_C072,697250,9584250,2019,6,2019-06,38.97,124.84,259.68,25.46,29,2,31,100,1,0.3875,0.8507,100
LJ500_R167_C067,694750,9584750,2019,6,2019-06,38.97,124.84,259.68,25.46,29,2,31,100,1,0.3506,0.75,100
LJ500_R168_C045,683750,9585250,2019,6,2019-06,24.62,96.7,212.34,6.9148,27.33,3.6656,31,100,1,0.5641,1.9262,100
LJ500_R173_C033,677750,9587750,2019,6,2019-06,29.75,122.75,285.87,12.36,27.62,3.3774,31,100,1,0.583,2.1749,100
LJ500_R178_C063,692750,9590250,2019,6,2019-06,34.7,102.66,217.39,17.35,29,2,31,100,1,0.5832,1.73,100
LJ500_R179_C046,684250,9590750,2019,6,2019-06,26.78,102.7,231.46,8.8983,27.72,3.2781,31,100,1,1.7714,6.0005,100
LJ500_R180_C071,696750,9591250,2019,6,2019-06,41.77,139.8,292.6,11.49,27,4,31,100,1,0.5994,2.31,100
LJ500_R183_C039,680750,9592750,2019,6,2019-06,22.82,104.18,252.5,8.1854,26,5,31,100,1,0.5907,2.003,100
LJ500_R184_C039,680750,9593250,2019,6,2019-06,22.82,104.18,252.5,8.1854,26,5,31,100,1,0.5913,2.02,100
LJ500_R184_C066,694250,9593250,2019,6,2019-06,31.27,100.64,223.48,15.45,28.96,2.0387,31,100,1,0.6362,1.324,100
LJ500_R108_C065,693750,9555250,2019,7,2019-07,19.61,44.62,120.38,12.23,25,5,30,100,1,0.3063,0.92,100
LJ500_R109_C088,705250,9555750,2019,7,2019-07,40.92,71.64,149.73,15.28,25,5,30,100,1,0.2795,0.7178,100
LJ500_R119_C079,700750,9560750,2019,7,2019-07,39.21,71.7,150.95,20.75,25,5,30,100,1,0.1993,0.5532,100
LJ500_R122_C070,696250,9562250,2019,7,2019-07,22.24,44.14,112.07,9.5609,27,3,30,100,1,0.2191,0.5584,100
LJ500_R125_C065,693750,9563750,2019,7,2019-07,10.78,26.43,76.54,5.6452,28,2,30,100,1,0.3193,0.74,100
LJ500_R131_C053,687750,9566750,2019,7,2019-07,5.2161,16.9,62.3,3.1785,28,2,30,100,1,0.2521,0.7045,100
LJ500_R132_C080,701250,9567250,2019,7,2019-07,35.31,71.95,157.38,10.87,25,5,30,100,1,0.2893,0.86,100
LJ500_R138_C087,704750,9570250,2019,7,2019-07,30.32,69.09,155.56,10.98,26,4,30,100,1,0.2273,0.74,100
LJ500_R142_C071,696750,9572250,2019,7,2019-07,21.01,51.61,126.82,8.3773,27,3,30,100,1,0.3745,1.1316,100
LJ500_R145_C054,688250,9573750,2019,7,2019-07,2.6601,10.65,55.08,0.849,30,0,30,100,1,0.5277,2.26,100
LJ500_R147_C083,702750,9574750,2019,7,2019-07,32.17,75.57,162.38,18,25,5,30,100,1,0.334,1.1252,100
LJ500_R156_C028,675250,9579250,2019,7,2019-07,5.5187,23.73,105.16,3.4345,28,2,30,100,1,0.6837,1.31,100
LJ500_R156_C067,694750,9579250,2019,7,2019-07,18.12,46.34,111.99,7.4668,27,3,30,100,1,0.469,1.48,100
LJ500_R156_C079,700750,9579250,2019,7,2019-07,32.17,75.57,162.38,18,25,5,30,100,1,0.4907,1.5202,100
LJ500_R157_C009,665750,9579750,2019,7,2019-07,14.8,58.05,222.47,9.1775,27,3,30,100,1,0.3909,0.9575,100
LJ500_R158_C065,693750,9580250,2019,7,2019-07,22.07,50.97,109.98,14.18,25,5,30,100,1,0.7197,2.82,100
LJ500_R160_C074,698250,9581250,2019,7,2019-07,28.49,67.46,153.34,16.96,25,5,30,100,1,0.4731,1.4899,100
LJ500_R161_C066,694250,9581750,2019,7,2019-07,24.12,56.24,123.85,15.07,25,5,30,100,1,0.5067,1.7048,100
LJ500_R164_C043,682750,9583250,2019,7,2019-07,15.59,45.6,132.8,6.9274,27,3,30,100,1,0.4636,1.3518,100
LJ500_R164_C059,690750,9583250,2019,7,2019-07,22.07,50.97,109.98,14.18,25,5,30,100,1,0.8925,3.2356,100
LJ500_R166_C072,697250,9584250,2019,7,2019-07,28.49,67.46,153.34,16.96,25,5,30,100,1,0.42,1.3036,100
LJ500_R167_C067,694750,9584750,2019,7,2019-07,28.49,67.46,153.34,16.96,25,5,30,100,1,0.3413,1.02,100
LJ500_R168_C045,683750,9585250,2019,7,2019-07,17.57,42.19,114.27,11.72,26,4,30,100,1,0.7024,2.6771,100
LJ500_R173_C033,677750,9587750,2019,7,2019-07,12.11,41.86,134.85,7.0564,28.25,1.7549,30,100,1,0.8352,3.0018,100
LJ500_R178_C063,692750,9590250,2019,7,2019-07,28.21,62.91,130.88,19.13,25,5,30,100,1,0.62,2.39,100
LJ500_R179_C046,684250,9590750,2019,7,2019-07,20.05,46.83,122.74,12.67,26.28,3.7219,30,100,1,2.3883,6.1846,100
LJ500_R180_C071,696750,9591250,2019,7,2019-07,34.94,76.71,174.74,21.43,25,5,30,100,1,0.712,2.95,100
LJ500_R183_C039,680750,9592750,2019,7,2019-07,8.9106,31.73,113.09,5.1704,28,2,30,100,1,0.7453,2.7872,100
LJ500_R184_C039,680750,9593250,2019,7,2019-07,8.9106,31.73,113.09,5.1704,28,2,30,100,1,0.754,2.8,100
LJ500_R184_C066,694250,9593250,2019,7,2019-07,28.62,59.89,129.26,9.8926,25.98,4.0193,30,100,1,0.5241,1.984,100
LJ500_R108_C065,693750,9555250,2019,8,2019-08,11.76,31.36,56.38,8.4332,29,2,31,100,1,0.3265,0.97,100
LJ500_R109_C088,705250,9555750,2019,8,2019-08,33.96,74.88,105.6,12.28,26,5,31,100,1,0.2437,0.8765,100
LJ500_R119_C079,700750,9560750,2019,8,2019-08,32.83,72.04,104.52,32.83,30,1,31,100,1,0.1327,0.4412,100
LJ500_R122_C070,696250,9562250,2019,8,2019-08,16.65,38.89,60.79,9.2584,28,3,31,100,1,0.1806,0.6012,100
LJ500_R125_C065,693750,9563750,2019,8,2019-08,0,10.78,26.43,0,31,0,31,100,1,0.2881,0.78,100
LJ500_R131_C053,687750,9566750,2019,8,2019-08,0,5.2161,16.9,0,31,0,31,100,1,0.3023,0.6614,100
LJ500_R132_C080,701250,9567250,2019,8,2019-08,23.94,59.25,95.89,12.39,27,4,31,100,1,0.2006,0.55,100
LJ500_R138_C087,704750,9570250,2019,8,2019-08,18.45,48.77,87.54,10.19,28,3,31,100,1,0.1529,0.36,100
LJ500_R142_C071,696750,9572250,2019,8,2019-08,11.47,32.48,63.08,8.4194,29,2,31,100,1,0.2494,1.1575,100
LJ500_R145_C054,688250,9573750,2019,8,2019-08,0,2.6601,10.65,0,31,0,31,100,1,0.6103,3.16,100
LJ500_R147_C083,702750,9574750,2019,8,2019-08,19.82,51.99,95.39,11.52,28,3,31,100,1,0.1801,0.5563,100
LJ500_R156_C028,675250,9579250,2019,8,2019-08,0,5.5187,23.73,0,31,0,31,100,1,0.8048,1.44,100
LJ500_R156_C067,694750,9579250,2019,8,2019-08,9.9363,28.06,56.28,9.9363,30,1,31,100,1,0.2694,1.16,100
LJ500_R156_C079,700750,9579250,2019,8,2019-08,19.82,51.99,95.39,11.52,28,3,31,100,1,0.3238,1.3509,100
LJ500_R157_C009,665750,9579750,2019,8,2019-08,0,14.8,58.05,0,31,0,31,100,1,0.2805,0.6027,100
LJ500_R158_C065,693750,9580250,2019,8,2019-08,10.54,32.61,61.51,7.7506,29,2,31,100,1,0.9506,3.72,100
LJ500_R160_C074,698250,9581250,2019,8,2019-08,15.98,44.48,83.44,8.7434,28,3,31,100,1,0.2693,1.0346,100
LJ500_R161_C066,694250,9581750,2019,8,2019-08,12.28,36.41,68.53,8.0682,28.68,2.3199,31,100,1,0.4158,1.6792,100
LJ500_R164_C043,682750,9583250,2019,8,2019-08,0,15.59,45.6,0,31,0,31,100,1,0.366,1.137,100
LJ500_R164_C059,690750,9583250,2019,8,2019-08,10.54,32.61,61.51,7.7506,29,2,31,100,1,1.2259,4.2481,100
LJ500_R166_C072,697250,9584250,2019,8,2019-08,15.98,44.48,83.44,8.7434,28,3,31,100,1,0.2301,0.7591,100
LJ500_R167_C067,694750,9584750,2019,8,2019-08,15.98,44.48,83.44,8.7434,28,3,31,100,1,0.1939,0.56,100
LJ500_R168_C045,683750,9585250,2019,8,2019-08,6.3783,23.95,48.57,4.5053,29,2,31,100,1,0.7837,3.2052,100
LJ500_R173_C033,677750,9587750,2019,8,2019-08,0,12.11,41.86,0,31,0,31,100,1,0.9183,3.4002,100
LJ500_R178_C063,692750,9590250,2019,8,2019-08,12.4,40.61,75.31,8.6449,29,2,31,100,1,0.7171,3.09,100
LJ500_R179_C046,684250,9590750,2019,8,2019-08,7.4138,27.46,54.24,5.193,29,2,31,100,1,3.0856,7.1507,100
LJ500_R180_C071,696750,9591250,2019,8,2019-08,18.94,53.88,95.65,10.41,28,3,31,100,1,0.9703,3.79,100
LJ500_R183_C039,680750,9592750,2019,8,2019-08,0,8.9106,31.73,0,31,0,31,100,1,0.8505,3.2287,100
LJ500_R184_C039,680750,9593250,2019,8,2019-08,0,8.9106,31.73,0,31,0,31,100,1,0.8606,3.25,100
LJ500_R184_C066,694250,9593250,2019,8,2019-08,14.76,43.38,74.65,8.6978,28,3,31,100,1,0.5617,2.5893,100
LJ500_R108_C065,693750,9555250,2019,9,2019-09,19.81,31.57,51.18,7.9271,28,3,31,100,1,0.2074,0.81,100
LJ500_R109_C088,705250,9555750,2019,9,2019-09,38.66,72.62,113.53,9.4526,26,5,31,100,1,0.2078,0.7008,100
LJ500_R119_C079,700750,9560750,2019,9,2019-09,35,67.83,107.04,8.7573,26,5,31,100,1,0.1164,0.3732,100
LJ500_R122_C070,696250,9562250,2019,9,2019-09,20.84,37.49,59.73,8.3347,28,3,31,100,1,0.1294,0.4379,100
LJ500_R125_C065,693750,9563750,2019,9,2019-09,8.4385,8.4385,19.22,5.1726,29,2,31,100,1,0.2413,0.83,100
LJ500_R131_C053,687750,9566750,2019,9,2019-09,5.5109,5.5109,10.73,3.384,29,2,31,100,1,0.239,0.5342,100
LJ500_R132_C080,701250,9567250,2019,9,2019-09,27.07,51.02,86.33,8.6827,27,4,31,100,1,0.2658,0.91,100
LJ500_R138_C087,704750,9570250,2019,9,2019-09,22.05,40.5,70.82,9.3122,28,3,31,100,1,0.2229,0.68,100
LJ500_R142_C071,696750,9572250,2019,9,2019-09,14.46,25.92,46.93,6.2614,28,3,31,100,1,0.4417,1.3374,100
LJ500_R145_C054,688250,9573750,2019,9,2019-09,0,0,2.6601,0,31,0,31,100,1,0.9465,2.15,100
LJ500_R147_C083,702750,9574750,2019,9,2019-09,20.1,39.92,72.09,8.5933,28,3,31,100,1,0.3254,1.121,100
LJ500_R156_C028,675250,9579250,2019,9,2019-09,0,0,5.5187,0,31,0,31,100,1,0.8023,1.4,100
LJ500_R156_C067,694750,9579250,2019,9,2019-09,13.09,23.03,41.15,5.8219,28,3,31,100,1,0.5045,1.58,100
LJ500_R156_C079,700750,9579250,2019,9,2019-09,20.1,39.92,72.09,8.5933,28,3,31,100,1,0.6227,1.6283,100
LJ500_R157_C009,665750,9579750,2019,9,2019-09,6.6629,6.6629,21.46,4.2693,29,2,31,100,1,0.3147,0.7089,100
LJ500_R158_C065,693750,9580250,2019,9,2019-09,14.57,25.11,47.18,6.7308,28,3,31,100,1,1.3839,2.66,100
LJ500_R160_C074,698250,9581250,2019,9,2019-09,16.9,32.89,61.38,7.3575,28,3,31,100,1,0.5171,1.5473,100
LJ500_R161_C066,694250,9581750,2019,9,2019-09,15.32,27.6,51.72,6.9313,28,3,31,100,1,0.672,1.7256,100
LJ500_R164_C043,682750,9583250,2019,9,2019-09,9.2548,9.2548,24.85,5.8951,29,2,31,100,1,0.413,1.6051,100
LJ500_R164_C059,690750,9583250,2019,9,2019-09,14.57,25.11,47.18,6.7308,28,3,31,100,1,1.6256,3.1829,100
LJ500_R166_C072,697250,9584250,2019,9,2019-09,16.9,32.89,61.38,7.3575,28,3,31,100,1,0.3893,1.3017,100
LJ500_R167_C067,694750,9584750,2019,9,2019-09,16.9,32.89,61.38,7.3575,28,3,31,100,1,0.2235,0.98,100
LJ500_R168_C045,683750,9585250,2019,9,2019-09,11.05,17.43,35,6.9903,29,2,31,100,1,1.1318,2.9235,100
LJ500_R173_C033,677750,9587750,2019,9,2019-09,6.5125,6.5125,18.62,4.1873,29,2,31,100,1,1.2119,3.5414,100
LJ500_R178_C063,692750,9590250,2019,9,2019-09,16.61,29.01,57.22,7.6215,28,3,31,100,1,1.0903,2.22,100
LJ500_R179_C046,684250,9590750,2019,9,2019-09,12.06,19.48,39.52,7.5234,29,2,31,100,1,2.819,6.6216,100
LJ500_R180_C071,696750,9591250,2019,9,2019-09,20.96,39.9,74.84,8.6668,28,3,31,100,1,1.33,2.66,100
LJ500_R183_C039,680750,9592750,2019,9,2019-09,6.0966,6.0966,15.01,3.9467,29,2,31,100,1,1.0894,3.0815,100
LJ500_R184_C039,680750,9593250,2019,9,2019-09,6.0966,6.0966,15.01,3.9467,29,2,31,100,1,1.0932,3.09,100
LJ500_R184_C066,694250,9593250,2019,9,2019-09,18.19,32.94,61.57,8.1623,28,3,31,100,1,0.8294,1.7805,100
LJ500_R108_C065,693750,9555250,2019,10,2019-10,26.26,46.08,57.83,11.92,26,4,30,100,1,0.1947,0.69,100
LJ500_R109_C088,705250,9555750,2019,10,2019-10,39.22,77.88,111.83,14.78,25,5,30,100,1,0.1771,0.6237,100
LJ500_R119_C079,700750,9560750,2019,10,2019-10,37.99,72.99,105.81,15.54,25,5,30,100,1,0.1335,0.3888,100
LJ500_R122_C070,696250,9562250,2019,10,2019-10,26.1,46.95,63.6,13.06,26,4,30,100,1,0.144,0.4888,100
LJ500_R125_C065,693750,9563750,2019,10,2019-10,26.8,35.24,35.24,13.44,26,4,30,100,1,0.2,0.79,100
LJ500_R131_C053,687750,9566750,2019,10,2019-10,20.25,25.76,25.76,10.3,26,4,30,100,1,0.1819,0.5329,100
LJ500_R132_C080,701250,9567250,2019,10,2019-10,36.12,63.2,87.14,17.93,25,5,30,100,1,0.162,0.6,100
LJ500_R138_C087,704750,9570250,2019,10,2019-10,34.23,56.28,74.73,17.84,24,6,30,100,1,0.1367,0.39,100
LJ500_R142_C071,696750,9572250,2019,10,2019-10,25.43,39.88,51.35,13.46,25,5,30,100,1,0.2472,0.6356,100
LJ500_R145_C054,688250,9573750,2019,10,2019-10,19.49,19.49,19.49,9.9711,27,3,30,100,1,0.5913,1.73,100
LJ500_R147_C083,702750,9574750,2019,10,2019-10,36.07,56.17,75.99,18.01,24,6,30,100,1,0.2079,0.5217,100
LJ500_R156_C028,675250,9579250,2019,10,2019-10,17.74,17.74,17.74,9.3985,26,4,30,100,1,0.5787,1.07,100
LJ500_R156_C067,694750,9579250,2019,10,2019-10,25.73,38.82,48.76,13.57,27,3,30,100,1,0.321,0.73,100
LJ500_R156_C079,700750,9579250,2019,10,2019-10,36.07,56.17,75.99,18.01,24,6,30,100,1,0.3416,0.8023,100
LJ500_R157_C009,665750,9579750,2019,10,2019-10,19.86,26.53,26.53,11.05,27,3,30,100,1,0.1443,0.4335,100
LJ500_R158_C065,693750,9580250,2019,10,2019-10,29.93,44.5,55.04,16.64,27,3,30,100,1,0.7587,2.27,100
LJ500_R160_C074,698250,9581250,2019,10,2019-10,29.65,46.55,62.53,16.44,26,4,30,100,1,0.317,0.6968,100
LJ500_R161_C066,694250,9581750,2019,10,2019-10,29.84,45.16,57.44,16.57,26.68,3.3199,30,100,1,0.4156,1.0326,100
LJ500_R164_C043,682750,9583250,2019,10,2019-10,23.3,32.56,32.56,17.48,28,2,30,100,1,0.46,1.1572,100
LJ500_R164_C059,690750,9583250,2019,10,2019-10,29.93,44.5,55.04,16.64,27,3,30,100,1,0.918,2.6433,100
LJ500_R166_C072,697250,9584250,2019,10,2019-10,29.65,46.55,62.53,16.44,26,4,30,100,1,0.3104,0.6665,100
LJ500_R167_C067,694750,9584750,2019,10,2019-10,29.65,46.55,62.53,16.44,26,4,30,100,1,0.2953,0.65,100
LJ500_R168_C045,683750,9585250,2019,10,2019-10,26.31,37.36,43.74,13.74,26.67,3.3344,30,100,1,0.6571,1.7262,100
LJ500_R173_C033,677750,9587750,2019,10,2019-10,23.56,30.07,30.07,13.22,26.75,3.2451,30,100,1,0.7294,1.7518,100
LJ500_R178_C063,692750,9590250,2019,10,2019-10,32.18,48.79,61.19,14.04,25,5,30,100,1,0.6117,1.67,100
LJ500_R179_C046,684250,9590750,2019,10,2019-10,26.38,38.44,45.85,13.9,25.72,4.2781,30,100,1,2.2705,4.2595,100
LJ500_R180_C071,696750,9591250,2019,10,2019-10,31.54,52.5,71.44,17.06,26,4,30,100,1,0.777,2.18,100
LJ500_R183_C039,680750,9592750,2019,10,2019-10,22.73,28.83,28.83,8.983,26,4,30,100,1,0.6757,1.53,100
LJ500_R184_C039,680750,9593250,2019,10,2019-10,22.73,28.83,28.83,8.983,26,4,30,100,1,0.681,1.53,100
LJ500_R184_C066,694250,9593250,2019,10,2019-10,32.69,50.88,65.63,13.98,25.02,4.9807,30,100,1,0.5121,1.2405,100
LJ500_R108_C065,693750,9555250,2019,11,2019-11,98.32,124.58,144.4,34.65,25,6,31,100,1,0.2519,0.68,100
LJ500_R109_C088,705250,9555750,2019,11,2019-11,132.69,171.91,210.57,33.56,22.78,8.2162,31,100,1,0.1869,0.6346,100
LJ500_R119_C079,700750,9560750,2019,11,2019-11,133.1,171.08,206.08,23.38,21,10,31,100,1,0.1455,0.4588,100
LJ500_R122_C070,696250,9562250,2019,11,2019-11,96.05,122.15,143,23.33,24,7,31,100,1,0.1847,0.5502,100
LJ500_R125_C065,693750,9563750,2019,11,2019-11,75.87,102.67,111.11,19.05,24,7,31,100,1,0.3955,0.93,100
LJ500_R131_C053,687750,9566750,2019,11,2019-11,65.52,85.77,91.28,15.73,23,8,31,100,1,0.2634,0.5578,100
LJ500_R132_C080,701250,9567250,2019,11,2019-11,106.59,142.71,169.79,19.63,23,8,31,100,1,0.2848,0.77,100
LJ500_R138_C087,704750,9570250,2019,11,2019-11,93.97,128.19,150.25,21.55,23,8,31,100,1,0.1832,0.57,100
LJ500_R142_C071,696750,9572250,2019,11,2019-11,76.16,101.58,116.04,22.16,25,6,31,100,1,0.4524,1.0326,100
LJ500_R145_C054,688250,9573750,2019,11,2019-11,62.79,82.28,82.28,15.92,23,8,31,100,1,0.5316,1.42,100
LJ500_R147_C083,702750,9574750,2019,11,2019-11,86.1,122.17,142.27,20.72,22,9,31,100,1,0.3497,0.8291,100
LJ500_R156_C028,675250,9579250,2019,11,2019-11,50.44,68.18,68.18,9.6139,24,7,31,100,1,0.6239,1.11,100
LJ500_R156_C067,694750,9579250,2019,11,2019-11,68.54,94.27,107.36,17.17,25,6,31,100,1,0.5648,1.22,100
LJ500_R156_C079,700750,9579250,2019,11,2019-11,86.1,122.17,142.27,20.72,22,9,31,100,1,0.49,1.1481,100
LJ500_R157_C009,665750,9579750,2019,11,2019-11,39.93,59.79,66.45,9.3582,25.67,5.3269,31,100,1,0.1174,0.2734,100
LJ500_R158_C065,693750,9580250,2019,11,2019-11,72.73,102.67,117.23,16.54,23,8,31,100,1,0.4477,1.35,100
LJ500_R160_C074,698250,9581250,2019,11,2019-11,75.47,105.12,122.02,17.08,23,8,31,100,1,0.5245,1.1742,100
LJ500_R161_C066,694250,9581750,2019,11,2019-11,73.61,103.45,118.77,16.71,23,8,31,100,1,0.5423,1.1923,100
LJ500_R164_C043,682750,9583250,2019,11,2019-11,59.36,82.66,91.92,12.59,22,9,31,100,1,0.7694,1.5476,100
LJ500_R164_C059,690750,9583250,2019,11,2019-11,72.73,102.67,117.23,16.54,23,8,31,100,1,0.4548,1.5519,100
LJ500_R166_C072,697250,9584250,2019,11,2019-11,75.47,105.12,122.02,17.08,23,8,31,100,1,0.5156,1.079,100
LJ500_R167_C067,694750,9584750,2019,11,2019-11,75.47,105.12,122.02,17.08,23,8,31,100,1,0.4913,0.93,100
LJ500_R168_C045,683750,9585250,2019,11,2019-11,62.98,89.29,100.34,14.84,23,8,31,100,1,0.5969,1.83,100
LJ500_R173_C033,677750,9587750,2019,11,2019-11,52.71,76.27,82.78,11.5,24,7,31,100,1,0.6075,2.1331,100
LJ500_R178_C063,692750,9590250,2019,11,2019-11,73.92,106.1,122.71,12.16,22,9,31,100,1,0.6039,1.54,100
LJ500_R179_C046,684250,9590750,2019,11,2019-11,62.62,89,101.06,15.12,23,8,31,100,1,1.2592,2.9217,100
LJ500_R180_C071,696750,9591250,2019,11,2019-11,73.24,104.78,125.74,17.82,24,7,31,100,1,0.4755,1.45,100
LJ500_R183_C039,680750,9592750,2019,11,2019-11,51.27,74,80.1,11.58,24,7,31,100,1,0.6304,2.0872,100
LJ500_R184_C039,680750,9593250,2019,11,2019-11,51.27,74,80.1,11.58,24,7,31,100,1,0.6281,2.1,100
LJ500_R184_C066,694250,9593250,2019,11,2019-11,74.83,107.52,125.71,20.04,24,7,31,100,1,0.7188,1.5312,100
LJ500_R108_C065,693750,9555250,2019,12,2019-12,38.53,136.85,163.12,10.78,24,6,30,100,1,0.2443,0.65,100
LJ500_R109_C088,705250,9555750,2019,12,2019-12,48.02,180.71,219.93,10.85,22.78,7.2162,30,100,1,0.21,0.5296,100
LJ500_R119_C079,700750,9560750,2019,12,2019-12,49.81,182.9,220.89,17.03,24,6,30,100,1,0.1892,0.38,100
LJ500_R122_C070,696250,9562250,2019,12,2019-12,40.97,137.02,163.12,14.04,25,5,30,100,1,0.2254,0.4915,100
LJ500_R125_C065,693750,9563750,2019,12,2019-12,36.06,111.93,138.73,20.82,26,4,30,100,1,0.3847,0.84,100
LJ500_R131_C053,687750,9566750,2019,12,2019-12,27.67,93.19,113.44,12.22,25,5,30,100,1,0.3318,0.5352,100
LJ500_R132_C080,701250,9567250,2019,12,2019-12,50.16,156.75,192.87,16.48,25,5,30,100,1,0.3247,0.64,100
LJ500_R138_C087,704750,9570250,2019,12,2019-12,49.31,143.28,177.5,19.76,24,6,30,100,1,0.2363,0.42,100
LJ500_R142_C071,696750,9572250,2019,12,2019-12,39.72,115.88,141.3,16.51,24,6,30,100,1,0.4876,1.0672,100
LJ500_R145_C054,688250,9573750,2019,12,2019-12,27.12,89.9,109.4,16.47,26,4,30,100,1,0.651,1.58,100
LJ500_R147_C083,702750,9574750,2019,12,2019-12,50.39,136.49,172.57,23.11,24,6,30,100,1,0.4163,0.775,100
LJ500_R156_C028,675250,9579250,2019,12,2019-12,27.28,77.73,95.47,12.44,25,5,30,100,1,0.512,0.96,100
LJ500_R156_C067,694750,9579250,2019,12,2019-12,43.32,111.86,137.59,19.39,24,6,30,100,1,0.595,1.19,100
LJ500_R156_C079,700750,9579250,2019,12,2019-12,50.39,136.49,172.57,23.11,24,6,30,100,1,0.5693,1.1401,100
LJ500_R157_C009,665750,9579750,2019,12,2019-12,25.15,65.07,84.93,13.2,25.67,4.3269,30,100,1,0.1557,0.3619,100
LJ500_R158_C065,693750,9580250,2019,12,2019-12,47.52,120.25,150.19,21.75,25,5,30,100,1,0.6637,1.72,100
LJ500_R160_C074,698250,9581250,2019,12,2019-12,45.04,120.51,150.16,25.31,25,5,30,100,1,0.5873,1.1442,100
LJ500_R161_C066,694250,9581750,2019,12,2019-12,46.73,120.34,150.18,22.89,25,5,30,100,1,0.6094,1.2292,100
LJ500_R164_C043,682750,9583250,2019,12,2019-12,34.7,94.06,117.36,18.35,26,4,30,100,1,0.6775,1.4385,100
LJ500_R164_C059,690750,9583250,2019,12,2019-12,47.52,120.25,150.19,21.75,25,5,30,100,1,0.7251,2.0756,100
LJ500_R166_C072,697250,9584250,2019,12,2019-12,45.04,120.51,150.16,25.31,25,5,30,100,1,0.5739,1.0297,100
LJ500_R167_C067,694750,9584750,2019,12,2019-12,45.04,120.51,150.16,25.31,25,5,30,100,1,0.5417,0.9,100
LJ500_R168_C045,683750,9585250,2019,12,2019-12,38.47,101.45,127.76,23.29,26,4,30,100,1,0.7074,1.7863,100
LJ500_R173_C033,677750,9587750,2019,12,2019-12,32.9,85.61,109.17,20.23,26,4,30,100,1,0.7725,1.9631,100
LJ500_R178_C063,692750,9590250,2019,12,2019-12,48.56,122.48,154.66,17.62,24,6,30,100,1,0.687,1.55,100
LJ500_R179_C046,684250,9590750,2019,12,2019-12,39.63,102.25,128.63,22.27,25.72,4.2781,30,100,1,1.7956,5.619,100
LJ500_R180_C071,696750,9591250,2019,12,2019-12,51.9,125.14,156.68,38.98,24,6,30,100,1,0.704,1.73,100
LJ500_R183_C039,680750,9592750,2019,12,2019-12,35.58,86.85,109.58,20.91,26,4,30,100,1,0.7588,1.9015,100
LJ500_R184_C039,680750,9593250,2019,12,2019-12,35.58,86.85,109.58,20.91,26,4,30,100,1,0.765,1.91,100
LJ500_R184_C066,694250,9593250,2019,12,2019-12,51.77,126.6,159.29,20.45,24,6,30,100,1,0.6999,1.475,100
LJ500_R108_C065,693750,9555250,2020,1,2020-01,115.31,153.85,252.17,31,25,6,31,100,1,0.3868,1.1,100
LJ500_R109_C088,705250,9555750,2020,1,2020-01,171.92,219.94,352.63,38.8,25,6,31,100,1,0.3342,1.0286,100
LJ500_R119_C079,700750,9560750,2020,1,2020-01,166.29,216.09,349.19,38.2,25,6,31,100,1,0.2545,0.768,100
LJ500_R122_C070,696250,9562250,2020,1,2020-01,129.25,170.22,266.27,30.8,25,6,31,100,1,0.3169,0.9196,100
LJ500_R125_C065,693750,9563750,2020,1,2020-01,79,115.07,190.94,18.64,25,6,31,100,1,0.5313,1.52,100
LJ500_R131_C053,687750,9566750,2020,1,2020-01,55.12,82.79,148.31,22.05,28,3,31,100,1,0.3508,0.8759,100
LJ500_R132_C080,701250,9567250,2020,1,2020-01,156.88,207.04,313.63,54.42,26,5,31,100,1,0.4439,1.22,100
LJ500_R138_C087,704750,9570250,2020,1,2020-01,144.64,193.95,287.91,41.24,26,5,31,100,1,0.3419,0.83,100
LJ500_R142_C071,696750,9572250,2020,1,2020-01,113.01,152.73,228.89,41,28,3,31,100,1,0.5464,1.614,100
LJ500_R145_C054,688250,9573750,2020,1,2020-01,63.7,90.81,153.6,15.6,26,5,31,100,1,0.5574,2.09,100
LJ500_R147_C083,702750,9574750,2020,1,2020-01,156.89,207.28,293.38,72.96,28,3,31,100,1,0.4976,1.2223,100
LJ500_R156_C028,675250,9579250,2020,1,2020-01,110.14,137.42,187.87,38.5,26,5,31,100,1,0.5603,1.06,100
LJ500_R156_C067,694750,9579250,2020,1,2020-01,114.72,158.03,226.57,43.35,28,3,31,100,1,0.6119,1.71,100
LJ500_R156_C079,700750,9579250,2020,1,2020-01,156.89,207.28,293.38,72.96,28,3,31,100,1,0.5731,1.5921,100
LJ500_R157_C009,665750,9579750,2020,1,2020-01,177.82,202.97,242.89,55.86,26.67,4.3269,31,100,1,0.21,0.5081,100
LJ500_R158_C065,693750,9580250,2020,1,2020-01,115.84,163.36,236.09,58.78,28,3,31,100,1,0.5648,1.89,100
LJ500_R160_C074,698250,9581250,2020,1,2020-01,142.99,188.03,263.5,104.52,29,2,31,100,1,0.5896,1.5715,100
LJ500_R161_C066,694250,9581750,2020,1,2020-01,124.53,171.25,244.86,73.41,28.32,2.6801,31,100,1,0.5951,1.6627,100
LJ500_R164_C043,682750,9583250,2020,1,2020-01,127.91,162.6,221.97,40.85,27,4,31,100,1,0.6777,1.9385,100
LJ500_R164_C059,690750,9583250,2020,1,2020-01,115.84,163.36,236.09,58.78,28,3,31,100,1,0.5972,1.9995,100
LJ500_R166_C072,697250,9584250,2020,1,2020-01,142.99,188.03,263.5,104.52,29,2,31,100,1,0.5738,1.386,100
LJ500_R167_C067,694750,9584750,2020,1,2020-01,142.99,188.03,263.5,104.52,29,2,31,100,1,0.5448,1.21,100
LJ500_R168_C045,683750,9585250,2020,1,2020-01,121.07,159.53,222.52,32.26,26,5,31,100,1,0.5837,2.2327,100
LJ500_R173_C033,677750,9587750,2020,1,2020-01,143.12,176.02,228.73,68.66,27,4,31,100,1,0.5715,2.4631,100
LJ500_R178_C063,692750,9590250,2020,1,2020-01,128.88,177.44,251.36,45.84,27,4,31,100,1,0.6048,1.89,100
LJ500_R179_C046,684250,9590750,2020,1,2020-01,130.67,170.29,232.92,33.16,26,5,31,100,1,1.6806,4.0616,100
LJ500_R180_C071,696750,9591250,2020,1,2020-01,162.84,214.74,287.98,95.22,28,3,31,100,1,0.5526,1.77,100
LJ500_R183_C039,680750,9592750,2020,1,2020-01,124.04,159.62,210.89,44.23,27,4,31,100,1,0.5712,2.3515,100
LJ500_R184_C039,680750,9593250,2020,1,2020-01,124.04,159.62,210.89,44.23,27,4,31,100,1,0.5681,2.36,100
LJ500_R184_C066,694250,9593250,2020,1,2020-01,133.32,185.09,259.92,39.63,27.02,3.9807,31,100,1,0.6772,1.8309,100
LJ500_R108_C065,693750,9555250,2020,2,2020-02,65.97,181.29,219.82,22.02,27,4,31,100,1,0.4165,0.88,100
LJ500_R109_C088,705250,9555750,2020,2,2020-02,85.51,257.42,305.45,21.57,25,6,31,100,1,0.3561,0.8297,100
LJ500_R119_C079,700750,9560750,2020,2,2020-02,95.36,261.64,311.45,30.37,26,5,31,100,1,0.2308,0.4976,100
LJ500_R122_C070,696250,9562250,2020,2,2020-02,69.97,199.22,240.19,22.69,26,5,31,100,1,0.3127,0.672,100
LJ500_R125_C065,693750,9563750,2020,2,2020-02,28.39,107.39,143.45,10.04,26,5,31,100,1,0.5784,1.18,100
LJ500_R131_C053,687750,9566750,2020,2,2020-02,55.73,110.85,138.52,18.7,27,4,31,100,1,0.3055,0.6739,100
LJ500_R132_C080,701250,9567250,2020,2,2020-02,100.61,257.49,307.65,30.01,26,5,31,100,1,0.4623,0.91,100
LJ500_R138_C087,704750,9570250,2020,2,2020-02,85.46,230.1,279.41,22.81,26,5,31,100,1,0.3252,0.55,100
LJ500_R142_C071,696750,9572250,2020,2,2020-02,67.6,180.61,220.33,17.11,26,5,31,100,1,0.5609,1.1212,100
LJ500_R145_C054,688250,9573750,2020,2,2020-02,22.53,86.23,113.34,6.8765,25,6,31,100,1,0.6352,2.07,100
LJ500_R147_C083,702750,9574750,2020,2,2020-02,94.76,251.64,302.03,24.42,26,5,31,100,1,0.4815,0.9191,100
LJ500_R156_C028,675250,9579250,2020,2,2020-02,64.24,174.38,201.66,23.65,27,4,31,100,1,0.4587,1.25,100
LJ500_R156_C067,694750,9579250,2020,2,2020-02,39.11,153.82,197.14,11.02,26,5,31,100,1,0.5903,1.2,100
LJ500_R156_C079,700750,9579250,2020,2,2020-02,94.76,251.64,302.03,24.42,26,5,31,100,1,0.5483,1.1581,100
LJ500_R157_C009,665750,9579750,2020,2,2020-02,167.56,345.38,370.53,62.82,27.33,3.6731,31,100,1,0.331,0.6537,100
LJ500_R158_C065,693750,9580250,2020,2,2020-02,30.03,145.87,193.39,9.4726,25,6,31,100,1,0.621,1.93,100
LJ500_R160_C074,698250,9581250,2020,2,2020-02,98.17,241.17,286.2,25.9,25,6,31,100,1,0.5759,1.1679,100
LJ500_R161_C066,694250,9581750,2020,2,2020-02,51.83,176.36,223.08,14.73,25,6,31,100,1,0.5636,1.3616,100
LJ500_R164_C043,682750,9583250,2020,2,2020-02,106.13,234.03,268.73,40.89,26,5,31,100,1,0.51,1.6804,100
LJ500_R164_C059,690750,9583250,2020,2,2020-02,30.03,145.87,193.39,9.4726,25,6,31,100,1,0.7589,2.2347,100
LJ500_R166_C072,697250,9584250,2020,2,2020-02,98.17,241.17,286.2,25.9,25,6,31,100,1,0.5479,1.115,100
LJ500_R167_C067,694750,9584750,2020,2,2020-02,98.17,241.17,286.2,25.9,25,6,31,100,1,0.5026,1.01,100
LJ500_R168_C045,683750,9585250,2020,2,2020-02,59.79,180.86,219.32,17.3,25.33,5.6656,31,100,1,0.6792,2.2854,100
LJ500_R173_C033,677750,9587750,2020,2,2020-02,103.3,246.42,279.32,39.64,26.38,4.6226,31,100,1,0.8321,2.6319,100
LJ500_R178_C063,692750,9590250,2020,2,2020-02,40.24,169.11,217.68,11.65,25,6,31,100,1,0.6003,1.93,100
LJ500_R179_C046,684250,9590750,2020,2,2020-02,56.48,187.14,226.77,15.99,25.72,5.2781,31,100,1,2.2866,5.1861,100
LJ500_R180_C071,696750,9591250,2020,2,2020-02,106.5,269.34,321.24,22.12,24,7,31,100,1,0.661,2.01,100
LJ500_R183_C039,680750,9592750,2020,2,2020-02,56.25,180.29,215.87,18.94,26,5,31,100,1,0.7718,2.513,100
LJ500_R184_C039,680750,9593250,2020,2,2020-02,56.25,180.29,215.87,18.94,26,5,31,100,1,0.7813,2.53,100
LJ500_R184_C066,694250,9593250,2020,2,2020-02,24.33,157.64,209.41,4.8277,24.98,6.0193,31,100,1,0.632,1.8182,100
LJ500_R108_C065,693750,9555250,2020,3,2020-03,133.53,199.5,314.82,56.01,24,5,29,100,1,0.3814,0.71,100
LJ500_R109_C088,705250,9555750,2020,3,2020-03,151.96,237.46,409.38,30.45,21.22,7.7838,29,100,1,0.283,0.5646,100
LJ500_R119_C079,700750,9560750,2020,3,2020-03,153.05,248.41,414.7,32.76,22,7,29,100,1,0.1403,0.3628,100
LJ500_R122_C070,696250,9562250,2020,3,2020-03,149.16,219.13,348.38,62.54,24,5,29,100,1,0.2389,0.5045,100
LJ500_R125_C065,693750,9563750,2020,3,2020-03,111.02,139.41,218.41,45.39,24,5,29,100,1,0.559,1.09,100
LJ500_R131_C053,687750,9566750,2020,3,2020-03,87.66,143.39,198.51,35.43,25,4,29,100,1,0.237,0.5119,100
LJ500_R132_C080,701250,9567250,2020,3,2020-03,149.68,250.29,407.18,40.73,23,6,29,100,1,0.4366,0.83,100
LJ500_R138_C087,704750,9570250,2020,3,2020-03,148.11,233.57,378.21,73.34,25,4,29,100,1,0.2938,0.52,100
LJ500_R142_C071,696750,9572250,2020,3,2020-03,141.08,208.68,321.69,73.18,26,3,29,100,1,0.5638,1.127,100
LJ500_R145_C054,688250,9573750,2020,3,2020-03,108.59,131.12,194.81,45.79,26,3,29,100,1,0.5676,1.36,100
LJ500_R147_C083,702750,9574750,2020,3,2020-03,151.93,246.69,403.57,71.58,25,4,29,100,1,0.4856,0.8721,100
LJ500_R156_C028,675250,9579250,2020,3,2020-03,180.19,244.43,354.56,62.36,25,4,29,100,1,0.4317,0.91,100
LJ500_R156_C067,694750,9579250,2020,3,2020-03,148.71,187.81,302.53,57.58,25,4,29,100,1,0.6314,1.32,100
LJ500_R156_C079,700750,9579250,2020,3,2020-03,151.93,246.69,403.57,71.58,25,4,29,100,1,0.57,1.2161,100
LJ500_R157_C009,665750,9579750,2020,3,2020-03,245.33,412.89,590.71,81.64,23.02,5.9808,29,100,1,0.2607,0.5605,100
LJ500_R158_C065,693750,9580250,2020,3,2020-03,146.53,176.56,292.4,51.82,26,3,29,100,1,0.6172,1.52,100
LJ500_R160_C074,698250,9581250,2020,3,2020-03,161.43,259.6,402.6,59.47,26,3,29,100,1,0.6103,1.2326,100
LJ500_R161_C066,694250,9581750,2020,3,2020-03,151.3,203.13,327.65,54.27,26,3,29,100,1,0.6064,1.3478,100
LJ500_R164_C043,682750,9583250,2020,3,2020-03,183.05,289.17,417.08,56.59,25,4,29,100,1,0.5069,1.2652,100
LJ500_R164_C059,690750,9583250,2020,3,2020-03,146.53,176.56,292.4,51.82,26,3,29,100,1,0.65,1.6741,100
LJ500_R166_C072,697250,9584250,2020,3,2020-03,161.43,259.6,402.6,59.47,26,3,29,100,1,0.5874,1.1345,100
LJ500_R167_C067,694750,9584750,2020,3,2020-03,161.43,259.6,402.6,59.47,26,3,29,100,1,0.5331,0.98,100
LJ500_R168_C045,683750,9585250,2020,3,2020-03,163.49,223.28,344.34,54.52,24.33,4.6656,29,100,1,0.578,1.421,100
LJ500_R173_C033,677750,9587750,2020,3,2020-03,207.1,310.4,453.52,72.41,25,4,29,100,1,0.5669,1.3454,100
LJ500_R178_C063,692750,9590250,2020,3,2020-03,157.1,197.33,326.21,46.2,25,4,29,100,1,0.6462,1.7,100
LJ500_R179_C046,684250,9590750,2020,3,2020-03,173.18,229.65,360.32,57.9,25,4,29,100,1,1.8071,4.1061,100
LJ500_R180_C071,696750,9591250,2020,3,2020-03,166.08,272.58,435.42,63.14,25,4,29,100,1,0.6317,1.51,100
LJ500_R183_C039,680750,9592750,2020,3,2020-03,193.06,249.31,373.35,64.97,26,3,29,100,1,0.5847,1.3643,100
LJ500_R184_C039,680750,9593250,2020,3,2020-03,193.06,249.31,373.35,64.97,26,3,29,100,1,0.5869,1.36,100
LJ500_R184_C066,694250,9593250,2020,3,2020-03,156.55,180.87,314.19,49.49,24.02,4.9807,29,100,1,0.6678,1.7541,100
LJ500_R108_C065,693750,9555250,2020,4,2020-04,109.71,243.24,309.22,30.04,26,5,31,100,1,0.3132,0.92,100
LJ500_R109_C088,705250,9555750,2020,4,2020-04,115.86,267.82,353.32,46,26.57,4.4325,31,100,1,0.2708,0.7664,100
LJ500_R119_C079,700750,9560750,2020,4,2020-04,120.5,273.55,368.91,45.41,27,4,31,100,1,0.1664,0.4028,100
LJ500_R122_C070,696250,9562250,2020,4,2020-04,104.44,253.6,323.57,44.28,27,4,31,100,1,0.2316,0.5715,100
LJ500_R125_C065,693750,9563750,2020,4,2020-04,56.7,167.73,196.11,16.54,27,4,31,100,1,0.55,1.46,100
LJ500_R131_C053,687750,9566750,2020,4,2020-04,39.96,127.62,183.35,13,27,4,31,100,1,0.2337,0.6032,100
LJ500_R132_C080,701250,9567250,2020,4,2020-04,104.45,254.14,354.75,61.87,29,2,31,100,1,0.4468,1.05,100
LJ500_R138_C087,704750,9570250,2020,4,2020-04,98.32,246.43,331.89,39.07,28,3,31,100,1,0.2855,0.59,100
LJ500_R142_C071,696750,9572250,2020,4,2020-04,84.8,225.88,293.47,28.52,28,3,31,100,1,0.6709,1.5364,100
LJ500_R145_C054,688250,9573750,2020,4,2020-04,47.11,155.7,178.23,24.18,28,3,31,100,1,0.7432,2,100
LJ500_R147_C083,702750,9574750,2020,4,2020-04,98.98,250.91,345.67,40.96,27,4,31,100,1,0.5222,1.0495,100
LJ500_R156_C028,675250,9579250,2020,4,2020-04,99.71,279.9,344.13,36.52,27,4,31,100,1,0.3977,1.09,100
LJ500_R156_C067,694750,9579250,2020,4,2020-04,75.65,224.35,263.46,29.2,27,4,31,100,1,0.7442,1.64,100
LJ500_R156_C079,700750,9579250,2020,4,2020-04,98.98,250.91,345.67,40.96,27,4,31,100,1,0.7321,1.5262,100
LJ500_R157_C009,665750,9579750,2020,4,2020-04,179.42,424.74,592.31,48.95,26,5,31,100,1,0.2623,0.5407,100
LJ500_R158_C065,693750,9580250,2020,4,2020-04,73.71,220.24,250.27,49.61,29,2,31,100,1,0.7923,2.11,100
LJ500_R160_C074,698250,9581250,2020,4,2020-04,98.39,259.82,357.99,35.84,27,4,31,100,1,0.7296,1.4978,100
LJ500_R161_C066,694250,9581750,2020,4,2020-04,81.61,232.9,284.73,45.2,28.36,2.6398,31,100,1,0.731,1.6739,100
LJ500_R164_C043,682750,9583250,2020,4,2020-04,115.57,298.61,404.74,41.22,28,3,31,100,1,0.6459,1.68,100
LJ500_R164_C059,690750,9583250,2020,4,2020-04,73.71,220.24,250.27,49.61,29,2,31,100,1,0.7687,2.1292,100
LJ500_R166_C072,697250,9584250,2020,4,2020-04,98.39,259.82,357.99,35.84,27,4,31,100,1,0.6683,1.3056,100
LJ500_R167_C067,694750,9584750,2020,4,2020-04,98.39,259.82,357.99,35.84,27,4,31,100,1,0.5694,1.05,100
LJ500_R168_C045,683750,9585250,2020,4,2020-04,91.86,255.34,315.13,31.16,27.67,3.3344,31,100,1,0.7546,2.09,100
LJ500_R173_C033,677750,9587750,2020,4,2020-04,126.91,334,437.31,45.25,27.62,3.3774,31,100,1,0.7492,1.9631,100
LJ500_R178_C063,692750,9590250,2020,4,2020-04,87.64,244.74,284.98,26.72,27,4,31,100,1,0.8761,2.28,100
LJ500_R179_C046,684250,9590750,2020,4,2020-04,101.07,274.25,330.73,31.69,27,4,31,100,1,1.0055,2.7798,100
LJ500_R180_C071,696750,9591250,2020,4,2020-04,120.13,286.21,392.72,44.27,28,3,31,100,1,0.8445,2.16,100
LJ500_R183_C039,680750,9592750,2020,4,2020-04,131.8,324.86,381.11,40.42,27,4,31,100,1,0.8051,2.1157,100
LJ500_R184_C039,680750,9593250,2020,4,2020-04,131.8,324.86,381.11,40.42,27,4,31,100,1,0.81,2.12,100
LJ500_R184_C066,694250,9593250,2020,4,2020-04,93.36,249.91,274.23,27.11,27.02,3.9807,31,100,1,0.9163,2.2982,100
LJ500_R108_C065,693750,9555250,2020,5,2020-05,73.76,183.47,317,18.22,24,6,30,100,1,0.208,0.54,100
LJ500_R109_C088,705250,9555750,2020,5,2020-05,84.51,200.37,352.32,19.35,23.78,6.2162,30,100,1,0.234,0.6682,100
LJ500_R119_C079,700750,9560750,2020,5,2020-05,88.94,209.44,362.49,24.42,23,7,30,100,1,0.157,0.4336,100
LJ500_R122_C070,696250,9562250,2020,5,2020-05,73.03,177.47,326.63,14.87,24,6,30,100,1,0.169,0.4465,100
LJ500_R125_C065,693750,9563750,2020,5,2020-05,55.16,111.87,222.89,12.29,24,6,30,100,1,0.3497,0.94,100
LJ500_R131_C053,687750,9566750,2020,5,2020-05,51.5,91.46,179.12,17.05,25,5,30,100,1,0.1754,0.4545,100
LJ500_R132_C080,701250,9567250,2020,5,2020-05,109.43,213.88,363.57,29.41,22,8,30,100,1,0.2957,0.77,100
LJ500_R138_C087,704750,9570250,2020,5,2020-05,116.25,214.57,362.68,24.65,21,9,30,100,1,0.1873,0.47,100
LJ500_R142_C071,696750,9572250,2020,5,2020-05,88.64,173.44,314.52,20.06,23,7,30,100,1,0.4051,1.0494,100
LJ500_R145_C054,688250,9573750,2020,5,2020-05,50.33,97.45,206.03,11.08,23,7,30,100,1,0.593,1.47,100
LJ500_R147_C083,702750,9574750,2020,5,2020-05,114.72,213.7,365.63,23.8,23,7,30,100,1,0.3186,0.7406,100
LJ500_R156_C028,675250,9579250,2020,5,2020-05,93.41,193.12,373.31,33.18,24,6,30,100,1,0.5673,0.91,100
LJ500_R156_C067,694750,9579250,2020,5,2020-05,78.48,154.12,302.83,16.65,23,7,30,100,1,0.4517,1.14,100
LJ500_R156_C079,700750,9579250,2020,5,2020-05,114.72,213.7,365.63,23.8,23,7,30,100,1,0.4382,1.0461,100
LJ500_R157_C009,665750,9579750,2020,5,2020-05,168.46,347.88,593.2,70.3,24.98,5.0192,30,100,1,0.2484,0.5077,100
LJ500_R158_C065,693750,9580250,2020,5,2020-05,72.87,146.59,293.12,19.85,24,6,30,100,1,0.5977,1.49,100
LJ500_R160_C074,698250,9581250,2020,5,2020-05,108.72,207.11,368.54,25.62,23,7,30,100,1,0.4373,1.0542,100
LJ500_R161_C066,694250,9581750,2020,5,2020-05,84.34,165.95,317.24,21.7,23.68,6.3199,30,100,1,0.4734,1.1613,100
LJ500_R164_C043,682750,9583250,2020,5,2020-05,109.51,225.07,408.12,30.24,26,4,30,100,1,0.6171,1.2285,100
LJ500_R164_C059,690750,9583250,2020,5,2020-05,72.87,146.59,293.12,19.85,24,6,30,100,1,0.6424,1.9301,100
LJ500_R166_C072,697250,9584250,2020,5,2020-05,108.72,207.11,368.54,25.62,23,7,30,100,1,0.3998,0.9472,100
LJ500_R167_C067,694750,9584750,2020,5,2020-05,108.72,207.11,368.54,25.62,23,7,30,100,1,0.3463,0.83,100
LJ500_R168_C045,683750,9585250,2020,5,2020-05,94.02,185.88,349.36,24.93,24.67,5.3313,30,100,1,0.688,2.2517,100
LJ500_R173_C033,677750,9587750,2020,5,2020-05,120.13,247.04,454.13,35.98,25.62,4.3774,30,100,1,0.8026,3.1842,100
LJ500_R178_C063,692750,9590250,2020,5,2020-05,92.24,179.88,336.98,18.9,23,7,30,100,1,0.672,1.48,100
LJ500_R179_C046,684250,9590750,2020,5,2020-05,100.16,201.23,374.41,31.54,25.17,4.8343,30,100,1,1.2487,4.3034,100
LJ500_R180_C071,696750,9591250,2020,5,2020-05,127.27,247.41,413.49,32.34,26,4,30,100,1,0.6763,1.79,100
LJ500_R183_C039,680750,9592750,2020,5,2020-05,100.82,232.62,425.68,23.17,24,6,30,100,1,0.7921,3.0217,100
LJ500_R184_C039,680750,9593250,2020,5,2020-05,100.82,232.62,425.68,23.17,24,6,30,100,1,0.7963,3.06,100
LJ500_R184_C066,694250,9593250,2020,5,2020-05,87.92,181.28,337.82,20.35,23.06,6.942,30,100,1,0.7098,1.3935,100
LJ500_R108_C065,693750,9555250,2020,6,2020-06,33.08,106.83,216.54,15.55,26,5,31,100,1,0.2071,0.63,100
LJ500_R109_C088,705250,9555750,2020,6,2020-06,41.57,126.08,241.94,18.05,26,5,31,100,1,0.1817,0.6617,100
LJ500_R119_C079,700750,9560750,2020,6,2020-06,43.48,132.41,252.91,19.36,26,5,31,100,1,0.158,0.4504,100
LJ500_R122_C070,696250,9562250,2020,6,2020-06,30.9,103.93,208.37,13.55,26,5,31,100,1,0.1638,0.4078,100
LJ500_R125_C065,693750,9563750,2020,6,2020-06,21.13,76.29,133,9.3994,28,3,31,100,1,0.3342,0.89,100
LJ500_R131_C053,687750,9566750,2020,6,2020-06,16.21,67.72,107.67,7.1304,29,2,31,100,1,0.1721,0.41,100
LJ500_R132_C080,701250,9567250,2020,6,2020-06,49.62,159.04,263.5,22.65,25,6,31,100,1,0.2432,0.66,100
LJ500_R138_C087,704750,9570250,2020,6,2020-06,50.86,167.11,265.43,36.48,26,5,31,100,1,0.1458,0.41,100
LJ500_R142_C071,696750,9572250,2020,6,2020-06,39.15,127.79,212.59,17.04,26,5,31,100,1,0.3914,0.8182,100
LJ500_R145_C054,688250,9573750,2020,6,2020-06,11.15,61.48,108.59,5.7259,29,2,31,100,1,0.5552,0.99,100
LJ500_R147_C083,702750,9574750,2020,6,2020-06,53.88,168.6,267.58,38.35,26,5,31,100,1,0.271,0.6091,100
LJ500_R156_C028,675250,9579250,2020,6,2020-06,25.69,119.1,218.8,19.07,27,4,31,100,1,0.5832,0.87,100
LJ500_R156_C067,694750,9579250,2020,6,2020-06,34.57,113.05,188.7,24.8,26,5,31,100,1,0.4371,0.8,100
LJ500_R156_C079,700750,9579250,2020,6,2020-06,53.88,168.6,267.58,38.35,26,5,31,100,1,0.4244,0.7701,100
LJ500_R157_C009,665750,9579750,2020,6,2020-06,63.95,232.41,411.83,48.88,26,5,31,100,1,0.3378,0.7,100
LJ500_R158_C065,693750,9580250,2020,6,2020-06,35.67,108.55,182.26,24.84,26,5,31,100,1,0.5974,1.27,100
LJ500_R160_C074,698250,9581250,2020,6,2020-06,49.27,157.99,256.37,34.6,26,5,31,100,1,0.4096,0.7352,100
LJ500_R161_C066,694250,9581750,2020,6,2020-06,40.02,124.36,205.97,27.96,26,5,31,100,1,0.4576,0.8907,100
LJ500_R164_C043,682750,9583250,2020,6,2020-06,37.38,146.89,262.46,26.36,26,5,31,100,1,0.4904,0.9533,100
LJ500_R164_C059,690750,9583250,2020,6,2020-06,35.67,108.55,182.26,24.84,26,5,31,100,1,0.6355,1.5643,100
LJ500_R166_C072,697250,9584250,2020,6,2020-06,49.27,157.99,256.37,34.6,26,5,31,100,1,0.3567,0.6529,100
LJ500_R167_C067,694750,9584750,2020,6,2020-06,49.27,157.99,256.37,34.6,26,5,31,100,1,0.2929,0.57,100
LJ500_R168_C045,683750,9585250,2020,6,2020-06,30.68,124.7,216.56,21.51,26,5,31,100,1,0.5965,1.1681,100
LJ500_R173_C033,677750,9587750,2020,6,2020-06,36.9,157.03,283.94,25.94,26,5,31,100,1,0.6147,1.3799,100
LJ500_R178_C063,692750,9590250,2020,6,2020-06,40.22,132.46,220.1,27.63,26,5,31,100,1,0.5935,1.22,100
LJ500_R179_C046,684250,9590750,2020,6,2020-06,31.96,132.12,233.19,22.27,26,5,31,100,1,1.652,4.4329,100
LJ500_R180_C071,696750,9591250,2020,6,2020-06,50.8,178.07,298.2,35.55,26,5,31,100,1,0.5939,1.27,100
LJ500_R183_C039,680750,9592750,2020,6,2020-06,28.17,128.99,260.79,19.81,26,5,31,100,1,0.6056,1.2772,100
LJ500_R184_C039,680750,9593250,2020,6,2020-06,28.17,128.99,260.79,19.81,26,5,31,100,1,0.6065,1.29,100
LJ500_R184_C066,694250,9593250,2020,6,2020-06,36.14,124.06,217.42,24.99,26,5,31,100,1,0.6164,1.2771,100
LJ500_R108_C065,693750,9555250,2020,7,2020-07,19.5,52.58,126.33,7.0792,23,7,30,100,1,0.2677,0.72,100
LJ500_R109_C088,705250,9555750,2020,7,2020-07,44.62,86.19,170.7,16.07,23,7,30,100,1,0.2282,0.6954,100
LJ500_R119_C079,700750,9560750,2020,7,2020-07,42.82,86.3,175.24,15.16,23,7,30,100,1,0.1393,0.4036,100
LJ500_R122_C070,696250,9562250,2020,7,2020-07,23.16,54.06,127.09,8.8049,23,7,30,100,1,0.1689,0.4591,100
LJ500_R125_C065,693750,9563750,2020,7,2020-07,10.1,31.23,86.39,3.8944,26,4,30,100,1,0.399,0.98,100
LJ500_R131_C053,687750,9566750,2020,7,2020-07,4.7823,20.99,72.5,1.5713,29,1,30,100,1,0.2163,0.4563,100
LJ500_R132_C080,701250,9567250,2020,7,2020-07,36.12,85.73,195.16,15.26,23,7,30,100,1,0.2713,0.78,100
LJ500_R138_C087,704750,9570250,2020,7,2020-07,31.78,82.65,198.89,11.93,23,7,30,100,1,0.1663,0.49,100
LJ500_R142_C071,696750,9572250,2020,7,2020-07,20.26,59.4,148.05,7.9718,23,7,30,100,1,0.4085,0.8958,100
LJ500_R145_C054,688250,9573750,2020,7,2020-07,4.1395,15.29,65.62,1.518,29,1,30,100,1,0.4923,1.04,100
LJ500_R147_C083,702750,9574750,2020,7,2020-07,33.44,87.33,202.04,13.73,23,7,30,100,1,0.3077,0.7419,100
LJ500_R156_C028,675250,9579250,2020,7,2020-07,5.024,30.71,124.12,1.2335,28,2,30,100,1,0.6213,0.92,100
LJ500_R156_C067,694750,9579250,2020,7,2020-07,18.01,52.59,131.06,7.2691,24,6,30,100,1,0.4893,0.91,100
LJ500_R156_C079,700750,9579250,2020,7,2020-07,33.44,87.33,202.04,13.73,23,7,30,100,1,0.4369,0.856,100
LJ500_R157_C009,665750,9579750,2020,7,2020-07,16.72,80.67,249.13,4.4254,23,7,30,100,1,0.2971,0.5292,100
LJ500_R158_C065,693750,9580250,2020,7,2020-07,19.72,55.4,128.27,8.471,23,7,30,100,1,0.5377,1.07,100
LJ500_R160_C074,698250,9581250,2020,7,2020-07,26.52,75.79,184.51,11.68,23,7,30,100,1,0.4622,0.8763,100
LJ500_R161_C066,694250,9581750,2020,7,2020-07,21.9,61.92,146.26,9.4983,23,7,30,100,1,0.4892,0.9472,100
LJ500_R164_C043,682750,9583250,2020,7,2020-07,14.25,51.63,161.14,4.6972,25,5,30,100,1,0.586,1.0624,100
LJ500_R164_C059,690750,9583250,2020,7,2020-07,19.72,55.4,128.27,8.471,23,7,30,100,1,0.5648,1.3043,100
LJ500_R166_C072,697250,9584250,2020,7,2020-07,26.52,75.79,184.51,11.68,23,7,30,100,1,0.4378,0.8061,100
LJ500_R167_C067,694750,9584750,2020,7,2020-07,26.52,75.79,184.51,11.68,23,7,30,100,1,0.4007,0.71,100
LJ500_R168_C045,683750,9585250,2020,7,2020-07,15.65,46.32,140.35,5.8981,25,5.0031,30,100,1,0.5538,1.1373,100
LJ500_R173_C033,677750,9587750,2020,7,2020-07,12.48,49.38,169.52,2.9864,25.11,4.8872,30,100,1,0.5549,1.2546,100
LJ500_R178_C063,692750,9590250,2020,7,2020-07,23.6,63.82,156.07,9.7001,23,7,30,100,1,0.6057,1.25,100
LJ500_R179_C046,684250,9590750,2020,7,2020-07,18.62,50.58,150.74,5.7639,23,7,30,100,1,1.8861,4.3314,100
LJ500_R180_C071,696750,9591250,2020,7,2020-07,32.2,83,210.27,12.54,23,7,30,100,1,0.578,1.08,100
LJ500_R183_C039,680750,9592750,2020,7,2020-07,9.4105,37.58,138.4,2.2257,27,3,30,100,1,0.5667,1.1272,100
LJ500_R184_C039,680750,9593250,2020,7,2020-07,9.4105,37.58,138.4,2.2257,27,3,30,100,1,0.5667,1.14,100
LJ500_R184_C066,694250,9593250,2020,7,2020-07,24.82,60.96,148.88,9.442,23,7,30,100,1,0.6568,1.295,100
LJ500_R108_C065,693750,9555250,2020,8,2020-08,23.94,43.44,76.52,6.3026,27,4,31,100,1,0.28,0.62,100
LJ500_R109_C088,705250,9555750,2020,8,2020-08,69.94,114.55,156.12,14.43,23,8,31,100,1,0.2046,0.565,100
LJ500_R119_C079,700750,9560750,2020,8,2020-08,68.97,111.8,155.27,13.24,23,8,31,100,1,0.1503,0.39,100
LJ500_R122_C070,696250,9562250,2020,8,2020-08,37.69,60.85,91.75,9.9252,26,5,31,100,1,0.1738,0.4524,100
LJ500_R125_C065,693750,9563750,2020,8,2020-08,5.3735,15.47,36.6,2.9392,29,2,31,100,1,0.3829,0.82,100
LJ500_R131_C053,687750,9566750,2020,8,2020-08,0.3362,5.1185,21.33,0.3362,31,0,31,100,1,0.2558,0.5326,100
LJ500_R132_C080,701250,9567250,2020,8,2020-08,52.59,88.71,138.33,10.97,25,6,31,100,1,0.2732,0.62,100
LJ500_R138_C087,704750,9570250,2020,8,2020-08,44.66,76.44,127.3,28.93,26,5,31,100,1,0.1742,0.45,100
LJ500_R142_C071,696750,9572250,2020,8,2020-08,26.15,46.41,85.55,7.147,27,4,31,100,1,0.4057,0.927,100
LJ500_R145_C054,688250,9573750,2020,8,2020-08,0,4.1395,15.29,0,31,0,31,100,1,0.4742,1.4,100
LJ500_R147_C083,702750,9574750,2020,8,2020-08,48.26,81.7,135.58,31.4,26,5,31,100,1,0.3059,0.6832,100
LJ500_R156_C028,675250,9579250,2020,8,2020-08,0,5.024,30.71,0,31,0,31,100,1,0.6774,1,100
LJ500_R156_C067,694750,9579250,2020,8,2020-08,22.36,40.37,74.95,13.37,26,5,31,100,1,0.4726,1.08,100
LJ500_R156_C079,700750,9579250,2020,8,2020-08,48.26,81.7,135.58,31.4,26,5,31,100,1,0.442,0.9601,100
LJ500_R157_C009,665750,9579750,2020,8,2020-08,1.731,18.45,82.4,1.0038,30.35,0.6539,31,100,1,0.2282,0.4448,100
LJ500_R158_C065,693750,9580250,2020,8,2020-08,26.89,46.61,82.28,7.2001,27,4,31,100,1,0.5139,1.44,100
LJ500_R160_C074,698250,9581250,2020,8,2020-08,43.29,69.81,119.08,29.71,26,5,31,100,1,0.4482,0.9952,100
LJ500_R161_C066,694250,9581750,2020,8,2020-08,32.13,54.03,94.05,14.4,26.68,4.3199,31,100,1,0.4784,1.1659,100
LJ500_R164_C043,682750,9583250,2020,8,2020-08,9.6399,23.89,61.27,4.8701,29,2,31,100,1,0.5778,1.3976,100
LJ500_R164_C059,690750,9583250,2020,8,2020-08,26.89,46.61,82.28,7.2001,27,4,31,100,1,0.5282,1.8712,100
LJ500_R166_C072,697250,9584250,2020,8,2020-08,43.29,69.81,119.08,29.71,26,5,31,100,1,0.4096,0.9404,100
LJ500_R167_C067,694750,9584750,2020,8,2020-08,43.29,69.81,119.08,29.71,26,5,31,100,1,0.3681,0.85,100
LJ500_R168_C045,683750,9585250,2020,8,2020-08,16.21,31.86,62.53,5.6464,28,3,31,100,1,0.543,1.61,100
LJ500_R173_C033,677750,9587750,2020,8,2020-08,3.7982,16.28,53.18,1.9987,30.25,0.7549,31,100,1,0.5226,1.8542,100
LJ500_R178_C063,692750,9590250,2020,8,2020-08,35.79,59.39,99.61,8.4013,26,5,31,100,1,0.6339,1.49,100
LJ500_R179_C046,684250,9590750,2020,8,2020-08,19.59,38.22,70.18,6.8884,28,3,31,100,1,1.536,4.5026,100
LJ500_R180_C071,696750,9591250,2020,8,2020-08,56.12,88.32,139.11,41.48,26,5,31,100,1,0.5542,1.54,100
LJ500_R183_C039,680750,9592750,2020,8,2020-08,7.946,17.36,45.53,3.9765,29,2,31,100,1,0.5535,1.663,100
LJ500_R184_C039,680750,9593250,2020,8,2020-08,7.946,17.36,45.53,3.9765,29,2,31,100,1,0.5523,1.68,100
LJ500_R184_C066,694250,9593250,2020,8,2020-08,40,64.82,100.96,10.34,26,5,31,100,1,0.7116,1.5665,100
LJ500_R108_C065,693750,9555250,2020,9,2020-09,35.77,59.71,79.21,13.94,28,3,31,100,1,0.2765,0.56,100
LJ500_R109_C088,705250,9555750,2020,9,2020-09,77.86,147.8,192.42,30.07,28,3,31,100,1,0.2331,0.589,100
LJ500_R119_C079,700750,9560750,2020,9,2020-09,67.24,136.21,179.04,25.72,28,3,31,100,1,0.1804,0.3896,100
LJ500_R122_C070,696250,9562250,2020,9,2020-09,38.76,76.45,99.61,14.37,28,3,31,100,1,0.202,0.4556,100
LJ500_R125_C065,693750,9563750,2020,9,2020-09,15.78,21.15,31.25,9.1822,29,2,31,100,1,0.4552,0.85,100
LJ500_R131_C053,687750,9566750,2020,9,2020-09,10.56,10.9,15.68,6.3253,29,2,31,100,1,0.2773,0.4683,100
LJ500_R132_C080,701250,9567250,2020,9,2020-09,53.34,105.93,142.05,19.35,28,3,31,100,1,0.3626,0.71,100
LJ500_R138_C087,704750,9570250,2020,9,2020-09,42.02,86.68,118.46,22.78,28,3,31,100,1,0.2319,0.54,100
LJ500_R142_C071,696750,9572250,2020,9,2020-09,25.91,52.06,72.31,14.79,29,2,31,100,1,0.5894,0.9804,100
LJ500_R145_C054,688250,9573750,2020,9,2020-09,8.9158,8.9158,13.06,5.5466,29,2,31,100,1,0.7558,1.46,100
LJ500_R147_C083,702750,9574750,2020,9,2020-09,37.03,85.29,118.73,20.29,28,3,31,100,1,0.4376,0.7648,100
LJ500_R156_C028,675250,9579250,2020,9,2020-09,5.1958,5.1958,10.22,3.4804,29,2,31,100,1,0.6532,0.96,100
LJ500_R156_C067,694750,9579250,2020,9,2020-09,23.72,46.08,64.1,13.7,29,2,31,100,1,0.7071,1.11,100
LJ500_R156_C079,700750,9579250,2020,9,2020-09,37.03,85.29,118.73,20.29,28,3,31,100,1,0.6641,1.0762,100
LJ500_R157_C009,665750,9579750,2020,9,2020-09,10.5,12.23,28.95,6.2333,29,2,31,100,1,0.2611,0.6919,100
LJ500_R158_C065,693750,9580250,2020,9,2020-09,26.24,53.13,72.85,12,28,3,31,100,1,0.8545,1.65,100
LJ500_R160_C074,698250,9581250,2020,9,2020-09,29.6,72.89,99.41,16.18,29,2,31,100,1,0.6681,1.0352,100
LJ500_R161_C066,694250,9581750,2020,9,2020-09,27.31,59.45,81.35,13.34,28.32,2.6801,31,100,1,0.7276,1.2418,100
LJ500_R164_C043,682750,9583250,2020,9,2020-09,16,25.64,39.89,9.0944,29,2,31,100,1,0.7268,1.4447,100
LJ500_R164_C059,690750,9583250,2020,9,2020-09,26.24,53.13,72.85,12,28,3,31,100,1,0.8625,1.6113,100
LJ500_R166_C072,697250,9584250,2020,9,2020-09,29.6,72.89,99.41,16.18,29,2,31,100,1,0.5994,0.982,100
LJ500_R167_C067,694750,9584750,2020,9,2020-09,29.6,72.89,99.41,16.18,29,2,31,100,1,0.4958,0.91,100
LJ500_R168_C045,683750,9585250,2020,9,2020-09,19.73,35.93,51.58,7.9888,28,3,31,100,1,0.8824,1.5173,100
LJ500_R173_C033,677750,9587750,2020,9,2020-09,11.43,15.23,27.71,7.3513,29,2,31,100,1,0.8048,1.6265,100
LJ500_R178_C063,692750,9590250,2020,9,2020-09,28.97,64.76,88.36,16.24,29,2,31,100,1,0.9297,1.68,100
LJ500_R179_C046,684250,9590750,2020,9,2020-09,20.72,40.31,58.94,8.3462,28,3,31,100,1,1.9849,3.7375,100
LJ500_R180_C071,696750,9591250,2020,9,2020-09,38.06,94.18,126.38,22.66,29,2,31,100,1,0.8055,1.68,100
LJ500_R183_C039,680750,9592750,2020,9,2020-09,10.79,18.73,28.15,7.061,29,2,31,100,1,0.8307,1.5385,100
LJ500_R184_C039,680750,9593250,2020,9,2020-09,10.79,18.73,28.15,7.061,29,2,31,100,1,0.8242,1.53,100
LJ500_R184_C066,694250,9593250,2020,9,2020-09,30.66,70.66,95.48,17.46,29,2,31,100,1,0.9251,1.7374,100
LJ500_R108_C065,693750,9555250,2020,10,2020-10,25.25,61.02,84.96,8.5783,24,6,30,100,1,0.2755,0.88,96.67
LJ500_R109_C088,705250,9555750,2020,10,2020-10,33.38,111.24,181.18,14.75,24.78,5.2162,30,100,1,0.1878,0.7511,96.67
LJ500_R119_C079,700750,9560750,2020,10,2020-10,34.76,102,170.98,14.96,25,5,30,100,1,0.1555,0.578,96.67
LJ500_R122_C070,696250,9562250,2020,10,2020-10,21.86,60.61,98.3,8.8628,24,6,30,100,1,0.1934,0.7142,96.67
LJ500_R125_C065,693750,9563750,2020,10,2020-10,23.85,39.63,45,8.0456,24,6,30,100,1,0.4072,1,96.67
LJ500_R131_C053,687750,9566750,2020,10,2020-10,17.13,27.69,28.03,5.5326,24,6,30,100,1,0.2621,0.5692,96.67
LJ500_R132_C080,701250,9567250,2020,10,2020-10,32.81,86.15,138.74,13.92,25,5,30,100,1,0.2886,0.88,96.67
LJ500_R138_C087,704750,9570250,2020,10,2020-10,31.25,73.27,117.93,13.4,25,5,30,100,1,0.1897,0.7,96.67
LJ500_R142_C071,696750,9572250,2020,10,2020-10,22.81,48.72,74.87,11.32,25,5,30,100,1,0.4368,0.99,96.67
LJ500_R145_C054,688250,9573750,2020,10,2020-10,17.48,26.4,26.4,6.0605,24,6,30,100,1,0.5655,1.27,96.67
LJ500_R147_C083,702750,9574750,2020,10,2020-10,31.5,68.53,116.79,9.4174,24,6,30,100,1,0.3366,0.8974,96.67
LJ500_R156_C028,675250,9579250,2020,10,2020-10,15.7,20.9,20.9,6.9225,25,5,30,100,1,0.6086,0.98,96.67
LJ500_R156_C067,694750,9579250,2020,10,2020-10,23.67,47.4,69.76,10.43,25,5,30,100,1,0.5279,1.08,96.67
LJ500_R156_C079,700750,9579250,2020,10,2020-10,31.5,68.53,116.79,9.4174,24,6,30,100,1,0.4591,0.9941,96.67
LJ500_R157_C009,665750,9579750,2020,10,2020-10,16.93,27.43,29.16,8.8925,25.67,4.3269,30,100,1,0.1687,0.3844,96.67
LJ500_R158_C065,693750,9580250,2020,10,2020-10,30.42,56.66,83.54,8.5074,24,6,30,100,1,0.59,1.34,96.67
LJ500_R160_C074,698250,9581250,2020,10,2020-10,26.92,56.52,99.81,7.7621,24,6,30,100,1,0.4847,1.0016,96.67
LJ500_R161_C066,694250,9581750,2020,10,2020-10,29.3,56.61,88.75,8.269,24,6,30,100,1,0.5422,1.1733,96.67
LJ500_R164_C043,682750,9583250,2020,10,2020-10,20.99,36.99,46.63,8.1167,25,5,30,100,1,0.7038,1.3128,96.67
LJ500_R164_C059,690750,9583250,2020,10,2020-10,30.42,56.66,83.54,8.5074,24,6,30,100,1,0.6258,1.4705,96.67
LJ500_R166_C072,697250,9584250,2020,10,2020-10,26.92,56.52,99.81,7.7621,24,6,30,100,1,0.4833,1.0077,96.67
LJ500_R167_C067,694750,9584750,2020,10,2020-10,26.92,56.52,99.81,7.7621,24,6,30,100,1,0.4734,0.99,96.67
LJ500_R168_C045,683750,9585250,2020,10,2020-10,24.39,44.12,60.33,7.7758,24.33,5.6656,30,100,1,0.6354,1.4463,96.67
LJ500_R173_C033,677750,9587750,2020,10,2020-10,20.62,32.05,35.85,8.3717,25,5,30,100,1,0.6035,1.5027,96.67
LJ500_R178_C063,692750,9590250,2020,10,2020-10,32.33,61.3,97.09,8.7618,24,6,30,100,1,0.6824,1.45,96.67
LJ500_R179_C046,684250,9590750,2020,10,2020-10,24.03,44.75,64.34,10.14,25,5,30,100,1,1.1988,2.3263,96.67
LJ500_R180_C071,696750,9591250,2020,10,2020-10,27.42,65.48,121.6,10.13,25,5,30,100,1,0.6303,1.45,96.67
LJ500_R183_C039,680750,9592750,2020,10,2020-10,18.65,29.44,37.39,8.3454,25,5,30,100,1,0.6312,1.5057,96.67
LJ500_R184_C039,680750,9593250,2020,10,2020-10,18.65,29.44,37.39,8.3454,25,5,30,100,1,0.6272,1.51,96.67
LJ500_R184_C066,694250,9593250,2020,10,2020-10,30.93,61.59,101.59,11.68,25,5,30,100,1,0.7484,1.49,96.67
LJ500_R108_C065,693750,9555250,2020,11,2020-11,45.72,70.97,106.74,23.41,26,5,31,100,1,0.2697,0.6,100
LJ500_R109_C088,705250,9555750,2020,11,2020-11,60.98,94.35,172.22,27.45,25.78,5.2162,31,100,1,0.1875,0.3901,100
LJ500_R119_C079,700750,9560750,2020,11,2020-11,56.19,90.95,158.2,26.62,25,6,31,100,1,0.1909,0.4616,100
LJ500_R122_C070,696250,9562250,2020,11,2020-11,44.85,66.71,105.46,21.82,26,5,31,100,1,0.2167,0.5052,100
LJ500_R125_C065,693750,9563750,2020,11,2020-11,34.65,58.5,74.28,24.36,27,4,31,100,1,0.4132,0.9,100
LJ500_R131_C053,687750,9566750,2020,11,2020-11,32.63,49.76,60.32,17.02,27,4,31,100,1,0.3014,0.602,100
LJ500_R132_C080,701250,9567250,2020,11,2020-11,45.22,78.03,131.36,27.91,25,6,31,100,1,0.29,0.67,100
LJ500_R138_C087,704750,9570250,2020,11,2020-11,40.51,71.76,113.78,24.45,25,6,31,100,1,0.191,0.49,100
LJ500_R142_C071,696750,9572250,2020,11,2020-11,34.58,57.39,83.3,22.24,26,5,31,100,1,0.4588,1.0448,100
LJ500_R145_C054,688250,9573750,2020,11,2020-11,28.56,46.04,54.96,21.02,27,4,31,100,1,0.6503,1.77,100
LJ500_R147_C083,702750,9574750,2020,11,2020-11,38.17,69.67,106.7,22.44,26,5,31,100,1,0.337,0.8219,100
LJ500_R156_C028,675250,9579250,2020,11,2020-11,23.88,39.59,44.78,13.92,28,3,31,100,1,0.5345,0.87,100
LJ500_R156_C067,694750,9579250,2020,11,2020-11,31.49,55.16,78.89,19.72,26,5,31,100,1,0.5413,1.25,100
LJ500_R156_C079,700750,9579250,2020,11,2020-11,38.17,69.67,106.7,22.44,26,5,31,100,1,0.4728,1.1381,100
LJ500_R157_C009,665750,9579750,2020,11,2020-11,18.96,35.89,46.39,10.65,29,2,31,100,1,0.2272,0.5317,100
LJ500_R158_C065,693750,9580250,2020,11,2020-11,34.91,65.33,91.57,15.92,25,6,31,100,1,0.6381,1.63,100
LJ500_R160_C074,698250,9581250,2020,11,2020-11,33.36,60.28,89.88,20.23,26,5,31,100,1,0.4946,1.1858,100
LJ500_R161_C066,694250,9581750,2020,11,2020-11,34.41,63.71,91.03,17.3,25.32,5.6801,31,100,1,0.5591,1.2982,100
LJ500_R164_C043,682750,9583250,2020,11,2020-11,26.33,47.33,63.33,19.34,27,4,31,100,1,0.717,1.3681,100
LJ500_R164_C059,690750,9583250,2020,11,2020-11,34.91,65.33,91.57,15.92,25,6,31,100,1,0.6676,1.6648,100
LJ500_R166_C072,697250,9584250,2020,11,2020-11,33.36,60.28,89.88,20.23,26,5,31,100,1,0.4841,1.1366,100
LJ500_R167_C067,694750,9584750,2020,11,2020-11,33.36,60.28,89.88,20.23,26,5,31,100,1,0.4697,1.05,100
LJ500_R168_C045,683750,9585250,2020,11,2020-11,28.46,52.85,72.58,13.78,26,5,31,100,1,0.7233,1.689,100
LJ500_R173_C033,677750,9587750,2020,11,2020-11,24.13,44.75,56.18,12.21,26.38,4.6226,31,100,1,0.7677,1.7173,100
LJ500_R178_C063,692750,9590250,2020,11,2020-11,33.65,65.97,94.94,21.05,26,5,31,100,1,0.6677,1.44,100
LJ500_R179_C046,684250,9590750,2020,11,2020-11,28.59,52.62,73.34,14.76,26,5,31,100,1,1.0166,3.2666,100
LJ500_R180_C071,696750,9591250,2020,11,2020-11,32.44,59.85,97.92,18.31,26,5,31,100,1,0.621,1.47,100
LJ500_R183_C039,680750,9592750,2020,11,2020-11,23.29,41.95,52.74,10.58,26,5,31,100,1,0.7525,1.6515,100
LJ500_R184_C039,680750,9593250,2020,11,2020-11,23.29,41.95,52.74,10.58,26,5,31,100,1,0.7513,1.66,100
LJ500_R184_C066,694250,9593250,2020,11,2020-11,32.35,63.28,93.94,19.42,26,5,31,100,1,0.691,1.4132,100
LJ500_R108_C065,693750,9555250,2020,12,2020-12,38.12,83.84,109.09,12.4,22,8,30,100,1,0.1833,0.48,100
LJ500_R109_C088,705250,9555750,2020,12,2020-12,48.96,109.94,143.31,13.05,23.22,6.7838,30,100,1,0.196,0.6263,100
LJ500_R119_C079,700750,9560750,2020,12,2020-12,48.65,104.84,139.6,9.0701,21,9,30,100,1,0.25,0.612,100
LJ500_R122_C070,696250,9562250,2020,12,2020-12,43.02,87.87,109.73,8.8732,23,7,30,100,1,0.2175,0.559,100
LJ500_R125_C065,693750,9563750,2020,12,2020-12,30.77,65.43,89.28,7.4181,23,7,30,100,1,0.3463,1.05,100
LJ500_R131_C053,687750,9566750,2020,12,2020-12,25.17,57.8,74.92,6.8905,25,5,30,100,1,0.293,0.6292,100
LJ500_R132_C080,701250,9567250,2020,12,2020-12,49.19,94.41,127.22,11.12,23,7,30,100,1,0.308,0.85,100
LJ500_R138_C087,704750,9570250,2020,12,2020-12,45.93,86.45,117.69,9.4513,21,9,30,100,1,0.2473,0.6,100
LJ500_R142_C071,696750,9572250,2020,12,2020-12,37.66,72.24,95.05,7.7095,22,8,30,100,1,0.4954,1.3874,100
LJ500_R145_C054,688250,9573750,2020,12,2020-12,24.93,53.49,70.98,6.904,25,5,30,100,1,0.734,1.91,100
LJ500_R147_C083,702750,9574750,2020,12,2020-12,50.53,88.7,120.2,12.35,24,6,30,100,1,0.4146,1.041,100
LJ500_R156_C028,675250,9579250,2020,12,2020-12,26.25,50.13,65.84,6.6498,24,6,30,100,1,0.442,1.13,100
LJ500_R156_C067,694750,9579250,2020,12,2020-12,39.77,71.26,94.94,10.81,24,6,30,100,1,0.614,1.59,100
LJ500_R156_C079,700750,9579250,2020,12,2020-12,50.53,88.7,120.2,12.35,24,6,30,100,1,0.5993,1.5361,100
LJ500_R157_C009,665750,9579750,2020,12,2020-12,25.83,44.79,61.71,13.41,27,3,30,100,1,0.1599,0.3274,100
LJ500_R158_C065,693750,9580250,2020,12,2020-12,41.48,76.39,106.8,10.93,25,5,30,100,1,0.743,1.74,100
LJ500_R160_C074,698250,9581250,2020,12,2020-12,43.16,76.52,103.43,11.19,25,5,30,100,1,0.604,1.531,100
LJ500_R161_C066,694250,9581750,2020,12,2020-12,42.01,76.43,105.73,11.01,25,5,30,100,1,0.6434,1.5626,100
LJ500_R164_C043,682750,9583250,2020,12,2020-12,31.27,57.61,78.6,9.1854,25,5,30,100,1,0.7945,1.82,100
LJ500_R164_C059,690750,9583250,2020,12,2020-12,41.48,76.39,106.8,10.93,25,5,30,100,1,0.8263,2.0154,100
LJ500_R166_C072,697250,9584250,2020,12,2020-12,43.16,76.52,103.43,11.19,25,5,30,100,1,0.5803,1.3784,100
LJ500_R167_C067,694750,9584750,2020,12,2020-12,43.16,76.52,103.43,11.19,25,5,30,100,1,0.5237,1.17,100
LJ500_R168_C045,683750,9585250,2020,12,2020-12,38.07,66.53,90.92,10.98,24.67,5.3344,30,100,1,0.8981,2.279,100
LJ500_R173_C033,677750,9587750,2020,12,2020-12,36.3,60.43,81.05,11.04,25.38,4.6226,30,100,1,1.0618,2.7592,100
LJ500_R178_C063,692750,9590250,2020,12,2020-12,48.57,82.21,114.54,10.86,24,6,30,100,1,0.8427,1.75,100
LJ500_R179_C046,684250,9590750,2020,12,2020-12,42.05,70.64,94.67,12.03,24.28,5.7219,30,100,1,1.2838,3.3364,100
LJ500_R180_C071,696750,9591250,2020,12,2020-12,52.7,85.14,112.56,14.05,25,5,30,100,1,0.8727,1.71,100
LJ500_R183_C039,680750,9592750,2020,12,2020-12,39.15,62.44,81.09,11.24,25,5,30,100,1,1.0067,2.5315,100
LJ500_R184_C039,680750,9593250,2020,12,2020-12,39.15,62.44,81.09,11.24,25,5,30,100,1,1.0107,2.54,100
LJ500_R184_C066,694250,9593250,2020,12,2020-12,56.71,89.06,119.99,16.83,25,5,30,100,1,0.8599,1.7123,100
LJ500_R108_C065,693750,9555250,2021,1,2021-01,47.93,86.05,131.78,14.71,27,4,31,100,1,0.379,0.66,100
LJ500_R109_C088,705250,9555750,2021,1,2021-01,72.86,121.82,182.79,20.83,26,5,31,100,1,0.3256,0.6284,100
LJ500_R119_C079,700750,9560750,2021,1,2021-01,67.14,115.79,171.98,14.63,25,6,31,100,1,0.2429,0.4396,100
LJ500_R122_C070,696250,9562250,2021,1,2021-01,54.07,97.09,141.94,14.02,26,5,31,100,1,0.3063,0.4932,100
LJ500_R125_C065,693750,9563750,2021,1,2021-01,30.62,61.39,96.05,7.0459,25,6,31,100,1,0.6116,0.97,100
LJ500_R131_C053,687750,9566750,2021,1,2021-01,22.66,47.83,80.46,5.0065,24,7,31,100,1,0.287,0.463,100
LJ500_R132_C080,701250,9567250,2021,1,2021-01,62.63,111.82,157.04,13.51,25,6,31,100,1,0.5048,0.8,100
LJ500_R138_C087,704750,9570250,2021,1,2021-01,60.24,106.17,146.68,12.11,24,7,31,100,1,0.3584,0.56,100
LJ500_R142_C071,696750,9572250,2021,1,2021-01,46.21,83.87,118.45,13.6,26,5,31,100,1,0.707,1.0592,100
LJ500_R145_C054,688250,9573750,2021,1,2021-01,26.17,51.11,79.67,6.8006,26,5,31,100,1,0.7819,1.44,100
LJ500_R147_C083,702750,9574750,2021,1,2021-01,63.71,114.24,152.41,19.24,27,4,31,100,1,0.5727,0.8634,100
LJ500_R156_C028,675250,9579250,2021,1,2021-01,45.21,71.46,95.34,11.47,26,5,31,100,1,0.409,1.48,100
LJ500_R156_C067,694750,9579250,2021,1,2021-01,44.79,84.56,116.05,12.82,27,4,31,100,1,0.7913,1.14,100
LJ500_R156_C079,700750,9579250,2021,1,2021-01,63.71,114.24,152.41,19.24,27,4,31,100,1,0.751,1.1141,100
LJ500_R157_C009,665750,9579750,2021,1,2021-01,77.98,103.81,122.76,22.74,26,5,31,100,1,0.2233,0.5088,100
LJ500_R158_C065,693750,9580250,2021,1,2021-01,46.75,88.23,123.14,13.3,26,5,31,100,1,0.8481,1.51,100
LJ500_R160_C074,698250,9581250,2021,1,2021-01,57.59,100.75,134.11,12.08,24,7,31,100,1,0.7582,1.1152,100
LJ500_R161_C066,694250,9581750,2021,1,2021-01,50.22,92.23,126.65,12.91,25.36,5.6398,31,100,1,0.7843,1.1711,100
LJ500_R164_C043,682750,9583250,2021,1,2021-01,56.61,87.88,114.22,11.68,24,7,31,100,1,0.6968,1.4047,100
LJ500_R164_C059,690750,9583250,2021,1,2021-01,46.75,88.23,123.14,13.3,26,5,31,100,1,0.7873,2.0329,100
LJ500_R166_C072,697250,9584250,2021,1,2021-01,57.59,100.75,134.11,12.08,24,7,31,100,1,0.6991,1.0261,100
LJ500_R167_C067,694750,9584750,2021,1,2021-01,57.59,100.75,134.11,12.08,24,7,31,100,1,0.6,0.9,100
LJ500_R168_C045,683750,9585250,2021,1,2021-01,52.14,90.21,118.67,10.95,24,7,31,100,1,0.7491,2.1763,100
LJ500_R173_C033,677750,9587750,2021,1,2021-01,62.05,98.35,122.48,13.13,23.38,7.6226,31,100,1,0.6079,2.6984,100
LJ500_R178_C063,692750,9590250,2021,1,2021-01,55.99,104.56,138.2,12.79,24,7,31,100,1,0.9271,1.91,100
LJ500_R179_C046,684250,9590750,2021,1,2021-01,57.07,99.12,127.71,13.26,24,7,31,100,1,1.352,3.3582,100
LJ500_R180_C071,696750,9591250,2021,1,2021-01,77.03,129.73,162.17,17.31,23,8,31,100,1,0.8316,2.12,100
LJ500_R183_C039,680750,9592750,2021,1,2021-01,55.79,94.94,118.23,16.37,24,7,31,100,1,0.6892,2.7502,100
LJ500_R184_C039,680750,9593250,2021,1,2021-01,55.79,94.94,118.23,16.37,24,7,31,100,1,0.6858,2.78,100
LJ500_R184_C066,694250,9593250,2021,1,2021-01,57.79,114.51,146.86,12.7,24.96,6.0387,31,100,1,0.9637,1.8526,100
LJ500_R108_C065,693750,9555250,2021,2,2021-02,30.91,78.84,116.97,8.9318,27,4,31,100,1,0.4997,0.87,100
LJ500_R109_C088,705250,9555750,2021,2,2021-02,40.04,112.89,161.86,9.6408,26,5,31,100,1,0.4213,0.7746,100
LJ500_R119_C079,700750,9560750,2021,2,2021-02,45.06,112.2,160.85,10.47,25,6,31,100,1,0.2553,0.4984,100
LJ500_R122_C070,696250,9562250,2021,2,2021-02,31.22,85.28,128.3,9.5438,27,4,31,100,1,0.3702,0.6286,100
LJ500_R125_C065,693750,9563750,2021,2,2021-02,11.72,42.34,73.11,6.7885,29,2,31,100,1,0.7403,1.18,100
LJ500_R131_C053,687750,9566750,2021,2,2021-02,25.37,48.03,73.2,8.0947,27,4,31,100,1,0.3192,0.6303,100
LJ500_R132_C080,701250,9567250,2021,2,2021-02,46.18,108.81,158,46.18,30,1,31,100,1,0.6216,0.98,100
LJ500_R138_C087,704750,9570250,2021,2,2021-02,37.7,97.93,143.86,37.7,30,1,31,100,1,0.4339,0.69,100
LJ500_R142_C071,696750,9572250,2021,2,2021-02,28.08,74.29,111.95,28.08,30,1,31,100,1,0.7912,1.1992,100
LJ500_R145_C054,688250,9573750,2021,2,2021-02,8.1375,34.31,59.24,4.375,29,2,31,100,1,0.6848,1.14,100
LJ500_R147_C083,702750,9574750,2021,2,2021-02,41,104.71,155.24,32.42,29,2,31,100,1,0.6729,1.0206,100
LJ500_R156_C028,675250,9579250,2021,2,2021-02,26.65,71.85,98.1,7.9488,27,4,31,100,1,0.3848,0.8,100
LJ500_R156_C067,694750,9579250,2021,2,2021-02,14.95,59.74,99.51,6.0568,28,3,31,100,1,0.8468,1.31,100
LJ500_R156_C079,700750,9579250,2021,2,2021-02,41,104.71,155.24,32.42,29,2,31,100,1,0.8179,1.296,100
LJ500_R157_C009,665750,9579750,2021,2,2021-02,77.43,155.4,181.23,13.12,22.67,8.3269,31,100,1,0.3133,0.5946,100
LJ500_R158_C065,693750,9580250,2021,2,2021-02,10.69,57.44,98.92,5.6202,29,2,31,100,1,0.7306,1.23,100
LJ500_R160_C074,698250,9581250,2021,2,2021-02,42.81,100.41,143.56,10.86,26,5,31,100,1,0.8342,1.3347,100
LJ500_R161_C066,694250,9581750,2021,2,2021-02,20.97,71.19,113.2,7.2968,28.04,2.9597,31,100,1,0.7996,1.2585,100
LJ500_R164_C043,682750,9583250,2021,2,2021-02,45.89,102.5,133.77,36.3,29,2,31,100,1,0.6212,1.0633,100
LJ500_R164_C059,690750,9583250,2021,2,2021-02,10.69,57.44,98.92,5.6202,29,2,31,100,1,0.6503,1.2295,100
LJ500_R166_C072,697250,9584250,2021,2,2021-02,42.81,100.41,143.56,10.86,26,5,31,100,1,0.7732,1.2496,100
LJ500_R167_C067,694750,9584750,2021,2,2021-02,42.81,100.41,143.56,10.86,26,5,31,100,1,0.6748,1.07,100
LJ500_R168_C045,683750,9585250,2021,2,2021-02,24.24,76.38,114.45,11.34,27.67,3.3313,31,100,1,0.6522,1.1573,100
LJ500_R173_C033,677750,9587750,2021,2,2021-02,44.7,106.75,143.05,19.9,26.74,4.2647,31,100,1,0.5005,1.2492,100
LJ500_R178_C063,692750,9590250,2021,2,2021-02,16.2,72.19,120.76,13.28,29,2,31,100,1,0.8584,1.42,100
LJ500_R179_C046,684250,9590750,2021,2,2021-02,23.47,80.54,122.59,18.62,28.72,2.2781,31,100,1,1.3822,4.2578,100
LJ500_R180_C071,696750,9591250,2021,2,2021-02,46.83,123.86,176.56,34.73,28,3,31,100,1,0.7287,1.31,100
LJ500_R183_C039,680750,9592750,2021,2,2021-02,24.62,80.41,119.56,18.44,28,3,31,100,1,0.6085,1.2357,100
LJ500_R184_C039,680750,9593250,2021,2,2021-02,24.62,80.41,119.56,18.44,28,3,31,100,1,0.6074,1.24,100
LJ500_R184_C066,694250,9593250,2021,2,2021-02,9.0344,66.83,123.54,7.7066,28.98,2.0193,31,100,1,0.944,1.4941,100
LJ500_R108_C065,693750,9555250,2021,3,2021-03,63.26,94.17,142.11,23.3,24,4,28,100,1,0.3129,0.8,100
LJ500_R109_C088,705250,9555750,2021,3,2021-03,74.21,114.25,187.11,33.22,25,3,28,100,1,0.2397,0.7085,100
LJ500_R119_C079,700750,9560750,2021,3,2021-03,74.76,119.83,186.96,29.15,24,4,28,100,1,0.1581,0.4592,100
LJ500_R122_C070,696250,9562250,2021,3,2021-03,68.67,99.89,153.95,26.96,24,4,28,100,1,0.2265,0.5672,100
LJ500_R125_C065,693750,9563750,2021,3,2021-03,52.62,64.34,94.96,12.49,22,6,28,100,1,0.5425,1.08,100
LJ500_R131_C053,687750,9566750,2021,3,2021-03,42.64,68.01,90.67,16.31,25,3,28,100,1,0.2683,0.4917,100
LJ500_R132_C080,701250,9567250,2021,3,2021-03,73.15,119.34,181.97,39.24,26,2,28,100,1,0.4196,0.91,100
LJ500_R138_C087,704750,9570250,2021,3,2021-03,74.2,111.89,172.13,28.39,25,3,28,100,1,0.2825,0.66,100
LJ500_R142_C071,696750,9572250,2021,3,2021-03,68.65,96.73,142.94,36.88,26,2,28,100,1,0.6156,1.098,100
LJ500_R145_C054,688250,9573750,2021,3,2021-03,54.04,62.18,88.35,19.99,25,3,28,100,1,0.695,1.57,100
LJ500_R147_C083,702750,9574750,2021,3,2021-03,77.93,118.94,182.65,27.25,25,3,28,100,1,0.5015,0.9319,100
LJ500_R156_C028,675250,9579250,2021,3,2021-03,89.84,116.49,161.69,35.82,25,3,28,100,1,0.3882,0.81,100
LJ500_R156_C067,694750,9579250,2021,3,2021-03,75.37,90.32,135.12,39.21,25,3,28,100,1,0.6979,1.17,100
LJ500_R156_C079,700750,9579250,2021,3,2021-03,77.93,118.94,182.65,27.25,25,3,28,100,1,0.6575,1.1722,100
LJ500_R157_C009,665750,9579750,2021,3,2021-03,122.75,200.17,278.15,42.71,22.06,5.9424,28,100,1,0.3076,0.5275,100
LJ500_R158_C065,693750,9580250,2021,3,2021-03,75.07,85.76,132.51,36.56,24,4,28,100,1,0.7093,1.44,100
LJ500_R160_C074,698250,9581250,2021,3,2021-03,81.84,124.65,182.25,20.96,23,5,28,100,1,0.6723,1.1268,100
LJ500_R161_C066,694250,9581750,2021,3,2021-03,77.24,98.21,148.42,31.57,23.68,4.3199,28,100,1,0.6816,1.2047,100
LJ500_R164_C043,682750,9583250,2021,3,2021-03,93.82,139.72,196.33,35.42,24,4,28,100,1,0.6158,1.2033,100
LJ500_R164_C059,690750,9583250,2021,3,2021-03,75.07,85.76,132.51,36.56,24,4,28,100,1,0.7101,1.6546,100
LJ500_R166_C072,697250,9584250,2021,3,2021-03,81.84,124.65,182.25,20.96,23,5,28,100,1,0.6329,1.0497,100
LJ500_R167_C067,694750,9584750,2021,3,2021-03,81.84,124.65,182.25,20.96,23,5,28,100,1,0.5675,0.93,100
LJ500_R168_C045,683750,9585250,2021,3,2021-03,83.54,107.77,159.91,40.57,25,3,28,100,1,0.7058,1.6517,100
LJ500_R173_C033,677750,9587750,2021,3,2021-03,107.53,152.23,214.28,62.5,26,2,28,100,1,0.7191,2.2242,100
LJ500_R178_C063,692750,9590250,2021,3,2021-03,82.97,99.17,155.16,40.09,24,4,28,100,1,0.7561,1.39,100
LJ500_R179_C046,684250,9590750,2021,3,2021-03,89.86,113.33,170.4,47.95,25.28,2.7219,28,100,1,1.5109,4.3554,100
LJ500_R180_C071,696750,9591250,2021,3,2021-03,90.53,137.36,214.39,60.3,26,2,28,100,1,0.6882,1.39,100
LJ500_R183_C039,680750,9592750,2021,3,2021-03,102.68,127.3,183.1,65.67,26,2,28,100,1,0.7216,2.0387,100
LJ500_R184_C039,680750,9593250,2021,3,2021-03,102.68,127.3,183.1,65.67,26,2,28,100,1,0.7225,2.06,100
LJ500_R184_C066,694250,9593250,2021,3,2021-03,83.59,92.62,150.42,41.75,25.02,2.9807,28,100,1,0.7846,1.4306,100
LJ500_R108_C065,693750,9555250,2021,4,2021-04,129.13,192.39,223.3,24.99,21,10,31,100,1,0.2323,0.7,100
LJ500_R109_C088,705250,9555750,2021,4,2021-04,131.36,205.57,245.61,23.1,17.65,13.35,31,100,1,0.2264,0.6398,100
LJ500_R119_C079,700750,9560750,2021,4,2021-04,139.01,213.77,258.84,31.05,20,11,31,100,1,0.1465,0.4176,100
LJ500_R122_C070,696250,9562250,2021,4,2021-04,124.82,193.48,224.7,23.93,21,10,31,100,1,0.1802,0.5383,100
LJ500_R125_C065,693750,9563750,2021,4,2021-04,65.96,118.58,130.3,12.39,19,12,31,100,1,0.3848,1.01,100
LJ500_R131_C053,687750,9566750,2021,4,2021-04,48.67,91.31,116.69,11.86,22,9,31,100,1,0.1633,0.3813,100
LJ500_R132_C080,701250,9567250,2021,4,2021-04,121.34,194.49,240.68,25.41,20,11,31,100,1,0.3565,0.82,100
LJ500_R138_C087,704750,9570250,2021,4,2021-04,115.18,189.38,227.08,32.8,21,10,31,100,1,0.2452,0.6,100
LJ500_R142_C071,696750,9572250,2021,4,2021-04,101.55,170.19,198.28,17.09,21,10,31,100,1,0.4695,1.144,100
LJ500_R145_C054,688250,9573750,2021,4,2021-04,59.69,113.73,121.87,15.17,20,11,31,100,1,0.4803,1.5,100
LJ500_R147_C083,702750,9574750,2021,4,2021-04,120.3,198.23,239.23,18.92,18,13,31,100,1,0.4262,0.875,100
LJ500_R156_C028,675250,9579250,2021,4,2021-04,162.07,251.91,278.56,26.42,20,11,31,100,1,0.27,0.66,100
LJ500_R156_C067,694750,9579250,2021,4,2021-04,94.85,170.22,185.17,18.95,20,11,31,100,1,0.5148,1.14,100
LJ500_R156_C079,700750,9579250,2021,4,2021-04,120.3,198.23,239.23,18.92,18,13,31,100,1,0.5316,1.1803,100
LJ500_R157_C009,665750,9579750,2021,4,2021-04,293.16,415.91,493.33,59.98,19.33,11.67,31,100,1,0.1992,0.4275,100
LJ500_R158_C065,693750,9580250,2021,4,2021-04,101.71,176.79,187.48,16.32,18,13,31,100,1,0.5239,1.73,100
LJ500_R160_C074,698250,9581250,2021,4,2021-04,133.54,215.38,258.19,17.65,18,13,31,100,1,0.5338,1.0842,100
LJ500_R161_C066,694250,9581750,2021,4,2021-04,111.9,189.13,210.1,16.74,18,13,31,100,1,0.4978,1.2293,100
LJ500_R164_C043,682750,9583250,2021,4,2021-04,156.39,250.21,296.1,22.6,20,11,31,100,1,0.3717,1.0576,100
LJ500_R164_C059,690750,9583250,2021,4,2021-04,101.71,176.79,187.48,16.32,18,13,31,100,1,0.5843,1.8126,100
LJ500_R166_C072,697250,9584250,2021,4,2021-04,133.54,215.38,258.19,17.65,18,13,31,100,1,0.4983,0.9665,100
LJ500_R167_C067,694750,9584750,2021,4,2021-04,133.54,215.38,258.19,17.65,18,13,31,100,1,0.4339,0.78,100
LJ500_R168_C045,683750,9585250,2021,4,2021-04,124.03,207.56,231.8,19.96,18.67,12.33,31,100,1,0.5274,1.4863,100
LJ500_R173_C033,677750,9587750,2021,4,2021-04,189.24,296.77,341.47,30.05,19.38,11.62,31,100,1,0.6378,1.7257,100
LJ500_R178_C063,692750,9590250,2021,4,2021-04,121.53,204.5,220.7,20.2,18,13,31,100,1,0.5413,1.72,100
LJ500_R179_C046,684250,9590750,2021,4,2021-04,145.35,235.21,258.68,25.64,18,13,31,100,1,1.2661,4.4208,100
LJ500_R180_C071,696750,9591250,2021,4,2021-04,170.64,261.16,307.99,37.72,20,11,31,100,1,0.5758,1.85,100
LJ500_R183_C039,680750,9592750,2021,4,2021-04,178.29,280.98,305.6,30.8,19,12,31,100,1,0.614,1.7187,100
LJ500_R184_C039,680750,9593250,2021,4,2021-04,178.29,280.98,305.6,30.8,19,12,31,100,1,0.6203,1.74,100
LJ500_R184_C066,694250,9593250,2021,4,2021-04,131.32,214.9,223.94,28.8,18.04,12.96,31,100,1,0.5481,1.6464,100
LJ500_R108_C065,693750,9555250,2021,5,2021-05,58.53,187.66,250.92,29.17,27,3,30,100,1,0.2917,0.76,100
LJ500_R109_C088,705250,9555750,2021,5,2021-05,61.81,193.17,267.38,27.63,26.57,3.4325,30,100,1,0.2546,0.69,100
LJ500_R119_C079,700750,9560750,2021,5,2021-05,61.38,200.39,275.16,30.29,27,3,30,100,1,0.1305,0.3372,100
LJ500_R122_C070,696250,9562250,2021,5,2021-05,54.12,178.94,247.61,27.74,27,3,30,100,1,0.1886,0.4936,100
LJ500_R125_C065,693750,9563750,2021,5,2021-05,39.8,105.76,158.38,21.23,27,3,30,100,1,0.4973,1.04,100
LJ500_R131_C053,687750,9566750,2021,5,2021-05,38.79,87.46,130.1,21.54,27,3,30,100,1,0.1844,0.3841,100
LJ500_R132_C080,701250,9567250,2021,5,2021-05,69.94,191.28,264.44,32.77,26,4,30,100,1,0.3857,0.83,100
LJ500_R138_C087,704750,9570250,2021,5,2021-05,71.21,186.39,260.59,31.93,26,4,30,100,1,0.2267,0.5,100
LJ500_R142_C071,696750,9572250,2021,5,2021-05,59.7,161.25,229.89,35.46,27,3,30,100,1,0.5754,1.1284,100
LJ500_R145_C054,688250,9573750,2021,5,2021-05,38.06,97.75,151.79,18.44,26,4,30,100,1,0.6097,1.39,100
LJ500_R147_C083,702750,9574750,2021,5,2021-05,74.34,194.63,272.57,44.52,27,3,30,100,1,0.4391,0.8106,100
LJ500_R156_C028,675250,9579250,2021,5,2021-05,78.69,240.76,330.6,47.39,26,4,30,100,1,0.3437,0.79,100
LJ500_R156_C067,694750,9579250,2021,5,2021-05,51.45,146.3,221.67,31.24,27,3,30,100,1,0.6407,1.23,100
LJ500_R156_C079,700750,9579250,2021,5,2021-05,74.34,194.63,272.57,44.52,27,3,30,100,1,0.6257,1.1342,100
LJ500_R157_C009,665750,9579750,2021,5,2021-05,166.97,460.13,582.87,83.58,26,4,30,100,1,0.2005,0.382,100
LJ500_R158_C065,693750,9580250,2021,5,2021-05,53.73,155.44,230.52,27.23,25,5,30,100,1,0.6857,1.42,100
LJ500_R160_C074,698250,9581250,2021,5,2021-05,75.19,208.73,290.57,58.83,27,3,30,100,1,0.621,1.121,100
LJ500_R161_C066,694250,9581750,2021,5,2021-05,60.59,172.49,249.73,37.34,25.64,4.3602,30,100,1,0.6345,1.2213,100
LJ500_R164_C043,682750,9583250,2021,5,2021-05,89.32,245.7,339.53,62.83,27,3,30,100,1,0.5078,1.1562,100
LJ500_R164_C059,690750,9583250,2021,5,2021-05,53.73,155.44,230.52,27.23,25,5,30,100,1,0.6189,1.4462,100
LJ500_R166_C072,697250,9584250,2021,5,2021-05,75.19,208.73,290.57,58.83,27,3,30,100,1,0.5624,0.985,100
LJ500_R167_C067,694750,9584750,2021,5,2021-05,75.19,208.73,290.57,58.83,27,3,30,100,1,0.467,0.78,100
LJ500_R168_C045,683750,9585250,2021,5,2021-05,68.15,192.18,275.72,45.65,26,4,30,100,1,0.5782,1.3427,100
LJ500_R173_C033,677750,9587750,2021,5,2021-05,98.56,287.8,395.33,54.45,26.25,3.7549,30,100,1,0.4605,1.4027,100
LJ500_R178_C063,692750,9590250,2021,5,2021-05,66.94,188.48,271.45,44.62,26,4,30,100,1,0.784,1.54,100
LJ500_R179_C046,684250,9590750,2021,5,2021-05,72.05,217.41,307.27,50.18,26.56,3.4438,30,100,1,1.0929,2.7826,100
LJ500_R180_C071,696750,9591250,2021,5,2021-05,88.93,259.57,350.1,52.23,27,3,30,100,1,0.7053,1.38,100
LJ500_R183_C039,680750,9592750,2021,5,2021-05,79.88,258.18,360.86,68.8,27,3,30,100,1,0.5366,1.35,100
LJ500_R184_C039,680750,9593250,2021,5,2021-05,79.88,258.18,360.86,68.8,27,3,30,100,1,0.5353,1.35,100
LJ500_R184_C066,694250,9593250,2021,5,2021-05,64.95,196.26,279.85,50.2,27.98,2.0193,30,100,1,0.8491,1.5944,100
LJ500_R108_C065,693750,9555250,2021,6,2021-06,28.1,86.62,215.75,12.07,26,5,31,100,1,0.22,0.62,100
LJ500_R109_C088,705250,9555750,2021,6,2021-06,32.98,94.79,226.15,12.88,27,4,31,100,1,0.2285,0.6909,100
LJ500_R119_C079,700750,9560750,2021,6,2021-06,36.08,97.46,236.47,20.83,27,4,31,100,1,0.1718,0.4388,100
LJ500_R122_C070,696250,9562250,2021,6,2021-06,26.31,80.43,205.25,11.37,26,5,31,100,1,0.192,0.4988,100
LJ500_R125_C065,693750,9563750,2021,6,2021-06,16.72,56.51,122.48,6.6596,27,4,31,100,1,0.3752,0.82,100
LJ500_R131_C053,687750,9566750,2021,6,2021-06,14.39,53.18,101.85,6.8139,27,4,31,100,1,0.1807,0.4774,100
LJ500_R132_C080,701250,9567250,2021,6,2021-06,43.03,112.97,234.31,20.96,27,4,31,100,1,0.3103,0.67,100
LJ500_R138_C087,704750,9570250,2021,6,2021-06,39.4,110.61,225.79,20.05,27,4,31,100,1,0.2006,0.53,100
LJ500_R142_C071,696750,9572250,2021,6,2021-06,31.13,90.83,192.38,16.36,29,2,31,100,1,0.4643,0.9026,100
LJ500_R145_C054,688250,9573750,2021,6,2021-06,10.14,48.2,107.89,5.1626,28,3,31,100,1,0.5665,1.22,100
LJ500_R147_C083,702750,9574750,2021,6,2021-06,47.07,121.41,241.7,15.72,27,4,31,100,1,0.3559,0.7074,100
LJ500_R156_C028,675250,9579250,2021,6,2021-06,20.71,99.4,261.47,7.6968,27,4,31,100,1,0.4958,1.09,100
LJ500_R156_C067,694750,9579250,2021,6,2021-06,28.78,80.23,175.08,11.26,27,4,31,100,1,0.5248,1.01,100
LJ500_R156_C079,700750,9579250,2021,6,2021-06,47.07,121.41,241.7,15.72,27,4,31,100,1,0.5113,0.9782,100
LJ500_R157_C009,665750,9579750,2021,6,2021-06,41.27,208.23,501.39,28,29.33,1.6731,31,100,1,0.2103,0.4875,100
LJ500_R158_C065,693750,9580250,2021,6,2021-06,31.76,85.48,187.2,10.98,27,4,31,100,1,0.6023,1.39,100
LJ500_R160_C074,698250,9581250,2021,6,2021-06,45.75,120.94,254.48,16.15,27,4,31,100,1,0.5068,0.9542,100
LJ500_R161_C066,694250,9581750,2021,6,2021-06,36.23,96.83,208.72,12.63,27,4,31,100,1,0.5246,1.0981,100
LJ500_R164_C043,682750,9583250,2021,6,2021-06,30.65,119.96,276.35,12.01,26,5,31,100,1,0.5471,1.1133,100
LJ500_R164_C059,690750,9583250,2021,6,2021-06,31.76,85.48,187.2,10.98,27,4,31,100,1,0.6012,1.3354,100
LJ500_R166_C072,697250,9584250,2021,6,2021-06,45.75,120.94,254.48,16.15,27,4,31,100,1,0.4544,0.8815,100
LJ500_R167_C067,694750,9584750,2021,6,2021-06,45.75,120.94,254.48,16.15,27,4,31,100,1,0.3765,0.76,100
LJ500_R168_C045,683750,9585250,2021,6,2021-06,25.47,93.62,217.65,11.81,26.67,4.3344,31,100,1,0.5883,1.2237,100
LJ500_R173_C033,677750,9587750,2021,6,2021-06,29.53,128.09,317.33,11.94,27.38,3.6226,31,100,1,0.5807,1.2296,100
LJ500_R178_C063,692750,9590250,2021,6,2021-06,37.33,104.28,225.81,12.28,26,5,31,100,1,0.6616,1.5,100
LJ500_R179_C046,684250,9590750,2021,6,2021-06,27.38,99.43,244.79,9.4768,26.56,4.4438,31,100,1,1.204,3.7768,100
LJ500_R180_C071,696750,9591250,2021,6,2021-06,43.49,132.42,303.06,13.72,26,5,31,100,1,0.6477,1.48,100
LJ500_R183_C039,680750,9592750,2021,6,2021-06,22.71,102.59,280.89,9.6271,28,3,31,100,1,0.5828,1.1857,100
LJ500_R184_C039,680750,9593250,2021,6,2021-06,22.71,102.59,280.89,9.6271,28,3,31,100,1,0.5842,1.19,100
LJ500_R184_C066,694250,9593250,2021,6,2021-06,31.87,96.82,228.13,10.26,26,5,31,100,1,0.7153,1.5385,100
LJ500_R108_C065,693750,9555250,2021,7,2021-07,15.17,43.27,101.79,5.3023,27,3,30,100,1,0.2283,0.52,100
LJ500_R109_C088,705250,9555750,2021,7,2021-07,34.02,67.01,128.82,17.3,27.35,2.6487,30,100,1,0.1712,0.4213,100
LJ500_R119_C079,700750,9560750,2021,7,2021-07,31.82,67.89,129.28,14.98,27,3,30,100,1,0.1187,0.3096,100
LJ500_R122_C070,696250,9562250,2021,7,2021-07,17.35,43.66,97.78,6.7362,27,3,30,100,1,0.147,0.3557,100
LJ500_R125_C065,693750,9563750,2021,7,2021-07,7.8225,24.54,64.34,7.8225,29,1,30,100,1,0.3653,0.72,100
LJ500_R131_C053,687750,9566750,2021,7,2021-07,0,14.39,53.18,0,30,0,30,100,1,0.1917,0.4246,100
LJ500_R132_C080,701250,9567250,2021,7,2021-07,29.64,72.67,142.61,11.79,27,3,30,100,1,0.247,0.58,100
LJ500_R138_C087,704750,9570250,2021,7,2021-07,26.46,65.87,137.07,26.46,29,1,30,100,1,0.1467,0.36,100
LJ500_R142_C071,696750,9572250,2021,7,2021-07,17.04,48.17,107.86,17.04,29,1,30,100,1,0.4116,0.9394,100
LJ500_R145_C054,688250,9573750,2021,7,2021-07,3.2679,13.4,51.47,3.2679,29,1,30,100,1,0.4807,1.19,100
LJ500_R147_C083,702750,9574750,2021,7,2021-07,27.73,74.8,149.14,13.87,28,2,30,100,1,0.2944,0.6934,100
LJ500_R156_C028,675250,9579250,2021,7,2021-07,0,20.71,99.4,0,30,0,30,100,1,0.5537,0.88,100
LJ500_R156_C067,694750,9579250,2021,7,2021-07,15.18,43.96,95.41,15.18,29,1,30,100,1,0.5017,1.08,100
LJ500_R156_C079,700750,9579250,2021,7,2021-07,27.73,74.8,149.14,13.87,28,2,30,100,1,0.4518,1.0602,100
LJ500_R157_C009,665750,9579750,2021,7,2021-07,11.18,52.44,219.41,6.0792,28,2,30,100,1,0.2429,0.4746,100
LJ500_R158_C065,693750,9580250,2021,7,2021-07,17.33,49.09,102.82,17.33,29,1,30,100,1,0.516,1.24,100
LJ500_R160_C074,698250,9581250,2021,7,2021-07,23.99,69.74,144.93,23.99,29,1,30,100,1,0.4707,1.0526,100
LJ500_R161_C066,694250,9581750,2021,7,2021-07,19.46,55.7,116.29,19.46,29,1,30,100,1,0.5059,1.0884,100
LJ500_R164_C043,682750,9583250,2021,7,2021-07,11.61,42.25,131.57,11.61,29,1,30,100,1,0.5484,1.0581,100
LJ500_R164_C059,690750,9583250,2021,7,2021-07,17.33,49.09,102.82,17.33,29,1,30,100,1,0.5162,1.5046,100
LJ500_R166_C072,697250,9584250,2021,7,2021-07,23.99,69.74,144.93,23.99,29,1,30,100,1,0.4394,0.9466,100
LJ500_R167_C067,694750,9584750,2021,7,2021-07,23.99,69.74,144.93,23.99,29,1,30,100,1,0.3837,0.79,100
LJ500_R168_C045,683750,9585250,2021,7,2021-07,13.61,39.08,107.23,13.61,29,1,30,100,1,0.537,1.3137,100
LJ500_R173_C033,677750,9587750,2021,7,2021-07,9.1257,38.66,137.22,9.1257,29,1,30,100,1,0.4642,1.2573,100
LJ500_R178_C063,692750,9590250,2021,7,2021-07,20.9,58.23,125.17,20.9,29,1,30,100,1,0.6683,1.41,100
LJ500_R179_C046,684250,9590750,2021,7,2021-07,14.93,42.31,114.36,14.93,29,1,30,100,1,1.4595,3.8504,100
LJ500_R180_C071,696750,9591250,2021,7,2021-07,26.71,70.2,159.13,26.71,29,1,30,100,1,0.5783,1.33,100
LJ500_R183_C039,680750,9592750,2021,7,2021-07,6.5577,29.27,109.15,6.5577,29,1,30,100,1,0.524,1.2885,100
LJ500_R184_C039,680750,9593250,2021,7,2021-07,6.5577,29.27,109.15,6.5577,29,1,30,100,1,0.521,1.28,100
LJ500_R184_C066,694250,9593250,2021,7,2021-07,21.04,52.91,117.86,21.04,29,1,30,100,1,0.755,1.4677,100
LJ500_R108_C065,693750,9555250,2021,8,2021-08,10.51,25.69,53.78,5.8271,29,2,31,100,1,0.2455,0.64,100
LJ500_R109_C088,705250,9555750,2021,8,2021-08,33.03,67.05,100.03,9.6829,26.78,4.2162,31,100,1,0.2354,0.6652,100
LJ500_R119_C079,700750,9560750,2021,8,2021-08,29.56,61.38,97.45,8.9654,27,4,31,100,1,0.1757,0.4528,100
LJ500_R122_C070,696250,9562250,2021,8,2021-08,15.4,32.76,59.06,5.8781,28,3,31,100,1,0.1873,0.4888,100
LJ500_R125_C065,693750,9563750,2021,8,2021-08,0,7.8225,24.54,0,31,0,31,100,1,0.2781,0.78,100
LJ500_R131_C053,687750,9566750,2021,8,2021-08,0,0,14.39,0,31,0,31,100,1,0.176,0.4288,100
LJ500_R132_C080,701250,9567250,2021,8,2021-08,20.77,50.41,93.44,7.9295,28,3,31,100,1,0.2535,0.86,100
LJ500_R138_C087,704750,9570250,2021,8,2021-08,17.12,43.59,82.99,6.4683,28,3,31,100,1,0.1948,0.57,100
LJ500_R142_C071,696750,9572250,2021,8,2021-08,9.8799,26.92,58.05,5.2889,29,2,31,100,1,0.2978,0.9436,100
LJ500_R145_C054,688250,9573750,2021,8,2021-08,0,3.2679,13.4,0,31,0,31,100,1,0.3839,0.91,100
LJ500_R147_C083,702750,9574750,2021,8,2021-08,17.77,45.5,92.57,6.6309,28,3,31,100,1,0.2517,0.8234,100
LJ500_R156_C028,675250,9579250,2021,8,2021-08,0,0,20.71,0,31,0,31,100,1,0.6216,1.03,100
LJ500_R156_C067,694750,9579250,2021,8,2021-08,8.5408,23.72,52.5,4.5725,29,2,31,100,1,0.3216,0.89,100
LJ500_R156_C079,700750,9579250,2021,8,2021-08,17.77,45.5,92.57,6.6309,28,3,31,100,1,0.332,0.966,100
LJ500_R157_C009,665750,9579750,2021,8,2021-08,0,11.18,52.44,0,31,0,31,100,1,0.293,0.6542,100
LJ500_R158_C065,693750,9580250,2021,8,2021-08,8.9351,26.27,58.02,4.6945,29,2,31,100,1,0.49,1.19,100
LJ500_R160_C074,698250,9581250,2021,8,2021-08,14.29,38.28,84.04,5.1487,28,3,31,100,1,0.3191,0.9152,100
LJ500_R161_C066,694250,9581750,2021,8,2021-08,10.65,30.11,66.34,4.8398,28.68,2.3199,31,100,1,0.3469,0.8528,100
LJ500_R164_C043,682750,9583250,2021,8,2021-08,0,11.61,42.25,0,31,0,31,100,1,0.333,0.9186,100
LJ500_R164_C059,690750,9583250,2021,8,2021-08,8.9351,26.27,58.02,4.6945,29,2,31,100,1,0.6102,1.4761,100
LJ500_R166_C072,697250,9584250,2021,8,2021-08,14.29,38.28,84.04,5.1487,28,3,31,100,1,0.2848,0.7587,100
LJ500_R167_C067,694750,9584750,2021,8,2021-08,14.29,38.28,84.04,5.1487,28,3,31,100,1,0.2474,0.64,100
LJ500_R168_C045,683750,9585250,2021,8,2021-08,2.1755,15.79,41.25,1.0917,30.33,0.6687,31,100,1,0.4776,0.9617,100
LJ500_R173_C033,677750,9587750,2021,8,2021-08,0,9.1257,38.66,0,31,0,31,100,1,0.6224,1.4861,100
LJ500_R178_C063,692750,9590250,2021,8,2021-08,10.98,31.87,69.21,5.6226,29,2,31,100,1,0.4352,1.01,100
LJ500_R179_C046,684250,9590750,2021,8,2021-08,6.4328,21.36,48.74,3.2281,29,2,31,100,1,2.4458,4.5057,100
LJ500_R180_C071,696750,9591250,2021,8,2021-08,16.92,43.63,87.12,6.0649,28,3,31,100,1,0.4806,1.15,100
LJ500_R183_C039,680750,9592750,2021,8,2021-08,0,6.5577,29.27,0,31,0,31,100,1,0.5638,1.233,100
LJ500_R184_C039,680750,9593250,2021,8,2021-08,0,6.5577,29.27,0,31,0,31,100,1,0.5706,1.25,100
LJ500_R184_C066,694250,9593250,2021,8,2021-08,12.6,33.65,65.51,4.4683,28,3,31,100,1,0.3961,1.1265,100
LJ500_R108_C065,693750,9555250,2021,9,2021-09,26.08,36.6,51.77,8.0972,27,4,31,100,1,0.1994,0.76,100
LJ500_R109_C088,705250,9555750,2021,9,2021-09,58.44,91.47,125.49,17.73,26.78,4.2162,31,100,1,0.1991,0.5913,100
LJ500_R119_C079,700750,9560750,2021,9,2021-09,53.39,82.95,114.77,18.59,28,3,31,100,1,0.1648,0.4712,100
LJ500_R122_C070,696250,9562250,2021,9,2021-09,32.06,47.46,64.81,11.66,28,3,31,100,1,0.1781,0.4436,100
LJ500_R125_C065,693750,9563750,2021,9,2021-09,13.29,13.29,21.11,6.7826,28,3,31,100,1,0.3694,1.03,100
LJ500_R131_C053,687750,9566750,2021,9,2021-09,9.2461,9.2461,9.2461,3.706,28,3,31,100,1,0.2041,0.4809,100
LJ500_R132_C080,701250,9567250,2021,9,2021-09,43.14,63.91,93.55,13.34,26,5,31,100,1,0.2761,0.71,100
LJ500_R138_C087,704750,9570250,2021,9,2021-09,35.65,52.77,79.24,9.2822,25,6,31,100,1,0.1803,0.46,100
LJ500_R142_C071,696750,9572250,2021,9,2021-09,24.5,34.38,51.42,8.0376,27,4,31,100,1,0.4578,0.9358,100
LJ500_R145_C054,688250,9573750,2021,9,2021-09,8.345,8.345,11.61,3.338,28,3,31,100,1,0.5603,1.25,100
LJ500_R147_C083,702750,9574750,2021,9,2021-09,33.5,51.27,79,14.36,27,4,31,100,1,0.3403,0.6763,100
LJ500_R156_C028,675250,9579250,2021,9,2021-09,5.9917,5.9917,5.9917,3.595,28,3,31,100,1,0.6487,1.08,100
LJ500_R156_C067,694750,9579250,2021,9,2021-09,22.11,30.65,45.83,8.8456,28,3,31,100,1,0.5677,1.09,100
LJ500_R156_C079,700750,9579250,2021,9,2021-09,33.5,51.27,79,14.36,27,4,31,100,1,0.4995,0.9761,100
LJ500_R157_C009,665750,9579750,2021,9,2021-09,9.9972,9.9972,21.17,5.9983,28,3,31,100,1,0.2558,0.8387,100
LJ500_R158_C065,693750,9580250,2021,9,2021-09,20.56,29.49,46.83,10.28,29,2,31,100,1,0.5668,1.33,100
LJ500_R160_C074,698250,9581250,2021,9,2021-09,28.52,42.81,66.8,14.26,29,2,31,100,1,0.5271,1.0031,100
LJ500_R161_C066,694250,9581750,2021,9,2021-09,23.11,33.76,53.22,11.55,29,2,31,100,1,0.5617,1.1443,100
LJ500_R164_C043,682750,9583250,2021,9,2021-09,13.92,13.92,25.53,5.5676,28,3,31,100,1,0.7112,1.3838,100
LJ500_R164_C059,690750,9583250,2021,9,2021-09,20.56,29.49,46.83,10.28,29,2,31,100,1,0.5958,1.4105,100
LJ500_R166_C072,697250,9584250,2021,9,2021-09,28.52,42.81,66.8,14.26,29,2,31,100,1,0.5005,0.9172,100
LJ500_R167_C067,694750,9584750,2021,9,2021-09,28.52,42.81,66.8,14.26,29,2,31,100,1,0.4581,0.8,100
LJ500_R168_C045,683750,9585250,2021,9,2021-09,16.26,18.43,32.04,7.5517,28,3,31,100,1,0.7103,1.421,100
LJ500_R173_C033,677750,9587750,2021,9,2021-09,10.71,10.71,19.83,4.7207,28,3,31,100,1,0.7296,1.6849,100
LJ500_R178_C063,692750,9590250,2021,9,2021-09,22.96,33.94,54.84,9.1857,28,3,31,100,1,0.6658,1.51,100
LJ500_R179_C046,684250,9590750,2021,9,2021-09,17.41,23.84,38.77,6.3403,27.44,3.5562,31,100,1,1.8069,5.2927,100
LJ500_R180_C071,696750,9591250,2021,9,2021-09,34.09,51.01,77.72,10.78,26,5,31,100,1,0.5526,1.42,100
LJ500_R183_C039,680750,9592750,2021,9,2021-09,10.14,10.14,16.7,3.9704,26,5,31,100,1,0.7304,1.4659,100
LJ500_R184_C039,680750,9593250,2021,9,2021-09,10.14,10.14,16.7,3.9704,26,5,31,100,1,0.7271,1.5,100
LJ500_R184_C066,694250,9593250,2021,9,2021-09,25.94,38.54,59.58,6.581,26,5,31,100,1,0.7047,1.5568,100
LJ500_R108_C065,693750,9555250,2021,10,2021-10,21.37,47.45,57.97,5.9053,26,4,30,100,1,0.3093,0.75,100
LJ500_R109_C088,705250,9555750,2021,10,2021-10,32.39,90.83,123.85,10.76,25,5,30,100,1,0.2334,0.6628,100
LJ500_R119_C079,700750,9560750,2021,10,2021-10,31.62,85.01,114.57,8.9056,25,5,30,100,1,0.1677,0.468,100
LJ500_R122_C070,696250,9562250,2021,10,2021-10,21.44,53.49,68.9,7.3716,26,4,30,100,1,0.2205,0.5213,100
LJ500_R125_C065,693750,9563750,2021,10,2021-10,23.34,36.63,36.63,7.4848,25,5,30,100,1,0.4953,1.11,100
LJ500_R131_C053,687750,9566750,2021,10,2021-10,16.4,25.65,25.65,5.6973,27,3,30,100,1,0.2854,0.5229,100
LJ500_R132_C080,701250,9567250,2021,10,2021-10,29.87,73.01,93.78,7.4856,23,7,30,100,1,0.3627,0.84,100
LJ500_R138_C087,704750,9570250,2021,10,2021-10,27.45,63.1,80.23,7.3825,24,6,30,100,1,0.215,0.51,100
LJ500_R142_C071,696750,9572250,2021,10,2021-10,20.53,45.04,54.92,5.3935,24,6,30,100,1,0.5792,1.2996,100
LJ500_R145_C054,688250,9573750,2021,10,2021-10,15.51,23.86,23.86,4.4777,26,4,30,100,1,0.76,1.83,100
LJ500_R147_C083,702750,9574750,2021,10,2021-10,26.6,60.1,77.87,6.0457,25,5,30,100,1,0.4275,0.8793,100
LJ500_R156_C028,675250,9579250,2021,10,2021-10,12.96,18.95,18.95,9.5621,28,2,30,100,1,0.703,1.17,100
LJ500_R156_C067,694750,9579250,2021,10,2021-10,18.72,40.84,49.38,4.2669,25,5,30,100,1,0.6913,1.54,100
LJ500_R156_C079,700750,9579250,2021,10,2021-10,26.6,60.1,77.87,6.0457,25,5,30,100,1,0.6138,1.3881,100
LJ500_R157_C009,665750,9579750,2021,10,2021-10,14.13,24.13,24.13,9.7271,28,2,30,100,1,0.2623,0.6144,100
LJ500_R158_C065,693750,9580250,2021,10,2021-10,22.88,43.44,52.37,5.9889,26,4,30,100,1,0.732,2.23,100
LJ500_R160_C074,698250,9581250,2021,10,2021-10,20.69,49.21,63.5,5.3765,26,4,30,100,1,0.6418,1.4305,100
LJ500_R161_C066,694250,9581750,2021,10,2021-10,22.18,45.28,55.93,5.793,26,4,30,100,1,0.7024,1.6189,100
LJ500_R164_C043,682750,9583250,2021,10,2021-10,16.48,30.39,30.39,12.11,28,2,30,100,1,0.8274,1.5138,100
LJ500_R164_C059,690750,9583250,2021,10,2021-10,22.88,43.44,52.37,5.9889,26,4,30,100,1,0.7647,2.6242,100
LJ500_R166_C072,697250,9584250,2021,10,2021-10,20.69,49.21,63.5,5.3765,26,4,30,100,1,0.6128,1.2838,100
LJ500_R167_C067,694750,9584750,2021,10,2021-10,20.69,49.21,63.5,5.3765,26,4,30,100,1,0.5777,1.07,100
LJ500_R168_C045,683750,9585250,2021,10,2021-10,19.07,35.33,37.5,12.66,27.67,2.3344,30,100,1,0.87,1.7135,100
LJ500_R173_C033,677750,9587750,2021,10,2021-10,15.88,26.59,26.59,6.4979,27,3,30,100,1,0.8635,1.9587,100
LJ500_R178_C063,692750,9590250,2021,10,2021-10,22.73,45.69,56.67,12.52,27,3,30,100,1,0.8607,1.78,100
LJ500_R179_C046,684250,9590750,2021,10,2021-10,18.86,36.27,42.7,9.8109,27,3,30,100,1,1.3709,4.9586,100
LJ500_R180_C071,696750,9591250,2021,10,2021-10,21.52,55.61,72.53,14.71,28,2,30,100,1,0.7683,2.38,100
LJ500_R183_C039,680750,9592750,2021,10,2021-10,14.44,24.58,24.58,8.1117,27,3,30,100,1,0.8875,1.8744,100
LJ500_R184_C039,680750,9593250,2021,10,2021-10,14.44,24.58,24.58,8.1117,27,3,30,100,1,0.8837,1.9,100
LJ500_R184_C066,694250,9593250,2021,10,2021-10,23.88,49.82,62.42,16.77,27.02,2.9807,30,100,1,0.9114,1.86,100
LJ500_R108_C065,693750,9555250,2021,11,2021-11,69.92,91.28,117.37,14.89,23,8,31,100,1,0.3681,0.69,100
LJ500_R109_C088,705250,9555750,2021,11,2021-11,89.39,121.78,180.22,18.66,22.78,8.2162,31,100,1,0.2868,0.6199,100
LJ500_R119_C079,700750,9560750,2021,11,2021-11,86.05,117.67,171.07,16.26,23,8,31,100,1,0.2249,0.4588,100
LJ500_R122_C070,696250,9562250,2021,11,2021-11,68.64,90.08,122.14,13.35,23,8,31,100,1,0.2791,0.531,100
LJ500_R125_C065,693750,9563750,2021,11,2021-11,54.21,77.55,90.84,11.51,24,7,31,100,1,0.6129,0.96,100
LJ500_R131_C053,687750,9566750,2021,11,2021-11,48.72,65.12,74.36,10.65,25,6,31,100,1,0.3609,0.6054,100
LJ500_R132_C080,701250,9567250,2021,11,2021-11,69.71,99.58,142.72,13.5,23,8,31,100,1,0.4513,0.69,100
LJ500_R138_C087,704750,9570250,2021,11,2021-11,63.91,91.37,127.02,17.69,24,7,31,100,1,0.279,0.57,100
LJ500_R142_C071,696750,9572250,2021,11,2021-11,54.71,75.24,99.75,10.31,23,8,31,100,1,0.7193,1.0538,100
LJ500_R145_C054,688250,9573750,2021,11,2021-11,45.68,61.19,69.54,9.5795,24,7,31,100,1,0.889,1.55,100
LJ500_R147_C083,702750,9574750,2021,11,2021-11,56.72,83.32,116.82,12.17,24,7,31,100,1,0.525,0.7806,100
LJ500_R156_C028,675250,9579250,2021,11,2021-11,36.02,48.99,54.98,10.95,26,5,31,100,1,0.6371,0.99,100
LJ500_R156_C067,694750,9579250,2021,11,2021-11,49.19,67.91,90.03,9.7209,23,8,31,100,1,0.8468,1.21,100
LJ500_R156_C079,700750,9579250,2021,11,2021-11,56.72,83.32,116.82,12.17,24,7,31,100,1,0.7685,1.1542,100
LJ500_R157_C009,665750,9579750,2021,11,2021-11,30,44.14,54.13,7.7463,25.35,5.6539,31,100,1,0.2048,0.4151,100
LJ500_R158_C065,693750,9580250,2021,11,2021-11,51.76,74.64,95.2,14.72,25,6,31,100,1,0.9084,1.63,100
LJ500_R160_C074,698250,9581250,2021,11,2021-11,50.82,71.51,100.03,9.0071,22,9,31,100,1,0.7908,1.1421,100
LJ500_R161_C066,694250,9581750,2021,11,2021-11,51.46,73.64,96.74,12.89,24.04,6.9597,31,100,1,0.8498,1.2781,100
LJ500_R164_C043,682750,9583250,2021,11,2021-11,41.34,57.81,71.73,10.73,24,7,31,100,1,0.9246,1.4509,100
LJ500_R164_C059,690750,9583250,2021,11,2021-11,51.76,74.64,95.2,14.72,25,6,31,100,1,0.8571,1.8849,100
LJ500_R166_C072,697250,9584250,2021,11,2021-11,50.82,71.51,100.03,9.0071,22,9,31,100,1,0.7363,1.0404,100
LJ500_R167_C067,694750,9584750,2021,11,2021-11,50.82,71.51,100.03,9.0071,22,9,31,100,1,0.6474,0.9,100
LJ500_R168_C045,683750,9585250,2021,11,2021-11,43.54,62.61,78.87,11.67,24.67,6.3344,31,100,1,0.9306,1.92,100
LJ500_R173_C033,677750,9587750,2021,11,2021-11,38.99,54.88,65.58,10.03,24,7,31,100,1,0.8057,2.0565,100
LJ500_R178_C063,692750,9590250,2021,11,2021-11,51.76,74.49,97.45,13.56,25,6,31,100,1,1.0529,1.81,100
LJ500_R179_C046,684250,9590750,2021,11,2021-11,44.45,63.31,80.72,10.38,23.72,7.2781,31,100,1,1.0495,2.6839,100
LJ500_R180_C071,696750,9591250,2021,11,2021-11,51.64,73.16,107.25,10.7,23,8,31,100,1,0.9303,1.86,100
LJ500_R183_C039,680750,9592750,2021,11,2021-11,41.32,55.76,65.9,8.5052,23,8,31,100,1,0.8651,2.0857,100
LJ500_R184_C039,680750,9593250,2021,11,2021-11,41.32,55.76,65.9,8.5052,23,8,31,100,1,0.8581,2.09,100
LJ500_R184_C066,694250,9593250,2021,11,2021-11,52.97,76.86,102.8,11.32,23.98,7.0193,31,100,1,1.1121,1.7656,100
LJ500_R108_C065,693750,9555250,2021,12,2021-12,43.21,113.12,134.49,14.11,21,9,30,100,1,0.3123,0.78,100
LJ500_R109_C088,705250,9555750,2021,12,2021-12,56.36,145.75,178.14,13.02,20,10,30,100,1,0.2592,0.6554,100
LJ500_R119_C079,700750,9560750,2021,12,2021-12,60.25,146.3,177.92,14.51,21,9,30,100,1,0.2161,0.4296,100
LJ500_R122_C070,696250,9562250,2021,12,2021-12,48.31,116.95,138.39,14.95,21,9,30,100,1,0.2484,0.57,100
LJ500_R125_C065,693750,9563750,2021,12,2021-12,41.49,95.7,119.04,14,21,9,30,100,1,0.5827,1.25,100
LJ500_R131_C053,687750,9566750,2021,12,2021-12,36.46,85.18,101.58,12.53,21,9,30,100,1,0.3014,0.6,100
LJ500_R132_C080,701250,9567250,2021,12,2021-12,60,129.71,159.58,18.55,22,8,30,100,1,0.4187,0.87,100
LJ500_R138_C087,704750,9570250,2021,12,2021-12,55.41,119.32,146.78,20.55,24,6,30,100,1,0.2583,0.54,100
LJ500_R142_C071,696750,9572250,2021,12,2021-12,45.01,99.72,120.26,13.89,23,7,30,100,1,0.7366,1.3842,100
LJ500_R145_C054,688250,9573750,2021,12,2021-12,34.29,79.97,95.48,11.67,23,7,30,100,1,1.0583,2.08,100
LJ500_R147_C083,702750,9574750,2021,12,2021-12,59.21,115.94,142.53,19.06,22,8,30,100,1,0.5047,0.8893,100
LJ500_R156_C028,675250,9579250,2021,12,2021-12,31.47,67.49,80.45,8.843,24,6,30,100,1,0.5,1.06,100
LJ500_R156_C067,694750,9579250,2021,12,2021-12,47.76,96.95,115.67,16.92,25,5,30,100,1,0.8443,1.52,100
LJ500_R156_C079,700750,9579250,2021,12,2021-12,59.21,115.94,142.53,19.06,22,8,30,100,1,0.808,1.3903,100
LJ500_R157_C009,665750,9579750,2021,12,2021-12,28.29,58.3,72.43,6.7191,24.67,5.3269,30,100,1,0.1312,0.4112,100
LJ500_R158_C065,693750,9580250,2021,12,2021-12,53.28,105.04,127.92,12.62,23,7,30,100,1,1.1307,2.12,100
LJ500_R160_C074,698250,9581250,2021,12,2021-12,54.04,104.85,125.55,12.28,22,8,30,100,1,0.7902,1.3494,100
LJ500_R161_C066,694250,9581750,2021,12,2021-12,53.52,104.98,127.16,12.51,22.68,7.3199,30,100,1,0.8841,1.5995,100
LJ500_R164_C043,682750,9583250,2021,12,2021-12,40.47,81.8,98.28,9.8139,22,8,30,100,1,0.9202,1.8209,100
LJ500_R164_C059,690750,9583250,2021,12,2021-12,53.28,105.04,127.92,12.62,23,7,30,100,1,1.1153,2.1992,100
LJ500_R166_C072,697250,9584250,2021,12,2021-12,54.04,104.85,125.55,12.28,22,8,30,100,1,0.7044,1.1871,100
LJ500_R167_C067,694750,9584750,2021,12,2021-12,54.04,104.85,125.55,12.28,22,8,30,100,1,0.5817,0.99,100
LJ500_R168_C045,683750,9585250,2021,12,2021-12,44.76,88.3,107.37,9.693,22.33,7.6656,30,100,1,1.0675,2.24,100
LJ500_R173_C033,677750,9587750,2021,12,2021-12,40.3,79.29,95.17,9.9569,23,7,30,100,1,0.9525,2.2069,100
LJ500_R178_C063,692750,9590250,2021,12,2021-12,53.23,104.99,127.72,12.08,22,8,30,100,1,1.1463,2.19,100
LJ500_R179_C046,684250,9590750,2021,12,2021-12,46.48,90.93,109.79,11.19,23,7,30,100,1,0.6132,1.8532,100
LJ500_R180_C071,696750,9591250,2021,12,2021-12,58.05,109.69,131.21,11.16,21,9,30,100,1,1.1143,2.12,100
LJ500_R183_C039,680750,9592750,2021,12,2021-12,41.6,82.92,97.36,11.85,24,6,30,100,1,0.9773,2.2443,100
LJ500_R184_C039,680750,9593250,2021,12,2021-12,41.6,82.92,97.36,11.85,24,6,30,100,1,0.9697,2.24,100
LJ500_R184_C066,694250,9593250,2021,12,2021-12,56.44,109.41,133.3,10.62,21,9,30,100,1,1.1413,2.1497,100
LJ500_R108_C065,693750,9555250,2022,1,2022-01,51.07,94.28,164.2,16.31,26,5,31,100,1,0.4281,1.02,100
LJ500_R109_C088,705250,9555750,2022,1,2022-01,83.42,139.78,229.17,27.89,25.78,5.2162,31,100,1,0.3786,1.0916,100
LJ500_R119_C079,700750,9560750,2022,1,2022-01,82.15,142.4,228.45,28.23,25,6,31,100,1,0.2654,0.6516,100
LJ500_R122_C070,696250,9562250,2022,1,2022-01,61.3,109.61,178.25,20.12,26,5,31,100,1,0.3337,0.7839,100
LJ500_R125_C065,693750,9563750,2022,1,2022-01,33.85,75.34,129.55,8.9181,25,6,31,100,1,0.7384,1.47,100
LJ500_R131_C053,687750,9566750,2022,1,2022-01,25.14,61.6,110.32,7.6749,27,4,31,100,1,0.3652,0.6185,100
LJ500_R132_C080,701250,9567250,2022,1,2022-01,75.43,135.43,205.14,24.69,26,5,31,100,1,0.5774,1.28,100
LJ500_R138_C087,704750,9570250,2022,1,2022-01,69.7,125.11,189.02,21.92,26,5,31,100,1,0.3845,0.92,100
LJ500_R142_C071,696750,9572250,2022,1,2022-01,51.52,96.53,151.25,19.58,26,5,31,100,1,0.874,1.556,100
LJ500_R145_C054,688250,9573750,2022,1,2022-01,27.51,61.8,107.48,9.1532,27,4,31,100,1,1.1323,1.78,100
LJ500_R147_C083,702750,9574750,2022,1,2022-01,77.35,136.57,193.29,29.31,25,6,31,100,1,0.6641,1.3008,100
LJ500_R156_C028,675250,9579250,2022,1,2022-01,45.48,76.95,112.97,15.97,27,4,31,100,1,0.5777,1.1,100
LJ500_R156_C067,694750,9579250,2022,1,2022-01,51.63,99.39,148.58,17.18,26,5,31,100,1,0.9884,1.68,100
LJ500_R156_C079,700750,9579250,2022,1,2022-01,77.35,136.57,193.29,29.31,25,6,31,100,1,0.9287,1.6141,100
LJ500_R157_C009,665750,9579750,2022,1,2022-01,72.14,100.44,130.44,21.04,27.33,3.6731,31,100,1,0.2387,0.557,100
LJ500_R158_C065,693750,9580250,2022,1,2022-01,49.38,102.66,154.42,15.86,27,4,31,100,1,1.1306,1.77,100
LJ500_R160_C074,698250,9581250,2022,1,2022-01,66.85,120.89,171.71,26.28,26,5,31,100,1,0.936,1.6131,100
LJ500_R161_C066,694250,9581750,2022,1,2022-01,54.97,108.49,159.95,19.19,26.68,4.3199,31,100,1,0.9968,1.6688,100
LJ500_R164_C043,682750,9583250,2022,1,2022-01,57.56,98.02,139.36,29.8,28,3,31,100,1,1.0267,1.6585,100
LJ500_R164_C059,690750,9583250,2022,1,2022-01,49.38,102.66,154.42,15.86,27,4,31,100,1,1.0928,1.8982,100
LJ500_R166_C072,697250,9584250,2022,1,2022-01,66.85,120.89,171.71,26.28,26,5,31,100,1,0.8567,1.4664,100
LJ500_R167_C067,694750,9584750,2022,1,2022-01,66.85,120.89,171.71,26.28,26,5,31,100,1,0.7381,1.26,100
LJ500_R168_C045,683750,9585250,2022,1,2022-01,53.36,98.13,141.66,17.78,27.33,3.6656,31,100,1,1.1528,1.9927,100
LJ500_R173_C033,677750,9587750,2022,1,2022-01,61.67,101.96,140.96,24.39,28,3,31,100,1,1.0692,2.1835,100
LJ500_R178_C063,692750,9590250,2022,1,2022-01,58.59,111.83,163.59,15.18,26,5,31,100,1,1.2061,1.89,100
LJ500_R179_C046,684250,9590750,2022,1,2022-01,57.6,104.08,148.53,22.55,28,3,31,100,1,1.251,2.9964,100
LJ500_R180_C071,696750,9591250,2022,1,2022-01,80.19,138.24,189.88,33.58,28,3,31,100,1,1.0729,1.72,100
LJ500_R183_C039,680750,9592750,2022,1,2022-01,54.66,96.27,137.58,19.75,28,3,31,100,1,1.0859,2.0543,100
LJ500_R184_C039,680750,9593250,2022,1,2022-01,54.66,96.27,137.58,19.75,28,3,31,100,1,1.0787,2.05,100
LJ500_R184_C066,694250,9593250,2022,1,2022-01,60.85,117.29,170.26,24.79,28,3,31,100,1,1.2255,1.9544,100
LJ500_R108_C065,693750,9555250,2022,2,2022-02,42.85,93.92,137.13,20.33,27,4,31,100,1,0.3313,0.63,100
LJ500_R109_C088,705250,9555750,2022,2,2022-02,53,136.42,192.78,24.99,26.78,4.2162,31,100,1,0.2542,0.5979,100
LJ500_R119_C079,700750,9560750,2022,2,2022-02,60.59,142.74,202.99,31.53,27,4,31,100,1,0.1963,0.56,100
LJ500_R122_C070,696250,9562250,2022,2,2022-02,43.25,104.55,152.85,20.56,27,4,31,100,1,0.2574,0.6138,100
LJ500_R125_C065,693750,9563750,2022,2,2022-02,17.79,51.63,93.12,11.71,28,3,31,100,1,0.6165,0.96,100
LJ500_R131_C053,687750,9566750,2022,2,2022-02,32.18,57.32,93.78,16.32,27,4,31,100,1,0.2959,0.6072,100
LJ500_R132_C080,701250,9567250,2022,2,2022-02,59.25,134.68,194.68,35.79,28,3,31,100,1,0.4826,0.84,100
LJ500_R138_C087,704750,9570250,2022,2,2022-02,49.57,119.26,174.68,30.1,28,3,31,100,1,0.3077,0.69,100
LJ500_R142_C071,696750,9572250,2022,2,2022-02,37.92,89.44,134.46,20.91,27,4,31,100,1,0.7371,1.2296,100
LJ500_R145_C054,688250,9573750,2022,2,2022-02,13.56,41.08,75.36,9.2716,28,3,31,100,1,0.9223,1.85,100
LJ500_R147_C083,702750,9574750,2022,2,2022-02,51.64,128.99,188.21,27.31,27,4,31,100,1,0.5736,0.9376,100
LJ500_R156_C028,675250,9579250,2022,2,2022-02,38.63,84.11,115.58,22.84,28,3,31,100,1,0.4903,0.97,100
LJ500_R156_C067,694750,9579250,2022,2,2022-02,23.16,74.79,122.55,15.92,28,3,31,100,1,0.8287,1.37,100
LJ500_R156_C079,700750,9579250,2022,2,2022-02,51.64,128.99,188.21,27.31,27,4,31,100,1,0.7933,1.3623,100
LJ500_R157_C009,665750,9579750,2022,2,2022-02,94.12,166.26,194.55,50.62,27.67,3.3269,31,100,1,0.2805,0.5798,100
LJ500_R158_C065,693750,9580250,2022,2,2022-02,17.67,67.05,120.34,12.55,28,3,31,100,1,0.9123,1.96,100
LJ500_R160_C074,698250,9581250,2022,2,2022-02,52.52,119.37,173.41,32.47,28,3,31,100,1,0.8022,1.2889,100
LJ500_R161_C066,694250,9581750,2022,2,2022-02,28.82,83.79,137.31,18.92,28,3,31,100,1,0.8204,1.4546,100
LJ500_R164_C043,682750,9583250,2022,2,2022-02,60.23,117.79,158.25,29.97,27,4,31,100,1,0.8342,1.4809,100
LJ500_R164_C059,690750,9583250,2022,2,2022-02,17.67,67.05,120.34,12.55,28,3,31,100,1,0.9785,2.0014,100
LJ500_R166_C072,697250,9584250,2022,2,2022-02,52.52,119.37,173.41,32.47,28,3,31,100,1,0.7391,1.1474,100
LJ500_R167_C067,694750,9584750,2022,2,2022-02,52.52,119.37,173.41,32.47,28,3,31,100,1,0.6429,0.95,100
LJ500_R168_C045,683750,9585250,2022,2,2022-02,34.09,87.45,132.21,23.13,28.33,2.6656,31,100,1,1.0387,1.9754,100
LJ500_R173_C033,677750,9587750,2022,2,2022-02,57.56,119.23,159.53,35.16,28.62,2.3774,31,100,1,1.0845,2.8826,100
LJ500_R178_C063,692750,9590250,2022,2,2022-02,24.2,82.8,136.03,19.91,29,2,31,100,1,1.0132,1.87,100
LJ500_R179_C046,684250,9590750,2022,2,2022-02,31.9,89.5,135.98,23.09,28.72,2.2781,31,100,1,1.6588,4.9977,100
LJ500_R180_C071,696750,9591250,2022,2,2022-02,54.23,134.42,192.47,26.64,27,4,31,100,1,0.9658,1.9,100
LJ500_R183_C039,680750,9592750,2022,2,2022-02,32.29,86.96,128.56,24.22,29,2,31,100,1,1.0921,2.7446,100
LJ500_R184_C039,680750,9593250,2022,2,2022-02,32.29,86.96,128.56,24.22,29,2,31,100,1,1.0948,2.8,100
LJ500_R184_C066,694250,9593250,2022,2,2022-02,14.55,75.4,131.84,10.31,27.98,3.0193,31,100,1,1.0328,1.7923,100
LJ500_R108_C065,693750,9555250,2022,3,2022-03,72.6,115.45,166.52,23.06,23,5,28,100,1,0.4064,0.83,100
LJ500_R109_C088,705250,9555750,2022,3,2022-03,82.85,135.86,219.28,20.49,22,6,28,100,1,0.3139,0.6829,100
LJ500_R119_C079,700750,9560750,2022,3,2022-03,84.14,144.73,226.88,21.31,22,6,28,100,1,0.1834,0.438,100
LJ500_R122_C070,696250,9562250,2022,3,2022-03,80.54,123.78,185.09,19.3,22,6,28,100,1,0.291,0.6267,100
LJ500_R125_C065,693750,9563750,2022,3,2022-03,59.16,76.95,110.79,14.23,23,5,28,100,1,0.7282,1.28,100
LJ500_R131_C053,687750,9566750,2022,3,2022-03,48.09,80.27,105.41,12.48,22,6,28,100,1,0.3434,0.6966,100
LJ500_R132_C080,701250,9567250,2022,3,2022-03,82.53,141.78,217.21,15.79,21,7,28,100,1,0.5625,0.98,100
LJ500_R138_C087,704750,9570250,2022,3,2022-03,82.3,131.86,201.56,24.56,22,6,28,100,1,0.3604,0.64,100
LJ500_R142_C071,696750,9572250,2022,3,2022-03,75.58,113.5,165.03,17.38,22,6,28,100,1,0.8602,1.414,100
LJ500_R145_C054,688250,9573750,2022,3,2022-03,60.49,74.05,101.57,19.54,22,6,28,100,1,0.9886,1.66,100
LJ500_R147_C083,702750,9574750,2022,3,2022-03,82.61,134.25,211.6,22.17,22,6,28,100,1,0.6535,1.0465,100
LJ500_R156_C028,675250,9579250,2022,3,2022-03,94.44,133.07,178.55,30.79,22,6,28,100,1,0.5336,0.95,100
LJ500_R156_C067,694750,9579250,2022,3,2022-03,81.51,104.67,156.3,19.26,22,6,28,100,1,0.955,1.54,100
LJ500_R156_C079,700750,9579250,2022,3,2022-03,82.61,134.25,211.6,22.17,22,6,28,100,1,0.9244,1.4582,100
LJ500_R157_C009,665750,9579750,2022,3,2022-03,118.35,212.46,284.61,42.56,23.69,4.3077,28,100,1,0.3531,0.6485,100
LJ500_R158_C065,693750,9580250,2022,3,2022-03,80.16,97.83,147.21,22.1,22,6,28,100,1,1.0686,1.81,100
LJ500_R160_C074,698250,9581250,2022,3,2022-03,85.67,138.18,205.04,24.2,21,7,28,100,1,0.9129,1.441,100
LJ500_R161_C066,694250,9581750,2022,3,2022-03,81.92,110.74,165.71,22.77,21.68,6.3199,28,100,1,0.947,1.5469,100
LJ500_R164_C043,682750,9583250,2022,3,2022-03,96.54,156.78,214.33,22.69,22,6,28,100,1,0.8389,1.4262,100
LJ500_R164_C059,690750,9583250,2022,3,2022-03,80.16,97.83,147.21,22.1,22,6,28,100,1,0.98,1.7501,100
LJ500_R166_C072,697250,9584250,2022,3,2022-03,85.67,138.18,205.04,24.2,21,7,28,100,1,0.8207,1.2903,100
LJ500_R167_C067,694750,9584750,2022,3,2022-03,85.67,138.18,205.04,24.2,21,7,28,100,1,0.6929,1.11,100
LJ500_R168_C045,683750,9585250,2022,3,2022-03,88.97,123.06,176.42,24.28,21.67,6.3344,28,100,1,0.9006,1.6473,100
LJ500_R173_C033,677750,9587750,2022,3,2022-03,111.31,168.87,230.54,30.95,22.38,5.6226,28,100,1,0.6926,1.3869,100
LJ500_R178_C063,692750,9590250,2022,3,2022-03,86.68,110.88,169.47,26.7,22,6,28,100,1,1.1161,2,100
LJ500_R179_C046,684250,9590750,2022,3,2022-03,99.29,131.18,188.79,27.82,21.28,6.7219,28,100,1,0.674,2.4468,100
LJ500_R180_C071,696750,9591250,2022,3,2022-03,95.13,149.36,229.55,25.88,20,8,28,100,1,1.0493,1.94,100
LJ500_R183_C039,680750,9592750,2022,3,2022-03,112.52,144.81,199.48,26.25,21,7,28,100,1,0.7842,1.6257,100
LJ500_R184_C039,680750,9593250,2022,3,2022-03,112.52,144.81,199.48,26.25,21,7,28,100,1,0.7807,1.63,100
LJ500_R184_C066,694250,9593250,2022,3,2022-03,91.29,105.84,166.68,29,20.98,7.0193,28,100,1,1.1432,2.0491,100
LJ500_R108_C065,693750,9555250,2022,4,2022-04,112.86,185.46,228.31,20.49,17,14,31,100,1,0.3671,0.88,100
LJ500_R109_C088,705250,9555750,2022,4,2022-04,136.98,219.84,272.84,24.45,19.57,11.43,31,100,1,0.3475,0.8638,100
LJ500_R119_C079,700750,9560750,2022,4,2022-04,132.97,217.11,277.7,21.01,18,13,31,100,1,0.2035,0.5756,100
LJ500_R122_C070,696250,9562250,2022,4,2022-04,115.76,196.29,239.54,20.6,19,12,31,100,1,0.2746,0.7057,100
LJ500_R125_C065,693750,9563750,2022,4,2022-04,59.23,118.39,136.18,7.7531,18,13,31,100,1,0.59,1.17,100
LJ500_R131_C053,687750,9566750,2022,4,2022-04,41.4,89.49,121.67,7.1426,20,11,31,100,1,0.2074,0.5882,100
LJ500_R132_C080,701250,9567250,2022,4,2022-04,121.69,204.22,263.46,19.87,18,13,31,100,1,0.4984,0.97,100
LJ500_R138_C087,704750,9570250,2022,4,2022-04,122.71,205.01,254.58,24.88,19,12,31,100,1,0.339,0.66,100
LJ500_R142_C071,696750,9572250,2022,4,2022-04,97.75,173.33,211.25,15.39,19,12,31,100,1,0.6729,1.1938,100
LJ500_R145_C054,688250,9573750,2022,4,2022-04,49.78,110.27,123.83,7.7814,20,11,31,100,1,0.74,1.39,100
LJ500_R147_C083,702750,9574750,2022,4,2022-04,122.55,205.16,256.8,22.42,21,10,31,100,1,0.5506,0.9534,100
LJ500_R156_C028,675250,9579250,2022,4,2022-04,103.18,197.63,236.26,21.26,22,9,31,100,1,0.3435,1.09,100
LJ500_R156_C067,694750,9579250,2022,4,2022-04,88.2,169.7,192.87,13.96,21,10,31,100,1,0.7206,1.24,100
LJ500_R156_C079,700750,9579250,2022,4,2022-04,122.55,205.16,256.8,22.42,21,10,31,100,1,0.7263,1.2641,100
LJ500_R157_C009,665750,9579750,2022,4,2022-04,199.91,318.25,412.37,37.81,21.02,9.9808,31,100,1,0.1879,0.4787,100
LJ500_R158_C065,693750,9580250,2022,4,2022-04,94.95,175.11,192.78,15.17,19,12,31,100,1,0.7994,1.56,100
LJ500_R160_C074,698250,9581250,2022,4,2022-04,124.57,210.24,262.76,21.29,20,11,31,100,1,0.7168,1.2447,100
LJ500_R161_C066,694250,9581750,2022,4,2022-04,104.43,186.35,215.17,17.13,19.32,11.68,31,100,1,0.7025,1.239,100
LJ500_R164_C043,682750,9583250,2022,4,2022-04,131.12,227.67,287.9,22.78,21,10,31,100,1,0.6012,1.2304,100
LJ500_R164_C059,690750,9583250,2022,4,2022-04,94.95,175.11,192.78,15.17,19,12,31,100,1,0.7676,1.6671,100
LJ500_R166_C072,697250,9584250,2022,4,2022-04,124.57,210.24,262.76,21.29,20,11,31,100,1,0.6402,1.1439,100
LJ500_R167_C067,694750,9584750,2022,4,2022-04,124.57,210.24,262.76,21.29,20,11,31,100,1,0.5271,0.97,100
LJ500_R168_C045,683750,9585250,2022,4,2022-04,105.8,194.77,228.86,18.1,21.33,9.6656,31,100,1,0.7248,2.0817,100
LJ500_R173_C033,677750,9587750,2022,4,2022-04,154.42,265.73,323.29,28.02,22.62,8.3774,31,100,1,0.6815,3.1107,100
LJ500_R178_C063,692750,9590250,2022,4,2022-04,110.03,196.71,220.91,27.45,22,9,31,100,1,0.8626,1.48,100
LJ500_R179_C046,684250,9590750,2022,4,2022-04,119.15,218.44,250.33,20.9,22,9,31,100,1,1.1519,4.2856,100
LJ500_R180_C071,696750,9591250,2022,4,2022-04,156.31,251.45,305.68,29.96,23,8,31,100,1,0.8274,1.6,100
LJ500_R183_C039,680750,9592750,2022,4,2022-04,141.46,253.98,286.27,23.97,22,9,31,100,1,0.7448,2.8974,100
LJ500_R184_C039,680750,9593250,2022,4,2022-04,141.46,253.98,286.27,23.97,22,9,31,100,1,0.7484,2.94,100
LJ500_R184_C066,694250,9593250,2022,4,2022-04,115.31,206.59,221.14,27.27,22.02,8.9807,31,100,1,0.8855,1.4632,100
LJ500_R108_C065,693750,9555250,2022,5,2022-05,77.53,190.39,262.99,14.85,22,8,30,100,1,0.2797,0.99,100
LJ500_R109_C088,705250,9555750,2022,5,2022-05,74.14,211.12,293.98,14.1,22,8,30,100,1,0.2891,0.8245,100
LJ500_R119_C079,700750,9560750,2022,5,2022-05,77.29,210.26,294.4,14.5,22,8,30,100,1,0.1937,0.5008,100
LJ500_R122_C070,696250,9562250,2022,5,2022-05,63.17,178.93,259.47,12.72,22,8,30,100,1,0.2343,0.7123,100
LJ500_R125_C065,693750,9563750,2022,5,2022-05,49.48,108.71,167.87,7.1127,22,8,30,100,1,0.4463,1.21,100
LJ500_R131_C053,687750,9566750,2022,5,2022-05,49.05,90.45,138.54,11.47,24,6,30,100,1,0.2115,0.5958,100
LJ500_R132_C080,701250,9567250,2022,5,2022-05,87.74,209.43,291.96,26.1,23,7,30,100,1,0.3957,0.98,100
LJ500_R138_C087,704750,9570250,2022,5,2022-05,89.66,212.37,294.67,18.27,22,8,30,100,1,0.2717,0.7,100
LJ500_R142_C071,696750,9572250,2022,5,2022-05,73.42,171.17,246.75,16.82,23,7,30,100,1,0.5315,1.2582,100
LJ500_R145_C054,688250,9573750,2022,5,2022-05,46.81,96.59,157.08,15.38,25,5,30,100,1,0.6017,1.11,100
LJ500_R147_C083,702750,9574750,2022,5,2022-05,87.57,210.12,292.73,27.95,24,6,30,100,1,0.4598,0.9906,100
LJ500_R156_C028,675250,9579250,2022,5,2022-05,80.3,183.48,277.93,20.14,22,8,30,100,1,0.4513,0.89,100
LJ500_R156_C067,694750,9579250,2022,5,2022-05,65.42,153.62,235.12,20.82,25,5,30,100,1,0.5883,1.34,100
LJ500_R156_C079,700750,9579250,2022,5,2022-05,87.57,210.12,292.73,27.95,24,6,30,100,1,0.595,1.3122,100
LJ500_R157_C009,665750,9579750,2022,5,2022-05,144.19,344.09,462.44,41.7,25,5,30,100,1,0.2224,0.7415,100
LJ500_R158_C065,693750,9580250,2022,5,2022-05,59.16,154.11,234.27,23.69,25,5,30,100,1,0.6127,1.52,100
LJ500_R160_C074,698250,9581250,2022,5,2022-05,85.37,209.94,295.61,38.4,26,4,30,100,1,0.5926,1.2736,100
LJ500_R161_C066,694250,9581750,2022,5,2022-05,67.54,171.97,253.89,28.4,25.32,4.6801,30,100,1,0.5786,1.322,100
LJ500_R164_C043,682750,9583250,2022,5,2022-05,91.52,222.64,319.19,31.37,25,5,30,100,1,0.57,1.0009,100
LJ500_R164_C059,690750,9583250,2022,5,2022-05,59.16,154.11,234.27,23.69,25,5,30,100,1,0.6301,1.558,100
LJ500_R166_C072,697250,9584250,2022,5,2022-05,85.37,209.94,295.61,38.4,26,4,30,100,1,0.5412,1.1587,100
LJ500_R167_C067,694750,9584750,2022,5,2022-05,85.37,209.94,295.61,38.4,26,4,30,100,1,0.4543,0.99,100
LJ500_R168_C045,683750,9585250,2022,5,2022-05,74.75,180.55,269.53,30.03,25.67,4.3313,30,100,1,0.6696,1.1963,100
LJ500_R173_C033,677750,9587750,2022,5,2022-05,97.22,251.64,362.94,28.24,23.62,6.3774,30,100,1,0.6691,1.8611,100
LJ500_R178_C063,692750,9590250,2022,5,2022-05,68.31,178.34,265.02,39.5,27,3,30,100,1,0.7683,1.34,100
LJ500_R179_C046,684250,9590750,2022,5,2022-05,79.58,198.73,298.02,45.45,26.72,3.2781,30,100,1,1.1926,3.5382,100
LJ500_R180_C071,696750,9591250,2022,5,2022-05,98.09,254.4,349.53,37.42,25,5,30,100,1,0.7193,1.76,100
LJ500_R183_C039,680750,9592750,2022,5,2022-05,82.6,224.06,336.58,39.68,26,4,30,100,1,0.7235,1.7159,100
LJ500_R184_C039,680750,9593250,2022,5,2022-05,82.6,224.06,336.58,39.68,26,4,30,100,1,0.7263,1.75,100
LJ500_R184_C066,694250,9593250,2022,5,2022-05,69.88,185.19,276.47,37.05,25.98,4.0193,30,100,1,0.8336,1.4556,100
LJ500_R108_C065,693750,9555250,2022,6,2022-06,23.88,101.41,214.27,15.92,29,2,31,100,1,0.2674,0.94,100
LJ500_R109_C088,705250,9555750,2022,6,2022-06,29.16,103.31,240.29,19.44,29,2,31,100,1,0.2208,0.7956,100
LJ500_R119_C079,700750,9560750,2022,6,2022-06,29.56,106.85,239.82,29.56,30,1,31,100,1,0.1539,0.5276,100
LJ500_R122_C070,696250,9562250,2022,6,2022-06,20.97,84.14,199.9,20.97,30,1,31,100,1,0.1848,0.6931,100
LJ500_R125_C065,693750,9563750,2022,6,2022-06,14.46,63.94,123.17,14.46,30,1,31,100,1,0.4484,1.3,100
LJ500_R131_C053,687750,9566750,2022,6,2022-06,10.63,59.68,101.08,10.63,30,1,31,100,1,0.2388,0.6491,100
LJ500_R132_C080,701250,9567250,2022,6,2022-06,33.26,121,242.68,33.26,30,1,31,100,1,0.3003,1,100
LJ500_R138_C087,704750,9570250,2022,6,2022-06,33.13,122.79,245.51,22.09,29,2,31,100,1,0.1887,0.68,100
LJ500_R142_C071,696750,9572250,2022,6,2022-06,26.26,99.68,197.43,13.13,29,2,31,100,1,0.4975,1.3806,100
LJ500_R145_C054,688250,9573750,2022,6,2022-06,6.9532,53.76,103.54,6.9532,30,1,31,100,1,0.6026,1.6,100
LJ500_R147_C083,702750,9574750,2022,6,2022-06,35.1,122.67,245.23,23.4,29,2,31,100,1,0.351,1.015,100
LJ500_R156_C028,675250,9579250,2022,6,2022-06,14.68,94.98,198.16,14.68,30,1,31,100,1,0.6123,1.02,100
LJ500_R156_C067,694750,9579250,2022,6,2022-06,22.33,87.75,175.95,11.17,29,2,31,100,1,0.589,1.53,100
LJ500_R156_C079,700750,9579250,2022,6,2022-06,35.1,122.67,245.23,23.4,29,2,31,100,1,0.524,1.4002,100
LJ500_R157_C009,665750,9579750,2022,6,2022-06,39.54,183.72,383.63,24.04,29,2,31,100,1,0.2585,0.5037,100
LJ500_R158_C065,693750,9580250,2022,6,2022-06,22.2,81.36,176.31,10.53,28,3,31,100,1,0.619,1.75,100
LJ500_R160_C074,698250,9581250,2022,6,2022-06,31.58,116.94,241.52,31.58,30,1,31,100,1,0.5456,1.411,100
LJ500_R161_C066,694250,9581750,2022,6,2022-06,25.2,92.74,197.17,17.26,28.64,2.3602,31,100,1,0.5933,1.5438,100
LJ500_R164_C043,682750,9583250,2022,6,2022-06,24.98,116.5,247.62,16.65,29,2,31,100,1,0.6847,1.4971,100
LJ500_R164_C059,690750,9583250,2022,6,2022-06,22.2,81.36,176.31,10.53,28,3,31,100,1,0.5845,1.6679,100
LJ500_R166_C072,697250,9584250,2022,6,2022-06,31.58,116.94,241.52,31.58,30,1,31,100,1,0.5141,1.2708,100
LJ500_R167_C067,694750,9584750,2022,6,2022-06,31.58,116.94,241.52,31.58,30,1,31,100,1,0.4545,1.07,100
LJ500_R168_C045,683750,9585250,2022,6,2022-06,19.71,94.46,200.26,13.14,29,2,31,100,1,0.6476,1.6946,100
LJ500_R173_C033,677750,9587750,2022,6,2022-06,23.76,120.98,275.4,15.84,29,2,31,100,1,0.5634,1.4243,100
LJ500_R178_C063,692750,9590250,2022,6,2022-06,25.84,94.15,204.19,25.84,30,1,31,100,1,0.7658,1.99,100
LJ500_R179_C046,684250,9590750,2022,6,2022-06,20.71,100.29,219.44,14.25,29,2,31,100,1,1.2779,3.397,100
LJ500_R180_C071,696750,9591250,2022,6,2022-06,30.68,128.76,285.08,30.68,30,1,31,100,1,0.6552,1.71,100
LJ500_R183_C039,680750,9592750,2022,6,2022-06,17.97,100.57,242.03,11.98,29,2,31,100,1,0.6259,1.5928,100
LJ500_R184_C039,680750,9593250,2022,6,2022-06,17.97,100.57,242.03,11.98,29,2,31,100,1,0.6206,1.58,100
LJ500_R184_C066,694250,9593250,2022,6,2022-06,22.72,92.6,207.9,22.72,30,1,31,100,1,0.8652,2.0612,100
LJ500_R108_C065,693750,9555250,2022,7,2022-07,31.31,55.2,132.73,10.72,25,5,30,100,1,0.24,0.73,100
LJ500_R109_C088,705250,9555750,2022,7,2022-07,67.46,96.62,170.77,27.25,24.22,5.7838,30,100,1,0.2314,0.7638,100
LJ500_R119_C079,700750,9560750,2022,7,2022-07,67.2,96.76,174.05,33.88,24,6,30,100,1,0.1363,0.534,100
LJ500_R122_C070,696250,9562250,2022,7,2022-07,39.06,60.03,123.2,13.5,25,5,30,100,1,0.1604,0.5687,100
LJ500_R125_C065,693750,9563750,2022,7,2022-07,17.24,31.69,81.18,7.4555,26,4,30,100,1,0.4273,1.2,100
LJ500_R131_C053,687750,9566750,2022,7,2022-07,8.8681,19.5,68.55,2.8473,26,4,30,100,1,0.2781,0.5905,100
LJ500_R132_C080,701250,9567250,2022,7,2022-07,61.94,95.2,182.94,22.83,24,6,30,100,1,0.3167,0.95,100
LJ500_R138_C087,704750,9570250,2022,7,2022-07,58.97,92.1,181.76,18.01,24,6,30,100,1,0.1823,0.59,100
LJ500_R142_C071,696750,9572250,2022,7,2022-07,38.67,64.93,138.35,17.17,25,5,30,100,1,0.4928,1.3298,100
LJ500_R145_C054,688250,9573750,2022,7,2022-07,7.6679,14.62,61.43,2.9249,27,3,30,100,1,0.6233,1.81,100
LJ500_R147_C083,702750,9574750,2022,7,2022-07,62.74,97.84,185.41,18.64,23,7,30,100,1,0.3545,0.8821,100
LJ500_R156_C028,675250,9579250,2022,7,2022-07,10.29,24.97,105.27,3.8598,27,3,30,100,1,0.6187,1.07,100
LJ500_R156_C067,694750,9579250,2022,7,2022-07,35.57,57.9,123.32,11.74,24,6,30,100,1,0.5853,1.44,100
LJ500_R156_C079,700750,9579250,2022,7,2022-07,62.74,97.84,185.41,18.64,23,7,30,100,1,0.5255,1.3403,100
LJ500_R157_C009,665750,9579750,2022,7,2022-07,25.35,64.89,209.08,16.55,27,3,30,100,1,0.2546,0.7393,100
LJ500_R158_C065,693750,9580250,2022,7,2022-07,36.32,58.52,117.68,15.63,26,4,30,100,1,0.6297,1.9,100
LJ500_R160_C074,698250,9581250,2022,7,2022-07,57.23,88.81,174.17,22.92,23,7,30,100,1,0.5423,1.3084,100
LJ500_R161_C066,694250,9581750,2022,7,2022-07,43.01,68.21,135.75,17.96,25.04,4.9597,30,100,1,0.5873,1.4737,100
LJ500_R164_C043,682750,9583250,2022,7,2022-07,26.56,51.54,143.06,14.36,26,4,30,100,1,0.7305,1.5876,100
LJ500_R164_C059,690750,9583250,2022,7,2022-07,36.32,58.52,117.68,15.63,26,4,30,100,1,0.6043,1.9063,100
LJ500_R166_C072,697250,9584250,2022,7,2022-07,57.23,88.81,174.17,22.92,23,7,30,100,1,0.4977,1.115,100
LJ500_R167_C067,694750,9584750,2022,7,2022-07,57.23,88.81,174.17,22.92,23,7,30,100,1,0.423,0.89,100
LJ500_R168_C045,683750,9585250,2022,7,2022-07,28.99,48.7,123.45,19.97,26.33,3.6656,30,100,1,0.6509,1.8537,100
LJ500_R173_C033,677750,9587750,2022,7,2022-07,21.05,44.81,142.03,12.78,26.62,3.3774,30,100,1,0.553,1.6939,100
LJ500_R178_C063,692750,9590250,2022,7,2022-07,43.38,69.23,137.53,37,27,3,30,100,1,0.7743,2,100
LJ500_R179_C046,684250,9590750,2022,7,2022-07,31.1,51.81,131.39,22.78,26.72,3.2781,30,100,1,1.3397,3.3749,100
LJ500_R180_C071,696750,9591250,2022,7,2022-07,67.24,97.92,196.01,22.02,24,6,30,100,1,0.6883,1.93,100
LJ500_R183_C039,680750,9592750,2022,7,2022-07,17.06,35.03,117.63,6.7276,27,3,30,100,1,0.6003,1.8085,100
LJ500_R184_C039,680750,9593250,2022,7,2022-07,17.06,35.03,117.63,6.7276,27,3,30,100,1,0.5947,1.8,100
LJ500_R184_C066,694250,9593250,2022,7,2022-07,44.29,67,136.88,18.63,24.98,5.0193,30,100,1,0.8707,1.9991,100
LJ500_R108_C065,693750,9555250,2022,8,2022-08,12.06,43.37,67.26,6.1803,29,2,31,100,1,0.231,0.75,100
LJ500_R109_C088,705250,9555750,2022,8,2022-08,37.12,104.58,133.74,8.3914,26,5,31,100,1,0.2157,0.6784,100
LJ500_R119_C079,700750,9560750,2022,8,2022-08,33.48,100.68,130.25,18.05,29,2,31,100,1,0.158,0.4476,100
LJ500_R122_C070,696250,9562250,2022,8,2022-08,16.19,55.25,76.22,5.6762,28,3,31,100,1,0.1669,0.515,100
LJ500_R125_C065,693750,9563750,2022,8,2022-08,1.7673,19,33.46,1.7673,30,1,31,100,1,0.3706,1.14,100
LJ500_R131_C053,687750,9566750,2022,8,2022-08,0,8.8681,19.5,0,31,0,31,100,1,0.2,0.5022,100
LJ500_R132_C080,701250,9567250,2022,8,2022-08,23.02,84.96,118.22,11.91,29,2,31,100,1,0.27,0.84,100
LJ500_R138_C087,704750,9570250,2022,8,2022-08,19.5,78.46,111.6,10.03,29,2,31,100,1,0.1723,0.5,100
LJ500_R142_C071,696750,9572250,2022,8,2022-08,11.68,50.34,76.6,5.9208,29,2,31,100,1,0.4222,1.1316,100
LJ500_R145_C054,688250,9573750,2022,8,2022-08,0,7.6679,14.62,0,31,0,31,100,1,0.5155,1.27,100
LJ500_R147_C083,702750,9574750,2022,8,2022-08,20.27,83.02,118.12,6.948,28,3,31,100,1,0.3074,0.8178,100
LJ500_R156_C028,675250,9579250,2022,8,2022-08,0,10.29,24.97,0,31,0,31,100,1,0.6423,1.05,100
LJ500_R156_C067,694750,9579250,2022,8,2022-08,9.8468,45.42,67.75,5.0383,29,2,31,100,1,0.4813,1.18,100
LJ500_R156_C079,700750,9579250,2022,8,2022-08,20.27,83.02,118.12,6.948,28,3,31,100,1,0.4586,1.0741,100
LJ500_R157_C009,665750,9579750,2022,8,2022-08,0,25.35,64.89,0,31,0,31,100,1,0.2399,0.7005,100
LJ500_R158_C065,693750,9580250,2022,8,2022-08,9.7712,46.09,68.29,5.0339,29,2,31,100,1,0.5477,1.37,100
LJ500_R160_C074,698250,9581250,2022,8,2022-08,16.05,73.28,104.86,5.6838,28,3,31,100,1,0.4606,1.1063,100
LJ500_R161_C066,694250,9581750,2022,8,2022-08,11.78,54.79,79.99,5.2418,28.68,2.3199,31,100,1,0.4858,1.1857,100
LJ500_R164_C043,682750,9583250,2022,8,2022-08,0,26.56,51.54,0,31,0,31,100,1,0.5895,1.1952,100
LJ500_R164_C059,690750,9583250,2022,8,2022-08,9.7712,46.09,68.29,5.0339,29,2,31,100,1,0.5381,1.7018,100
LJ500_R166_C072,697250,9584250,2022,8,2022-08,16.05,73.28,104.86,5.6838,28,3,31,100,1,0.4185,1.0322,100
LJ500_R167_C067,694750,9584750,2022,8,2022-08,16.05,73.28,104.86,5.6838,28,3,31,100,1,0.3619,0.92,100
LJ500_R168_C045,683750,9585250,2022,8,2022-08,5.982,34.98,54.68,3.095,29,2,31,100,1,0.5614,1.3337,100
LJ500_R173_C033,677750,9587750,2022,8,2022-08,0,21.05,44.81,0,31,0,31,100,1,0.5528,1.4427,100
LJ500_R178_C063,692750,9590250,2022,8,2022-08,12.55,55.93,81.77,4.7352,28,3,31,100,1,0.5977,1.49,100
LJ500_R179_C046,684250,9590750,2022,8,2022-08,7.0806,38.18,58.89,3.6805,29,2,31,100,1,1.3481,4.2343,100
LJ500_R180_C071,696750,9591250,2022,8,2022-08,19.25,86.49,117.17,7.2568,28,3,31,100,1,0.5265,1.41,100
LJ500_R183_C039,680750,9592750,2022,8,2022-08,0,17.06,35.03,0,31,0,31,100,1,0.5678,1.35,100
LJ500_R184_C039,680750,9593250,2022,8,2022-08,0,17.06,35.03,0,31,0,31,100,1,0.5655,1.35,100
LJ500_R184_C066,694250,9593250,2022,8,2022-08,13.82,58.1,80.82,4.9849,28,3,31,100,1,0.646,1.5277,100
LJ500_R108_C065,693750,9555250,2022,9,2022-09,20.24,32.3,63.62,20.24,30,1,31,100,1,0.25,0.75,100
LJ500_R109_C088,705250,9555750,2022,9,2022-09,37.72,74.84,142.3,10.41,26,5,31,100,1,0.2457,0.7233,100
LJ500_R119_C079,700750,9560750,2022,9,2022-09,34.45,67.93,135.13,9.3236,26,5,31,100,1,0.1665,0.3812,100
LJ500_R122_C070,696250,9562250,2022,9,2022-09,20.34,36.53,75.59,11.38,29,2,31,100,1,0.1903,0.5118,100
LJ500_R125_C065,693750,9563750,2022,9,2022-09,7.8761,9.6434,26.88,5.1751,29,2,31,100,1,0.4216,1.09,100
LJ500_R131_C053,687750,9566750,2022,9,2022-09,5.6159,5.6159,14.48,5.6159,30,1,31,100,1,0.2167,0.5144,100
LJ500_R132_C080,701250,9567250,2022,9,2022-09,25.9,48.93,110.87,8.0056,27,4,31,100,1,0.34,0.8,100
LJ500_R138_C087,704750,9570250,2022,9,2022-09,22.08,41.57,100.54,8.9595,28,3,31,100,1,0.2135,0.56,100
LJ500_R142_C071,696750,9572250,2022,9,2022-09,13.22,24.89,63.56,7.8738,29,2,31,100,1,0.4862,1.1638,100
LJ500_R145_C054,688250,9573750,2022,9,2022-09,4.6638,4.6638,12.33,3.2443,29,2,31,100,1,0.5381,1.73,100
LJ500_R147_C083,702750,9574750,2022,9,2022-09,18.96,39.24,101.98,7.7142,28,3,31,100,1,0.3699,0.8248,100
LJ500_R156_C028,675250,9579250,2022,9,2022-09,2.1427,2.1427,12.44,2.1427,30,1,31,100,1,0.6587,1.14,100
LJ500_R156_C067,694750,9579250,2022,9,2022-09,11.92,21.77,57.34,6.2029,29,2,31,100,1,0.5565,1.35,100
LJ500_R156_C079,700750,9579250,2022,9,2022-09,18.96,39.24,101.98,7.7142,28,3,31,100,1,0.5125,1.2162,100
LJ500_R157_C009,665750,9579750,2022,9,2022-09,6.9546,6.9546,32.31,6.9546,30,1,31,100,1,0.2361,0.6683,100
LJ500_R158_C065,693750,9580250,2022,9,2022-09,13.42,23.19,59.51,5.6055,28,3,31,100,1,0.5481,1.9,100
LJ500_R160_C074,698250,9581250,2022,9,2022-09,15.34,31.39,88.62,5.8808,28,3,31,100,1,0.5273,1.2199,100
LJ500_R161_C066,694250,9581750,2022,9,2022-09,14.03,25.81,68.82,5.6935,28,3,31,100,1,0.5363,1.4763,100
LJ500_R164_C043,682750,9583250,2022,9,2022-09,8.824,8.824,35.39,8.824,30,1,31,100,1,0.6956,1.4809,100
LJ500_R164_C059,690750,9583250,2022,9,2022-09,13.42,23.19,59.51,5.6055,28,3,31,100,1,0.5742,1.9486,100
LJ500_R166_C072,697250,9584250,2022,9,2022-09,15.34,31.39,88.62,5.8808,28,3,31,100,1,0.4711,1.1142,100
LJ500_R167_C067,694750,9584750,2022,9,2022-09,15.34,31.39,88.62,5.8808,28,3,31,100,1,0.3952,0.98,100
LJ500_R168_C045,683750,9585250,2022,9,2022-09,10.55,16.54,45.53,6.0673,29,2,31,100,1,0.5959,1.9037,100
LJ500_R173_C033,677750,9587750,2022,9,2022-09,6.0289,6.0289,27.08,6.0289,30,1,31,100,1,0.6129,1.76,100
LJ500_R178_C063,692750,9590250,2022,9,2022-09,15.89,28.44,71.82,6.0594,28,3,31,100,1,0.6245,2.09,100
LJ500_R179_C046,684250,9590750,2022,9,2022-09,11.37,18.45,49.55,6.2933,28.72,2.2781,31,100,1,1.8177,4.5378,100
LJ500_R180_C071,696750,9591250,2022,9,2022-09,19.82,39.07,106.31,6.9076,28,3,31,100,1,0.5442,1.98,100
LJ500_R183_C039,680750,9592750,2022,9,2022-09,5.7417,5.7417,22.8,5.7417,30,1,31,100,1,0.6135,1.91,100
LJ500_R184_C039,680750,9593250,2022,9,2022-09,5.7417,5.7417,22.8,5.7417,30,1,31,100,1,0.6132,1.91,100
LJ500_R184_C066,694250,9593250,2022,9,2022-09,18.59,32.41,76.69,12.65,28.98,2.0193,31,100,1,0.685,2.1082,100
LJ500_R108_C065,693750,9555250,2022,10,2022-10,45.85,66.09,78.15,10.25,23,7,30,100,1,0.348,0.72,100
LJ500_R109_C088,705250,9555750,2022,10,2022-10,72.75,110.47,147.59,13.57,18.22,11.78,30,100,1,0.2366,0.4796,100
LJ500_R119_C079,700750,9560750,2022,10,2022-10,63.79,98.24,131.72,17.7,23,7,30,100,1,0.2318,0.4912,100
LJ500_R122_C070,696250,9562250,2022,10,2022-10,44,64.34,80.53,11.24,24,6,30,100,1,0.2693,0.5843,100
LJ500_R125_C065,693750,9563750,2022,10,2022-10,40.53,48.41,50.18,9.9702,23,7,30,100,1,0.5637,1.01,100
LJ500_R131_C053,687750,9566750,2022,10,2022-10,32.98,38.6,38.6,7.9034,24,6,30,100,1,0.3708,0.6745,100
LJ500_R132_C080,701250,9567250,2022,10,2022-10,55.08,80.99,104.01,11.09,23,7,30,100,1,0.392,0.72,100
LJ500_R138_C087,704750,9570250,2022,10,2022-10,51.27,73.35,92.85,11.55,22,8,30,100,1,0.241,0.48,100
LJ500_R142_C071,696750,9572250,2022,10,2022-10,36.53,49.75,61.42,9.4724,25,5,30,100,1,0.659,1.1538,100
LJ500_R145_C054,688250,9573750,2022,10,2022-10,33.45,38.12,38.12,5.6522,23,7,30,100,1,0.909,1.64,100
LJ500_R147_C083,702750,9574750,2022,10,2022-10,52.77,71.73,92.01,13.51,23,7,30,100,1,0.4619,0.8363,100
LJ500_R156_C028,675250,9579250,2022,10,2022-10,29.72,31.86,31.86,7.2513,23,7,30,100,1,0.6927,1.08,100
LJ500_R156_C067,694750,9579250,2022,10,2022-10,38.34,50.26,60.11,12.1,24,6,30,100,1,0.7947,1.37,100
LJ500_R156_C079,700750,9579250,2022,10,2022-10,52.77,71.73,92.01,13.51,23,7,30,100,1,0.706,1.2241,100
LJ500_R157_C009,665750,9579750,2022,10,2022-10,29.41,36.37,36.37,12.56,25,5,30,100,1,0.204,0.5444,100
LJ500_R158_C065,693750,9580250,2022,10,2022-10,49.6,63.02,72.79,15.91,24,6,30,100,1,0.9453,1.67,100
LJ500_R160_C074,698250,9581250,2022,10,2022-10,46.63,61.97,78.02,15.39,24,6,30,100,1,0.7304,1.2631,100
LJ500_R161_C066,694250,9581750,2022,10,2022-10,48.65,62.68,74.46,15.74,24,6,30,100,1,0.8192,1.4185,100
LJ500_R164_C043,682750,9583250,2022,10,2022-10,37.02,45.85,45.85,10.44,24,6,30,100,1,0.9707,1.6276,100
LJ500_R164_C059,690750,9583250,2022,10,2022-10,49.6,63.02,72.79,15.91,24,6,30,100,1,0.9708,1.8051,100
LJ500_R166_C072,697250,9584250,2022,10,2022-10,46.63,61.97,78.02,15.39,24,6,30,100,1,0.682,1.1745,100
LJ500_R167_C067,694750,9584750,2022,10,2022-10,46.63,61.97,78.02,15.39,24,6,30,100,1,0.6113,1.03,100
LJ500_R168_C045,683750,9585250,2022,10,2022-10,43.35,53.91,59.89,12.1,23,7,30,100,1,1.0259,1.9037,100
LJ500_R173_C033,677750,9587750,2022,10,2022-10,33.98,40.01,40.01,10.01,23.62,6.3774,30,100,1,0.9735,1.9669,100
LJ500_R178_C063,692750,9590250,2022,10,2022-10,54.46,70.35,82.9,17.27,23,7,30,100,1,1.039,1.87,100
LJ500_R179_C046,684250,9590750,2022,10,2022-10,43.06,54.43,61.51,12.58,23,7,30,100,1,1.0979,2.5783,100
LJ500_R180_C071,696750,9591250,2022,10,2022-10,51.73,71.56,90.8,12.25,23,7,30,100,1,0.963,1.83,100
LJ500_R183_C039,680750,9592750,2022,10,2022-10,34.54,40.29,40.29,9.3953,22,8,30,100,1,0.9931,1.99,100
LJ500_R184_C039,680750,9593250,2022,10,2022-10,34.54,40.29,40.29,9.3953,22,8,30,100,1,0.9863,1.99,100
LJ500_R184_C066,694250,9593250,2022,10,2022-10,55.53,74.12,87.94,17.28,23,7,30,100,1,1.0731,1.8809,100
LJ500_R108_C065,693750,9555250,2022,11,2022-11,66.83,112.68,132.92,12.15,23,8,31,100,1,0.2587,0.59,100
LJ500_R109_C088,705250,9555750,2022,11,2022-11,100.15,172.9,210.62,24.08,22.57,8.4325,31,100,1,0.2162,0.578,100
LJ500_R119_C079,700750,9560750,2022,11,2022-11,92.83,156.62,191.07,19.96,20,11,31,100,1,0.1962,0.45,100
LJ500_R122_C070,696250,9562250,2022,11,2022-11,67.89,111.89,132.23,12.11,22,9,31,100,1,0.209,0.4505,100
LJ500_R125_C065,693750,9563750,2022,11,2022-11,54.05,94.59,102.46,8.7167,21,10,31,100,1,0.4916,1.05,100
LJ500_R131_C053,687750,9566750,2022,11,2022-11,47.21,80.19,85.81,7.2676,21,10,31,100,1,0.2726,0.5017,100
LJ500_R132_C080,701250,9567250,2022,11,2022-11,78.52,133.6,159.5,16.08,21,10,31,100,1,0.3829,0.82,100
LJ500_R138_C087,704750,9570250,2022,11,2022-11,69.87,121.14,143.22,13.55,20,11,31,100,1,0.2355,0.56,100
LJ500_R142_C071,696750,9572250,2022,11,2022-11,58.23,94.77,107.98,11.89,21,10,31,100,1,0.6432,1.2072,100
LJ500_R145_C054,688250,9573750,2022,11,2022-11,44.68,78.14,82.8,8.4593,22,9,31,100,1,0.7726,1.56,100
LJ500_R147_C083,702750,9574750,2022,11,2022-11,66.53,119.3,138.26,15.11,21,10,31,100,1,0.4905,0.9265,100
LJ500_R156_C028,675250,9579250,2022,11,2022-11,32.56,62.28,64.42,9.1091,24,7,31,100,1,0.5223,0.97,100
LJ500_R156_C067,694750,9579250,2022,11,2022-11,51.74,90.08,102.01,11.79,22,9,31,100,1,0.769,1.41,100
LJ500_R156_C079,700750,9579250,2022,11,2022-11,66.53,119.3,138.26,15.11,21,10,31,100,1,0.7314,1.3121,100
LJ500_R157_C009,665750,9579750,2022,11,2022-11,22.96,52.37,59.32,6.7124,26.33,4.6731,31,100,1,0.137,0.458,100
LJ500_R158_C065,693750,9580250,2022,11,2022-11,53.8,103.4,116.82,10.94,21,10,31,100,1,0.791,1.49,100
LJ500_R160_C074,698250,9581250,2022,11,2022-11,54.6,101.23,116.56,9.8369,20,11,31,100,1,0.7452,1.3131,100
LJ500_R161_C066,694250,9581750,2022,11,2022-11,54.06,102.71,116.74,10.59,20.68,10.32,31,100,1,0.7578,1.4102,100
LJ500_R164_C043,682750,9583250,2022,11,2022-11,39.32,76.34,85.16,8.3663,22,9,31,100,1,0.839,1.7276,100
LJ500_R164_C059,690750,9583250,2022,11,2022-11,53.8,103.4,116.82,10.94,21,10,31,100,1,0.7997,1.5968,100
LJ500_R166_C072,697250,9584250,2022,11,2022-11,54.6,101.23,116.56,9.8369,20,11,31,100,1,0.6902,1.2176,100
LJ500_R167_C067,694750,9584750,2022,11,2022-11,54.6,101.23,116.56,9.8369,20,11,31,100,1,0.5984,1.09,100
LJ500_R168_C045,683750,9585250,2022,11,2022-11,42.81,86.16,96.71,11.45,22.33,8.6656,31,100,1,0.8748,1.9037,100
LJ500_R173_C033,677750,9587750,2022,11,2022-11,37.03,71.01,77.04,10.73,23.38,7.6226,31,100,1,0.8937,2.0343,100
LJ500_R178_C063,692750,9590250,2022,11,2022-11,52.22,106.68,122.58,12.31,22,9,31,100,1,0.8826,1.76,100
LJ500_R179_C046,684250,9590750,2022,11,2022-11,44.37,87.44,98.8,11.41,22.44,8.5562,31,100,1,1.2182,3.386,100
LJ500_R180_C071,696750,9591250,2022,11,2022-11,60.38,112.12,131.94,13.95,22,9,31,100,1,0.8087,1.55,100
LJ500_R183_C039,680750,9592750,2022,11,2022-11,38.32,72.87,78.61,8.8184,23,8,31,100,1,0.888,1.9943,100
LJ500_R184_C039,680750,9593250,2022,11,2022-11,38.32,72.87,78.61,8.8184,23,8,31,100,1,0.8858,1.99,100
LJ500_R184_C066,694250,9593250,2022,11,2022-11,54.73,110.26,128.85,10.88,21.02,9.9807,31,100,1,0.9184,1.835,100
LJ500_R108_C065,693750,9555250,2022,12,2022-12,24.61,91.44,137.29,8.8922,27,3,30,100,1,0.213,0.58,100
LJ500_R109_C088,705250,9555750,2022,12,2022-12,32.07,132.21,204.96,11.72,27,3,30,100,1,0.2389,0.6765,100
LJ500_R119_C079,700750,9560750,2022,12,2022-12,31.68,124.51,188.3,11.14,27,3,30,100,1,0.1907,0.5032,100
LJ500_R122_C070,696250,9562250,2022,12,2022-12,27.11,95,139,9.8798,27,3,30,100,1,0.1779,0.4723,100
LJ500_R125_C065,693750,9563750,2022,12,2022-12,24.39,78.44,118.98,8.4236,26,4,30,100,1,0.344,0.94,100
LJ500_R131_C053,687750,9566750,2022,12,2022-12,20.89,68.1,101.08,9.2352,27,3,30,100,1,0.1961,0.5531,100
LJ500_R132_C080,701250,9567250,2022,12,2022-12,32.48,110.99,166.07,10.95,27,3,30,100,1,0.2827,0.68,100
LJ500_R138_C087,704750,9570250,2022,12,2022-12,31.28,101.14,152.42,11.7,27,3,30,100,1,0.1943,0.43,100
LJ500_R142_C071,696750,9572250,2022,12,2022-12,26.92,85.15,121.68,9.6991,27,3,30,100,1,0.4434,1.1452,100
LJ500_R145_C054,688250,9573750,2022,12,2022-12,20.59,65.27,98.72,11.07,28,2,30,100,1,0.6467,1.9,100
LJ500_R147_C083,702750,9574750,2022,12,2022-12,34.6,101.13,153.9,10.37,26,4,30,100,1,0.3478,0.765,100
LJ500_R156_C028,675250,9579250,2022,12,2022-12,19.99,52.55,82.26,12.38,28,2,30,100,1,0.363,0.72,100
LJ500_R156_C067,694750,9579250,2022,12,2022-12,29.16,80.91,119.25,11.18,27,3,30,100,1,0.5163,1.31,100
LJ500_R156_C079,700750,9579250,2022,12,2022-12,34.6,101.13,153.9,10.37,26,4,30,100,1,0.5045,1.2103,100
LJ500_R157_C009,665750,9579750,2022,12,2022-12,18.02,40.97,70.39,18.02,29,1,30,100,1,0.1295,0.3309,100
LJ500_R158_C065,693750,9580250,2022,12,2022-12,32.74,86.55,136.14,13.46,27,3,30,100,1,0.6483,1.98,100
LJ500_R160_C074,698250,9581250,2022,12,2022-12,32.53,87.13,133.76,13.64,27,3,30,100,1,0.5034,1.1905,100
LJ500_R161_C066,694250,9581750,2022,12,2022-12,32.68,86.73,135.38,13.52,27,3,30,100,1,0.5375,1.4192,100
LJ500_R164_C043,682750,9583250,2022,12,2022-12,24.16,63.47,100.5,15.21,28,2,30,100,1,0.7062,1.6414,100
LJ500_R164_C059,690750,9583250,2022,12,2022-12,32.74,86.55,136.14,13.46,27,3,30,100,1,0.7699,2.1247,100
LJ500_R166_C072,697250,9584250,2022,12,2022-12,32.53,87.13,133.76,13.64,27,3,30,100,1,0.4701,1.0704,100
LJ500_R167_C067,694750,9584750,2022,12,2022-12,32.53,87.13,133.76,13.64,27,3,30,100,1,0.414,0.9,100
LJ500_R168_C045,683750,9585250,2022,12,2022-12,28.05,70.85,114.21,11.83,26.67,3.3313,30,100,1,0.9036,2.1027,100
LJ500_R173_C033,677750,9587750,2022,12,2022-12,25.6,62.63,96.6,16.28,28,2,30,100,1,1.1199,2.4857,100
LJ500_R178_C063,692750,9590250,2022,12,2022-12,33.91,86.13,140.6,18.57,28,2,30,100,1,0.7477,1.96,100
LJ500_R179_C046,684250,9590750,2022,12,2022-12,30.87,75.24,118.3,16.98,28,2,30,100,1,1.6331,3.7831,100
LJ500_R180_C071,696750,9591250,2022,12,2022-12,33.93,94.32,146.05,14.45,27,3,30,100,1,0.7603,1.99,100
LJ500_R183_C039,680750,9592750,2022,12,2022-12,25.71,64.03,98.57,14.95,28,2,30,100,1,1.07,2.423,100
LJ500_R184_C039,680750,9593250,2022,12,2022-12,25.71,64.03,98.57,14.95,28,2,30,100,1,1.076,2.44,100
LJ500_R184_C066,694250,9593250,2022,12,2022-12,35.12,89.85,145.38,14.4,27,3,30,100,1,0.7698,1.8635,100
LJ500_R108_C065,693750,9555250,2023,1,2023-01,45.47,70.08,136.91,12.09,25,6,31,100,1,0.4113,0.71,100
LJ500_R109_C088,705250,9555750,2023,1,2023-01,67.67,99.74,199.89,18.3,24.78,6.2162,31,100,1,0.3222,0.6951,100
LJ500_R119_C079,700750,9560750,2023,1,2023-01,64.13,95.82,188.65,15.8,24,7,31,100,1,0.2602,0.5488,100
LJ500_R122_C070,696250,9562250,2023,1,2023-01,49.9,77.01,144.9,11.45,25,6,31,100,1,0.3246,0.6188,100
LJ500_R125_C065,693750,9563750,2023,1,2023-01,26.73,51.12,105.17,6.6286,25,6,31,100,1,0.6639,1.27,100
LJ500_R131_C053,687750,9566750,2023,1,2023-01,20.05,40.94,88.15,6.5881,26,5,31,100,1,0.3384,0.6705,100
LJ500_R132_C080,701250,9567250,2023,1,2023-01,58.79,91.27,169.79,14,24,7,31,100,1,0.5168,0.86,100
LJ500_R138_C087,704750,9570250,2023,1,2023-01,53.06,84.34,154.2,12.28,24,7,31,100,1,0.3581,0.57,100
LJ500_R142_C071,696750,9572250,2023,1,2023-01,40.38,67.3,125.53,9.486,24,7,31,100,1,0.7765,1.5122,100
LJ500_R145_C054,688250,9573750,2023,1,2023-01,22.09,42.67,87.36,6.237,26,5,31,100,1,0.9987,2.44,100
LJ500_R147_C083,702750,9574750,2023,1,2023-01,54.62,89.22,155.75,14.67,25,6,31,100,1,0.5974,0.9365,100
LJ500_R156_C028,675250,9579250,2023,1,2023-01,35.88,55.87,88.43,10.75,26,5,31,100,1,0.4826,1.1,100
LJ500_R156_C067,694750,9579250,2023,1,2023-01,37.76,66.92,118.67,10.9,25,6,31,100,1,0.8761,1.68,100
LJ500_R156_C079,700750,9579250,2023,1,2023-01,54.62,89.22,155.75,14.67,25,6,31,100,1,0.8354,1.5363,100
LJ500_R157_C009,665750,9579750,2023,1,2023-01,59.04,77.06,100.02,20.76,27,4,31,100,1,0.215,0.5817,100
LJ500_R158_C065,693750,9580250,2023,1,2023-01,36.65,69.39,123.2,11.09,25,6,31,100,1,1.021,2.36,100
LJ500_R160_C074,698250,9581250,2023,1,2023-01,48.27,80.8,135.4,13.8,26,5,31,100,1,0.8319,1.5073,100
LJ500_R161_C066,694250,9581750,2023,1,2023-01,40.37,73.04,127.1,11.96,25.32,5.6801,31,100,1,0.8898,1.749,100
LJ500_R164_C043,682750,9583250,2023,1,2023-01,44.24,68.4,107.71,14.09,26,5,31,100,1,0.8967,2.0228,100
LJ500_R164_C059,690750,9583250,2023,1,2023-01,36.65,69.39,123.2,11.09,25,6,31,100,1,1.054,2.4897,100
LJ500_R166_C072,697250,9584250,2023,1,2023-01,48.27,80.8,135.4,13.8,26,5,31,100,1,0.7636,1.3335,100
LJ500_R167_C067,694750,9584750,2023,1,2023-01,48.27,80.8,135.4,13.8,26,5,31,100,1,0.6584,1.08,100
LJ500_R168_C045,683750,9585250,2023,1,2023-01,40.48,68.53,111.33,11.67,25,6,31,100,1,1.1056,2.5227,100
LJ500_R173_C033,677750,9587750,2023,1,2023-01,46.52,72.12,109.15,15.02,26.38,4.6226,31,100,1,1.111,2.63,100
LJ500_R178_C063,692750,9590250,2023,1,2023-01,43.13,77.04,129.27,13.07,26,5,31,100,1,1.1245,2.29,100
LJ500_R179_C046,684250,9590750,2023,1,2023-01,43.03,73.9,118.27,12.66,25,6,31,100,1,1.4824,5.387,100
LJ500_R180_C071,696750,9591250,2023,1,2023-01,55.32,89.25,149.63,16.95,26,5,31,100,1,1.059,2.29,100
LJ500_R183_C039,680750,9592750,2023,1,2023-01,40.54,66.24,104.57,11.64,26,5,31,100,1,1.1365,2.55,100
LJ500_R184_C039,680750,9593250,2023,1,2023-01,40.54,66.24,104.57,11.64,26,5,31,100,1,1.1371,2.55,100
LJ500_R184_C066,694250,9593250,2023,1,2023-01,42.26,77.38,132.11,13.91,26,5,31,100,1,1.1413,2.1838,100
LJ500_R108_C065,693750,9555250,2023,2,2023-02,48.71,94.17,118.78,10.58,21,10,31,100,1,0.4726,0.93,100
LJ500_R109_C088,705250,9555750,2023,2,2023-02,64.16,131.83,163.89,15.22,20,11,31,100,1,0.3791,0.7873,100
LJ500_R119_C079,700750,9560750,2023,2,2023-02,76.29,140.43,172.11,18.92,20,11,31,100,1,0.2265,0.574,100
LJ500_R122_C070,696250,9562250,2023,2,2023-02,52.17,102.07,129.18,12.91,19,12,31,100,1,0.3417,0.6813,100
LJ500_R125_C065,693750,9563750,2023,2,2023-02,16.33,43.06,67.45,5.2428,25,6,31,100,1,0.7845,1.14,100
LJ500_R131_C053,687750,9566750,2023,2,2023-02,40.34,60.39,81.28,9.7364,21,10,31,100,1,0.3882,0.6806,100
LJ500_R132_C080,701250,9567250,2023,2,2023-02,77.06,135.86,168.33,19.42,20,11,31,100,1,0.6019,0.93,100
LJ500_R138_C087,704750,9570250,2023,2,2023-02,64.07,117.13,148.41,16.94,21,10,31,100,1,0.3871,0.72,100
LJ500_R142_C071,696750,9572250,2023,2,2023-02,45.9,86.29,113.2,12.68,21,10,31,100,1,0.8743,1.2706,100
LJ500_R145_C054,688250,9573750,2023,2,2023-02,10.3,32.39,52.98,3.8471,27,4,31,100,1,1.0319,1.85,100
LJ500_R147_C083,702750,9574750,2023,2,2023-02,67.95,122.57,157.17,18.99,21,10,31,100,1,0.6662,1.0019,100
LJ500_R156_C028,675250,9579250,2023,2,2023-02,38.34,74.22,94.21,10.88,21,10,31,100,1,0.5987,0.96,100
LJ500_R156_C067,694750,9579250,2023,2,2023-02,21.28,59.04,88.2,7.0141,23,8,31,100,1,0.9616,1.42,100
LJ500_R156_C079,700750,9579250,2023,2,2023-02,67.95,122.57,157.17,18.99,21,10,31,100,1,0.9061,1.3262,100
LJ500_R157_C009,665750,9579750,2023,2,2023-02,109.57,168.61,186.63,29.33,21.67,9.3269,31,100,1,0.3647,0.7341,100
LJ500_R158_C065,693750,9580250,2023,2,2023-02,12.58,49.23,81.98,5.5232,27,4,31,100,1,1.0261,1.94,100
LJ500_R160_C074,698250,9581250,2023,2,2023-02,67.86,116.13,148.66,17.36,21,10,31,100,1,0.9045,1.2947,100
LJ500_R161_C066,694250,9581750,2023,2,2023-02,30.27,70.63,103.31,9.31,25.08,5.9194,31,100,1,0.9423,1.5295,100
LJ500_R164_C043,682750,9583250,2023,2,2023-02,69.79,114.03,138.19,19.52,21,10,31,100,1,0.9342,1.5976,100
LJ500_R164_C059,690750,9583250,2023,2,2023-02,12.58,49.23,81.98,5.5232,27,4,31,100,1,0.9976,1.9273,100
LJ500_R166_C072,697250,9584250,2023,2,2023-02,67.86,116.13,148.66,17.36,21,10,31,100,1,0.8202,1.2129,100
LJ500_R167_C067,694750,9584750,2023,2,2023-02,67.86,116.13,148.66,17.36,21,10,31,100,1,0.7061,1.09,100
LJ500_R168_C045,683750,9585250,2023,2,2023-02,34.75,75.23,103.28,10.96,21,10,31,100,1,0.9792,1.9781,100
LJ500_R173_C033,677750,9587750,2023,2,2023-02,64.51,111.03,136.63,19.75,22,9,31,100,1,0.896,2.8964,100
LJ500_R178_C063,692750,9590250,2023,2,2023-02,21.64,64.78,98.69,8.4012,23,8,31,100,1,1.0571,1.91,100
LJ500_R179_C046,684250,9590750,2023,2,2023-02,32.35,75.39,106.25,11.17,21.28,9.7219,31,100,1,1.1627,4.8808,100
LJ500_R180_C071,696750,9591250,2023,2,2023-02,70.43,125.75,159.68,20.42,20,11,31,100,1,0.9652,1.89,100
LJ500_R183_C039,680750,9592750,2023,2,2023-02,32.05,72.59,98.3,10.85,22,9,31,100,1,0.8954,2.6317,100
LJ500_R184_C039,680750,9593250,2023,2,2023-02,32.05,72.59,98.3,10.85,22,9,31,100,1,0.8932,2.67,100
LJ500_R184_C066,694250,9593250,2023,2,2023-02,8.969,51.23,86.35,5.5591,28.83,2.174,31,100,1,1.0725,1.8794,100
LJ500_R108_C065,693750,9555250,2023,3,2023-03,74.75,123.46,168.92,30.72,24,4,28,100,1,0.4939,0.97,100
LJ500_R109_C088,705250,9555750,2023,3,2023-03,89.75,153.9,221.57,66.34,25.57,2.4325,28,100,1,0.3863,0.8119,100
LJ500_R119_C079,700750,9560750,2023,3,2023-03,92.1,168.39,232.53,76.33,26,2,28,100,1,0.1855,0.4264,100
LJ500_R122_C070,696250,9562250,2023,3,2023-03,87.12,139.29,189.19,52.08,25,3,28,100,1,0.3245,0.6425,100
LJ500_R125_C065,693750,9563750,2023,3,2023-03,64.08,80.41,107.14,13.14,21,7,28,100,1,0.7825,1.26,100
LJ500_R131_C053,687750,9566750,2023,3,2023-03,51.57,91.91,111.96,11.43,22,6,28,100,1,0.3434,0.5763,100
LJ500_R132_C080,701250,9567250,2023,3,2023-03,89.26,166.33,225.12,72.83,26,2,28,100,1,0.6086,1.02,100
LJ500_R138_C087,704750,9570250,2023,3,2023-03,87.98,152.05,205.11,14.92,19,9,28,100,1,0.3982,0.67,100
LJ500_R142_C071,696750,9572250,2023,3,2023-03,79.98,125.88,166.26,13.72,19,9,28,100,1,0.8402,1.247,100
LJ500_R145_C054,688250,9573750,2023,3,2023-03,63.15,73.46,95.54,12.77,21,7,28,100,1,0.7943,1.81,100
LJ500_R147_C083,702750,9574750,2023,3,2023-03,90.69,158.64,213.26,15.27,19,9,28,100,1,0.6718,0.9891,100
LJ500_R156_C028,675250,9579250,2023,3,2023-03,110.98,149.32,185.2,62.97,26,2,28,100,1,0.5243,0.93,100
LJ500_R156_C067,694750,9579250,2023,3,2023-03,86.32,107.6,145.36,15.18,19,9,28,100,1,0.9275,1.41,100
LJ500_R156_C079,700750,9579250,2023,3,2023-03,90.69,158.64,213.26,15.27,19,9,28,100,1,0.8609,1.2742,100
LJ500_R157_C009,665750,9579750,2023,3,2023-03,153.09,262.66,321.7,64.46,24.35,3.6539,28,100,1,0.3545,0.7678,100
LJ500_R158_C065,693750,9580250,2023,3,2023-03,87.86,100.45,137.1,15.67,19,9,28,100,1,0.8171,1.8,100
LJ500_R160_C074,698250,9581250,2023,3,2023-03,97.58,165.44,213.71,15.46,18,10,28,100,1,0.8853,1.2821,100
LJ500_R161_C066,694250,9581750,2023,3,2023-03,90.97,121.24,161.61,15.6,18.68,9.3199,28,100,1,0.8814,1.4562,100
LJ500_R164_C043,682750,9583250,2023,3,2023-03,111.11,180.9,225.14,63.8,26,2,28,100,1,0.7672,1.5795,100
LJ500_R164_C059,690750,9583250,2023,3,2023-03,87.86,100.45,137.1,15.67,19,9,28,100,1,0.7342,1.9119,100
LJ500_R166_C072,697250,9584250,2023,3,2023-03,97.58,165.44,213.71,15.46,18,10,28,100,1,0.8206,1.1741,100
LJ500_R167_C067,694750,9584750,2023,3,2023-03,97.58,165.44,213.71,15.46,18,10,28,100,1,0.7229,1.02,100
LJ500_R168_C045,683750,9585250,2023,3,2023-03,98.56,133.31,173.79,16,18,10,28,100,1,0.7538,1.9663,100
LJ500_R173_C033,677750,9587750,2023,3,2023-03,127.28,191.79,238.31,17.74,16.25,11.75,28,100,1,0.6099,2.0327,100
LJ500_R178_C063,692750,9590250,2023,3,2023-03,94.87,116.51,159.64,15.65,18,10,28,100,1,0.9496,1.9,100
LJ500_R179_C046,684250,9590750,2023,3,2023-03,104.32,136.67,179.71,17.14,17.72,10.28,28,100,1,1.3812,3.9163,100
LJ500_R180_C071,696750,9591250,2023,3,2023-03,101.74,172.17,227.49,17.37,18,10,28,100,1,0.7757,1.83,100
LJ500_R183_C039,680750,9592750,2023,3,2023-03,116.16,148.21,188.74,18.65,17,11,28,100,1,0.672,2.0257,100
LJ500_R184_C039,680750,9593250,2023,3,2023-03,116.16,148.21,188.74,18.65,17,11,28,100,1,0.6682,2.03,100
LJ500_R184_C066,694250,9593250,2023,3,2023-03,97.9,106.87,149.13,16.36,18,10,28,100,1,1.0295,1.8712,100
LJ500_R108_C065,693750,9555250,2023,4,2023-04,245.03,319.78,368.49,45.1,21,10,31,100,1,0.2087,0.53,100
LJ500_R109_C088,705250,9555750,2023,4,2023-04,255.2,344.95,409.11,43.25,19.22,11.78,31,100,1,0.2063,0.8057,100
LJ500_R119_C079,700750,9560750,2023,4,2023-04,252.4,344.5,420.79,41.63,20,11,31,100,1,0.1307,0.4353,100
LJ500_R122_C070,696250,9562250,2023,4,2023-04,233.39,320.51,372.68,50.62,22,9,31,100,1,0.1564,0.428,100
LJ500_R125_C065,693750,9563750,2023,4,2023-04,124.08,188.16,204.49,20.69,19,12,31,100,1,0.3097,0.78,100
LJ500_R131_C053,687750,9566750,2023,4,2023-04,93.22,144.8,185.13,26.13,21,10,31,100,1,0.1501,0.3641,100
LJ500_R132_C080,701250,9567250,2023,4,2023-04,232.15,321.42,398.48,46.68,21,10,31,100,1,0.2842,0.78,100
LJ500_R138_C087,704750,9570250,2023,4,2023-04,222.61,310.59,374.65,39.62,18,13,31,100,1,0.2039,0.7,100
LJ500_R142_C071,696750,9572250,2023,4,2023-04,183.29,263.26,309.17,34.67,19,12,31,100,1,0.3927,0.9716,100
LJ500_R145_C054,688250,9573750,2023,4,2023-04,108.77,171.92,182.23,29.34,20,11,31,100,1,0.5752,1.71,100
LJ500_R147_C083,702750,9574750,2023,4,2023-04,218.61,309.3,377.25,32.27,20,11,31,100,1,0.3367,0.8032,100
LJ500_R156_C028,675250,9579250,2023,4,2023-04,272.17,383.15,421.49,37.26,19,12,31,100,1,0.319,1.21,100
LJ500_R156_C067,694750,9579250,2023,4,2023-04,162.5,248.81,270.1,30.65,21,10,31,100,1,0.4361,1.03,100
LJ500_R156_C079,700750,9579250,2023,4,2023-04,218.61,309.3,377.25,32.27,20,11,31,100,1,0.46,1.0741,100
LJ500_R157_C009,665750,9579750,2023,4,2023-04,519.39,672.47,782.04,69.04,16.65,14.35,31,100,1,0.1434,0.4656,100
LJ500_R158_C065,693750,9580250,2023,4,2023-04,160.73,248.59,261.18,30.13,21,10,31,100,1,0.5561,1.54,100
LJ500_R160_C074,698250,9581250,2023,4,2023-04,224.4,321.98,389.85,39.06,20,11,31,100,1,0.4515,1.0436,100
LJ500_R161_C066,694250,9581750,2023,4,2023-04,181.1,272.07,302.34,32.98,20.68,10.32,31,100,1,0.4474,1.1015,100
LJ500_R164_C043,682750,9583250,2023,4,2023-04,277.37,388.48,458.27,63.85,21,10,31,100,1,0.5058,1.3428,100
LJ500_R164_C059,690750,9583250,2023,4,2023-04,160.73,248.59,261.18,30.13,21,10,31,100,1,0.6357,1.9804,100
LJ500_R166_C072,697250,9584250,2023,4,2023-04,224.4,321.98,389.85,39.06,20,11,31,100,1,0.4086,0.9313,100
LJ500_R167_C067,694750,9584750,2023,4,2023-04,224.4,321.98,389.85,39.06,20,11,31,100,1,0.3316,0.74,100
LJ500_R168_C045,683750,9585250,2023,4,2023-04,206.81,305.36,340.12,39.09,20.67,10.33,31,100,1,0.6735,2.5308,100
LJ500_R173_C033,677750,9587750,2023,4,2023-04,328.16,455.44,519.95,58.01,18.62,12.38,31,100,1,0.7881,3.7368,100
LJ500_R178_C063,692750,9590250,2023,4,2023-04,207.51,302.38,324.02,28.03,20,11,31,100,1,0.6229,1.64,100
LJ500_R179_C046,684250,9590750,2023,4,2023-04,242.84,347.16,379.51,40.99,20.28,10.72,31,100,1,1.2078,5.181,100
LJ500_R180_C071,696750,9591250,2023,4,2023-04,271.78,373.52,443.95,64.31,21,10,31,100,1,0.6168,1.81,100
LJ500_R183_C039,680750,9592750,2023,4,2023-04,308.33,424.49,456.54,49.26,21,10,31,100,1,0.771,3.3017,100
LJ500_R184_C039,680750,9593250,2023,4,2023-04,308.33,424.49,456.54,49.26,21,10,31,100,1,0.7768,3.34,100
LJ500_R184_C066,694250,9593250,2023,4,2023-04,215.82,313.72,322.69,33.76,21,10,31,100,1,0.6385,1.6076,100
LJ500_R108_C065,693750,9555250,2023,5,2023-05,294.53,539.56,614.31,48.75,17,13,30,100,1,0.199,0.55,100
LJ500_R109_C088,705250,9555750,2023,5,2023-05,258.8,514.01,603.75,45.08,19.57,10.43,30,100,1,0.2381,0.6194,100
LJ500_R119_C079,700750,9560750,2023,5,2023-05,270.66,523.05,615.16,46.38,17,13,30,100,1,0.1515,0.4092,100
LJ500_R122_C070,696250,9562250,2023,5,2023-05,255.54,488.93,576.05,37.37,17,13,30,100,1,0.1582,0.3642,100
LJ500_R125_C065,693750,9563750,2023,5,2023-05,208.27,332.35,396.43,32.1,15,15,30,100,1,0.2973,0.9,100
LJ500_R131_C053,687750,9566750,2023,5,2023-05,207.82,301.05,352.62,38.5,17,13,30,100,1,0.0949,0.3333,100
LJ500_R132_C080,701250,9567250,2023,5,2023-05,282.9,515.06,604.32,43.52,16,14,30,100,1,0.2807,0.75,100
LJ500_R138_C087,704750,9570250,2023,5,2023-05,282.1,504.71,592.68,56.64,18,12,30,100,1,0.169,0.46,100
LJ500_R142_C071,696750,9572250,2023,5,2023-05,267.08,450.37,530.34,43.61,17,13,30,100,1,0.3596,1.0272,100
LJ500_R145_C054,688250,9573750,2023,5,2023-05,195.24,304.01,367.16,38.57,17,13,30,100,1,0.5153,1.92,100
LJ500_R147_C083,702750,9574750,2023,5,2023-05,267.62,486.23,576.92,53.79,19,11,30,100,1,0.3065,0.788,100
LJ500_R156_C028,675250,9579250,2023,5,2023-05,377.86,650.03,761.01,72.72,19,11,30,100,1,0.335,1.21,100
LJ500_R156_C067,694750,9579250,2023,5,2023-05,241.02,403.52,489.84,49.68,19,11,30,100,1,0.3917,1.09,100
LJ500_R156_C079,700750,9579250,2023,5,2023-05,267.62,486.23,576.92,53.79,19,11,30,100,1,0.4164,1.0961,100
LJ500_R157_C009,665750,9579750,2023,5,2023-05,775.21,1294.6,1447.68,137.16,16.33,13.67,30,100,1,0.107,0.2877,100
LJ500_R158_C065,693750,9580250,2023,5,2023-05,230.03,390.76,478.62,55.7,19,11,30,100,1,0.5623,1.51,100
LJ500_R160_C074,698250,9581250,2023,5,2023-05,324.86,549.26,646.84,65.03,19,11,30,100,1,0.394,1.0721,100
LJ500_R161_C066,694250,9581750,2023,5,2023-05,260.36,441.46,532.44,58.68,19,11,30,100,1,0.4067,1.1165,100
LJ500_R164_C043,682750,9583250,2023,5,2023-05,425.22,702.59,813.7,95.28,20,10,30,100,1,0.4178,1.7875,100
LJ500_R164_C059,690750,9583250,2023,5,2023-05,230.03,390.76,478.62,55.7,19,11,30,100,1,0.624,2.1568,100
LJ500_R166_C072,697250,9584250,2023,5,2023-05,324.86,549.26,646.84,65.03,19,11,30,100,1,0.337,0.918,100
LJ500_R167_C067,694750,9584750,2023,5,2023-05,324.86,549.26,646.84,65.03,19,11,30,100,1,0.2483,0.71,100
LJ500_R168_C045,683750,9585250,2023,5,2023-05,316.78,523.58,622.14,72.37,21,9,30,100,1,0.596,2.6017,100
LJ500_R173_C033,677750,9587750,2023,5,2023-05,478.03,806.19,933.47,104.01,20.62,9.3774,30,100,1,0.7178,3.4392,100
LJ500_R178_C063,692750,9590250,2023,5,2023-05,268.34,475.85,570.72,62.85,21,9,30,100,1,0.6707,1.71,100
LJ500_R179_C046,684250,9590750,2023,5,2023-05,329.8,572.64,676.96,72.54,20.44,9.5562,30,100,1,1.2762,3.7614,100
LJ500_R180_C071,696750,9591250,2023,5,2023-05,353.9,625.68,727.42,74.3,21,9,30,100,1,0.701,1.81,100
LJ500_R183_C039,680750,9592750,2023,5,2023-05,388.59,696.91,813.07,85.37,20,10,30,100,1,0.7213,3.1844,100
LJ500_R184_C039,680750,9593250,2023,5,2023-05,388.59,696.91,813.07,85.37,20,10,30,100,1,0.73,3.21,100
LJ500_R184_C066,694250,9593250,2023,5,2023-05,272.24,488.06,585.96,61.91,21,9,30,100,1,0.7058,1.6123,100
LJ500_R108_C065,693750,9555250,2023,6,2023-06,25.32,319.84,564.88,17.49,29,2,31,100,1,0.2745,0.58,100
LJ500_R109_C088,705250,9555750,2023,6,2023-06,30.68,289.48,544.68,22.6,29,2,31,100,1,0.2565,0.6194,100
LJ500_R119_C079,700750,9560750,2023,6,2023-06,32.33,302.99,555.38,24.08,29,2,31,100,1,0.1279,0.3356,100
LJ500_R122_C070,696250,9562250,2023,6,2023-06,22.23,277.77,511.16,15.93,29,2,31,100,1,0.178,0.3756,100
LJ500_R125_C065,693750,9563750,2023,6,2023-06,14.27,222.54,346.62,9.4417,29,2,31,100,1,0.4065,0.72,100
LJ500_R131_C053,687750,9566750,2023,6,2023-06,10.82,218.65,311.87,6.7821,29,2,31,100,1,0.1562,0.3567,100
LJ500_R132_C080,701250,9567250,2023,6,2023-06,35.34,318.24,550.4,25.29,29,2,31,100,1,0.3277,0.61,100
LJ500_R138_C087,704750,9570250,2023,6,2023-06,33.31,315.41,538.01,23.28,29,2,31,100,1,0.2029,0.42,100
LJ500_R142_C071,696750,9572250,2023,6,2023-06,25.5,292.58,475.87,16.85,29,2,31,100,1,0.4364,0.8872,100
LJ500_R145_C054,688250,9573750,2023,6,2023-06,6.9824,202.22,310.99,4.2668,29,2,31,100,1,0.4335,1.22,100
LJ500_R147_C083,702750,9574750,2023,6,2023-06,35.81,303.43,522.04,24.89,29,2,31,100,1,0.3562,0.6306,100
LJ500_R156_C028,675250,9579250,2023,6,2023-06,16.28,394.14,666.31,10.3,29,2,31,100,1,0.3394,0.58,100
LJ500_R156_C067,694750,9579250,2023,6,2023-06,22.82,263.84,426.34,15.14,29,2,31,100,1,0.4852,1.01,100
LJ500_R156_C079,700750,9579250,2023,6,2023-06,35.81,303.43,522.04,24.89,29,2,31,100,1,0.4707,1.0042,100
LJ500_R157_C009,665750,9579750,2023,6,2023-06,38.73,813.94,1333.32,23.72,29,2,31,100,1,0.1976,0.4401,100
LJ500_R158_C065,693750,9580250,2023,6,2023-06,25.55,255.58,416.31,17.62,28,3,31,100,1,0.4948,1.4,100
LJ500_R160_C074,698250,9581250,2023,6,2023-06,33.68,358.53,582.94,23.83,29,2,31,100,1,0.4802,0.9847,100
LJ500_R161_C066,694250,9581750,2023,6,2023-06,28.15,288.51,469.61,19.6,28.32,2.6801,31,100,1,0.4756,1.089,100
LJ500_R164_C043,682750,9583250,2023,6,2023-06,26.21,451.43,728.8,12.78,27,4,31,100,1,0.3703,0.8881,100
LJ500_R164_C059,690750,9583250,2023,6,2023-06,25.55,255.58,416.31,17.62,28,3,31,100,1,0.5217,1.4217,100
LJ500_R166_C072,697250,9584250,2023,6,2023-06,33.68,358.53,582.94,23.83,29,2,31,100,1,0.4412,0.9097,100
LJ500_R167_C067,694750,9584750,2023,6,2023-06,33.68,358.53,582.94,23.83,29,2,31,100,1,0.3723,0.77,100
LJ500_R168_C045,683750,9585250,2023,6,2023-06,21.49,338.26,545.07,12.07,27.33,3.6656,31,100,1,0.4352,1.2337,100
LJ500_R173_C033,677750,9587750,2023,6,2023-06,24.95,502.99,831.14,13.44,28,3,31,100,1,0.4178,1.2499,100
LJ500_R178_C063,692750,9590250,2023,6,2023-06,27.83,296.17,503.69,19.05,28,3,31,100,1,0.561,1.58,100
LJ500_R179_C046,684250,9590750,2023,6,2023-06,22,351.8,594.63,14.98,28.28,2.7219,31,100,1,1.695,4.2948,100
LJ500_R180_C071,696750,9591250,2023,6,2023-06,32.17,386.06,657.84,23.01,29,2,31,100,1,0.5458,1.56,100
LJ500_R183_C039,680750,9592750,2023,6,2023-06,18.55,407.14,715.47,9.3068,28,3,31,100,1,0.4326,1.22,100
LJ500_R184_C039,680750,9593250,2023,6,2023-06,18.55,407.14,715.47,9.3068,28,3,31,100,1,0.4335,1.22,100
LJ500_R184_C066,694250,9593250,2023,6,2023-06,24.33,296.56,512.38,17.04,29,2,31,100,1,0.6533,1.6388,100
LJ500_R108_C065,693750,9555250,2023,7,2023-07,15.45,40.77,335.3,6.0013,27,3,30,100,1,0.194,0.65,100
LJ500_R109_C088,705250,9555750,2023,7,2023-07,33.22,63.9,322.7,8.9331,25.78,4.2162,30,100,1,0.1737,0.4926,100
LJ500_R119_C079,700750,9560750,2023,7,2023-07,31.79,64.12,334.77,9.0211,26,4,30,100,1,0.1935,0.3948,100
LJ500_R122_C070,696250,9562250,2023,7,2023-07,18.09,40.32,295.86,6.7572,27,3,30,100,1,0.1523,0.4205,100
LJ500_R125_C065,693750,9563750,2023,7,2023-07,8.442,22.71,230.98,4.6143,28,2,30,100,1,0.2323,0.78,100
LJ500_R131_C053,687750,9566750,2023,7,2023-07,0,10.82,218.65,0,30,0,30,100,1,0.1239,0.3404,100
LJ500_R132_C080,701250,9567250,2023,7,2023-07,29.15,64.49,347.39,8.8409,26,4,30,100,1,0.1757,0.56,100
LJ500_R138_C087,704750,9570250,2023,7,2023-07,25.46,58.77,340.87,7.3842,26,4,30,100,1,0.15,0.33,100
LJ500_R142_C071,696750,9572250,2023,7,2023-07,17.14,42.65,309.72,6.4194,27,3,30,100,1,0.2429,0.6846,100
LJ500_R145_C054,688250,9573750,2023,7,2023-07,0,6.9824,202.22,0,30,0,30,100,1,0.4543,1.17,100
LJ500_R147_C083,702750,9574750,2023,7,2023-07,26.2,62.01,329.63,7.5529,26,4,30,100,1,0.1857,0.5176,100
LJ500_R156_C028,675250,9579250,2023,7,2023-07,0,16.28,394.14,0,30,0,30,100,1,0.4357,0.8,100
LJ500_R156_C067,694750,9579250,2023,7,2023-07,14.69,37.51,278.53,5.4219,27,3,30,100,1,0.2767,0.71,100
LJ500_R156_C079,700750,9579250,2023,7,2023-07,26.2,62.01,329.63,7.5529,26,4,30,100,1,0.2701,0.6641,100
LJ500_R157_C009,665750,9579750,2023,7,2023-07,11.09,49.82,825.03,11.09,29,1,30,100,1,0.2766,0.8355,100
LJ500_R158_C065,693750,9580250,2023,7,2023-07,16.95,42.5,272.53,6.1475,27,3,30,100,1,0.5093,1.3,100
LJ500_R160_C074,698250,9581250,2023,7,2023-07,22.91,56.59,381.45,6.976,26,4,30,100,1,0.2565,0.6574,100
LJ500_R161_C066,694250,9581750,2023,7,2023-07,18.86,47.01,307.37,6.4126,26.68,3.3199,30,100,1,0.3089,0.7911,100
LJ500_R164_C043,682750,9583250,2023,7,2023-07,11.13,37.33,462.55,5.9864,28,2,30,100,1,0.3375,0.8928,100
LJ500_R164_C059,690750,9583250,2023,7,2023-07,16.95,42.5,272.53,6.1475,27,3,30,100,1,0.6737,1.8155,100
LJ500_R166_C072,697250,9584250,2023,7,2023-07,22.91,56.59,381.45,6.976,26,4,30,100,1,0.2158,0.594,100
LJ500_R167_C067,694750,9584750,2023,7,2023-07,22.91,56.59,381.45,6.976,26,4,30,100,1,0.1673,0.5,100
LJ500_R168_C045,683750,9585250,2023,7,2023-07,13.05,34.54,351.31,6.3472,27.67,2.3344,30,100,1,0.6158,1.6981,100
LJ500_R173_C033,677750,9587750,2023,7,2023-07,8.8103,33.76,511.8,4.4849,28,2,30,100,1,0.8227,2.2542,100
LJ500_R178_C063,692750,9590250,2023,7,2023-07,21.11,48.94,317.28,8.1384,27,3,30,100,1,0.4667,1.15,100
LJ500_R179_C046,684250,9590750,2023,7,2023-07,14.33,36.32,366.13,5.3164,27,3,30,100,1,2.3325,5.8082,100
LJ500_R180_C071,696750,9591250,2023,7,2023-07,26.39,58.56,412.46,7.685,26,4,30,100,1,0.509,1.36,100
LJ500_R183_C039,680750,9592750,2023,7,2023-07,6.6957,25.25,413.83,3.4797,28,2,30,100,1,0.7207,1.9702,100
LJ500_R184_C039,680750,9593250,2023,7,2023-07,6.6957,25.25,413.83,3.4797,28,2,30,100,1,0.7287,2,100
LJ500_R184_C066,694250,9593250,2023,7,2023-07,20.95,45.27,317.51,7.7038,26.98,3.0193,30,100,1,0.4284,1.2523,100
LJ500_R108_C065,693750,9555250,2023,8,2023-08,14.2,29.65,54.97,14.2,30,1,31,100,1,0.1787,0.69,100
LJ500_R109_C088,705250,9555750,2023,8,2023-08,43.53,76.75,107.43,36.51,28.92,2.0812,31,100,1,0.1673,0.6136,100
LJ500_R119_C079,700750,9560750,2023,8,2023-08,39.07,70.86,103.19,11.88,26,5,31,100,1,0.168,0.43,100
LJ500_R122_C070,696250,9562250,2023,8,2023-08,19.72,37.82,60.04,7.5507,28,3,31,100,1,0.1231,0.3556,100
LJ500_R125_C065,693750,9563750,2023,8,2023-08,2.9545,11.4,25.67,2.9545,30,1,31,100,1,0.2332,0.68,100
LJ500_R131_C053,687750,9566750,2023,8,2023-08,0.0405,0.0405,10.87,0.0405,31,0,31,100,1,0.1187,0.2657,100
LJ500_R132_C080,701250,9567250,2023,8,2023-08,31.22,60.37,95.71,31.22,30,1,31,100,1,0.1819,0.54,100
LJ500_R138_C087,704750,9570250,2023,8,2023-08,26.18,51.64,84.95,26.18,30,1,31,100,1,0.1365,0.49,100
LJ500_R142_C071,696750,9572250,2023,8,2023-08,15.22,32.36,57.87,15.22,30,1,31,100,1,0.2736,0.8956,100
LJ500_R145_C054,688250,9573750,2023,8,2023-08,0.041,0.041,7.0235,0.041,31,0,31,100,1,0.5768,2.14,100
LJ500_R147_C083,702750,9574750,2023,8,2023-08,28.41,54.61,90.42,28.41,30,1,31,100,1,0.2013,0.5517,100
LJ500_R156_C028,675250,9579250,2023,8,2023-08,0.1306,0.1306,16.41,0.1306,31,0,31,100,1,0.4152,0.79,100
LJ500_R156_C067,694750,9579250,2023,8,2023-08,13.48,28.17,50.99,13.48,30,1,31,100,1,0.3258,0.97,100
LJ500_R156_C079,700750,9579250,2023,8,2023-08,28.41,54.61,90.42,28.41,30,1,31,100,1,0.3528,0.9905,100
LJ500_R157_C009,665750,9579750,2023,8,2023-08,1.7771,12.87,51.6,1.7771,30,1,31,100,1,0.2979,0.7276,100
LJ500_R158_C065,693750,9580250,2023,8,2023-08,13.45,30.4,55.95,13.45,30,1,31,100,1,0.7494,2.41,100
LJ500_R160_C074,698250,9581250,2023,8,2023-08,21.67,44.58,78.26,21.67,30,1,31,100,1,0.3123,0.8305,100
LJ500_R161_C066,694250,9581750,2023,8,2023-08,16.08,34.94,63.09,16.08,30,1,31,100,1,0.4077,1.2761,100
LJ500_R164_C043,682750,9583250,2023,8,2023-08,5.9483,17.07,43.28,5.9483,30,1,31,100,1,0.3835,1.4328,100
LJ500_R164_C059,690750,9583250,2023,8,2023-08,13.45,30.4,55.95,13.45,30,1,31,100,1,0.8835,2.7472,100
LJ500_R166_C072,697250,9584250,2023,8,2023-08,21.67,44.58,78.26,21.67,30,1,31,100,1,0.269,0.7013,100
LJ500_R167_C067,694750,9584750,2023,8,2023-08,21.67,44.58,78.26,21.67,30,1,31,100,1,0.211,0.58,100
LJ500_R168_C045,683750,9585250,2023,8,2023-08,8.7921,21.84,43.33,8.7921,30,1,31,100,1,0.7171,2.5544,100
LJ500_R173_C033,677750,9587750,2023,8,2023-08,2.6884,11.5,36.45,2.6884,30,1,31,100,1,0.865,2.9176,100
LJ500_R178_C063,692750,9590250,2023,8,2023-08,17.65,38.76,66.59,10.82,29,2,31,100,1,0.6258,2.03,100
LJ500_R179_C046,684250,9590750,2023,8,2023-08,10.55,24.87,46.87,10.55,30,1,31,100,1,2.1217,4.1898,100
LJ500_R180_C071,696750,9591250,2023,8,2023-08,29.83,56.23,88.39,29.83,30,1,31,100,1,0.7448,2.21,100
LJ500_R183_C039,680750,9592750,2023,8,2023-08,4.6089,11.3,29.86,2.9908,29,2,31,100,1,0.7878,2.6757,100
LJ500_R184_C039,680750,9593250,2023,8,2023-08,4.6089,11.3,29.86,2.9908,29,2,31,100,1,0.7939,2.68,100
LJ500_R184_C066,694250,9593250,2023,8,2023-08,21.96,42.91,67.23,21.96,30,1,31,100,1,0.5458,1.6535,100
LJ500_R108_C065,693750,9555250,2023,9,2023-09,26.36,40.56,56.02,14.68,29,2,31,100,1,0.1542,0.37,100
LJ500_R109_C088,705250,9555750,2023,9,2023-09,67.19,110.72,143.95,33.35,28,3,31,100,1,0.1502,0.4903,100
LJ500_R119_C079,700750,9560750,2023,9,2023-09,58.6,97.67,129.46,29.46,28,3,31,100,1,0.1347,0.424,100
LJ500_R122_C070,696250,9562250,2023,9,2023-09,33.9,53.62,71.72,20.23,29,2,31,100,1,0.1166,0.388,100
LJ500_R125_C065,693750,9563750,2023,9,2023-09,13.81,16.77,25.21,9.5698,29,2,31,100,1,0.2842,0.71,100
LJ500_R131_C053,687750,9566750,2023,9,2023-09,8.1621,8.2026,8.2026,5.3038,29,2,31,100,1,0.1252,0.3442,100
LJ500_R132_C080,701250,9567250,2023,9,2023-09,47.78,79,108.15,24.92,28,3,31,100,1,0.2116,0.68,100
LJ500_R138_C087,704750,9570250,2023,9,2023-09,41.63,67.81,93.27,22.67,28,3,31,100,1,0.1429,0.53,100
LJ500_R142_C071,696750,9572250,2023,9,2023-09,24.33,39.55,56.69,13.78,28,3,31,100,1,0.345,0.8314,100
LJ500_R145_C054,688250,9573750,2023,9,2023-09,7.7866,7.8276,7.8276,5.0083,28,3,31,100,1,0.5532,1.61,100
LJ500_R147_C083,702750,9574750,2023,9,2023-09,38.02,66.43,92.63,21.17,28,3,31,100,1,0.252,0.7248,100
LJ500_R156_C028,675250,9579250,2023,9,2023-09,3.8576,3.9882,3.9882,2.4567,29,2,31,100,1,0.5161,0.92,100
LJ500_R156_C067,694750,9579250,2023,9,2023-09,22.11,35.58,50.27,11.79,28,3,31,100,1,0.4187,1.01,100
LJ500_R156_C079,700750,9579250,2023,9,2023-09,38.02,66.43,92.63,21.17,28,3,31,100,1,0.3877,0.9702,100
LJ500_R157_C009,665750,9579750,2023,9,2023-09,7.0329,8.81,19.9,3.5165,29,2,31,100,1,0.2214,0.4344,100
LJ500_R158_C065,693750,9580250,2023,9,2023-09,20.49,33.94,50.89,10.09,28,3,31,100,1,0.6723,1.58,100
LJ500_R160_C074,698250,9581250,2023,9,2023-09,25.93,47.6,70.51,12.32,28,3,31,100,1,0.3928,0.9558,100
LJ500_R161_C066,694250,9581750,2023,9,2023-09,22.23,38.31,57.17,10.8,28,3,31,100,1,0.4657,1.1505,100
LJ500_R164_C043,682750,9583250,2023,9,2023-09,13.05,19,30.12,7.776,29,2,31,100,1,0.4749,1.36,100
LJ500_R164_C059,690750,9583250,2023,9,2023-09,20.49,33.94,50.89,10.09,28,3,31,100,1,0.7905,1.772,100
LJ500_R166_C072,697250,9584250,2023,9,2023-09,25.93,47.6,70.51,12.32,28,3,31,100,1,0.3702,0.8902,100
LJ500_R167_C067,694750,9584750,2023,9,2023-09,25.93,47.6,70.51,12.32,28,3,31,100,1,0.3468,0.8,100
LJ500_R168_C045,683750,9585250,2023,9,2023-09,16.29,25.09,38.14,8.7051,28.33,2.6656,31,100,1,0.6401,1.8027,100
LJ500_R173_C033,677750,9587750,2023,9,2023-09,9.0239,11.71,20.52,5.3794,28.62,2.3774,31,100,1,0.6922,1.97,100
LJ500_R178_C063,692750,9590250,2023,9,2023-09,22.28,39.93,61.04,10.65,27,4,31,100,1,0.6135,1.61,100
LJ500_R179_C046,684250,9590750,2023,9,2023-09,16.73,27.27,41.6,8.5294,28.72,2.2781,31,100,1,1.8748,3.7949,100
LJ500_R180_C071,696750,9591250,2023,9,2023-09,27.78,57.61,84,12.98,28,3,31,100,1,0.7058,1.64,100
LJ500_R183_C039,680750,9592750,2023,9,2023-09,8.8746,13.48,20.18,5.2446,29,2,31,100,1,0.6588,1.8543,100
LJ500_R184_C039,680750,9593250,2023,9,2023-09,8.8746,13.48,20.18,5.2446,29,2,31,100,1,0.6619,1.85,100
LJ500_R184_C066,694250,9593250,2023,9,2023-09,23.06,45.03,65.97,11.51,28.98,2.0193,31,100,1,0.5919,1.6315,100
LJ500_R108_C065,693750,9555250,2023,10,2023-10,16.83,43.19,57.39,11.79,28,2,30,100,1,0.271,0.72,100
LJ500_R109_C088,705250,9555750,2023,10,2023-10,26.88,94.07,137.6,9.6888,26,4,30,100,1,0.171,0.5244,100
LJ500_R119_C079,700750,9560750,2023,10,2023-10,24.44,83.04,122.11,8.2678,26,4,30,100,1,0.1184,0.3844,100
LJ500_R122_C070,696250,9562250,2023,10,2023-10,15.96,49.86,69.58,6.2527,27,3,30,100,1,0.1688,0.4988,100
LJ500_R125_C065,693750,9563750,2023,10,2023-10,15.33,29.14,32.1,5.5991,27,3,30,100,1,0.4043,1.03,100
LJ500_R131_C053,687750,9566750,2023,10,2023-10,11.61,19.77,19.81,6.2753,28,2,30,100,1,0.1906,0.4369,100
LJ500_R132_C080,701250,9567250,2023,10,2023-10,22.64,70.42,101.64,9.5912,27,3,30,100,1,0.2823,0.74,100
LJ500_R138_C087,704750,9570250,2023,10,2023-10,22.13,63.76,89.94,8.5914,27,3,30,100,1,0.172,0.43,100
LJ500_R142_C071,696750,9572250,2023,10,2023-10,15.59,39.92,55.14,6.1084,27,3,30,100,1,0.4206,1.1192,100
LJ500_R145_C054,688250,9573750,2023,10,2023-10,11.98,19.76,19.8,6.0071,28,2,30,100,1,0.5557,1.27,100
LJ500_R147_C083,702750,9574750,2023,10,2023-10,19.63,57.65,86.06,7.1208,27,3,30,100,1,0.3405,0.8334,100
LJ500_R156_C028,675250,9579250,2023,10,2023-10,10.31,14.16,14.29,5.5372,28,2,30,100,1,0.43,0.74,100
LJ500_R156_C067,694750,9579250,2023,10,2023-10,14.41,36.52,49.99,14.41,29,1,30,100,1,0.5067,1.29,100
LJ500_R156_C079,700750,9579250,2023,10,2023-10,19.63,57.65,86.06,7.1208,27,3,30,100,1,0.4327,1.116,100
LJ500_R157_C009,665750,9579750,2023,10,2023-10,11.42,18.45,20.23,6.5815,28,2,30,100,1,0.1849,0.4403,100
LJ500_R158_C065,693750,9580250,2023,10,2023-10,18.1,38.59,52.04,6.2502,27,3,30,100,1,0.601,1.33,100
LJ500_R160_C074,698250,9581250,2023,10,2023-10,17.16,43.09,64.76,5.9928,27,3,30,100,1,0.4747,1.1868,100
LJ500_R161_C066,694250,9581750,2023,10,2023-10,17.8,40.03,56.11,6.1679,27,3,30,100,1,0.5306,1.2674,100
LJ500_R164_C043,682750,9583250,2023,10,2023-10,12.4,25.44,31.39,6.7651,28,2,30,100,1,0.5607,1.3238,100
LJ500_R164_C059,690750,9583250,2023,10,2023-10,18.1,38.59,52.04,6.2502,27,3,30,100,1,0.6797,1.6146,100
LJ500_R166_C072,697250,9584250,2023,10,2023-10,17.16,43.09,64.76,5.9928,27,3,30,100,1,0.4868,1.1181,100
LJ500_R167_C067,694750,9584750,2023,10,2023-10,17.16,43.09,64.76,5.9928,27,3,30,100,1,0.4953,1.03,100
LJ500_R168_C045,683750,9585250,2023,10,2023-10,14.72,31.01,39.8,5.6735,27,3,30,100,1,0.6171,1.331,100
LJ500_R173_C033,677750,9587750,2023,10,2023-10,12.09,21.11,23.8,5.9012,27.62,2.3774,30,100,1,0.6488,1.2973,100
LJ500_R178_C063,692750,9590250,2023,10,2023-10,18.4,40.69,58.33,7.0629,27,3,30,100,1,0.592,1.34,100
LJ500_R179_C046,684250,9590750,2023,10,2023-10,14.06,30.78,41.33,5.3409,27,3,30,100,1,1.6886,3.7519,100
LJ500_R180_C071,696750,9591250,2023,10,2023-10,16.01,43.79,73.62,5.6658,27,3,30,100,1,0.6107,1.42,100
LJ500_R183_C039,680750,9592750,2023,10,2023-10,11.2,20.07,24.68,6.0417,28,2,30,100,1,0.6435,1.2828,100
LJ500_R184_C039,680750,9593250,2023,10,2023-10,11.2,20.07,24.68,6.0417,28,2,30,100,1,0.6433,1.27,100
LJ500_R184_C066,694250,9593250,2023,10,2023-10,17.67,40.73,62.69,6.6795,27,3,30,100,1,0.625,1.3285,100
LJ500_R108_C065,693750,9555250,2023,11,2023-11,82.39,99.21,125.57,12.32,19,12,31,100,1,0.3365,0.89,100
LJ500_R109_C088,705250,9555750,2023,11,2023-11,113.71,140.59,207.78,21.84,19,12,31,100,1,0.2875,1.0884,100
LJ500_R119_C079,700750,9560750,2023,11,2023-11,105.75,130.19,188.79,15.99,19,12,31,100,1,0.232,0.812,100
LJ500_R122_C070,696250,9562250,2023,11,2023-11,83.48,99.44,133.34,12.69,19,12,31,100,1,0.2719,0.8658,100
LJ500_R125_C065,693750,9563750,2023,11,2023-11,63.83,79.16,92.97,11.43,22,9,31,100,1,0.5203,1.2,100
LJ500_R131_C053,687750,9566750,2023,11,2023-11,57.76,69.37,77.53,11.4,22,9,31,100,1,0.3048,0.6745,100
LJ500_R132_C080,701250,9567250,2023,11,2023-11,86.75,109.39,157.17,13.03,20,11,31,100,1,0.4229,1.16,100
LJ500_R138_C087,704750,9570250,2023,11,2023-11,78.93,101.05,142.69,13.49,21,10,31,100,1,0.2823,0.87,100
LJ500_R142_C071,696750,9572250,2023,11,2023-11,66.07,81.66,105.99,10.8,21,10,31,100,1,0.6007,1.3092,100
LJ500_R145_C054,688250,9573750,2023,11,2023-11,56.01,67.99,75.77,10.44,21,10,31,100,1,0.8568,1.81,100
LJ500_R147_C083,702750,9574750,2023,11,2023-11,74.91,94.55,132.56,13.83,21,10,31,100,1,0.4782,1.0863,100
LJ500_R156_C028,675250,9579250,2023,11,2023-11,43.66,53.97,57.82,7.7303,22,9,31,100,1,0.5916,0.9,100
LJ500_R156_C067,694750,9579250,2023,11,2023-11,60.82,75.23,97.34,10.76,23,8,31,100,1,0.6761,1.47,100
LJ500_R156_C079,700750,9579250,2023,11,2023-11,74.91,94.55,132.56,13.83,21,10,31,100,1,0.6369,1.328,100
LJ500_R157_C009,665750,9579750,2023,11,2023-11,35.3,46.72,53.75,7.1604,21.67,9.3269,31,100,1,0.2186,0.5232,100
LJ500_R158_C065,693750,9580250,2023,11,2023-11,64.82,82.93,103.42,13.48,23,8,31,100,1,0.7965,1.77,100
LJ500_R160_C074,698250,9581250,2023,11,2023-11,66.28,83.44,109.37,14.24,23,8,31,100,1,0.6535,1.3963,100
LJ500_R161_C066,694250,9581750,2023,11,2023-11,65.29,83.09,105.32,13.72,23,8,31,100,1,0.6888,1.4662,100
LJ500_R164_C043,682750,9583250,2023,11,2023-11,50.67,63.06,76.11,9.0294,22,9,31,100,1,0.8686,1.5132,100
LJ500_R164_C059,690750,9583250,2023,11,2023-11,64.82,82.93,103.42,13.48,23,8,31,100,1,0.914,2.4228,100
LJ500_R166_C072,697250,9584250,2023,11,2023-11,66.28,83.44,109.37,14.24,23,8,31,100,1,0.6108,1.3096,100
LJ500_R167_C067,694750,9584750,2023,11,2023-11,66.28,83.44,109.37,14.24,23,8,31,100,1,0.55,1.2,100
LJ500_R168_C045,683750,9585250,2023,11,2023-11,54.51,69.23,85.52,10.06,22.33,8.6687,31,100,1,1.0468,2.8198,100
LJ500_R173_C033,677750,9587750,2023,11,2023-11,44.96,57.05,66.07,8.8112,22,9,31,100,1,1.1657,4.3933,100
LJ500_R178_C063,692750,9590250,2023,11,2023-11,65.38,83.78,106.07,11.56,22,9,31,100,1,0.9519,1.9,100
LJ500_R179_C046,684250,9590750,2023,11,2023-11,55.08,69.14,85.86,9.4928,20.72,10.28,31,100,1,1.468,7.166,100
LJ500_R180_C071,696750,9591250,2023,11,2023-11,67.32,83.33,111.11,11.87,20,11,31,100,1,0.9052,1.96,100
LJ500_R183_C039,680750,9592750,2023,11,2023-11,44.17,55.36,64.24,9.0099,23,8,31,100,1,1.1591,4.1091,100
LJ500_R184_C039,680750,9593250,2023,11,2023-11,44.17,55.36,64.24,9.0099,23,8,31,100,1,1.1639,4.19,100
LJ500_R184_C066,694250,9593250,2023,11,2023-11,65.63,83.3,106.36,11.54,20,11,31,100,1,0.9846,1.8617,100
LJ500_R108_C065,693750,9555250,2023,12,2023-12,52.62,135,151.83,11.18,23,7,30,100,1,0.4077,0.84,100
LJ500_R109_C088,705250,9555750,2023,12,2023-12,69.5,183.21,210.09,11.74,20.78,9.2162,30,100,1,0.3239,0.7296,100
LJ500_R119_C079,700750,9560750,2023,12,2023-12,65.81,171.56,196,15.07,23,7,30,100,1,0.2211,0.508,100
LJ500_R122_C070,696250,9562250,2023,12,2023-12,53.68,137.16,153.11,11.52,23,7,30,100,1,0.284,0.6291,100
LJ500_R125_C065,693750,9563750,2023,12,2023-12,47.57,111.4,126.73,11.21,23,7,30,100,1,0.6293,1.07,100
LJ500_R131_C053,687750,9566750,2023,12,2023-12,39.89,97.65,109.26,10.13,23,7,30,100,1,0.2904,0.649,100
LJ500_R132_C080,701250,9567250,2023,12,2023-12,65.64,152.4,175.03,15.42,23,7,30,100,1,0.4797,0.88,100
LJ500_R138_C087,704750,9570250,2023,12,2023-12,62.35,141.28,163.41,16.6,23,7,30,100,1,0.299,0.65,100
LJ500_R142_C071,696750,9572250,2023,12,2023-12,50.93,117,132.59,11.55,22,8,30,100,1,0.7087,1.2518,100
LJ500_R145_C054,688250,9573750,2023,12,2023-12,38.12,94.13,106.1,8.8411,21,9,30,100,1,0.7407,1.78,100
LJ500_R147_C083,702750,9574750,2023,12,2023-12,65.2,140.11,159.74,16.59,22,8,30,100,1,0.5399,0.8732,100
LJ500_R156_C028,675250,9579250,2023,12,2023-12,38.44,82.1,92.41,8.6091,22,8,30,100,1,0.4963,0.97,100
LJ500_R156_C067,694750,9579250,2023,12,2023-12,54.71,115.53,129.94,12.26,20,10,30,100,1,0.8063,1.32,100
LJ500_R156_C079,700750,9579250,2023,12,2023-12,65.2,140.11,159.74,16.59,22,8,30,100,1,0.7387,1.2322,100
LJ500_R157_C009,665750,9579750,2023,12,2023-12,35.58,70.88,82.3,8.7665,23.33,6.6731,30,100,1,0.208,0.5216,100
LJ500_R158_C065,693750,9580250,2023,12,2023-12,62.1,126.92,145.03,15.34,22,8,30,100,1,0.7447,1.76,100
LJ500_R160_C074,698250,9581250,2023,12,2023-12,63.22,129.5,146.66,13.75,21,9,30,100,1,0.7632,1.1999,100
LJ500_R161_C066,694250,9581750,2023,12,2023-12,62.46,127.75,145.55,14.83,21.68,8.3199,30,100,1,0.7765,1.3703,100
LJ500_R164_C043,682750,9583250,2023,12,2023-12,47.32,97.99,110.38,12.61,24,6,30,100,1,0.7517,1.4576,100
LJ500_R164_C059,690750,9583250,2023,12,2023-12,62.1,126.92,145.03,15.34,22,8,30,100,1,0.6909,1.7699,100
LJ500_R166_C072,697250,9584250,2023,12,2023-12,63.22,129.5,146.66,13.75,21,9,30,100,1,0.7053,1.0816,100
LJ500_R167_C067,694750,9584750,2023,12,2023-12,63.22,129.5,146.66,13.75,21,9,30,100,1,0.6147,0.98,100
LJ500_R168_C045,683750,9585250,2023,12,2023-12,50.8,105.31,120.03,14.38,22.67,7.3344,30,100,1,0.7603,1.7527,100
LJ500_R173_C033,677750,9587750,2023,12,2023-12,44.74,89.69,101.78,13.6,24,6,30,100,1,0.7056,1.7604,100
LJ500_R178_C063,692750,9590250,2023,12,2023-12,62.12,127.51,145.91,15.25,22,8,30,100,1,0.8467,1.57,100
LJ500_R179_C046,684250,9590750,2023,12,2023-12,53.13,108.21,122.27,12.7,22,8,30,100,1,1.6929,5.2451,100
LJ500_R180_C071,696750,9591250,2023,12,2023-12,63.67,131,147.01,15.42,21,9,30,100,1,0.6947,1.57,100
LJ500_R183_C039,680750,9592750,2023,12,2023-12,48.46,92.63,103.83,11.13,22,8,30,100,1,0.7461,1.6485,100
LJ500_R184_C039,680750,9593250,2023,12,2023-12,48.46,92.63,103.83,11.13,22,8,30,100,1,0.743,1.64,100
LJ500_R184_C066,694250,9593250,2023,12,2023-12,64.97,130.6,148.27,15.26,21,9,30,100,1,0.9147,1.5606,100
LJ500_R108_C065,693750,9555250,2024,1,2024-01,63.2,115.81,198.2,17.46,24,7,31,100,1,0.4574,0.93,100
LJ500_R109_C088,705250,9555750,2024,1,2024-01,94.16,163.66,277.37,36.85,24,7,31,100,1,0.4037,0.7977,100
LJ500_R119_C079,700750,9560750,2024,1,2024-01,98.19,164,269.75,29.8,23,8,31,100,1,0.2154,0.4976,100
LJ500_R122_C070,696250,9562250,2024,1,2024-01,75.49,129.17,212.65,26.32,24,7,31,100,1,0.3177,0.6918,100
LJ500_R125_C065,693750,9563750,2024,1,2024-01,41.38,88.95,152.78,11.78,22,9,31,100,1,0.7097,1.27,100
LJ500_R131_C053,687750,9566750,2024,1,2024-01,31.18,71.07,128.83,11.3,25,6,31,100,1,0.3059,0.637,100
LJ500_R132_C080,701250,9567250,2024,1,2024-01,94.1,159.75,246.5,28.3,21,10,31,100,1,0.5655,1.02,100
LJ500_R138_C087,704750,9570250,2024,1,2024-01,86.4,148.75,227.68,23.99,23,8,31,100,1,0.3674,0.66,100
LJ500_R142_C071,696750,9572250,2024,1,2024-01,65.97,116.9,182.97,17.51,22,9,31,100,1,0.7776,1.2948,100
LJ500_R145_C054,688250,9573750,2024,1,2024-01,33.92,72.04,128.05,14.65,26,5,31,100,1,0.7806,1.53,100
LJ500_R147_C083,702750,9574750,2024,1,2024-01,90.53,155.72,230.64,29.1,23,8,31,100,1,0.6206,1.0665,100
LJ500_R156_C028,675250,9579250,2024,1,2024-01,53.54,91.98,135.64,13.18,22,9,31,100,1,0.4697,0.94,100
LJ500_R156_C067,694750,9579250,2024,1,2024-01,62.4,117.11,177.94,15.78,23,8,31,100,1,0.8603,1.44,100
LJ500_R156_C079,700750,9579250,2024,1,2024-01,90.53,155.72,230.64,29.1,23,8,31,100,1,0.8097,1.4221,100
LJ500_R157_C009,665750,9579750,2024,1,2024-01,92.47,128.05,163.35,47.44,26.65,4.3461,31,100,1,0.2445,0.4457,100
LJ500_R158_C065,693750,9580250,2024,1,2024-01,56.9,119,183.82,16.85,25,6,31,100,1,0.8365,1.66,100
LJ500_R160_C074,698250,9581250,2024,1,2024-01,83.85,147.06,213.35,27.44,23,8,31,100,1,0.8235,1.4326,100
LJ500_R161_C066,694250,9581750,2024,1,2024-01,65.52,127.98,193.27,20.24,24.36,6.6398,31,100,1,0.8375,1.4428,100
LJ500_R164_C043,682750,9583250,2024,1,2024-01,69.43,116.75,167.41,16.26,25,6,31,100,1,0.7326,1.3266,100
LJ500_R164_C059,690750,9583250,2024,1,2024-01,56.9,119,183.82,16.85,25,6,31,100,1,0.7593,1.6761,100
LJ500_R166_C072,697250,9584250,2024,1,2024-01,83.85,147.06,213.35,27.44,23,8,31,100,1,0.7626,1.3113,100
LJ500_R167_C067,694750,9584750,2024,1,2024-01,83.85,147.06,213.35,27.44,23,8,31,100,1,0.6706,1.12,100
LJ500_R168_C045,683750,9585250,2024,1,2024-01,63.02,113.82,168.33,18.23,24.67,6.3344,31,100,1,0.7475,1.629,100
LJ500_R173_C033,677750,9587750,2024,1,2024-01,71.09,115.83,160.79,20.31,25.38,5.6226,31,100,1,0.5752,1.9554,100
LJ500_R178_C063,692750,9590250,2024,1,2024-01,71.37,133.5,198.88,21.96,24,7,31,100,1,0.9187,1.81,100
LJ500_R179_C046,684250,9590750,2024,1,2024-01,68.2,121.33,176.4,22.46,24,7,31,100,1,1.5508,3.4052,100
LJ500_R180_C071,696750,9591250,2024,1,2024-01,104.62,168.3,235.62,35.22,25,6,31,100,1,0.771,1.72,100
LJ500_R183_C039,680750,9592750,2024,1,2024-01,65.88,114.35,158.51,25.32,27,4,31,100,1,0.6457,1.8057,100
LJ500_R184_C039,680750,9593250,2024,1,2024-01,65.88,114.35,158.51,25.32,27,4,31,100,1,0.6377,1.81,100
LJ500_R184_C066,694250,9593250,2024,1,2024-01,74.12,139.09,204.72,22.16,24.02,6.9807,31,100,1,0.9819,1.838,100
LJ500_R108_C065,693750,9555250,2024,2,2024-02,47.59,110.78,163.4,16.55,25,6,31,100,1,0.4916,1.03,100
LJ500_R109_C088,705250,9555750,2024,2,2024-02,63.45,157.61,227.11,20.98,24.57,6.4325,31,100,1,0.395,0.9129,100
LJ500_R119_C079,700750,9560750,2024,2,2024-02,71.89,170.08,235.89,24.69,25,6,31,100,1,0.2157,0.5016,100
LJ500_R122_C070,696250,9562250,2024,2,2024-02,49.92,125.41,179.09,18.41,25,6,31,100,1,0.3381,0.7058,100
LJ500_R125_C065,693750,9563750,2024,2,2024-02,17.47,58.85,106.42,8.5413,28,3,31,100,1,0.7342,1.22,100
LJ500_R131_C053,687750,9566750,2024,2,2024-02,36.47,67.65,107.54,13.16,26,5,31,100,1,0.3272,0.5818,100
LJ500_R132_C080,701250,9567250,2024,2,2024-02,69.75,163.85,229.5,23.77,25,6,31,100,1,0.5752,1.02,100
LJ500_R138_C087,704750,9570250,2024,2,2024-02,59.29,145.69,208.05,22.84,25,6,31,100,1,0.3661,0.71,100
LJ500_R142_C071,696750,9572250,2024,2,2024-02,43.46,109.43,160.36,17.11,25,6,31,100,1,0.76,1.2148,100
LJ500_R145_C054,688250,9573750,2024,2,2024-02,12.3,46.22,84.34,7.0386,28,3,31,100,1,0.7529,1.76,100
LJ500_R147_C083,702750,9574750,2024,2,2024-02,62.41,152.93,218.13,17.48,23,8,31,100,1,0.6238,0.9934,100
LJ500_R156_C028,675250,9579250,2024,2,2024-02,39.6,93.14,131.58,20.11,27,4,31,100,1,0.4565,1,100
LJ500_R156_C067,694750,9579250,2024,2,2024-02,24.13,86.54,141.25,13.18,25,6,31,100,1,0.8303,1.34,100
LJ500_R156_C079,700750,9579250,2024,2,2024-02,62.41,152.93,218.13,17.48,23,8,31,100,1,0.7685,1.264,100
LJ500_R157_C009,665750,9579750,2024,2,2024-02,115.2,207.67,243.25,38.51,25.67,5.3269,31,100,1,0.2723,0.5885,100
LJ500_R158_C065,693750,9580250,2024,2,2024-02,16.84,73.74,135.84,10.16,28,3,31,100,1,0.8439,1.63,100
LJ500_R160_C074,698250,9581250,2024,2,2024-02,63.91,147.76,210.98,25.25,25,6,31,100,1,0.803,1.2952,100
LJ500_R161_C066,694250,9581750,2024,2,2024-02,31.9,97.42,159.87,14.99,27.04,3.9597,31,100,1,0.7964,1.345,100
LJ500_R164_C043,682750,9583250,2024,2,2024-02,64.7,134.12,181.44,25.58,25,6,31,100,1,0.6236,1.5409,100
LJ500_R164_C059,690750,9583250,2024,2,2024-02,16.84,73.74,135.84,10.16,28,3,31,100,1,0.9192,2.0521,100
LJ500_R166_C072,697250,9584250,2024,2,2024-02,63.91,147.76,210.98,25.25,25,6,31,100,1,0.7522,1.2076,100
LJ500_R167_C067,694750,9584750,2024,2,2024-02,63.91,147.76,210.98,25.25,25,6,31,100,1,0.6706,1.06,100
LJ500_R168_C045,683750,9585250,2024,2,2024-02,35.76,98.78,149.59,17,25.33,5.6656,31,100,1,0.7752,1.989,100
LJ500_R173_C033,677750,9587750,2024,2,2024-02,64.76,135.86,180.59,28.04,26.62,4.3774,31,100,1,0.8308,2.3392,100
LJ500_R178_C063,692750,9590250,2024,2,2024-02,24.33,95.7,157.83,12.94,28,3,31,100,1,0.8732,1.68,100
LJ500_R179_C046,684250,9590750,2024,2,2024-02,33.47,101.66,154.79,16.15,26,5,31,100,1,2.2246,6.0233,100
LJ500_R180_C071,696750,9591250,2024,2,2024-02,66.55,171.17,234.85,28.32,27,4,31,100,1,0.89,1.92,100
LJ500_R183_C039,680750,9592750,2024,2,2024-02,35.74,101.62,150.09,18.58,26,5,31,100,1,0.815,2.1972,100
LJ500_R184_C039,680750,9593250,2024,2,2024-02,35.74,101.62,150.09,18.58,26,5,31,100,1,0.8203,2.21,100
LJ500_R184_C066,694250,9593250,2024,2,2024-02,15.29,89.41,154.38,10.09,27.98,3.0193,31,100,1,0.8898,1.6161,100
LJ500_R108_C065,693750,9555250,2024,3,2024-03,134.29,181.88,245.08,37.36,23,6,29,100,1,0.271,0.56,100
LJ500_R109_C088,705250,9555750,2024,3,2024-03,130.62,194.07,288.23,32.05,22.43,6.5675,29,100,1,0.2569,0.5095,100
LJ500_R119_C079,700750,9560750,2024,3,2024-03,159.85,231.74,329.93,50.65,24,5,29,100,1,0.1702,0.3996,100
LJ500_R122_C070,696250,9562250,2024,3,2024-03,170.01,219.93,295.42,62.95,26,3,29,100,1,0.2089,0.4534,100
LJ500_R125_C065,693750,9563750,2024,3,2024-03,154.04,171.51,212.88,42.92,24,5,29,100,1,0.421,0.94,100
LJ500_R131_C053,687750,9566750,2024,3,2024-03,132.43,168.9,200.08,48.65,26,3,29,100,1,0.2003,0.4748,100
LJ500_R132_C080,701250,9567250,2024,3,2024-03,168.3,238.05,332.15,65.15,25,4,29,100,1,0.3341,0.72,100
LJ500_R138_C087,704750,9570250,2024,3,2024-03,192.71,252,338.4,63.43,24,5,29,100,1,0.2259,0.48,100
LJ500_R142_C071,696750,9572250,2024,3,2024-03,197.44,240.9,306.87,100.15,27,2,29,100,1,0.4843,1.0538,100
LJ500_R145_C054,688250,9573750,2024,3,2024-03,171.34,183.65,217.57,105.17,27,2,29,100,1,0.6431,1.29,100
LJ500_R147_C083,702750,9574750,2024,3,2024-03,228.27,290.68,381.21,104.43,26,3,29,100,1,0.3786,0.8078,100
LJ500_R156_C028,675250,9579250,2024,3,2024-03,293.99,333.59,387.13,150.79,26,3,29,100,1,0.4569,1.44,100
LJ500_R156_C067,694750,9579250,2024,3,2024-03,214.37,238.5,300.9,114.26,26,3,29,100,1,0.5434,1.16,100
LJ500_R156_C079,700750,9579250,2024,3,2024-03,228.27,290.68,381.21,104.43,26,3,29,100,1,0.5312,1.1061,100
LJ500_R157_C009,665750,9579750,2024,3,2024-03,416.87,532.07,624.54,201.89,24.67,4.3269,29,100,1,0.2455,0.4448,100
LJ500_R158_C065,693750,9580250,2024,3,2024-03,220.82,237.66,294.56,94.96,24,5,29,100,1,0.7014,1.37,100
LJ500_R160_C074,698250,9581250,2024,3,2024-03,240.46,304.37,388.21,89.01,25,4,29,100,1,0.5224,1.1036,100
LJ500_R161_C066,694250,9581750,2024,3,2024-03,227.1,259,324.52,93.05,24.32,4.6801,29,100,1,0.5683,1.1606,100
LJ500_R164_C043,682750,9583250,2024,3,2024-03,286.13,350.82,420.25,142.11,25,4,29,100,1,0.525,1.1018,100
LJ500_R164_C059,690750,9583250,2024,3,2024-03,220.82,237.66,294.56,94.96,24,5,29,100,1,0.7375,1.7966,100
LJ500_R166_C072,697250,9584250,2024,3,2024-03,240.46,304.37,388.21,89.01,25,4,29,100,1,0.4812,0.995,100
LJ500_R167_C067,694750,9584750,2024,3,2024-03,240.46,304.37,388.21,89.01,25,4,29,100,1,0.4048,0.83,100
LJ500_R168_C045,683750,9585250,2024,3,2024-03,253.18,288.95,351.97,124.41,25.33,3.6656,29,100,1,0.6883,1.7963,100
LJ500_R173_C033,677750,9587750,2024,3,2024-03,332.7,397.46,468.56,158.23,25,4,29,100,1,0.7051,2.1554,100
LJ500_R178_C063,692750,9590250,2024,3,2024-03,243.41,267.74,339.11,99.66,25,4,29,100,1,0.7628,1.73,100
LJ500_R179_C046,684250,9590750,2024,3,2024-03,269.19,302.66,370.85,150.01,26,3,29,100,1,1.6359,4.2548,100
LJ500_R180_C071,696750,9591250,2024,3,2024-03,256.42,322.98,427.6,138.48,27,2,29,100,1,0.7741,2.03,100
LJ500_R183_C039,680750,9592750,2024,3,2024-03,311.07,346.8,412.69,141.91,24,5,29,100,1,0.7468,2.2544,100
LJ500_R184_C039,680750,9593250,2024,3,2024-03,311.07,346.8,412.69,141.91,24,5,29,100,1,0.7524,2.28,100
LJ500_R184_C066,694250,9593250,2024,3,2024-03,244.21,259.49,333.62,130.56,26.02,2.9807,29,100,1,0.8142,1.6938,100
LJ500_R108_C065,693750,9555250,2024,4,2024-04,89.49,223.79,271.37,36.02,26,5,31,100,1,0.3181,0.8,100
LJ500_R109_C088,705250,9555750,2024,4,2024-04,103.92,234.54,298,44.89,25.57,5.4325,31,100,1,0.2886,0.734,100
LJ500_R119_C079,700750,9560750,2024,4,2024-04,103.23,263.08,334.97,37.54,25,6,31,100,1,0.1354,0.5396,100
LJ500_R122_C070,696250,9562250,2024,4,2024-04,89.96,259.97,309.89,27.88,25,6,31,100,1,0.1942,0.5826,100
LJ500_R125_C065,693750,9563750,2024,4,2024-04,43.27,197.31,214.78,19.86,26,5,31,100,1,0.55,1.19,100
LJ500_R131_C053,687750,9566750,2024,4,2024-04,30.1,162.53,199,13.85,27,4,31,100,1,0.2085,0.5111,100
LJ500_R132_C080,701250,9567250,2024,4,2024-04,86.68,254.98,324.73,25.74,22,9,31,100,1,0.4158,0.95,100
LJ500_R138_C087,704750,9570250,2024,4,2024-04,85.46,278.16,337.46,28.76,24,7,31,100,1,0.2413,0.61,100
LJ500_R142_C071,696750,9572250,2024,4,2024-04,70.02,267.46,310.92,31.06,26,5,31,100,1,0.6129,1.2896,100
LJ500_R145_C054,688250,9573750,2024,4,2024-04,38.2,209.54,221.85,14.7,26,5,31,100,1,0.6555,1.79,100
LJ500_R147_C083,702750,9574750,2024,4,2024-04,78.89,307.16,369.57,38.09,27,4,31,100,1,0.4675,0.9478,100
LJ500_R156_C028,675250,9579250,2024,4,2024-04,72.6,366.59,406.19,42.23,28,3,31,100,1,0.4806,0.83,100
LJ500_R156_C067,694750,9579250,2024,4,2024-04,60.83,275.2,299.33,40.55,28,3,31,100,1,0.6787,1.25,100
LJ500_R156_C079,700750,9579250,2024,4,2024-04,78.89,307.16,369.57,38.09,27,4,31,100,1,0.6422,1.2943,100
LJ500_R157_C009,665750,9579750,2024,4,2024-04,131.23,548.11,663.31,53.66,27,4,31,100,1,0.2713,0.5562,100
LJ500_R158_C065,693750,9580250,2024,4,2024-04,58,278.82,295.66,38.67,28,3,31,100,1,0.7016,2.05,100
LJ500_R160_C074,698250,9581250,2024,4,2024-04,79.34,319.8,383.71,42.19,27,4,31,100,1,0.6503,1.1931,100
LJ500_R161_C066,694250,9581750,2024,4,2024-04,64.83,291.93,323.83,39.79,27.68,3.3199,31,100,1,0.6597,1.4005,100
LJ500_R164_C043,682750,9583250,2024,4,2024-04,80.83,366.96,431.65,39.77,27,4,31,100,1,0.6075,1.2833,100
LJ500_R164_C059,690750,9583250,2024,4,2024-04,58,278.82,295.66,38.67,28,3,31,100,1,0.7434,2.1522,100
LJ500_R166_C072,697250,9584250,2024,4,2024-04,79.34,319.8,383.71,42.19,27,4,31,100,1,0.5946,1.0645,100
LJ500_R167_C067,694750,9584750,2024,4,2024-04,79.34,319.8,383.71,42.19,27,4,31,100,1,0.5116,0.9,100
LJ500_R168_C045,683750,9585250,2024,4,2024-04,64.28,317.46,353.22,44.83,28,3,31,100,1,0.6707,1.8754,100
LJ500_R173_C033,677750,9587750,2024,4,2024-04,90.56,423.26,488.02,64.89,28.62,2.3774,31,100,1,0.6694,2.1619,100
LJ500_R178_C063,692750,9590250,2024,4,2024-04,61.25,304.66,328.99,49,29,2,31,100,1,0.7774,2.07,100
LJ500_R179_C046,684250,9590750,2024,4,2024-04,69.13,338.32,371.79,41.71,27.44,3.5562,31,100,1,1.7627,3.5857,100
LJ500_R180_C071,696750,9591250,2024,4,2024-04,87.1,343.52,410.07,69.68,29,2,31,100,1,0.7432,2.26,100
LJ500_R183_C039,680750,9592750,2024,4,2024-04,84.04,395.1,430.84,52.46,28,3,31,100,1,0.7105,2.0272,100
LJ500_R184_C039,680750,9593250,2024,4,2024-04,84.04,395.1,430.84,52.46,28,3,31,100,1,0.7135,2.04,100
LJ500_R184_C066,694250,9593250,2024,4,2024-04,64.38,308.59,323.87,48.37,29,2,31,100,1,0.824,1.9985,100
LJ500_R108_C065,693750,9555250,2024,5,2024-05,40.45,129.94,264.23,15.04,25,5,30,100,1,0.33,0.9,100
LJ500_R109_C088,705250,9555750,2024,5,2024-05,42.88,146.8,277.42,21.04,25.78,4.2162,30,100,1,0.254,0.7242,100
LJ500_R119_C079,700750,9560750,2024,5,2024-05,44.25,147.47,307.32,16.1,25,5,30,100,1,0.1395,0.4876,100
LJ500_R122_C070,696250,9562250,2024,5,2024-05,35.71,125.67,295.68,20.02,26,4,30,100,1,0.2136,0.6605,100
LJ500_R125_C065,693750,9563750,2024,5,2024-05,24.97,68.24,222.27,12.66,27,3,30,100,1,0.5657,1.18,100
LJ500_R131_C053,687750,9566750,2024,5,2024-05,24.21,54.31,186.74,11.98,27,3,30,100,1,0.221,0.6485,100
LJ500_R132_C080,701250,9567250,2024,5,2024-05,47.02,133.69,302,17.56,25,5,30,100,1,0.4123,0.94,100
LJ500_R138_C087,704750,9570250,2024,5,2024-05,45.63,131.09,323.8,23.13,25,5,30,100,1,0.223,0.66,100
LJ500_R142_C071,696750,9572250,2024,5,2024-05,37.89,107.91,305.36,18.86,26,4,30,100,1,0.645,1.1592,100
LJ500_R145_C054,688250,9573750,2024,5,2024-05,24.57,62.77,234.11,12.48,28,2,30,100,1,0.6677,1.15,100
LJ500_R147_C083,702750,9574750,2024,5,2024-05,47.37,126.26,354.53,22.79,25,5,30,100,1,0.4797,0.9419,100
LJ500_R156_C028,675250,9579250,2024,5,2024-05,39.87,112.47,406.46,11.42,26,4,30,100,1,0.483,0.91,100
LJ500_R156_C067,694750,9579250,2024,5,2024-05,31.81,92.64,307.01,15.62,26,4,30,100,1,0.736,1.2,100
LJ500_R156_C079,700750,9579250,2024,5,2024-05,47.37,126.26,354.53,22.79,25,5,30,100,1,0.6937,1.2202,100
LJ500_R157_C009,665750,9579750,2024,5,2024-05,71.38,202.61,619.49,24.92,22.35,7.6539,30,100,1,0.2821,0.5666,100
LJ500_R158_C065,693750,9580250,2024,5,2024-05,29.99,87.99,308.81,11.27,27,3,30,100,1,0.724,1.36,100
LJ500_R160_C074,698250,9581250,2024,5,2024-05,43.11,122.45,362.91,13.64,25,5,30,100,1,0.7042,1.1826,100
LJ500_R161_C066,694250,9581750,2024,5,2024-05,34.18,99.01,326.12,12.03,26.36,3.6398,30,100,1,0.7175,1.2019,100
LJ500_R164_C043,682750,9583250,2024,5,2024-05,48.16,128.98,415.11,16.05,24,6,30,100,1,0.6673,1.0133,100
LJ500_R164_C059,690750,9583250,2024,5,2024-05,29.99,87.99,308.81,11.27,27,3,30,100,1,0.6555,1.2602,100
LJ500_R166_C072,697250,9584250,2024,5,2024-05,43.11,122.45,362.91,13.64,25,5,30,100,1,0.6424,1.0704,100
LJ500_R167_C067,694750,9584750,2024,5,2024-05,43.11,122.45,362.91,13.64,25,5,30,100,1,0.5457,0.92,100
LJ500_R168_C045,683750,9585250,2024,5,2024-05,39.2,103.48,356.67,14.71,26.33,3.6687,30,100,1,0.6746,1.0773,100
LJ500_R173_C033,677750,9587750,2024,5,2024-05,52.01,142.57,475.27,13.96,24,6,30,100,1,0.5096,1.0127,100
LJ500_R178_C063,692750,9590250,2024,5,2024-05,37.99,99.24,342.65,13.85,27,3,30,100,1,0.8877,1.45,100
LJ500_R179_C046,684250,9590750,2024,5,2024-05,41.86,110.98,380.17,14.48,24.72,5.2781,30,100,1,1.3308,3.7217,100
LJ500_R180_C071,696750,9591250,2024,5,2024-05,49.9,136.99,393.41,17.12,24,6,30,100,1,0.7687,1.35,100
LJ500_R183_C039,680750,9592750,2024,5,2024-05,44.1,128.14,439.2,14.68,24,6,30,100,1,0.6304,1.0815,100
LJ500_R184_C039,680750,9593250,2024,5,2024-05,44.1,128.14,439.2,14.68,24,6,30,100,1,0.626,1.09,100
LJ500_R184_C066,694250,9593250,2024,5,2024-05,37.49,101.87,346.07,14.42,26.94,3.058,30,100,1,0.9683,1.4962,100
LJ500_R108_C065,693750,9555250,2024,6,2024-06,26.9,67.35,156.84,12.8,26,5,31,100,1,0.2052,0.64,100
LJ500_R109_C088,705250,9555750,2024,6,2024-06,31.63,74.51,178.43,17.23,27.57,3.4325,31,100,1,0.1805,0.4612,100
LJ500_R119_C079,700750,9560750,2024,6,2024-06,33.76,78.01,181.23,13.47,25,6,31,100,1,0.1189,0.2796,100
LJ500_R122_C070,696250,9562250,2024,6,2024-06,23.91,59.61,149.58,11.33,26,5,31,100,1,0.1379,0.3983,100
LJ500_R125_C065,693750,9563750,2024,6,2024-06,17.51,42.48,85.75,7.7068,27,4,31,100,1,0.3739,0.79,100
LJ500_R131_C053,687750,9566750,2024,6,2024-06,14.11,38.33,68.42,4.4334,28,3,31,100,1,0.2076,0.529,100
LJ500_R132_C080,701250,9567250,2024,6,2024-06,37.63,84.65,171.33,17.64,25,6,31,100,1,0.2526,0.54,100
LJ500_R138_C087,704750,9570250,2024,6,2024-06,39.73,85.37,170.82,17.9,25,6,31,100,1,0.1577,0.45,100
LJ500_R142_C071,696750,9572250,2024,6,2024-06,30.4,68.29,138.31,13.59,26,5,31,100,1,0.4282,0.7948,100
LJ500_R145_C054,688250,9573750,2024,6,2024-06,9.2402,33.81,72.01,3.9995,27,4,31,100,1,0.5561,1.15,100
LJ500_R147_C083,702750,9574750,2024,6,2024-06,39.92,87.29,166.18,15.58,24,7,31,100,1,0.3092,0.6417,100
LJ500_R156_C028,675250,9579250,2024,6,2024-06,21.61,61.47,134.07,8.2193,28,3,31,100,1,0.5148,0.93,100
LJ500_R156_C067,694750,9579250,2024,6,2024-06,25.98,57.79,118.62,10.03,25,6,31,100,1,0.5071,0.87,100
LJ500_R156_C079,700750,9579250,2024,6,2024-06,39.92,87.29,166.18,15.58,24,7,31,100,1,0.4724,0.8561,100
LJ500_R157_C009,665750,9579750,2024,6,2024-06,53.66,125.04,256.28,19.37,24,7,31,100,1,0.2806,0.6239,100
LJ500_R158_C065,693750,9580250,2024,6,2024-06,27.12,57.1,115.1,15.64,26,5,31,100,1,0.5742,1.15,100
LJ500_R160_C074,698250,9581250,2024,6,2024-06,36.7,79.81,159.15,21.66,26,5,31,100,1,0.48,0.8368,100
LJ500_R161_C066,694250,9581750,2024,6,2024-06,30.18,64.37,129.2,17.57,26,5,31,100,1,0.5187,0.9469,100
LJ500_R164_C043,682750,9583250,2024,6,2024-06,31.14,79.29,160.12,11.05,25,6,31,100,1,0.5694,1.1347,100
LJ500_R164_C059,690750,9583250,2024,6,2024-06,27.12,57.1,115.1,15.64,26,5,31,100,1,0.5546,1.3909,100
LJ500_R166_C072,697250,9584250,2024,6,2024-06,36.7,79.81,159.15,21.66,26,5,31,100,1,0.4462,0.7973,100
LJ500_R167_C067,694750,9584750,2024,6,2024-06,36.7,79.81,159.15,21.66,26,5,31,100,1,0.3852,0.73,100
LJ500_R168_C045,683750,9585250,2024,6,2024-06,24.84,64.04,128.32,13.2,27.33,3.6656,31,100,1,0.5816,1.2273,100
LJ500_R173_C033,677750,9587750,2024,6,2024-06,28.82,80.83,171.4,17.5,26.87,4.1323,31,100,1,0.5129,1.4276,100
LJ500_R178_C063,692750,9590250,2024,6,2024-06,30.06,68.05,129.3,18.22,26,5,31,100,1,0.7119,1.25,100
LJ500_R179_C046,684250,9590750,2024,6,2024-06,24.43,66.28,135.41,13.98,28,3,31,100,1,1.0533,4.0948,100
LJ500_R180_C071,696750,9591250,2024,6,2024-06,36.26,86.15,173.25,10.43,26,5,31,100,1,0.6413,1.27,100
LJ500_R183_C039,680750,9592750,2024,6,2024-06,21.58,65.68,149.72,11.09,27,4,31,100,1,0.5721,1.263,100
LJ500_R184_C039,680750,9593250,2024,6,2024-06,21.58,65.68,149.72,11.09,27,4,31,100,1,0.57,1.28,100
LJ500_R184_C066,694250,9593250,2024,6,2024-06,26.21,63.7,128.08,15.36,26,5,31,100,1,0.7903,1.3377,100
LJ500_R108_C065,693750,9555250,2024,7,2024-07,21.49,48.39,88.84,10.18,24,6,30,100,1,0.267,0.49,100
LJ500_R109_C088,705250,9555750,2024,7,2024-07,46.37,78,120.87,18.1,24.22,5.7838,30,100,1,0.1846,0.4616,100
LJ500_R119_C079,700750,9560750,2024,7,2024-07,41.16,74.93,119.17,11.13,25,5,30,100,1,0.1238,0.388,100
LJ500_R122_C070,696250,9562250,2024,7,2024-07,24.05,47.96,83.66,6.5169,26,4,30,100,1,0.1637,0.3981,100
LJ500_R125_C065,693750,9563750,2024,7,2024-07,10.68,28.19,53.16,3.9369,24,6,30,100,1,0.3933,0.68,100
LJ500_R131_C053,687750,9566750,2024,7,2024-07,4.3685,18.48,42.69,0.9842,30,0,30,100,1,0.2071,0.3999,100
LJ500_R132_C080,701250,9567250,2024,7,2024-07,34.02,71.65,118.67,7.771,25,5,30,100,1,0.2787,0.55,100
LJ500_R138_C087,704750,9570250,2024,7,2024-07,29.86,69.59,115.23,11.22,24,6,30,100,1,0.1607,0.49,100
LJ500_R142_C071,696750,9572250,2024,7,2024-07,21.35,51.75,89.64,8.5223,24,6,30,100,1,0.4177,0.7982,100
LJ500_R145_C054,688250,9573750,2024,7,2024-07,3.5603,12.8,37.37,0.7896,30,0,30,100,1,0.497,1.04,100
LJ500_R147_C083,702750,9574750,2024,7,2024-07,33.32,73.24,120.61,11.65,23,7,30,100,1,0.313,0.5832,100
LJ500_R156_C028,675250,9579250,2024,7,2024-07,2.7102,24.32,64.18,0.694,30,0,30,100,1,0.575,0.99,100
LJ500_R156_C067,694750,9579250,2024,7,2024-07,18.13,44.11,75.92,5.811,23,7,30,100,1,0.4817,1,100
LJ500_R156_C079,700750,9579250,2024,7,2024-07,33.32,73.24,120.61,11.65,23,7,30,100,1,0.4388,0.8761,100
LJ500_R157_C009,665750,9579750,2024,7,2024-07,12.05,65.71,137.09,8.1381,28,2,30,100,1,0.2358,0.6921,100
LJ500_R158_C065,693750,9580250,2024,7,2024-07,20.01,47.13,77.11,9.6685,24,6,30,100,1,0.563,1.09,100
LJ500_R160_C074,698250,9581250,2024,7,2024-07,27.86,64.56,107.67,9.2613,23,7,30,100,1,0.4549,0.8958,100
LJ500_R161_C066,694250,9581750,2024,7,2024-07,22.52,52.71,86.89,9.5382,23.68,6.3199,30,100,1,0.4832,0.9963,100
LJ500_R164_C043,682750,9583250,2024,7,2024-07,12.34,43.48,91.63,6.5118,25,5,30,100,1,0.5284,1.3405,100
LJ500_R164_C059,690750,9583250,2024,7,2024-07,20.01,47.13,77.11,9.6685,24,6,30,100,1,0.5852,1.342,100
LJ500_R166_C072,697250,9584250,2024,7,2024-07,27.86,64.56,107.67,9.2613,23,7,30,100,1,0.4219,0.8386,100
LJ500_R167_C067,694750,9584750,2024,7,2024-07,27.86,64.56,107.67,9.2613,23,7,30,100,1,0.3733,0.75,100
LJ500_R168_C045,683750,9585250,2024,7,2024-07,14.99,39.82,79.03,7.3425,24,6,30,100,1,0.5293,1.2173,100
LJ500_R173_C033,677750,9587750,2024,7,2024-07,9.5664,38.39,90.4,5.5811,27.49,2.5098,30,100,1,0.4962,1.5168,100
LJ500_R178_C063,692750,9590250,2024,7,2024-07,23.11,53.17,91.16,11.17,24,6,30,100,1,0.5827,1.22,100
LJ500_R179_C046,684250,9590750,2024,7,2024-07,16.04,40.47,82.32,8.7813,24,6,30,100,1,1.8668,3.7738,100
LJ500_R180_C071,696750,9591250,2024,7,2024-07,31.32,67.58,117.47,13.19,24,6,30,100,1,0.553,1.21,100
LJ500_R183_C039,680750,9592750,2024,7,2024-07,7.5234,29.1,73.2,4.6996,29,1,30,100,1,0.4959,1.3057,100
LJ500_R184_C039,680750,9593250,2024,7,2024-07,7.5234,29.1,73.2,4.6996,29,1,30,100,1,0.4943,1.31,100
LJ500_R184_C066,694250,9593250,2024,7,2024-07,23.36,49.57,87.06,11.22,24,6,30,100,1,0.6113,1.3071,100
LJ500_R108_C065,693750,9555250,2024,8,2024-08,11.05,32.54,59.44,5.6814,29,2,31,100,1,0.2132,0.58,100
LJ500_R109_C088,705250,9555750,2024,8,2024-08,35.97,82.34,113.97,7.9023,26,5,31,100,1,0.2181,0.5676,100
LJ500_R119_C079,700750,9560750,2024,8,2024-08,30.77,71.93,105.69,16.61,29,2,31,100,1,0.194,0.4148,100
LJ500_R122_C070,696250,9562250,2024,8,2024-08,15.25,39.3,63.21,7.9108,29,2,31,100,1,0.162,0.3965,100
LJ500_R125_C065,693750,9563750,2024,8,2024-08,1.4465,12.13,29.64,1.4465,30,1,31,100,1,0.2684,0.84,100
LJ500_R131_C053,687750,9566750,2024,8,2024-08,0.0234,4.3919,18.5,0.0234,31,0,31,100,1,0.1861,0.478,100
LJ500_R132_C080,701250,9567250,2024,8,2024-08,22.71,56.73,94.36,11.73,29,2,31,100,1,0.2761,0.75,100
LJ500_R138_C087,704750,9570250,2024,8,2024-08,18.73,48.59,88.32,6.7526,28,3,31,100,1,0.2306,0.54,100
LJ500_R142_C071,696750,9572250,2024,8,2024-08,10.9,32.25,62.65,5.5319,29,2,31,100,1,0.383,0.935,100
LJ500_R145_C054,688250,9573750,2024,8,2024-08,0.0206,3.581,12.82,0.0206,31,0,31,100,1,0.6706,1.43,100
LJ500_R147_C083,702750,9574750,2024,8,2024-08,20.79,54.11,94.03,20.79,30,1,31,100,1,0.3048,0.7534,100
LJ500_R156_C028,675250,9579250,2024,8,2024-08,0,2.7102,24.32,0,31,0,31,100,1,0.6184,1,100
LJ500_R156_C067,694750,9579250,2024,8,2024-08,9.672,27.8,53.78,5.1589,29,2,31,100,1,0.4139,0.98,100
LJ500_R156_C079,700750,9579250,2024,8,2024-08,20.79,54.11,94.03,20.79,30,1,31,100,1,0.476,1.0142,100
LJ500_R157_C009,665750,9579750,2024,8,2024-08,0,12.05,65.71,0,31,0,31,100,1,0.3376,0.9196,100
LJ500_R158_C065,693750,9580250,2024,8,2024-08,9.3757,29.39,56.51,4.7529,29,2,31,100,1,0.8945,1.69,100
LJ500_R160_C074,698250,9581250,2024,8,2024-08,16.25,44.11,80.81,5.7327,28,3,31,100,1,0.4112,0.9042,100
LJ500_R161_C066,694250,9581750,2024,8,2024-08,11.58,34.1,64.28,5.0663,28.68,2.3199,31,100,1,0.4986,1.0595,100
LJ500_R164_C043,682750,9583250,2024,8,2024-08,0,12.34,43.48,0,31,0,31,100,1,0.3956,1.0476,100
LJ500_R164_C059,690750,9583250,2024,8,2024-08,9.3757,29.39,56.51,4.7529,29,2,31,100,1,1.0647,2.1583,100
LJ500_R166_C072,697250,9584250,2024,8,2024-08,16.25,44.11,80.81,5.7327,28,3,31,100,1,0.3269,0.8139,100
LJ500_R167_C067,694750,9584750,2024,8,2024-08,16.25,44.11,80.81,5.7327,28,3,31,100,1,0.2271,0.68,100
LJ500_R168_C045,683750,9585250,2024,8,2024-08,6.1431,21.13,45.97,3.1978,29,2,31,100,1,0.8232,1.9044,100
LJ500_R173_C033,677750,9587750,2024,8,2024-08,0,9.5664,38.39,0,31,0,31,100,1,0.9364,2.5387,100
LJ500_R178_C063,692750,9590250,2024,8,2024-08,12.28,35.39,65.45,6.148,29,2,31,100,1,0.749,1.38,100
LJ500_R179_C046,684250,9590750,2024,8,2024-08,7.2271,23.27,47.69,3.8131,29,2,31,100,1,2.7369,5.1754,100
LJ500_R180_C071,696750,9591250,2024,8,2024-08,18.78,50.1,86.36,7.067,28,3,31,100,1,0.8735,1.87,100
LJ500_R183_C039,680750,9592750,2024,8,2024-08,0,7.5234,29.1,0,31,0,31,100,1,0.8932,2.2902,100
LJ500_R184_C039,680750,9593250,2024,8,2024-08,0,7.5234,29.1,0,31,0,31,100,1,0.9035,2.32,100
LJ500_R184_C066,694250,9593250,2024,8,2024-08,14.58,37.94,64.15,5.3938,28,3,31,100,1,0.5987,1.2749,100
LJ500_R108_C065,693750,9555250,2024,9,2024-09,21.87,32.92,54.41,9.1832,25,6,31,100,1,0.2458,0.63,100
LJ500_R109_C088,705250,9555750,2024,9,2024-09,41.48,77.45,123.82,17.86,25,6,31,100,1,0.1801,0.435,100
LJ500_R119_C079,700750,9560750,2024,9,2024-09,36.93,67.7,108.86,16.35,25,6,31,100,1,0.1376,0.3808,100
LJ500_R122_C070,696250,9562250,2024,9,2024-09,22.08,37.33,61.38,9.887,25,6,31,100,1,0.1629,0.473,100
LJ500_R125_C065,693750,9563750,2024,9,2024-09,9.5071,10.95,21.64,4.3497,27,4,31,100,1,0.3726,0.84,100
LJ500_R131_C053,687750,9566750,2024,9,2024-09,6.6342,6.6577,11.03,3.0557,30,1,31,100,1,0.2439,0.5676,100
LJ500_R132_C080,701250,9567250,2024,9,2024-09,30.65,53.36,87.37,13.44,25,6,31,100,1,0.269,0.63,100
LJ500_R138_C087,704750,9570250,2024,9,2024-09,25.5,44.23,74.09,10.86,25,6,31,100,1,0.1635,0.38,100
LJ500_R142_C071,696750,9572250,2024,9,2024-09,16.33,27.23,48.58,6.9448,25,6,31,100,1,0.4323,0.9526,100
LJ500_R145_C054,688250,9573750,2024,9,2024-09,5.6418,5.6625,9.2228,2.6027,30,1,31,100,1,0.6245,1.37,100
LJ500_R147_C083,702750,9574750,2024,9,2024-09,22.62,43.41,76.73,9.8657,25,6,31,100,1,0.3155,0.7191,100
LJ500_R156_C028,675250,9579250,2024,9,2024-09,3.4601,3.4601,6.1703,1.4811,30,1,31,100,1,0.6194,0.97,100
LJ500_R156_C067,694750,9579250,2024,9,2024-09,14.87,24.54,42.66,6.6201,26,5,31,100,1,0.521,1.1,100
LJ500_R156_C079,700750,9579250,2024,9,2024-09,22.62,43.41,76.73,9.8657,25,6,31,100,1,0.4723,1.0021,100
LJ500_R157_C009,665750,9579750,2024,9,2024-09,7.1221,7.1221,19.17,2.6983,28,3,31,100,1,0.2251,0.598,100
LJ500_R158_C065,693750,9580250,2024,9,2024-09,15.68,25.06,45.07,7.2228,26,5,31,100,1,0.7542,1.73,100
LJ500_R160_C074,698250,9581250,2024,9,2024-09,18.59,34.84,62.69,8.5051,25,6,31,100,1,0.4819,1.0247,100
LJ500_R161_C066,694250,9581750,2024,9,2024-09,16.61,28.19,50.71,7.633,25.68,5.3199,31,100,1,0.5637,1.2427,100
LJ500_R164_C043,682750,9583250,2024,9,2024-09,9.8541,9.8541,22.19,4.095,27,4,31,100,1,0.6249,1.3071,100
LJ500_R164_C059,690750,9583250,2024,9,2024-09,15.68,25.06,45.07,7.2228,26,5,31,100,1,0.8299,2.0203,100
LJ500_R166_C072,697250,9584250,2024,9,2024-09,18.59,34.84,62.69,8.5051,25,6,31,100,1,0.4596,0.9393,100
LJ500_R167_C067,694750,9584750,2024,9,2024-09,18.59,34.84,62.69,8.5051,25,6,31,100,1,0.4326,0.82,100
LJ500_R168_C045,683750,9585250,2024,9,2024-09,11.84,17.98,32.97,5.2251,25.67,5.3344,31,100,1,0.7361,1.5063,100
LJ500_R173_C033,677750,9587750,2024,9,2024-09,7.331,7.331,16.9,3.2646,28.62,2.3774,31,100,1,0.7533,1.6291,100
LJ500_R178_C063,692750,9590250,2024,9,2024-09,17.19,29.47,52.59,7.6823,25,6,31,100,1,0.7416,1.62,100
LJ500_R179_C046,684250,9590750,2024,9,2024-09,13.19,20.42,36.46,5.7426,25,6,31,100,1,1.7448,4.3929,100
LJ500_R180_C071,696750,9591250,2024,9,2024-09,22.67,41.45,72.77,9.7509,25,6,31,100,1,0.7645,1.68,100
LJ500_R183_C039,680750,9592750,2024,9,2024-09,6.8112,6.8112,14.33,3.0818,29,2,31,100,1,0.7562,1.5372,100
LJ500_R184_C039,680750,9593250,2024,9,2024-09,6.8112,6.8112,14.33,3.0818,29,2,31,100,1,0.7568,1.55,100
LJ500_R184_C066,694250,9593250,2024,9,2024-09,19.42,34,57.36,8.7069,25,6,31,100,1,0.6996,1.6759,100
LJ500_R108_C065,693750,9555250,2024,10,2024-10,25.23,47.1,58.15,14.39,26,4,30,100,1,0.2017,0.59,100
LJ500_R109_C088,705250,9555750,2024,10,2024-10,36.37,77.85,113.82,15.82,26,4,30,100,1,0.1523,0.4309,100
LJ500_R119_C079,700750,9560750,2024,10,2024-10,36.13,73.06,103.83,15.81,26,4,30,100,1,0.107,0.4316,100
LJ500_R122_C070,696250,9562250,2024,10,2024-10,25.03,47.11,62.36,10.78,26,4,30,100,1,0.1315,0.4962,100
LJ500_R125_C065,693750,9563750,2024,10,2024-10,26,35.5,36.95,10.83,26,4,30,100,1,0.3293,0.86,100
LJ500_R131_C053,687750,9566750,2024,10,2024-10,18.71,25.34,25.36,10.52,26,4,30,100,1,0.1681,0.5764,100
LJ500_R132_C080,701250,9567250,2024,10,2024-10,30.82,61.47,84.17,12.57,26,4,30,100,1,0.2483,0.65,100
LJ500_R138_C087,704750,9570250,2024,10,2024-10,28.42,53.93,72.66,11.65,26,4,30,100,1,0.1503,0.43,100
LJ500_R142_C071,696750,9572250,2024,10,2024-10,21.06,37.39,48.28,8.5457,26,4,30,100,1,0.3816,1.0238,100
LJ500_R145_C054,688250,9573750,2024,10,2024-10,17.58,23.22,23.24,9.6313,26,4,30,100,1,0.5153,1.29,100
LJ500_R147_C083,702750,9574750,2024,10,2024-10,29.12,51.74,72.53,15.72,26,4,30,100,1,0.301,0.7491,100
LJ500_R156_C028,675250,9579250,2024,10,2024-10,14.62,18.08,18.08,11.56,27,3,30,100,1,0.46,0.94,100
LJ500_R156_C067,694750,9579250,2024,10,2024-10,21.38,36.25,45.92,11.56,26,4,30,100,1,0.464,1.19,100
LJ500_R156_C079,700750,9579250,2024,10,2024-10,29.12,51.74,72.53,15.72,26,4,30,100,1,0.4374,1.0941,100
LJ500_R157_C009,665750,9579750,2024,10,2024-10,16.06,23.18,23.18,9.4841,26,4,30,100,1,0.1912,0.52,100
LJ500_R158_C065,693750,9580250,2024,10,2024-10,27.58,43.26,52.64,22.22,27,3,30,100,1,0.657,1.39,100
LJ500_R160_C074,698250,9581250,2024,10,2024-10,23.65,42.23,58.48,12.54,26,4,30,100,1,0.4448,1.1136,100
LJ500_R161_C066,694250,9581750,2024,10,2024-10,26.32,42.93,54.51,19.12,26.68,3.3199,30,100,1,0.5043,1.2482,100
LJ500_R164_C043,682750,9583250,2024,10,2024-10,19.11,28.97,28.97,15.05,27,3,30,100,1,0.5198,1.4224,100
LJ500_R164_C059,690750,9583250,2024,10,2024-10,27.58,43.26,52.64,22.22,27,3,30,100,1,0.7385,1.7434,100
LJ500_R166_C072,697250,9584250,2024,10,2024-10,23.65,42.23,58.48,12.54,26,4,30,100,1,0.4236,1.0525,100
LJ500_R167_C067,694750,9584750,2024,10,2024-10,23.65,42.23,58.48,12.54,26,4,30,100,1,0.3967,0.99,100
LJ500_R168_C045,683750,9585250,2024,10,2024-10,20.66,32.5,38.64,16.17,27,3,30,100,1,0.5877,1.39,100
LJ500_R173_C033,677750,9587750,2024,10,2024-10,16.92,24.25,24.25,13.25,27,3,30,100,1,0.5794,1.6,100
LJ500_R178_C063,692750,9590250,2024,10,2024-10,26.38,43.58,55.86,20.29,27,3,30,100,1,0.595,1.52,100
LJ500_R179_C046,684250,9590750,2024,10,2024-10,19.97,33.16,40.39,15.6,27,3,30,100,1,1.6148,4.0698,100
LJ500_R180_C071,696750,9591250,2024,10,2024-10,25,47.67,66.45,20.26,27,3,30,100,1,0.645,1.42,100
LJ500_R183_C039,680750,9592750,2024,10,2024-10,16.04,22.85,22.85,12.92,27,3,30,100,1,0.5725,1.4443,100
LJ500_R184_C039,680750,9593250,2024,10,2024-10,16.04,22.85,22.85,12.92,27,3,30,100,1,0.5727,1.44,100
LJ500_R184_C066,694250,9593250,2024,10,2024-10,25.63,45.05,59.63,19.66,27,3,30,100,1,0.5985,1.5859,100
LJ500_R108_C065,693750,9555250,2024,11,2024-11,52.05,77.28,99.15,13.13,24,7,31,100,1,0.331,1.05,100
LJ500_R109_C088,705250,9555750,2024,11,2024-11,73.45,109.81,151.3,21.07,23.78,7.2162,31,100,1,0.2876,0.8379,100
LJ500_R119_C079,700750,9560750,2024,11,2024-11,68.09,104.22,141.15,16.59,24,7,31,100,1,0.173,0.5268,100
LJ500_R122_C070,696250,9562250,2024,11,2024-11,50.2,75.23,97.31,15.6,25,6,31,100,1,0.2263,0.7431,100
LJ500_R125_C065,693750,9563750,2024,11,2024-11,40.65,66.64,76.15,9.2101,24,7,31,100,1,0.5826,1.34,100
LJ500_R131_C053,687750,9566750,2024,11,2024-11,35.86,54.57,61.2,12.26,26,5,31,100,1,0.2673,0.5778,100
LJ500_R132_C080,701250,9567250,2024,11,2024-11,53.93,84.75,115.4,14.49,25,6,31,100,1,0.4403,1.06,100
LJ500_R138_C087,704750,9570250,2024,11,2024-11,48.29,76.72,102.22,11.79,24,7,31,100,1,0.2574,0.63,100
LJ500_R142_C071,696750,9572250,2024,11,2024-11,39.66,60.71,77.04,9.5699,24,7,31,100,1,0.6853,1.4886,100
LJ500_R145_C054,688250,9573750,2024,11,2024-11,34.52,52.1,57.74,9.809,25,6,31,100,1,0.8574,2.25,100
LJ500_R147_C083,702750,9574750,2024,11,2024-11,44.01,73.13,95.75,10.21,24,7,31,100,1,0.5102,1.0321,100
LJ500_R156_C028,675250,9579250,2024,11,2024-11,27.52,42.14,45.6,10.42,27,4,31,100,1,0.6081,0.92,100
LJ500_R156_C067,694750,9579250,2024,11,2024-11,35.89,57.27,72.14,9.003,24,7,31,100,1,0.7923,1.71,100
LJ500_R156_C079,700750,9579250,2024,11,2024-11,44.01,73.13,95.75,10.21,24,7,31,100,1,0.7363,1.5562,100
LJ500_R157_C009,665750,9579750,2024,11,2024-11,24.47,40.53,47.65,8.8445,26,5,31,100,1,0.1542,0.4321,100
LJ500_R158_C065,693750,9580250,2024,11,2024-11,38.47,66.05,81.73,9.2403,24,7,31,100,1,0.9065,2.32,100
LJ500_R160_C074,698250,9581250,2024,11,2024-11,38.88,62.52,81.11,9.9149,24,7,31,100,1,0.748,1.5484,100
LJ500_R161_C066,694250,9581750,2024,11,2024-11,38.6,64.92,81.53,9.4561,24,7,31,100,1,0.8061,1.7974,100
LJ500_R164_C043,682750,9583250,2024,11,2024-11,30.23,49.34,59.19,9.5548,26,5,31,100,1,0.8794,1.9352,100
LJ500_R164_C059,690750,9583250,2024,11,2024-11,38.47,66.05,81.73,9.2403,24,7,31,100,1,0.926,2.4718,100
LJ500_R166_C072,697250,9584250,2024,11,2024-11,38.88,62.52,81.11,9.9149,24,7,31,100,1,0.6961,1.3871,100
LJ500_R167_C067,694750,9584750,2024,11,2024-11,38.88,62.52,81.11,9.9149,24,7,31,100,1,0.62,1.15,100
LJ500_R168_C045,683750,9585250,2024,11,2024-11,32.37,53.03,64.87,8.0035,25,6,31,100,1,0.9346,2.5863,100
LJ500_R173_C033,677750,9587750,2024,11,2024-11,30.16,47.08,54.41,8.5421,25.62,5.3774,31,100,1,0.9247,2.6892,100
LJ500_R178_C063,692750,9590250,2024,11,2024-11,40.16,66.54,83.74,9.022,24,7,31,100,1,1.0013,2.51,100
LJ500_R179_C046,684250,9590750,2024,11,2024-11,34.1,54.07,67.27,9.4425,25,6,31,100,1,1.3812,3.7467,100
LJ500_R180_C071,696750,9591250,2024,11,2024-11,39.98,64.98,87.65,9.1197,24,7,31,100,1,0.9419,2.37,100
LJ500_R183_C039,680750,9592750,2024,11,2024-11,28.53,44.56,51.38,7.9852,26,5,31,100,1,0.9414,2.7357,100
LJ500_R184_C039,680750,9593250,2024,11,2024-11,28.53,44.56,51.38,7.9852,26,5,31,100,1,0.9403,2.74,100
LJ500_R184_C066,694250,9593250,2024,11,2024-11,42.73,68.36,87.78,9.9748,24,7,31,100,1,1.0374,2.4894,100
LJ500_R108_C065,693750,9555250,2024,12,2024-12,90.09,142.14,167.36,23.21,16,14,30,100,1,0.3083,0.93,100
LJ500_R109_C088,705250,9555750,2024,12,2024-12,118.43,191.87,228.24,27.94,14.78,15.22,30,100,1,0.314,0.8695,100
LJ500_R119_C079,700750,9560750,2024,12,2024-12,127.19,195.28,231.41,29.21,15,15,30,100,1,0.3037,0.6888,100
LJ500_R122_C070,696250,9562250,2024,12,2024-12,100.75,150.95,175.98,23.79,15,15,30,100,1,0.292,0.7132,100
LJ500_R125_C065,693750,9563750,2024,12,2024-12,88.61,129.26,155.26,19.71,15,15,30,100,1,0.549,1.16,100
LJ500_R131_C053,687750,9566750,2024,12,2024-12,73.48,109.34,128.04,16.68,18,12,30,100,1,0.2739,0.6019,100
LJ500_R132_C080,701250,9567250,2024,12,2024-12,126.1,180.03,210.85,33.94,17,13,30,100,1,0.5013,1.04,100
LJ500_R138_C087,704750,9570250,2024,12,2024-12,121.9,170.19,198.61,25.69,17,13,30,100,1,0.3773,0.81,100
LJ500_R142_C071,696750,9572250,2024,12,2024-12,100.2,139.85,160.91,19.98,15,15,30,100,1,0.7664,1.2394,100
LJ500_R145_C054,688250,9573750,2024,12,2024-12,72.55,107.07,124.65,12.43,17,13,30,100,1,0.929,1.87,100
LJ500_R147_C083,702750,9574750,2024,12,2024-12,115.09,159.1,188.22,20.76,17,13,30,100,1,0.641,1.0548,100
LJ500_R156_C028,675250,9579250,2024,12,2024-12,69.77,97.29,111.91,12.28,20,10,30,100,1,0.3647,0.85,100
LJ500_R156_C067,694750,9579250,2024,12,2024-12,104.03,139.92,161.3,16.73,15,15,30,100,1,0.8917,1.39,100
LJ500_R156_C079,700750,9579250,2024,12,2024-12,115.09,159.1,188.22,20.76,17,13,30,100,1,0.8985,1.2682,100
LJ500_R157_C009,665750,9579750,2024,12,2024-12,55.19,79.66,95.72,13.01,22.67,7.3269,30,100,1,0.1514,0.3016,100
LJ500_R158_C065,693750,9580250,2024,12,2024-12,105.53,144,171.58,16.35,18,12,30,100,1,0.9713,1.88,100
LJ500_R160_C074,698250,9581250,2024,12,2024-12,108.72,147.6,171.25,15.74,17,13,30,100,1,0.8901,1.2626,100
LJ500_R161_C066,694250,9581750,2024,12,2024-12,106.55,145.15,171.47,16.16,17.68,12.32,30,100,1,0.8823,1.4376,100
LJ500_R164_C043,682750,9583250,2024,12,2024-12,78.86,109.09,128.2,11.83,18,12,30,100,1,0.8561,1.7095,100
LJ500_R164_C059,690750,9583250,2024,12,2024-12,105.53,144,171.58,16.35,18,12,30,100,1,0.9755,1.9834,100
LJ500_R166_C072,697250,9584250,2024,12,2024-12,108.72,147.6,171.25,15.74,17,13,30,100,1,0.8157,1.1502,100
LJ500_R167_C067,694750,9584750,2024,12,2024-12,108.72,147.6,171.25,15.74,17,13,30,100,1,0.6903,1,100
LJ500_R168_C045,683750,9585250,2024,12,2024-12,91.42,123.8,144.45,14.8,18,12,30,100,1,0.9677,2.0027,100
LJ500_R173_C033,677750,9587750,2024,12,2024-12,85.45,115.61,132.53,14.27,20,10,30,100,1,0.9646,2.8972,100
LJ500_R178_C063,692750,9590250,2024,12,2024-12,105.11,145.27,171.65,19.56,17,13,30,100,1,0.967,1.93,100
LJ500_R179_C046,684250,9590750,2024,12,2024-12,96.1,130.2,150.17,17.92,20,10,30,100,1,1.3439,4.8883,100
LJ500_R180_C071,696750,9591250,2024,12,2024-12,116.82,156.8,181.81,22.65,17,13,30,100,1,0.934,1.93,100
LJ500_R183_C039,680750,9592750,2024,12,2024-12,86.21,114.74,130.77,19.89,22,8,30,100,1,0.9243,2.6274,100
LJ500_R184_C039,680750,9593250,2024,12,2024-12,86.21,114.74,130.77,19.89,22,8,30,100,1,0.9203,2.67,100
LJ500_R184_C066,694250,9593250,2024,12,2024-12,120.8,163.53,189.16,21.35,18.96,11.04,30,100,1,0.9733,1.8623,100
