cell_id,centro_x_m,centro_y_m,anio,mes,anio_mes,viirs_disponibilidad_support_pct,viirs_evidencia_fuego_any,estado_ge7_obs90,y_incendio_ge7_obs90,y_incendio_ge8_obs90,y_incendio_ge7_obs80,y_incendio_ge7_obs95,y_incendio_ge7_obs100,y_principal_valida
LJ500_R006_C075,698750,9504250,2019,1,2019-01,100,0,no_incendio_observado,0,0,0,0,0,1
LJ500_R011_C068,695250,9506750,2019,1,2019-01,100,0,no_incendio_observado,0,0,0,0,0,1
LJ500_R012_C055,688750,9507250,2019,1,2019-01,100,0,no_incendio_observado,0,0,0,0,0,1
LJ500_R020_C061,691750,9511250,2019,1,2019-01,100,0,no_incendio_observado,0,0,0,0,0,1
LJ500_R033_C056,689250,9517750,2019,1,2019-01,100,0,no_incendio_observado,0,0,0,0,0,1
LJ500_R035_C085,703750,9518750,2019,1,2019-01,100,0,no_incendio_observado,0,0,0,0,0,1
LJ500_R039_C072,697250,9520750,2019,1,2019-01,100,0,no_incendio_observado,0,0,0,0,0,1
LJ500_R040_C060,691250,9521250,2019,1,2019-01,100,0,no_incendio_observado,0,0,0,0,0,1
LJ500_R041_C061,691750,9521750,2019,1,2019-01,100,0,no_incendio_observado,0,0,0,0,0,1
LJ500_R043_C058,690250,9522750,2019,1,2019-01,100,0,no_incendio_observado,0,0,0,0,0,1
LJ500_R045_C083,702750,9523750,2019,1,2019-01,100,0,no_incendio_observado,0,0,0,0,0,1
LJ500_R046_C064,693250,9524250,2019,1,2019-01,100,0,no_incendio_observado,0,0,0,0,0,1
LJ500_R048_C071,696750,9525250,2019,1,2019-01,100,0,no_incendio_observado,0,0,0,0,0,1
LJ500_R050_C095,708750,9526250,2019,1,2019-01,100,0,no_incendio_observado,0,0,0,0,0,1
LJ500_R056_C049,685750,9529250,2019,1,2019-01,100,0,no_incendio_observado,0,0,0,0,0,1
LJ500_R058_C079,700750,9530250,2019,1,2019-01,100,0,no_incendio_observado,0,0,0,0,0,1
LJ500_R063_C060,691250,9532750,2019,1,2019-01,100,0,no_incendio_observado,0,0,0,0,0,1
LJ500_R064_C084,703250,9533250,2019,1,2019-01,100,0,no_incendio_observado,0,0,0,0,0,1
LJ500_R069_C057,689750,9535750,2019,1,2019-01,100,0,no_incendio_observado,0,0,0,0,0,1
LJ500_R072_C062,692250,9537250,2019,1,2019-01,100,0,no_incendio_observado,0,0,0,0,0,1
LJ500_R072_C095,708750,9537250,2019,1,2019-01,100,0,no_incendio_observado,0,0,0,0,0,1
LJ500_R074_C074,698250,9538250,2019,1,2019-01,100,0,no_incendio_observado,0,0,0,0,0,1
LJ500_R078_C076,699250,9540250,2019,1,2019-01,100,0,no_incendio_observado,0,0,0,0,0,1
LJ500_R079_C076,699250,9540750,2019,1,2019-01,100,0,no_incendio_observado,0,0,0,0,0,1
LJ500_R093_C071,696750,9547750,2019,1,2019-01,100,0,no_incendio_observado,0,0,0,0,0,1
LJ500_R093_C073,697750,9547750,2019,1,2019-01,100,0,no_incendio_observado,0,0,0,0,0,1
LJ500_R096_C074,698250,9549250,2019,1,2019-01,100,0,no_incendio_observado,0,0,0,0,0,1
LJ500_R098_C085,703750,9550250,2019,1,2019-01,100,0,no_incendio_observado,0,0,0,0,0,1
LJ500_R101_C091,706750,9551750,2019,1,2019-01,100,0,no_incendio_observado,0,0,0,0,0,1
LJ500_R106_C080,701250,9554250,2019,1,2019-01,100,0,no_incendio_observado,0,0,0,0,0,1
LJ500_R108_C065,693750,9555250,2019,1,2019-01,,,indeterminado_sin_soporte,,,,,,0
LJ500_R109_C088,705250,9555750,2019,1,2019-01,100,0,no_incendio_observado,0,0,0,0,0,1
LJ500_R119_C079,700750,9560750,2019,1,2019-01,100,0,no_incendio_observado,0,0,0,0,0,1
LJ500_R122_C070,696250,9562250,2019,1,2019-01,100,0,no_incendio_observado,0,0,0,0,0,1
LJ500_R125_C065,693750,9563750,2019,1,2019-01,100,0,no_incendio_observado,0,0,0,0,0,1
LJ500_R131_C053,687750,9566750,2019,1,2019-01,100,0,no_incendio_observado,0,0,0,0,0,1
LJ500_R132_C080,701250,9567250,2019,1,2019-01,100,0,no_incendio_observado,0,0,0,0,0,1
LJ500_R138_C087,704750,9570250,2019,1,2019-01,100,0,no_incendio_observado,0,0,0,0,0,1
LJ500_R142_C071,696750,9572250,2019,1,2019-01,100,0,no_incendio_observado,0,0,0,0,0,1
LJ500_R145_C054,688250,9573750,2019,1,2019-01,100,0,no_incendio_observado,0,0,0,0,0,1
LJ500_R147_C083,702750,9574750,2019,1,2019-01,100,0,no_incendio_observado,0,0,0,0,0,1
LJ500_R156_C028,675250,9579250,2019,1,2019-01,100,0,no_incendio_observado,0,0,0,0,0,1
LJ500_R156_C067,694750,9579250,2019,1,2019-01,100,0,no_incendio_observado,0,0,0,0,0,1
LJ500_R156_C079,700750,9579250,2019,1,2019-01,100,0,no_incendio_observado,0,0,0,0,0,1
LJ500_R157_C009,665750,9579750,2019,1,2019-01,100,0,no_incendio_observado,0,0,0,0,0,1
LJ500_R158_C065,693750,9580250,2019,1,2019-01,100,0,no_incendio_observado,0,0,0,0,0,1
LJ500_R160_C074,698250,9581250,2019,1,2019-01,100,0,no_incendio_observado,0,0,0,0,0,1
LJ500_R161_C066,694250,9581750,2019,1,2019-01,100,0,no_incendio_observado,0,0,0,0,0,1
LJ500_R164_C043,682750,9583250,2019,1,2019-01,100,0,no_incendio_observado,0,0,0,0,0,1
LJ500_R164_C059,690750,9583250,2019,1,2019-01,100,0,no_incendio_observado,0,0,0,0,0,1
LJ500_R166_C072,697250,9584250,2019,1,2019-01,100,0,no_incendio_observado,0,0,0,0,0,1
LJ500_R167_C067,694750,9584750,2019,1,2019-01,100,0,no_incendio_observado,0,0,0,0,0,1
LJ500_R168_C045,683750,9585250,2019,1,2019-01,100,0,no_incendio_observado,0,0,0,0,0,1
LJ500_R173_C033,677750,9587750,2019,1,2019-01,100,0,no_incendio_observado,0,0,0,0,0,1
LJ500_R178_C063,692750,9590250,2019,1,2019-01,100,0,no_incendio_observado,0,0,0,0,0,1
LJ500_R179_C046,684250,9590750,2019,1,2019-01,100,0,no_incendio_observado,0,0,0,0,0,1
LJ500_R180_C071,696750,9591250,2019,1,2019-01,100,0,no_incendio_observado,0,0,0,0,0,1
LJ500_R183_C039,680750,9592750,2019,1,2019-01,100,0,no_incendio_observado,0,0,0,0,0,1
LJ500_R184_C039,680750,9593250,2019,1,2019-01,,,indeterminado_sin_soporte,,,,,,0
LJ500_R184_C066,694250,9593250,2019,1,2019-01,100,0,no_incendio_observado,0,0,0,0,0,1
LJ500_R006_C075,698750,9504250,2019,2,2019-02,100,0,no_incendio_observado,0,0,0,0,0,1
LJ500_R011_C068,695250,9506750,2019,2,2019-02,100,0,no_incendio_observado,0,0,0,0,0,1
LJ500_R012_C055,688750,9507250,2019,2,2019-02,100,0,no_incendio_observado,0,0,0,0,0,1
LJ500_R020_C061,691750,9511250,2019,2,2019-02,100,0,no_incendio_observado,0,0,0,0,0,1
LJ500_R033_C056,689250,9517750,2019,2,2019-02,100,0,no_incendio_observado,0,0,0,0,0,1
LJ500_R035_C085,703750,9518750,2019,2,2019-02,100,0,no_incendio_observado,0,0,0,0,0,1
LJ500_R039_C072,697250,9520750,2019,2,2019-02,100,0,no_incendio_observado,0,0,0,0,0,1
LJ500_R040_C060,691250,9521250,2019,2,2019-02,100,0,no_incendio_observado,0,0,0,0,0,1
LJ500_R041_C061,691750,9521750,2019,2,2019-02,100,0,no_incendio_observado,0,0,0,0,0,1
LJ500_R043_C058,690250,9522750,2019,2,2019-02,100,0,no_incendio_observado,0,0,0,0,0,1
LJ500_R045_C083,702750,9523750,2019,2,2019-02,100,0,no_incendio_observado,0,0,0,0,0,1
LJ500_R046_C064,693250,9524250,2019,2,2019-02,100,0,no_incendio_observado,0,0,0,0,0,1
LJ500_R048_C071,696750,9525250,2019,2,2019-02,100,0,no_incendio_observado,0,0,0,0,0,1
LJ500_R050_C095,708750,9526250,2019,2,2019-02,100,0,no_incendio_observado,0,0,0,0,0,1
LJ500_R056_C049,685750,9529250,2019,2,2019-02,100,0,no_incendio_observado,0,0,0,0,0,1
LJ500_R058_C079,700750,9530250,2019,2,2019-02,100,0,no_incendio_observado,0,0,0,0,0,1
LJ500_R063_C060,691250,9532750,2019,2,2019-02,100,0,no_incendio_observado,0,0,0,0,0,1
LJ500_R064_C084,703250,9533250,2019,2,2019-02,100,0,no_incendio_observado,0,0,0,0,0,1
LJ500_R069_C057,689750,9535750,2019,2,2019-02,100,0,no_incendio_observado,0,0,0,0,0,1
LJ500_R072_C062,692250,9537250,2019,2,2019-02,100,0,no_incendio_observado,0,0,0,0,0,1
LJ500_R072_C095,708750,9537250,2019,2,2019-02,100,0,no_incendio_observado,0,0,0,0,0,1
LJ500_R074_C074,698250,9538250,2019,2,2019-02,100,0,no_incendio_observado,0,0,0,0,0,1
LJ500_R078_C076,699250,9540250,2019,2,2019-02,100,0,no_incendio_observado,0,0,0,0,0,1
LJ500_R079_C076,699250,9540750,2019,2,2019-02,100,0,no_incendio_observado,0,0,0,0,0,1
LJ500_R093_C071,696750,9547750,2019,2,2019-02,100,0,no_incendio_observado,0,0,0,0,0,1
LJ500_R093_C073,697750,9547750,2019,2,2019-02,100,0,no_incendio_observado,0,0,0,0,0,1
LJ500_R096_C074,698250,9549250,2019,2,2019-02,100,0,no_incendio_observado,0,0,0,0,0,1
LJ500_R098_C085,703750,9550250,2019,2,2019-02,100,0,no_incendio_observado,0,0,0,0,0,1
LJ500_R101_C091,706750,9551750,2019,2,2019-02,100,0,no_incendio_observado,0,0,0,0,0,1
LJ500_R106_C080,701250,9554250,2019,2,2019-02,100,0,no_incendio_observado,0,0,0,0,0,1
LJ500_R108_C065,693750,9555250,2019,2,2019-02,,,indeterminado_sin_soporte,,,,,,0
LJ500_R109_C088,705250,9555750,2019,2,2019-02,100,0,no_incendio_observado,0,0,0,0,0,1
LJ500_R119_C079,700750,9560750,2019,2,2019-02,100,0,no_incendio_observado,0,0,0,0,0,1
LJ500_R122_C070,696250,9562250,2019,2,2019-02,100,0,no_incendio_observado,0,0,0,0,0,1
LJ500_R125_C065,693750,9563750,2019,2,2019-02,100,0,no_incendio_observado,0,0,0,0,0,1
LJ500_R131_C053,687750,9566750,2019,2,2019-02,100,0,no_incendio_observado,0,0,0,0,0,1
LJ500_R132_C080,701250,9567250,2019,2,2019-02,100,0,no_incendio_observado,0,0,0,0,0,1
LJ500_R138_C087,704750,9570250,2019,2,2019-02,100,0,no_incendio_observado,0,0,0,0,0,1
LJ500_R142_C071,696750,9572250,2019,2,2019-02,100,0,no_incendio_observado,0,0,0,0,0,1
LJ500_R145_C054,688250,9573750,2019,2,2019-02,100,0,no_incendio_observado,0,0,0,0,0,1
LJ500_R147_C083,702750,9574750,2019,2,2019-02,100,0,no_incendio_observado,0,0,0,0,0,1
LJ500_R156_C028,675250,9579250,2019,2,2019-02,100,0,no_incendio_observado,0,0,0,0,0,1
LJ500_R156_C067,694750,9579250,2019,2,2019-02,100,0,no_incendio_observado,0,0,0,0,0,1
LJ500_R156_C079,700750,9579250,2019,2,2019-02,100,0,no_incendio_observado,0,0,0,0,0,1
LJ500_R157_C009,665750,9579750,2019,2,2019-02,100,0,no_incendio_observado,0,0,0,0,0,1
LJ500_R158_C065,693750,9580250,2019,2,2019-02,100,0,no_incendio_observado,0,0,0,0,0,1
LJ500_R160_C074,698250,9581250,2019,2,2019-02,100,0,no_incendio_observado,0,0,0,0,0,1
LJ500_R161_C066,694250,9581750,2019,2,2019-02,100,0,no_incendio_observado,0,0,0,0,0,1
LJ500_R164_C043,682750,9583250,2019,2,2019-02,100,0,no_incendio_observado,0,0,0,0,0,1
LJ500_R164_C059,690750,9583250,2019,2,2019-02,100,0,no_incendio_observado,0,0,0,0,0,1
LJ500_R166_C072,697250,9584250,2019,2,2019-02,100,0,no_incendio_observado,0,0,0,0,0,1
LJ500_R167_C067,694750,9584750,2019,2,2019-02,100,0,no_incendio_observado,0,0,0,0,0,1
LJ500_R168_C045,683750,9585250,2019,2,2019-02,100,0,no_incendio_observado,0,0,0,0,0,1
LJ500_R173_C033,677750,9587750,2019,2,2019-02,100,0,no_incendio_observado,0,0,0,0,0,1
LJ500_R178_C063,692750,9590250,2019,2,2019-02,100,0,no_incendio_observado,0,0,0,0,0,1
LJ500_R179_C046,684250,9590750,2019,2,2019-02,100,0,no_incendio_observado,0,0,0,0,0,1
LJ500_R180_C071,696750,9591250,2019,2,2019-02,100,0,no_incendio_observado,0,0,0,0,0,1
LJ500_R183_C039,680750,9592750,2019,2,2019-02,100,0,no_incendio_observado,0,0,0,0,0,1
LJ500_R184_C039,680750,9593250,2019,2,2019-02,,,indeterminado_sin_soporte,,,,,,0
LJ500_R184_C066,694250,9593250,2019,2,2019-02,100,0,no_incendio_observado,0,0,0,0,0,1
LJ500_R006_C075,698750,9504250,2019,3,2019-03,100,0,no_incendio_observado,0,0,0,0,0,1
LJ500_R011_C068,695250,9506750,2019,3,2019-03,100,0,no_incendio_observado,0,0,0,0,0,1
LJ500_R012_C055,688750,9507250,2019,3,2019-03,100,0,no_incendio_observado,0,0,0,0,0,1
LJ500_R020_C061,691750,9511250,2019,3,2019-03,100,0,no_incendio_observado,0,0,0,0,0,1
LJ500_R033_C056,689250,9517750,2019,3,2019-03,100,0,no_incendio_observado,0,0,0,0,0,1
LJ500_R035_C085,703750,9518750,2019,3,2019-03,100,0,no_incendio_observado,0,0,0,0,0,1
LJ500_R039_C072,697250,9520750,2019,3,2019-03,100,0,no_incendio_observado,0,0,0,0,0,1
LJ500_R040_C060,691250,9521250,2019,3,2019-03,100,0,no_incendio_observado,0,0,0,0,0,1
LJ500_R041_C061,691750,9521750,2019,3,2019-03,100,0,no_incendio_observado,0,0,0,0,0,1
LJ500_R043_C058,690250,9522750,2019,3,2019-03,100,0,no_incendio_observado,0,0,0,0,0,1
LJ500_R045_C083,702750,9523750,2019,3,2019-03,100,0,no_incendio_observado,0,0,0,0,0,1
LJ500_R046_C064,693250,9524250,2019,3,2019-03,100,0,no_incendio_observado,0,0,0,0,0,1
LJ500_R048_C071,696750,9525250,2019,3,2019-03,100,0,no_incendio_observado,0,0,0,0,0,1
LJ500_R050_C095,708750,9526250,2019,3,2019-03,100,0,no_incendio_observado,0,0,0,0,0,1
LJ500_R056_C049,685750,9529250,2019,3,2019-03,100,0,no_incendio_observado,0,0,0,0,0,1
LJ500_R058_C079,700750,9530250,2019,3,2019-03,100,0,no_incendio_observado,0,0,0,0,0,1
LJ500_R063_C060,691250,9532750,2019,3,2019-03,100,0,no_incendio_observado,0,0,0,0,0,1
LJ500_R064_C084,703250,9533250,2019,3,2019-03,100,0,no_incendio_observado,0,0,0,0,0,1
LJ500_R069_C057,689750,9535750,2019,3,2019-03,100,0,no_incendio_observado,0,0,0,0,0,1
LJ500_R072_C062,692250,9537250,2019,3,2019-03,100,0,no_incendio_observado,0,0,0,0,0,1
LJ500_R072_C095,708750,9537250,2019,3,2019-03,100,0,no_incendio_observado,0,0,0,0,0,1
LJ500_R074_C074,698250,9538250,2019,3,2019-03,100,0,no_incendio_observado,0,0,0,0,0,1
LJ500_R078_C076,699250,9540250,2019,3,2019-03,100,0,no_incendio_observado,0,0,0,0,0,1
LJ500_R079_C076,699250,9540750,2019,3,2019-03,100,0,no_incendio_observado,0,0,0,0,0,1
LJ500_R093_C071,696750,9547750,2019,3,2019-03,100,0,no_incendio_observado,0,0,0,0,0,1
LJ500_R093_C073,697750,9547750,2019,3,2019-03,100,0,no_incendio_observado,0,0,0,0,0,1
LJ500_R096_C074,698250,9549250,2019,3,2019-03,100,0,no_incendio_observado,0,0,0,0,0,1
LJ500_R098_C085,703750,9550250,2019,3,2019-03,100,0,no_incendio_observado,0,0,0,0,0,1
LJ500_R101_C091,706750,9551750,2019,3,2019-03,100,0,no_incendio_observado,0,0,0,0,0,1
LJ500_R106_C080,701250,9554250,2019,3,2019-03,100,0,no_incendio_observado,0,0,0,0,0,1
LJ500_R108_C065,693750,9555250,2019,3,2019-03,,,indeterminado_sin_soporte,,,,,,0
LJ500_R109_C088,705250,9555750,2019,3,2019-03,100,0,no_incendio_observado,0,0,0,0,0,1
LJ500_R119_C079,700750,9560750,2019,3,2019-03,100,0,no_incendio_observado,0,0,0,0,0,1
LJ500_R122_C070,696250,9562250,2019,3,2019-03,100,0,no_incendio_observado,0,0,0,0,0,1
LJ500_R125_C065,693750,9563750,2019,3,2019-03,100,0,no_incendio_observado,0,0,0,0,0,1
LJ500_R131_C053,687750,9566750,2019,3,2019-03,100,0,no_incendio_observado,0,0,0,0,0,1
LJ500_R132_C080,701250,9567250,2019,3,2019-03,100,0,no_incendio_observado,0,0,0,0,0,1
LJ500_R138_C087,704750,9570250,2019,3,2019-03,100,0,no_incendio_observado,0,0,0,0,0,1
LJ500_R142_C071,696750,9572250,2019,3,2019-03,100,0,no_incendio_observado,0,0,0,0,0,1
LJ500_R145_C054,688250,9573750,2019,3,2019-03,100,0,no_incendio_observado,0,0,0,0,0,1
LJ500_R147_C083,702750,9574750,2019,3,2019-03,100,0,no_incendio_observado,0,0,0,0,0,1
LJ500_R156_C028,675250,9579250,2019,3,2019-03,100,0,no_incendio_observado,0,0,0,0,0,1
LJ500_R156_C067,694750,9579250,2019,3,2019-03,100,0,no_incendio_observado,0,0,0,0,0,1
LJ500_R156_C079,700750,9579250,2019,3,2019-03,100,0,no_incendio_observado,0,0,0,0,0,1
LJ500_R157_C009,665750,9579750,2019,3,2019-03,100,0,no_incendio_observado,0,0,0,0,0,1
LJ500_R158_C065,693750,9580250,2019,3,2019-03,100,0,no_incendio_observado,0,0,0,0,0,1
LJ500_R160_C074,698250,9581250,2019,3,2019-03,100,0,no_incendio_observado,0,0,0,0,0,1
LJ500_R161_C066,694250,9581750,2019,3,2019-03,100,0,no_incendio_observado,0,0,0,0,0,1
LJ500_R164_C043,682750,9583250,2019,3,2019-03,100,0,no_incendio_observado,0,0,0,0,0,1
LJ500_R164_C059,690750,9583250,2019,3,2019-03,100,0,no_incendio_observado,0,0,0,0,0,1
LJ500_R166_C072,697250,9584250,2019,3,2019-03,100,0,no_incendio_observado,0,0,0,0,0,1
LJ500_R167_C067,694750,9584750,2019,3,2019-03,100,0,no_incendio_observado,0,0,0,0,0,1
LJ500_R168_C045,683750,9585250,2019,3,2019-03,100,0,no_incendio_observado,0,0,0,0,0,1
LJ500_R173_C033,677750,9587750,2019,3,2019-03,100,0,no_incendio_observado,0,0,0,0,0,1
LJ500_R178_C063,692750,9590250,2019,3,2019-03,100,0,no_incendio_observado,0,0,0,0,0,1
LJ500_R179_C046,684250,9590750,2019,3,2019-03,100,0,no_incendio_observado,0,0,0,0,0,1
LJ500_R180_C071,696750,9591250,2019,3,2019-03,100,0,no_incendio_observado,0,0,0,0,0,1
LJ500_R183_C039,680750,9592750,2019,3,2019-03,100,0,no_incendio_observado,0,0,0,0,0,1
LJ500_R184_C039,680750,9593250,2019,3,2019-03,,,indeterminado_sin_soporte,,,,,,0
LJ500_R184_C066,694250,9593250,2019,3,2019-03,100,0,no_incendio_observado,0,0,0,0,0,1
LJ500_R006_C075,698750,9504250,2019,4,2019-04,100,0,no_incendio_observado,0,0,0,0,0,1
LJ500_R011_C068,695250,9506750,2019,4,2019-04,100,0,no_incendio_observado,0,0,0,0,0,1
LJ500_R012_C055,688750,9507250,2019,4,2019-04,100,0,no_incendio_observado,0,0,0,0,0,1
LJ500_R020_C061,691750,9511250,2019,4,2019-04,100,0,no_incendio_observado,0,0,0,0,0,1
LJ500_R033_C056,689250,9517750,2019,4,2019-04,100,0,no_incendio_observado,0,0,0,0,0,1
LJ500_R035_C085,703750,9518750,2019,4,2019-04,100,0,no_incendio_observado,0,0,0,0,0,1
LJ500_R039_C072,697250,9520750,2019,4,2019-04,100,0,no_incendio_observado,0,0,0,0,0,1
LJ500_R040_C060,691250,9521250,2019,4,2019-04,100,0,no_incendio_observado,0,0,0,0,0,1
LJ500_R041_C061,691750,9521750,2019,4,2019-04,100,0,no_incendio_observado,0,0,0,0,0,1
LJ500_R043_C058,690250,9522750,2019,4,2019-04,100,0,no_incendio_observado,0,0,0,0,0,1
LJ500_R045_C083,702750,9523750,2019,4,2019-04,100,0,no_incendio_observado,0,0,0,0,0,1
LJ500_R046_C064,693250,9524250,2019,4,2019-04,100,0,no_incendio_observado,0,0,0,0,0,1
LJ500_R048_C071,696750,9525250,2019,4,2019-04,100,0,no_incendio_observado,0,0,0,0,0,1
LJ500_R050_C095,708750,9526250,2019,4,2019-04,100,0,no_incendio_observado,0,0,0,0,0,1
LJ500_R056_C049,685750,9529250,2019,4,2019-04,100,0,no_incendio_observado,0,0,0,0,0,1
LJ500_R058_C079,700750,9530250,2019,4,2019-04,100,0,no_incendio_observado,0,0,0,0,0,1
LJ500_R063_C060,691250,9532750,2019,4,2019-04,100,0,no_incendio_observado,0,0,0,0,0,1
LJ500_R064_C084,703250,9533250,2019,4,2019-04,100,0,no_incendio_observado,0,0,0,0,0,1
LJ500_R069_C057,689750,9535750,2019,4,2019-04,100,0,no_incendio_observado,0,0,0,0,0,1
LJ500_R072_C062,692250,9537250,2019,4,2019-04,100,0,no_incendio_observado,0,0,0,0,0,1
LJ500_R072_C095,708750,9537250,2019,4,2019-04,100,0,no_incendio_observado,0,0,0,0,0,1
LJ500_R074_C074,698250,9538250,2019,4,2019-04,100,0,no_incendio_observado,0,0,0,0,0,1
LJ500_R078_C076,699250,9540250,2019,4,2019-04,100,0,no_incendio_observado,0,0,0,0,0,1
LJ500_R079_C076,699250,9540750,2019,4,2019-04,100,0,no_incendio_observado,0,0,0,0,0,1
LJ500_R093_C071,696750,9547750,2019,4,2019-04,100,0,no_incendio_observado,0,0,0,0,0,1
LJ500_R093_C073,697750,9547750,2019,4,2019-04,100,0,no_incendio_observado,0,0,0,0,0,1
LJ500_R096_C074,698250,9549250,2019,4,2019-04,100,0,no_incendio_observado,0,0,0,0,0,1
LJ500_R098_C085,703750,9550250,2019,4,2019-04,100,0,no_incendio_observado,0,0,0,0,0,1
LJ500_R101_C091,706750,9551750,2019,4,2019-04,100,0,no_incendio_observado,0,0,0,0,0,1
LJ500_R106_C080,701250,9554250,2019,4,2019-04,100,0,no_incendio_observado,0,0,0,0,0,1
LJ500_R108_C065,693750,9555250,2019,4,2019-04,,,indeterminado_sin_soporte,,,,,,0
LJ500_R109_C088,705250,9555750,2019,4,2019-04,100,0,no_incendio_observado,0,0,0,0,0,1
LJ500_R119_C079,700750,9560750,2019,4,2019-04,100,0,no_incendio_observado,0,0,0,0,0,1
LJ500_R122_C070,696250,9562250,2019,4,2019-04,100,0,no_incendio_observado,0,0,0,0,0,1
LJ500_R125_C065,693750,9563750,2019,4,2019-04,100,0,no_incendio_observado,0,0,0,0,0,1
LJ500_R131_C053,687750,9566750,2019,4,2019-04,100,0,no_incendio_observado,0,0,0,0,0,1
LJ500_R132_C080,701250,9567250,2019,4,2019-04,100,0,no_incendio_observado,0,0,0,0,0,1
LJ500_R138_C087,704750,9570250,2019,4,2019-04,100,0,no_incendio_observado,0,0,0,0,0,1
LJ500_R142_C071,696750,9572250,2019,4,2019-04,100,0,no_incendio_observado,0,0,0,0,0,1
LJ500_R145_C054,688250,9573750,2019,4,2019-04,100,0,no_incendio_observado,0,0,0,0,0,1
LJ500_R147_C083,702750,9574750,2019,4,2019-04,100,0,no_incendio_observado,0,0,0,0,0,1
LJ500_R156_C028,675250,9579250,2019,4,2019-04,100,0,no_incendio_observado,0,0,0,0,0,1
LJ500_R156_C067,694750,9579250,2019,4,2019-04,100,0,no_incendio_observado,0,0,0,0,0,1
LJ500_R156_C079,700750,9579250,2019,4,2019-04,100,0,no_incendio_observado,0,0,0,0,0,1
LJ500_R157_C009,665750,9579750,2019,4,2019-04,100,0,no_incendio_observado,0,0,0,0,0,1
LJ500_R158_C065,693750,9580250,2019,4,2019-04,100,0,no_incendio_observado,0,0,0,0,0,1
LJ500_R160_C074,698250,9581250,2019,4,2019-04,100,0,no_incendio_observado,0,0,0,0,0,1
LJ500_R161_C066,694250,9581750,2019,4,2019-04,100,0,no_incendio_observado,0,0,0,0,0,1
LJ500_R164_C043,682750,9583250,2019,4,2019-04,100,0,no_incendio_observado,0,0,0,0,0,1
LJ500_R164_C059,690750,9583250,2019,4,2019-04,100,0,no_incendio_observado,0,0,0,0,0,1
LJ500_R166_C072,697250,9584250,2019,4,2019-04,100,0,no_incendio_observado,0,0,0,0,0,1
LJ500_R167_C067,694750,9584750,2019,4,2019-04,100,0,no_incendio_observado,0,0,0,0,0,1
LJ500_R168_C045,683750,9585250,2019,4,2019-04,100,0,no_incendio_observado,0,0,0,0,0,1
LJ500_R173_C033,677750,9587750,2019,4,2019-04,100,0,no_incendio_observado,0,0,0,0,0,1
LJ500_R178_C063,692750,9590250,2019,4,2019-04,100,0,no_incendio_observado,0,0,0,0,0,1
LJ500_R179_C046,684250,9590750,2019,4,2019-04,100,0,no_incendio_observado,0,0,0,0,0,1
LJ500_R180_C071,696750,9591250,2019,4,2019-04,100,0,no_incendio_observado,0,0,0,0,0,1
LJ500_R183_C039,680750,9592750,2019,4,2019-04,100,0,no_incendio_observado,0,0,0,0,0,1
LJ500_R184_C039,680750,9593250,2019,4,2019-04,,,indeterminado_sin_soporte,,,,,,0
LJ500_R184_C066,694250,9593250,2019,4,2019-04,100,0,no_incendio_observado,0,0,0,0,0,1
LJ500_R006_C075,698750,9504250,2019,5,2019-05,100,0,no_incendio_observado,0,0,0,0,0,1
LJ500_R011_C068,695250,9506750,2019,5,2019-05,100,0,no_incendio_observado,0,0,0,0,0,1
LJ500_R012_C055,688750,9507250,2019,5,2019-05,100,0,no_incendio_observado,0,0,0,0,0,1
LJ500_R020_C061,691750,9511250,2019,5,2019-05,100,0,no_incendio_observado,0,0,0,0,0,1
LJ500_R033_C056,689250,9517750,2019,5,2019-05,100,0,no_incendio_observado,0,0,0,0,0,1
LJ500_R035_C085,703750,9518750,2019,5,2019-05,100,0,no_incendio_observado,0,0,0,0,0,1
LJ500_R039_C072,697250,9520750,2019,5,2019-05,100,0,no_incendio_observado,0,0,0,0,0,1
LJ500_R040_C060,691250,9521250,2019,5,2019-05,100,0,no_incendio_observado,0,0,0,0,0,1
LJ500_R041_C061,691750,9521750,2019,5,2019-05,100,0,no_incendio_observado,0,0,0,0,0,1
LJ500_R043_C058,690250,9522750,2019,5,2019-05,100,0,no_incendio_observado,0,0,0,0,0,1
LJ500_R045_C083,702750,9523750,2019,5,2019-05,100,0,no_incendio_observado,0,0,0,0,0,1
LJ500_R046_C064,693250,9524250,2019,5,2019-05,100,0,no_incendio_observado,0,0,0,0,0,1
LJ500_R048_C071,696750,9525250,2019,5,2019-05,100,0,no_incendio_observado,0,0,0,0,0,1
LJ500_R050_C095,708750,9526250,2019,5,2019-05,100,0,no_incendio_observado,0,0,0,0,0,1
LJ500_R056_C049,685750,9529250,2019,5,2019-05,100,0,no_incendio_observado,0,0,0,0,0,1
LJ500_R058_C079,700750,9530250,2019,5,2019-05,100,0,no_incendio_observado,0,0,0,0,0,1
LJ500_R063_C060,691250,9532750,2019,5,2019-05,100,0,no_incendio_observado,0,0,0,0,0,1
LJ500_R064_C084,703250,9533250,2019,5,2019-05,100,0,no_incendio_observado,0,0,0,0,0,1
LJ500_R069_C057,689750,9535750,2019,5,2019-05,100,0,no_incendio_observado,0,0,0,0,0,1
LJ500_R072_C062,692250,9537250,2019,5,2019-05,100,0,no_incendio_observado,0,0,0,0,0,1
LJ500_R072_C095,708750,9537250,2019,5,2019-05,100,0,no_incendio_observado,0,0,0,0,0,1
LJ500_R074_C074,698250,9538250,2019,5,2019-05,100,0,no_incendio_observado,0,0,0,0,0,1
LJ500_R078_C076,699250,9540250,2019,5,2019-05,100,0,no_incendio_observado,0,0,0,0,0,1
LJ500_R079_C076,699250,9540750,2019,5,2019-05,100,0,no_incendio_observado,0,0,0,0,0,1
LJ500_R093_C071,696750,9547750,2019,5,2019-05,100,0,no_incendio_observado,0,0,0,0,0,1
LJ500_R093_C073,697750,9547750,2019,5,2019-05,100,0,no_incendio_observado,0,0,0,0,0,1
LJ500_R096_C074,698250,9549250,2019,5,2019-05,100,0,no_incendio_observado,0,0,0,0,0,1
LJ500_R098_C085,703750,9550250,2019,5,2019-05,100,0,no_incendio_observado,0,0,0,0,0,1
LJ500_R101_C091,706750,9551750,2019,5,2019-05,100,0,no_incendio_observado,0,0,0,0,0,1
LJ500_R106_C080,701250,9554250,2019,5,2019-05,100,0,no_incendio_observado,0,0,0,0,0,1
LJ500_R108_C065,693750,9555250,2019,5,2019-05,,,indeterminado_sin_soporte,,,,,,0
LJ500_R109_C088,705250,9555750,2019,5,2019-05,100,0,no_incendio_observado,0,0,0,0,0,1
LJ500_R119_C079,700750,9560750,2019,5,2019-05,100,0,no_incendio_observado,0,0,0,0,0,1
LJ500_R122_C070,696250,9562250,2019,5,2019-05,100,0,no_incendio_observado,0,0,0,0,0,1
LJ500_R125_C065,693750,9563750,2019,5,2019-05,100,0,no_incendio_observado,0,0,0,0,0,1
LJ500_R131_C053,687750,9566750,2019,5,2019-05,100,0,no_incendio_observado,0,0,0,0,0,1
LJ500_R132_C080,701250,9567250,2019,5,2019-05,100,0,no_incendio_observado,0,0,0,0,0,1
LJ500_R138_C087,704750,9570250,2019,5,2019-05,100,0,no_incendio_observado,0,0,0,0,0,1
LJ500_R142_C071,696750,9572250,2019,5,2019-05,100,0,no_incendio_observado,0,0,0,0,0,1
LJ500_R145_C054,688250,9573750,2019,5,2019-05,100,0,no_incendio_observado,0,0,0,0,0,1
LJ500_R147_C083,702750,9574750,2019,5,2019-05,100,0,no_incendio_observado,0,0,0,0,0,1
LJ500_R156_C028,675250,9579250,2019,5,2019-05,100,0,no_incendio_observado,0,0,0,0,0,1
LJ500_R156_C067,694750,9579250,2019,5,2019-05,100,0,no_incendio_observado,0,0,0,0,0,1
LJ500_R156_C079,700750,9579250,2019,5,2019-05,100,0,no_incendio_observado,0,0,0,0,0,1
LJ500_R157_C009,665750,9579750,2019,5,2019-05,100,0,no_incendio_observado,0,0,0,0,0,1
LJ500_R158_C065,693750,9580250,2019,5,2019-05,100,0,no_incendio_observado,0,0,0,0,0,1
LJ500_R160_C074,698250,9581250,2019,5,2019-05,100,0,no_incendio_observado,0,0,0,0,0,1
LJ500_R161_C066,694250,9581750,2019,5,2019-05,100,0,no_incendio_observado,0,0,0,0,0,1
LJ500_R164_C043,682750,9583250,2019,5,2019-05,100,0,no_incendio_observado,0,0,0,0,0,1
LJ500_R164_C059,690750,9583250,2019,5,2019-05,100,0,no_incendio_observado,0,0,0,0,0,1
LJ500_R166_C072,697250,9584250,2019,5,2019-05,100,0,no_incendio_observado,0,0,0,0,0,1
LJ500_R167_C067,694750,9584750,2019,5,2019-05,100,0,no_incendio_observado,0,0,0,0,0,1
LJ500_R168_C045,683750,9585250,2019,5,2019-05,100,0,no_incendio_observado,0,0,0,0,0,1
LJ500_R173_C033,677750,9587750,2019,5,2019-05,100,0,no_incendio_observado,0,0,0,0,0,1
LJ500_R178_C063,692750,9590250,2019,5,2019-05,100,0,no_incendio_observado,0,0,0,0,0,1
LJ500_R179_C046,684250,9590750,2019,5,2019-05,100,0,no_incendio_observado,0,0,0,0,0,1
LJ500_R180_C071,696750,9591250,2019,5,2019-05,100,0,no_incendio_observado,0,0,0,0,0,1
LJ500_R183_C039,680750,9592750,2019,5,2019-05,100,0,no_incendio_observado,0,0,0,0,0,1
LJ500_R184_C039,680750,9593250,2019,5,2019-05,,,indeterminado_sin_soporte,,,,,,0
LJ500_R184_C066,694250,9593250,2019,5,2019-05,100,0,no_incendio_observado,0,0,0,0,0,1
LJ500_R006_C075,698750,9504250,2019,6,2019-06,100,0,no_incendio_observado,0,0,0,0,0,1
LJ500_R011_C068,695250,9506750,2019,6,2019-06,100,0,no_incendio_observado,0,0,0,0,0,1
LJ500_R012_C055,688750,9507250,2019,6,2019-06,100,0,no_incendio_observado,0,0,0,0,0,1
LJ500_R020_C061,691750,9511250,2019,6,2019-06,100,0,no_incendio_observado,0,0,0,0,0,1
LJ500_R033_C056,689250,9517750,2019,6,2019-06,100,0,no_incendio_observado,0,0,0,0,0,1
LJ500_R035_C085,703750,9518750,2019,6,2019-06,100,0,no_incendio_observado,0,0,0,0,0,1
LJ500_R039_C072,697250,9520750,2019,6,2019-06,100,0,no_incendio_observado,0,0,0,0,0,1
LJ500_R040_C060,691250,9521250,2019,6,2019-06,100,0,no_incendio_observado,0,0,0,0,0,1
LJ500_R041_C061,691750,9521750,2019,6,2019-06,100,0,no_incendio_observado,0,0,0,0,0,1
LJ500_R043_C058,690250,9522750,2019,6,2019-06,100,0,no_incendio_observado,0,0,0,0,0,1
LJ500_R045_C083,702750,9523750,2019,6,2019-06,100,0,no_incendio_observado,0,0,0,0,0,1
LJ500_R046_C064,693250,9524250,2019,6,2019-06,100,0,no_incendio_observado,0,0,0,0,0,1
LJ500_R048_C071,696750,9525250,2019,6,2019-06,100,0,no_incendio_observado,0,0,0,0,0,1
LJ500_R050_C095,708750,9526250,2019,6,2019-06,100,0,no_incendio_observado,0,0,0,0,0,1
LJ500_R056_C049,685750,9529250,2019,6,2019-06,100,0,no_incendio_observado,0,0,0,0,0,1
LJ500_R058_C079,700750,9530250,2019,6,2019-06,100,0,no_incendio_observado,0,0,0,0,0,1
LJ500_R063_C060,691250,9532750,2019,6,2019-06,100,0,no_incendio_observado,0,0,0,0,0,1
LJ500_R064_C084,703250,9533250,2019,6,2019-06,100,0,no_incendio_observado,0,0,0,0,0,1
LJ500_R069_C057,689750,9535750,2019,6,2019-06,100,0,no_incendio_observado,0,0,0,0,0,1
LJ500_R072_C062,692250,9537250,2019,6,2019-06,100,0,no_incendio_observado,0,0,0,0,0,1
LJ500_R072_C095,708750,9537250,2019,6,2019-06,100,0,no_incendio_observado,0,0,0,0,0,1
LJ500_R074_C074,698250,9538250,2019,6,2019-06,100,0,no_incendio_observado,0,0,0,0,0,1
LJ500_R078_C076,699250,9540250,2019,6,2019-06,100,0,no_incendio_observado,0,0,0,0,0,1
LJ500_R079_C076,699250,9540750,2019,6,2019-06,100,0,no_incendio_observado,0,0,0,0,0,1
LJ500_R093_C071,696750,9547750,2019,6,2019-06,100,0,no_incendio_observado,0,0,0,0,0,1
LJ500_R093_C073,697750,9547750,2019,6,2019-06,100,0,no_incendio_observado,0,0,0,0,0,1
LJ500_R096_C074,698250,9549250,2019,6,2019-06,100,0,no_incendio_observado,0,0,0,0,0,1
LJ500_R098_C085,703750,9550250,2019,6,2019-06,100,0,no_incendio_observado,0,0,0,0,0,1
LJ500_R101_C091,706750,9551750,2019,6,2019-06,100,0,no_incendio_observado,0,0,0,0,0,1
LJ500_R106_C080,701250,9554250,2019,6,2019-06,100,0,no_incendio_observado,0,0,0,0,0,1
LJ500_R108_C065,693750,9555250,2019,6,2019-06,,,indeterminado_sin_soporte,,,,,,0
LJ500_R109_C088,705250,9555750,2019,6,2019-06,100,0,no_incendio_observado,0,0,0,0,0,1
LJ500_R119_C079,700750,9560750,2019,6,2019-06,100,0,no_incendio_observado,0,0,0,0,0,1
LJ500_R122_C070,696250,9562250,2019,6,2019-06,100,0,no_incendio_observado,0,0,0,0,0,1
LJ500_R125_C065,693750,9563750,2019,6,2019-06,100,0,no_incendio_observado,0,0,0,0,0,1
LJ500_R131_C053,687750,9566750,2019,6,2019-06,100,0,no_incendio_observado,0,0,0,0,0,1
LJ500_R132_C080,701250,9567250,2019,6,2019-06,100,0,no_incendio_observado,0,0,0,0,0,1
LJ500_R138_C087,704750,9570250,2019,6,2019-06,100,0,no_incendio_observado,0,0,0,0,0,1
LJ500_R142_C071,696750,9572250,2019,6,2019-06,100,0,no_incendio_observado,0,0,0,0,0,1
LJ500_R145_C054,688250,9573750,2019,6,2019-06,100,0,no_incendio_observado,0,0,0,0,0,1
LJ500_R147_C083,702750,9574750,2019,6,2019-06,100,0,no_incendio_observado,0,0,0,0,0,1
LJ500_R156_C028,675250,9579250,2019,6,2019-06,100,0,no_incendio_observado,0,0,0,0,0,1
LJ500_R156_C067,694750,9579250,2019,6,2019-06,100,0,no_incendio_observado,0,0,0,0,0,1
LJ500_R156_C079,700750,9579250,2019,6,2019-06,100,0,no_incendio_observado,0,0,0,0,0,1
LJ500_R157_C009,665750,9579750,2019,6,2019-06,100,0,no_incendio_observado,0,0,0,0,0,1
LJ500_R158_C065,693750,9580250,2019,6,2019-06,100,0,no_incendio_observado,0,0,0,0,0,1
LJ500_R160_C074,698250,9581250,2019,6,2019-06,100,0,no_incendio_observado,0,0,0,0,0,1
LJ500_R161_C066,694250,9581750,2019,6,2019-06,100,0,no_incendio_observado,0,0,0,0,0,1
LJ500_R164_C043,682750,9583250,2019,6,2019-06,100,0,no_incendio_observado,0,0,0,0,0,1
LJ500_R164_C059,690750,9583250,2019,6,2019-06,100,0,no_incendio_observado,0,0,0,0,0,1
LJ500_R166_C072,697250,9584250,2019,6,2019-06,100,0,no_incendio_observado,0,0,0,0,0,1
LJ500_R167_C067,694750,9584750,2019,6,2019-06,100,0,no_incendio_observado,0,0,0,0,0,1
LJ500_R168_C045,683750,9585250,2019,6,2019-06,100,0,no_incendio_observado,0,0,0,0,0,1
LJ500_R173_C033,677750,9587750,2019,6,2019-06,100,0,no_incendio_observado,0,0,0,0,0,1
LJ500_R178_C063,692750,9590250,2019,6,2019-06,100,0,no_incendio_observado,0,0,0,0,0,1
LJ500_R179_C046,684250,9590750,2019,6,2019-06,100,0,no_incendio_observado,0,0,0,0,0,1
LJ500_R180_C071,696750,9591250,2019,6,2019-06,100,0,no_incendio_observado,0,0,0,0,0,1
LJ500_R183_C039,680750,9592750,2019,6,2019-06,100,0,no_incendio_observado,0,0,0,0,0,1
LJ500_R184_C039,680750,9593250,2019,6,2019-06,,,indeterminado_sin_soporte,,,,,,0
LJ500_R184_C066,694250,9593250,2019,6,2019-06,100,0,no_incendio_observado,0,0,0,0,0,1
LJ500_R006_C075,698750,9504250,2019,7,2019-07,100,0,no_incendio_observado,0,0,0,0,0,1
LJ500_R011_C068,695250,9506750,2019,7,2019-07,100,0,no_incendio_observado,0,0,0,0,0,1
LJ500_R012_C055,688750,9507250,2019,7,2019-07,100,0,no_incendio_observado,0,0,0,0,0,1
LJ500_R020_C061,691750,9511250,2019,7,2019-07,100,0,no_incendio_observado,0,0,0,0,0,1
LJ500_R033_C056,689250,9517750,2019,7,2019-07,100,0,no_incendio_observado,0,0,0,0,0,1
LJ500_R035_C085,703750,9518750,2019,7,2019-07,100,0,no_incendio_observado,0,0,0,0,0,1
LJ500_R039_C072,697250,9520750,2019,7,2019-07,100,0,no_incendio_observado,0,0,0,0,0,1
LJ500_R040_C060,691250,9521250,2019,7,2019-07,100,0,no_incendio_observado,0,0,0,0,0,1
LJ500_R041_C061,691750,9521750,2019,7,2019-07,100,0,no_incendio_observado,0,0,0,0,0,1
LJ500_R043_C058,690250,9522750,2019,7,2019-07,100,0,no_incendio_observado,0,0,0,0,0,1
LJ500_R045_C083,702750,9523750,2019,7,2019-07,100,0,no_incendio_observado,0,0,0,0,0,1
LJ500_R046_C064,693250,9524250,2019,7,2019-07,100,0,no_incendio_observado,0,0,0,0,0,1
LJ500_R048_C071,696750,9525250,2019,7,2019-07,100,0,no_incendio_observado,0,0,0,0,0,1
LJ500_R050_C095,708750,9526250,2019,7,2019-07,100,0,no_incendio_observado,0,0,0,0,0,1
LJ500_R056_C049,685750,9529250,2019,7,2019-07,100,0,no_incendio_observado,0,0,0,0,0,1
LJ500_R058_C079,700750,9530250,2019,7,2019-07,100,0,no_incendio_observado,0,0,0,0,0,1
LJ500_R063_C060,691250,9532750,2019,7,2019-07,100,0,no_incendio_observado,0,0,0,0,0,1
LJ500_R064_C084,703250,9533250,2019,7,2019-07,100,0,no_incendio_observado,0,0,0,0,0,1
LJ500_R069_C057,689750,9535750,2019,7,2019-07,100,0,no_incendio_observado,0,0,0,0,0,1
LJ500_R072_C062,692250,9537250,2019,7,2019-07,100,0,no_incendio_observado,0,0,0,0,0,1
LJ500_R072_C095,708750,9537250,2019,7,2019-07,100,0,no_incendio_observado,0,0,0,0,0,1
LJ500_R074_C074,698250,9538250,2019,7,2019-07,100,0,no_incendio_observado,0,0,0,0,0,1
LJ500_R078_C076,699250,9540250,2019,7,2019-07,100,0,no_incendio_observado,0,0,0,0,0,1
LJ500_R079_C076,699250,9540750,2019,7,2019-07,100,0,no_incendio_observado,0,0,0,0,0,1
LJ500_R093_C071,696750,9547750,2019,7,2019-07,100,0,no_incendio_observado,0,0,0,0,0,1
LJ500_R093_C073,697750,9547750,2019,7,2019-07,100,0,no_incendio_observado,0,0,0,0,0,1
LJ500_R096_C074,698250,9549250,2019,7,2019-07,100,0,no_incendio_observado,0,0,0,0,0,1
LJ500_R098_C085,703750,9550250,2019,7,2019-07,100,0,no_incendio_observado,0,0,0,0,0,1
LJ500_R101_C091,706750,9551750,2019,7,2019-07,100,0,no_incendio_observado,0,0,0,0,0,1
LJ500_R106_C080,701250,9554250,2019,7,2019-07,100,0,no_incendio_observado,0,0,0,0,0,1
LJ500_R108_C065,693750,9555250,2019,7,2019-07,,,indeterminado_sin_soporte,,,,,,0
LJ500_R109_C088,705250,9555750,2019,7,2019-07,100,0,no_incendio_observado,0,0,0,0,0,1
LJ500_R119_C079,700750,9560750,2019,7,2019-07,100,0,no_incendio_observado,0,0,0,0,0,1
LJ500_R122_C070,696250,9562250,2019,7,2019-07,100,0,no_incendio_observado,0,0,0,0,0,1
LJ500_R125_C065,693750,9563750,2019,7,2019-07,100,0,no_incendio_observado,0,0,0,0,0,1
LJ500_R131_C053,687750,9566750,2019,7,2019-07,100,0,no_incendio_observado,0,0,0,0,0,1
LJ500_R132_C080,701250,9567250,2019,7,2019-07,100,0,no_incendio_observado,0,0,0,0,0,1
LJ500_R138_C087,704750,9570250,2019,7,2019-07,100,0,no_incendio_observado,0,0,0,0,0,1
LJ500_R142_C071,696750,9572250,2019,7,2019-07,100,0,no_incendio_observado,0,0,0,0,0,1
LJ500_R145_C054,688250,9573750,2019,7,2019-07,100,0,no_incendio_observado,0,0,0,0,0,1
LJ500_R147_C083,702750,9574750,2019,7,2019-07,100,0,no_incendio_observado,0,0,0,0,0,1
LJ500_R156_C028,675250,9579250,2019,7,2019-07,100,0,no_incendio_observado,0,0,0,0,0,1
LJ500_R156_C067,694750,9579250,2019,7,2019-07,100,0,no_incendio_observado,0,0,0,0,0,1
LJ500_R156_C079,700750,9579250,2019,7,2019-07,100,0,no_incendio_observado,0,0,0,0,0,1
LJ500_R157_C009,665750,9579750,2019,7,2019-07,100,0,no_incendio_observado,0,0,0,0,0,1
LJ500_R158_C065,693750,9580250,2019,7,2019-07,100,0,no_incendio_observado,0,0,0,0,0,1
LJ500_R160_C074,698250,9581250,2019,7,2019-07,100,0,no_incendio_observado,0,0,0,0,0,1
LJ500_R161_C066,694250,9581750,2019,7,2019-07,100,0,no_incendio_observado,0,0,0,0,0,1
LJ500_R164_C043,682750,9583250,2019,7,2019-07,100,0,no_incendio_observado,0,0,0,0,0,1
LJ500_R164_C059,690750,9583250,2019,7,2019-07,100,0,no_incendio_observado,0,0,0,0,0,1
LJ500_R166_C072,697250,9584250,2019,7,2019-07,100,0,no_incendio_observado,0,0,0,0,0,1
LJ500_R167_C067,694750,9584750,2019,7,2019-07,100,0,no_incendio_observado,0,0,0,0,0,1
LJ500_R168_C045,683750,9585250,2019,7,2019-07,100,0,no_incendio_observado,0,0,0,0,0,1
LJ500_R173_C033,677750,9587750,2019,7,2019-07,100,0,no_incendio_observado,0,0,0,0,0,1
LJ500_R178_C063,692750,9590250,2019,7,2019-07,100,0,no_incendio_observado,0,0,0,0,0,1
LJ500_R179_C046,684250,9590750,2019,7,2019-07,100,0,no_incendio_observado,0,0,0,0,0,1
LJ500_R180_C071,696750,9591250,2019,7,2019-07,100,0,no_incendio_observado,0,0,0,0,0,1
LJ500_R183_C039,680750,9592750,2019,7,2019-07,100,0,no_incendio_observado,0,0,0,0,0,1
LJ500_R184_C039,680750,9593250,2019,7,2019-07,,,indeterminado_sin_soporte,,,,,,0
LJ500_R184_C066,694250,9593250,2019,7,2019-07,100,0,no_incendio_observado,0,0,0,0,0,1
LJ500_R006_C075,698750,9504250,2019,8,2019-08,100,0,no_incendio_observado,0,0,0,0,0,1
LJ500_R011_C068,695250,9506750,2019,8,2019-08,100,0,no_incendio_observado,0,0,0,0,0,1
LJ500_R012_C055,688750,9507250,2019,8,2019-08,100,0,no_incendio_observado,0,0,0,0,0,1
LJ500_R020_C061,691750,9511250,2019,8,2019-08,100,0,no_incendio_observado,0,0,0,0,0,1
LJ500_R033_C056,689250,9517750,2019,8,2019-08,100,0,no_incendio_observado,0,0,0,0,0,1
LJ500_R035_C085,703750,9518750,2019,8,2019-08,100,0,no_incendio_observado,0,0,0,0,0,1
LJ500_R039_C072,697250,9520750,2019,8,2019-08,100,0,no_incendio_observado,0,0,0,0,0,1
LJ500_R040_C060,691250,9521250,2019,8,2019-08,100,0,no_incendio_observado,0,0,0,0,0,1
LJ500_R041_C061,691750,9521750,2019,8,2019-08,100,0,no_incendio_observado,0,0,0,0,0,1
LJ500_R043_C058,690250,9522750,2019,8,2019-08,100,0,no_incendio_observado,0,0,0,0,0,1
LJ500_R045_C083,702750,9523750,2019,8,2019-08,100,0,no_incendio_observado,0,0,0,0,0,1
LJ500_R046_C064,693250,9524250,2019,8,2019-08,100,0,no_incendio_observado,0,0,0,0,0,1
LJ500_R048_C071,696750,9525250,2019,8,2019-08,100,0,no_incendio_observado,0,0,0,0,0,1
LJ500_R050_C095,708750,9526250,2019,8,2019-08,100,0,no_incendio_observado,0,0,0,0,0,1
LJ500_R056_C049,685750,9529250,2019,8,2019-08,100,0,no_incendio_observado,0,0,0,0,0,1
LJ500_R058_C079,700750,9530250,2019,8,2019-08,100,0,no_incendio_observado,0,0,0,0,0,1
LJ500_R063_C060,691250,9532750,2019,8,2019-08,100,0,no_incendio_observado,0,0,0,0,0,1
LJ500_R064_C084,703250,9533250,2019,8,2019-08,100,0,no_incendio_observado,0,0,0,0,0,1
LJ500_R069_C057,689750,9535750,2019,8,2019-08,100,0,no_incendio_observado,0,0,0,0,0,1
LJ500_R072_C062,692250,9537250,2019,8,2019-08,100,0,no_incendio_observado,0,0,0,0,0,1
LJ500_R072_C095,708750,9537250,2019,8,2019-08,100,0,no_incendio_observado,0,0,0,0,0,1
LJ500_R074_C074,698250,9538250,2019,8,2019-08,100,0,no_incendio_observado,0,0,0,0,0,1
LJ500_R078_C076,699250,9540250,2019,8,2019-08,100,0,no_incendio_observado,0,0,0,0,0,1
LJ500_R079_C076,699250,9540750,2019,8,2019-08,100,0,no_incendio_observado,0,0,0,0,0,1
LJ500_R093_C071,696750,9547750,2019,8,2019-08,100,0,no_incendio_observado,0,0,0,0,0,1
LJ500_R093_C073,697750,9547750,2019,8,2019-08,100,0,no_incendio_observado,0,0,0,0,0,1
LJ500_R096_C074,698250,9549250,2019,8,2019-08,100,0,no_incendio_observado,0,0,0,0,0,1
LJ500_R098_C085,703750,9550250,2019,8,2019-08,100,0,no_incendio_observado,0,0,0,0,0,1
LJ500_R101_C091,706750,9551750,2019,8,2019-08,100,0,no_incendio_observado,0,0,0,0,0,1
LJ500_R106_C080,701250,9554250,2019,8,2019-08,100,0,no_incendio_observado,0,0,0,0,0,1
LJ500_R108_C065,693750,9555250,2019,8,2019-08,,,indeterminado_sin_soporte,,,,,,0
LJ500_R109_C088,705250,9555750,2019,8,2019-08,100,0,no_incendio_observado,0,0,0,0,0,1
LJ500_R119_C079,700750,9560750,2019,8,2019-08,100,0,no_incendio_observado,0,0,0,0,0,1
LJ500_R122_C070,696250,9562250,2019,8,2019-08,100,0,no_incendio_observado,0,0,0,0,0,1
LJ500_R125_C065,693750,9563750,2019,8,2019-08,100,0,no_incendio_observado,0,0,0,0,0,1
LJ500_R131_C053,687750,9566750,2019,8,2019-08,100,0,no_incendio_observado,0,0,0,0,0,1
LJ500_R132_C080,701250,9567250,2019,8,2019-08,100,0,no_incendio_observado,0,0,0,0,0,1
LJ500_R138_C087,704750,9570250,2019,8,2019-08,100,0,no_incendio_observado,0,0,0,0,0,1
LJ500_R142_C071,696750,9572250,2019,8,2019-08,100,0,no_incendio_observado,0,0,0,0,0,1
LJ500_R145_C054,688250,9573750,2019,8,2019-08,100,0,no_incendio_observado,0,0,0,0,0,1
LJ500_R147_C083,702750,9574750,2019,8,2019-08,100,0,no_incendio_observado,0,0,0,0,0,1
LJ500_R156_C028,675250,9579250,2019,8,2019-08,100,0,no_incendio_observado,0,0,0,0,0,1
LJ500_R156_C067,694750,9579250,2019,8,2019-08,100,0,no_incendio_observado,0,0,0,0,0,1
LJ500_R156_C079,700750,9579250,2019,8,2019-08,100,0,no_incendio_observado,0,0,0,0,0,1
LJ500_R157_C009,665750,9579750,2019,8,2019-08,100,0,no_incendio_observado,0,0,0,0,0,1
LJ500_R158_C065,693750,9580250,2019,8,2019-08,100,0,no_incendio_observado,0,0,0,0,0,1
LJ500_R160_C074,698250,9581250,2019,8,2019-08,100,0,no_incendio_observado,0,0,0,0,0,1
LJ500_R161_C066,694250,9581750,2019,8,2019-08,100,0,no_incendio_observado,0,0,0,0,0,1
LJ500_R164_C043,682750,9583250,2019,8,2019-08,100,0,no_incendio_observado,0,0,0,0,0,1
LJ500_R164_C059,690750,9583250,2019,8,2019-08,100,0,no_incendio_observado,0,0,0,0,0,1
LJ500_R166_C072,697250,9584250,2019,8,2019-08,100,0,no_incendio_observado,0,0,0,0,0,1
LJ500_R167_C067,694750,9584750,2019,8,2019-08,100,0,no_incendio_observado,0,0,0,0,0,1
LJ500_R168_C045,683750,9585250,2019,8,2019-08,100,0,no_incendio_observado,0,0,0,0,0,1
LJ500_R173_C033,677750,9587750,2019,8,2019-08,100,0,no_incendio_observado,0,0,0,0,0,1
LJ500_R178_C063,692750,9590250,2019,8,2019-08,100,0,no_incendio_observado,0,0,0,0,0,1
LJ500_R179_C046,684250,9590750,2019,8,2019-08,100,0,no_incendio_observado,0,0,0,0,0,1
LJ500_R180_C071,696750,9591250,2019,8,2019-08,100,0,no_incendio_observado,0,0,0,0,0,1
LJ500_R183_C039,680750,9592750,2019,8,2019-08,100,0,no_incendio_observado,0,0,0,0,0,1
LJ500_R184_C039,680750,9593250,2019,8,2019-08,,,indeterminado_sin_soporte,,,,,,0
LJ500_R184_C066,694250,9593250,2019,8,2019-08,100,0,no_incendio_observado,0,0,0,0,0,1
LJ500_R006_C075,698750,9504250,2019,9,2019-09,100,0,no_incendio_observado,0,0,0,0,0,1
LJ500_R011_C068,695250,9506750,2019,9,2019-09,100,0,no_incendio_observado,0,0,0,0,0,1
LJ500_R012_C055,688750,9507250,2019,9,2019-09,100,0,no_incendio_observado,0,0,0,0,0,1
LJ500_R020_C061,691750,9511250,2019,9,2019-09,100,0,no_incendio_observado,0,0,0,0,0,1
LJ500_R033_C056,689250,9517750,2019,9,2019-09,100,0,no_incendio_observado,0,0,0,0,0,1
LJ500_R035_C085,703750,9518750,2019,9,2019-09,100,0,no_incendio_observado,0,0,0,0,0,1
LJ500_R039_C072,697250,9520750,2019,9,2019-09,100,0,no_incendio_observado,0,0,0,0,0,1
LJ500_R040_C060,691250,9521250,2019,9,2019-09,100,0,no_incendio_observado,0,0,0,0,0,1
LJ500_R041_C061,691750,9521750,2019,9,2019-09,100,0,no_incendio_observado,0,0,0,0,0,1
LJ500_R043_C058,690250,9522750,2019,9,2019-09,100,1,incendio_observado,1,1,1,1,1,1
LJ500_R045_C083,702750,9523750,2019,9,2019-09,100,0,no_incendio_observado,0,0,0,0,0,1
LJ500_R046_C064,693250,9524250,2019,9,2019-09,100,0,no_incendio_observado,0,0,0,0,0,1
LJ500_R048_C071,696750,9525250,2019,9,2019-09,100,0,no_incendio_observado,0,0,0,0,0,1
LJ500_R050_C095,708750,9526250,2019,9,2019-09,100,0,no_incendio_observado,0,0,0,0,0,1
LJ500_R056_C049,685750,9529250,2019,9,2019-09,100,0,no_incendio_observado,0,0,0,0,0,1
LJ500_R058_C079,700750,9530250,2019,9,2019-09,100,0,no_incendio_observado,0,0,0,0,0,1
LJ500_R063_C060,691250,9532750,2019,9,2019-09,100,0,no_incendio_observado,0,0,0,0,0,1
LJ500_R064_C084,703250,9533250,2019,9,2019-09,100,0,no_incendio_observado,0,0,0,0,0,1
LJ500_R069_C057,689750,9535750,2019,9,2019-09,100,0,no_incendio_observado,0,0,0,0,0,1
LJ500_R072_C062,692250,9537250,2019,9,2019-09,100,0,no_incendio_observado,0,0,0,0,0,1
LJ500_R072_C095,708750,9537250,2019,9,2019-09,100,0,no_incendio_observado,0,0,0,0,0,1
LJ500_R074_C074,698250,9538250,2019,9,2019-09,100,0,no_incendio_observado,0,0,0,0,0,1
LJ500_R078_C076,699250,9540250,2019,9,2019-09,100,0,no_incendio_observado,0,0,0,0,0,1
LJ500_R079_C076,699250,9540750,2019,9,2019-09,100,0,no_incendio_observado,0,0,0,0,0,1
LJ500_R093_C071,696750,9547750,2019,9,2019-09,100,0,no_incendio_observado,0,0,0,0,0,1
LJ500_R093_C073,697750,9547750,2019,9,2019-09,100,0,no_incendio_observado,0,0,0,0,0,1
LJ500_R096_C074,698250,9549250,2019,9,2019-09,100,0,no_incendio_observado,0,0,0,0,0,1
LJ500_R098_C085,703750,9550250,2019,9,2019-09,100,0,no_incendio_observado,0,0,0,0,0,1
LJ500_R101_C091,706750,9551750,2019,9,2019-09,100,0,no_incendio_observado,0,0,0,0,0,1
LJ500_R106_C080,701250,9554250,2019,9,2019-09,100,0,no_incendio_observado,0,0,0,0,0,1
LJ500_R108_C065,693750,9555250,2019,9,2019-09,,,indeterminado_sin_soporte,,,,,,0
LJ500_R109_C088,705250,9555750,2019,9,2019-09,100,0,no_incendio_observado,0,0,0,0,0,1
LJ500_R119_C079,700750,9560750,2019,9,2019-09,100,0,no_incendio_observado,0,0,0,0,0,1
LJ500_R122_C070,696250,9562250,2019,9,2019-09,100,0,no_incendio_observado,0,0,0,0,0,1
LJ500_R125_C065,693750,9563750,2019,9,2019-09,100,0,no_incendio_observado,0,0,0,0,0,1
LJ500_R131_C053,687750,9566750,2019,9,2019-09,100,0,no_incendio_observado,0,0,0,0,0,1
LJ500_R132_C080,701250,9567250,2019,9,2019-09,100,0,no_incendio_observado,0,0,0,0,0,1
LJ500_R138_C087,704750,9570250,2019,9,2019-09,100,0,no_incendio_observado,0,0,0,0,0,1
LJ500_R142_C071,696750,9572250,2019,9,2019-09,100,0,no_incendio_observado,0,0,0,0,0,1
LJ500_R145_C054,688250,9573750,2019,9,2019-09,100,0,no_incendio_observado,0,0,0,0,0,1
LJ500_R147_C083,702750,9574750,2019,9,2019-09,100,0,no_incendio_observado,0,0,0,0,0,1
LJ500_R156_C028,675250,9579250,2019,9,2019-09,100,0,no_incendio_observado,0,0,0,0,0,1
LJ500_R156_C067,694750,9579250,2019,9,2019-09,100,0,no_incendio_observado,0,0,0,0,0,1
LJ500_R156_C079,700750,9579250,2019,9,2019-09,100,0,no_incendio_observado,0,0,0,0,0,1
LJ500_R157_C009,665750,9579750,2019,9,2019-09,100,0,no_incendio_observado,0,0,0,0,0,1
LJ500_R158_C065,693750,9580250,2019,9,2019-09,100,0,no_incendio_observado,0,0,0,0,0,1
LJ500_R160_C074,698250,9581250,2019,9,2019-09,100,0,no_incendio_observado,0,0,0,0,0,1
LJ500_R161_C066,694250,9581750,2019,9,2019-09,100,0,no_incendio_observado,0,0,0,0,0,1
LJ500_R164_C043,682750,9583250,2019,9,2019-09,100,0,no_incendio_observado,0,0,0,0,0,1
LJ500_R164_C059,690750,9583250,2019,9,2019-09,100,0,no_incendio_observado,0,0,0,0,0,1
LJ500_R166_C072,697250,9584250,2019,9,2019-09,100,0,no_incendio_observado,0,0,0,0,0,1
LJ500_R167_C067,694750,9584750,2019,9,2019-09,100,0,no_incendio_observado,0,0,0,0,0,1
LJ500_R168_C045,683750,9585250,2019,9,2019-09,100,0,no_incendio_observado,0,0,0,0,0,1
LJ500_R173_C033,677750,9587750,2019,9,2019-09,100,0,no_incendio_observado,0,0,0,0,0,1
LJ500_R178_C063,692750,9590250,2019,9,2019-09,100,0,no_incendio_observado,0,0,0,0,0,1
LJ500_R179_C046,684250,9590750,2019,9,2019-09,100,0,no_incendio_observado,0,0,0,0,0,1
LJ500_R180_C071,696750,9591250,2019,9,2019-09,100,0,no_incendio_observado,0,0,0,0,0,1
LJ500_R183_C039,680750,9592750,2019,9,2019-09,100,0,no_incendio_observado,0,0,0,0,0,1
LJ500_R184_C039,680750,9593250,2019,9,2019-09,,,indeterminado_sin_soporte,,,,,,0
LJ500_R184_C066,694250,9593250,2019,9,2019-09,100,0,no_incendio_observado,0,0,0,0,0,1
LJ500_R006_C075,698750,9504250,2019,10,2019-10,100,0,no_incendio_observado,0,0,0,0,0,1
LJ500_R011_C068,695250,9506750,2019,10,2019-10,100,0,no_incendio_observado,0,0,0,0,0,1
LJ500_R012_C055,688750,9507250,2019,10,2019-10,100,0,no_incendio_observado,0,0,0,0,0,1
LJ500_R020_C061,691750,9511250,2019,10,2019-10,100,0,no_incendio_observado,0,0,0,0,0,1
LJ500_R033_C056,689250,9517750,2019,10,2019-10,100,0,no_incendio_observado,0,0,0,0,0,1
LJ500_R035_C085,703750,9518750,2019,10,2019-10,100,0,no_incendio_observado,0,0,0,0,0,1
LJ500_R039_C072,697250,9520750,2019,10,2019-10,100,0,no_incendio_observado,0,0,0,0,0,1
LJ500_R040_C060,691250,9521250,2019,10,2019-10,100,0,no_incendio_observado,0,0,0,0,0,1
LJ500_R041_C061,691750,9521750,2019,10,2019-10,100,0,no_incendio_observado,0,0,0,0,0,1
LJ500_R043_C058,690250,9522750,2019,10,2019-10,100,0,no_incendio_observado,0,0,0,0,0,1
LJ500_R045_C083,702750,9523750,2019,10,2019-10,100,0,no_incendio_observado,0,0,0,0,0,1
LJ500_R046_C064,693250,9524250,2019,10,2019-10,100,0,no_incendio_observado,0,0,0,0,0,1
LJ500_R048_C071,696750,9525250,2019,10,2019-10,100,0,no_incendio_observado,0,0,0,0,0,1
LJ500_R050_C095,708750,9526250,2019,10,2019-10,100,0,no_incendio_observado,0,0,0,0,0,1
LJ500_R056_C049,685750,9529250,2019,10,2019-10,100,0,no_incendio_observado,0,0,0,0,0,1
LJ500_R058_C079,700750,9530250,2019,10,2019-10,100,0,no_incendio_observado,0,0,0,0,0,1
LJ500_R063_C060,691250,9532750,2019,10,2019-10,100,0,no_incendio_observado,0,0,0,0,0,1
LJ500_R064_C084,703250,9533250,2019,10,2019-10,100,0,no_incendio_observado,0,0,0,0,0,1
LJ500_R069_C057,689750,9535750,2019,10,2019-10,100,0,no_incendio_observado,0,0,0,0,0,1
LJ500_R072_C062,692250,9537250,2019,10,2019-10,100,0,no_incendio_observado,0,0,0,0,0,1
LJ500_R072_C095,708750,9537250,2019,10,2019-10,100,0,no_incendio_observado,0,0,0,0,0,1
LJ500_R074_C074,698250,9538250,2019,10,2019-10,100,0,no_incendio_observado,0,0,0,0,0,1
LJ500_R078_C076,699250,9540250,2019,10,2019-10,100,0,no_incendio_observado,0,0,0,0,0,1
LJ500_R079_C076,699250,9540750,2019,10,2019-10,100,0,no_incendio_observado,0,0,0,0,0,1
LJ500_R093_C071,696750,9547750,2019,10,2019-10,100,0,no_incendio_observado,0,0,0,0,0,1
LJ500_R093_C073,697750,9547750,2019,10,2019-10,100,0,no_incendio_observado,0,0,0,0,0,1
LJ500_R096_C074,698250,9549250,2019,10,2019-10,100,0,no_incendio_observado,0,0,0,0,0,1
LJ500_R098_C085,703750,9550250,2019,10,2019-10,100,0,no_incendio_observado,0,0,0,0,0,1
LJ500_R101_C091,706750,9551750,2019,10,2019-10,100,0,no_incendio_observado,0,0,0,0,0,1
LJ500_R106_C080,701250,9554250,2019,10,2019-10,100,0,no_incendio_observado,0,0,0,0,0,1
LJ500_R108_C065,693750,9555250,2019,10,2019-10,,,indeterminado_sin_soporte,,,,,,0
LJ500_R109_C088,705250,9555750,2019,10,2019-10,100,0,no_incendio_observado,0,0,0,0,0,1
LJ500_R119_C079,700750,9560750,2019,10,2019-10,100,0,no_incendio_observado,0,0,0,0,0,1
LJ500_R122_C070,696250,9562250,2019,10,2019-10,100,0,no_incendio_observado,0,0,0,0,0,1
LJ500_R125_C065,693750,9563750,2019,10,2019-10,100,0,no_incendio_observado,0,0,0,0,0,1
LJ500_R131_C053,687750,9566750,2019,10,2019-10,100,0,no_incendio_observado,0,0,0,0,0,1
LJ500_R132_C080,701250,9567250,2019,10,2019-10,100,0,no_incendio_observado,0,0,0,0,0,1
LJ500_R138_C087,704750,9570250,2019,10,2019-10,100,0,no_incendio_observado,0,0,0,0,0,1
LJ500_R142_C071,696750,9572250,2019,10,2019-10,100,0,no_incendio_observado,0,0,0,0,0,1
LJ500_R145_C054,688250,9573750,2019,10,2019-10,100,0,no_incendio_observado,0,0,0,0,0,1
LJ500_R147_C083,702750,9574750,2019,10,2019-10,100,0,no_incendio_observado,0,0,0,0,0,1
LJ500_R156_C028,675250,9579250,2019,10,2019-10,100,0,no_incendio_observado,0,0,0,0,0,1
LJ500_R156_C067,694750,9579250,2019,10,2019-10,100,0,no_incendio_observado,0,0,0,0,0,1
LJ500_R156_C079,700750,9579250,2019,10,2019-10,100,0,no_incendio_observado,0,0,0,0,0,1
LJ500_R157_C009,665750,9579750,2019,10,2019-10,100,0,no_incendio_observado,0,0,0,0,0,1
LJ500_R158_C065,693750,9580250,2019,10,2019-10,100,0,no_incendio_observado,0,0,0,0,0,1
LJ500_R160_C074,698250,9581250,2019,10,2019-10,100,0,no_incendio_observado,0,0,0,0,0,1
LJ500_R161_C066,694250,9581750,2019,10,2019-10,100,0,no_incendio_observado,0,0,0,0,0,1
LJ500_R164_C043,682750,9583250,2019,10,2019-10,100,0,no_incendio_observado,0,0,0,0,0,1
LJ500_R164_C059,690750,9583250,2019,10,2019-10,100,0,no_incendio_observado,0,0,0,0,0,1
LJ500_R166_C072,697250,9584250,2019,10,2019-10,100,0,no_incendio_observado,0,0,0,0,0,1
LJ500_R167_C067,694750,9584750,2019,10,2019-10,100,0,no_incendio_observado,0,0,0,0,0,1
LJ500_R168_C045,683750,9585250,2019,10,2019-10,100,0,no_incendio_observado,0,0,0,0,0,1
LJ500_R173_C033,677750,9587750,2019,10,2019-10,100,0,no_incendio_observado,0,0,0,0,0,1
LJ500_R178_C063,692750,9590250,2019,10,2019-10,100,0,no_incendio_observado,0,0,0,0,0,1
LJ500_R179_C046,684250,9590750,2019,10,2019-10,100,0,no_incendio_observado,0,0,0,0,0,1
LJ500_R180_C071,696750,9591250,2019,10,2019-10,100,0,no_incendio_observado,0,0,0,0,0,1
LJ500_R183_C039,680750,9592750,2019,10,2019-10,100,0,no_incendio_observado,0,0,0,0,0,1
LJ500_R184_C039,680750,9593250,2019,10,2019-10,,,indeterminado_sin_soporte,,,,,,0
LJ500_R184_C066,694250,9593250,2019,10,2019-10,100,0,no_incendio_observado,0,0,0,0,0,1
LJ500_R006_C075,698750,9504250,2019,11,2019-11,100,0,no_incendio_observado,0,0,0,0,0,1
LJ500_R011_C068,695250,9506750,2019,11,2019-11,100,0,no_incendio_observado,0,0,0,0,0,1
LJ500_R012_C055,688750,9507250,2019,11,2019-11,100,0,no_incendio_observado,0,0,0,0,0,1
LJ500_R020_C061,691750,9511250,2019,11,2019-11,100,0,no_incendio_observado,0,0,0,0,0,1
LJ500_R033_C056,689250,9517750,2019,11,2019-11,100,0,no_incendio_observado,0,0,0,0,0,1
LJ500_R035_C085,703750,9518750,2019,11,2019-11,100,0,no_incendio_observado,0,0,0,0,0,1
LJ500_R039_C072,697250,9520750,2019,11,2019-11,100,0,no_incendio_observado,0,0,0,0,0,1
LJ500_R040_C060,691250,9521250,2019,11,2019-11,100,0,no_incendio_observado,0,0,0,0,0,1
LJ500_R041_C061,691750,9521750,2019,11,2019-11,100,0,no_incendio_observado,0,0,0,0,0,1
LJ500_R043_C058,690250,9522750,2019,11,2019-11,100,0,no_incendio_observado,0,0,0,0,0,1
LJ500_R045_C083,702750,9523750,2019,11,2019-11,100,0,no_incendio_observado,0,0,0,0,0,1
LJ500_R046_C064,693250,9524250,2019,11,2019-11,100,0,no_incendio_observado,0,0,0,0,0,1
LJ500_R048_C071,696750,9525250,2019,11,2019-11,100,0,no_incendio_observado,0,0,0,0,0,1
LJ500_R050_C095,708750,9526250,2019,11,2019-11,100,0,no_incendio_observado,0,0,0,0,0,1
LJ500_R056_C049,685750,9529250,2019,11,2019-11,100,0,no_incendio_observado,0,0,0,0,0,1
LJ500_R058_C079,700750,9530250,2019,11,2019-11,100,0,no_incendio_observado,0,0,0,0,0,1
LJ500_R063_C060,691250,9532750,2019,11,2019-11,100,0,no_incendio_observado,0,0,0,0,0,1
LJ500_R064_C084,703250,9533250,2019,11,2019-11,100,0,no_incendio_observado,0,0,0,0,0,1
LJ500_R069_C057,689750,9535750,2019,11,2019-11,100,0,no_incendio_observado,0,0,0,0,0,1
LJ500_R072_C062,692250,9537250,2019,11,2019-11,100,0,no_incendio_observado,0,0,0,0,0,1
LJ500_R072_C095,708750,9537250,2019,11,2019-11,100,0,no_incendio_observado,0,0,0,0,0,1
LJ500_R074_C074,698250,9538250,2019,11,2019-11,100,0,no_incendio_observado,0,0,0,0,0,1
LJ500_R078_C076,699250,9540250,2019,11,2019-11,100,0,no_incendio_observado,0,0,0,0,0,1
LJ500_R079_C076,699250,9540750,2019,11,2019-11,100,0,no_incendio_observado,0,0,0,0,0,1
LJ500_R093_C071,696750,9547750,2019,11,2019-11,100,0,no_incendio_observado,0,0,0,0,0,1
LJ500_R093_C073,697750,9547750,2019,11,2019-11,100,0,no_incendio_observado,0,0,0,0,0,1
LJ500_R096_C074,698250,9549250,2019,11,2019-11,100,0,no_incendio_observado,0,0,0,0,0,1
LJ500_R098_C085,703750,9550250,2019,11,2019-11,100,0,no_incendio_observado,0,0,0,0,0,1
LJ500_R101_C091,706750,9551750,2019,11,2019-11,100,0,no_incendio_observado,0,0,0,0,0,1
LJ500_R106_C080,701250,9554250,2019,11,2019-11,100,0,no_incendio_observado,0,0,0,0,0,1
LJ500_R108_C065,693750,9555250,2019,11,2019-11,,,indeterminado_sin_soporte,,,,,,0
LJ500_R109_C088,705250,9555750,2019,11,2019-11,100,0,no_incendio_observado,0,0,0,0,0,1
LJ500_R119_C079,700750,9560750,2019,11,2019-11,100,0,no_incendio_observado,0,0,0,0,0,1
LJ500_R122_C070,696250,9562250,2019,11,2019-11,100,0,no_incendio_observado,0,0,0,0,0,1
LJ500_R125_C065,693750,9563750,2019,11,2019-11,100,0,no_incendio_observado,0,0,0,0,0,1
LJ500_R131_C053,687750,9566750,2019,11,2019-11,100,0,no_incendio_observado,0,0,0,0,0,1
LJ500_R132_C080,701250,9567250,2019,11,2019-11,100,0,no_incendio_observado,0,0,0,0,0,1
LJ500_R138_C087,704750,9570250,2019,11,2019-11,100,0,no_incendio_observado,0,0,0,0,0,1
LJ500_R142_C071,696750,9572250,2019,11,2019-11,100,0,no_incendio_observado,0,0,0,0,0,1
LJ500_R145_C054,688250,9573750,2019,11,2019-11,100,0,no_incendio_observado,0,0,0,0,0,1
LJ500_R147_C083,702750,9574750,2019,11,2019-11,100,0,no_incendio_observado,0,0,0,0,0,1
LJ500_R156_C028,675250,9579250,2019,11,2019-11,100,0,no_incendio_observado,0,0,0,0,0,1
LJ500_R156_C067,694750,9579250,2019,11,2019-11,100,0,no_incendio_observado,0,0,0,0,0,1
LJ500_R156_C079,700750,9579250,2019,11,2019-11,100,0,no_incendio_observado,0,0,0,0,0,1
LJ500_R157_C009,665750,9579750,2019,11,2019-11,100,0,no_incendio_observado,0,0,0,0,0,1
LJ500_R158_C065,693750,9580250,2019,11,2019-11,100,0,no_incendio_observado,0,0,0,0,0,1
LJ500_R160_C074,698250,9581250,2019,11,2019-11,100,0,no_incendio_observado,0,0,0,0,0,1
LJ500_R161_C066,694250,9581750,2019,11,2019-11,100,0,no_incendio_observado,0,0,0,0,0,1
LJ500_R164_C043,682750,9583250,2019,11,2019-11,100,0,no_incendio_observado,0,0,0,0,0,1
LJ500_R164_C059,690750,9583250,2019,11,2019-11,100,0,no_incendio_observado,0,0,0,0,0,1
LJ500_R166_C072,697250,9584250,2019,11,2019-11,100,0,no_incendio_observado,0,0,0,0,0,1
LJ500_R167_C067,694750,9584750,2019,11,2019-11,100,0,no_incendio_observado,0,0,0,0,0,1
LJ500_R168_C045,683750,9585250,2019,11,2019-11,100,0,no_incendio_observado,0,0,0,0,0,1
LJ500_R173_C033,677750,9587750,2019,11,2019-11,100,0,no_incendio_observado,0,0,0,0,0,1
LJ500_R178_C063,692750,9590250,2019,11,2019-11,100,0,no_incendio_observado,0,0,0,0,0,1
LJ500_R179_C046,684250,9590750,2019,11,2019-11,100,0,no_incendio_observado,0,0,0,0,0,1
LJ500_R180_C071,696750,9591250,2019,11,2019-11,100,0,no_incendio_observado,0,0,0,0,0,1
LJ500_R183_C039,680750,9592750,2019,11,2019-11,100,0,no_incendio_observado,0,0,0,0,0,1
LJ500_R184_C039,680750,9593250,2019,11,2019-11,,,indeterminado_sin_soporte,,,,,,0
LJ500_R184_C066,694250,9593250,2019,11,2019-11,100,0,no_incendio_observado,0,0,0,0,0,1
LJ500_R006_C075,698750,9504250,2019,12,2019-12,100,0,no_incendio_observado,0,0,0,0,0,1
LJ500_R011_C068,695250,9506750,2019,12,2019-12,100,0,no_incendio_observado,0,0,0,0,0,1
LJ500_R012_C055,688750,9507250,2019,12,2019-12,100,0,no_incendio_observado,0,0,0,0,0,1
LJ500_R020_C061,691750,9511250,2019,12,2019-12,100,0,no_incendio_observado,0,0,0,0,0,1
LJ500_R033_C056,689250,9517750,2019,12,2019-12,100,0,no_incendio_observado,0,0,0,0,0,1
LJ500_R035_C085,703750,9518750,2019,12,2019-12,100,0,no_incendio_observado,0,0,0,0,0,1
LJ500_R039_C072,697250,9520750,2019,12,2019-12,100,0,no_incendio_observado,0,0,0,0,0,1
LJ500_R040_C060,691250,9521250,2019,12,2019-12,100,0,no_incendio_observado,0,0,0,0,0,1
LJ500_R041_C061,691750,9521750,2019,12,2019-12,100,0,no_incendio_observado,0,0,0,0,0,1
LJ500_R043_C058,690250,9522750,2019,12,2019-12,100,0,no_incendio_observado,0,0,0,0,0,1
LJ500_R045_C083,702750,9523750,2019,12,2019-12,100,0,no_incendio_observado,0,0,0,0,0,1
LJ500_R046_C064,693250,9524250,2019,12,2019-12,100,0,no_incendio_observado,0,0,0,0,0,1
LJ500_R048_C071,696750,9525250,2019,12,2019-12,100,0,no_incendio_observado,0,0,0,0,0,1
LJ500_R050_C095,708750,9526250,2019,12,2019-12,100,0,no_incendio_observado,0,0,0,0,0,1
LJ500_R056_C049,685750,9529250,2019,12,2019-12,100,0,no_incendio_observado,0,0,0,0,0,1
LJ500_R058_C079,700750,9530250,2019,12,2019-12,100,0,no_incendio_observado,0,0,0,0,0,1
LJ500_R063_C060,691250,9532750,2019,12,2019-12,100,0,no_incendio_observado,0,0,0,0,0,1
LJ500_R064_C084,703250,9533250,2019,12,2019-12,100,0,no_incendio_observado,0,0,0,0,0,1
LJ500_R069_C057,689750,9535750,2019,12,2019-12,100,0,no_incendio_observado,0,0,0,0,0,1
LJ500_R072_C062,692250,9537250,2019,12,2019-12,100,0,no_incendio_observado,0,0,0,0,0,1
LJ500_R072_C095,708750,9537250,2019,12,2019-12,100,0,no_incendio_observado,0,0,0,0,0,1
LJ500_R074_C074,698250,9538250,2019,12,2019-12,100,0,no_incendio_observado,0,0,0,0,0,1
LJ500_R078_C076,699250,9540250,2019,12,2019-12,100,0,no_incendio_observado,0,0,0,0,0,1
LJ500_R079_C076,699250,9540750,2019,12,2019-12,100,0,no_incendio_observado,0,0,0,0,0,1
LJ500_R093_C071,696750,9547750,2019,12,2019-12,100,0,no_incendio_observado,0,0,0,0,0,1
LJ500_R093_C073,697750,9547750,2019,12,2019-12,100,0,no_incendio_observado,0,0,0,0,0,1
LJ500_R096_C074,698250,9549250,2019,12,2019-12,100,0,no_incendio_observado,0,0,0,0,0,1
LJ500_R098_C085,703750,9550250,2019,12,2019-12,100,0,no_incendio_observado,0,0,0,0,0,1
LJ500_R101_C091,706750,9551750,2019,12,2019-12,100,0,no_incendio_observado,0,0,0,0,0,1
LJ500_R106_C080,701250,9554250,2019,12,2019-12,100,0,no_incendio_observado,0,0,0,0,0,1
LJ500_R108_C065,693750,9555250,2019,12,2019-12,,,indeterminado_sin_soporte,,,,,,0
LJ500_R109_C088,705250,9555750,2019,12,2019-12,100,0,no_incendio_observado,0,0,0,0,0,1
LJ500_R119_C079,700750,9560750,2019,12,2019-12,100,0,no_incendio_observado,0,0,0,0,0,1
LJ500_R122_C070,696250,9562250,2019,12,2019-12,100,0,no_incendio_observado,0,0,0,0,0,1
LJ500_R125_C065,693750,9563750,2019,12,2019-12,100,0,no_incendio_observado,0,0,0,0,0,1
LJ500_R131_C053,687750,9566750,2019,12,2019-12,100,0,no_incendio_observado,0,0,0,0,0,1
LJ500_R132_C080,701250,9567250,2019,12,2019-12,100,0,no_incendio_observado,0,0,0,0,0,1
LJ500_R138_C087,704750,9570250,2019,12,2019-12,100,0,no_incendio_observado,0,0,0,0,0,1
LJ500_R142_C071,696750,9572250,2019,12,2019-12,100,0,no_incendio_observado,0,0,0,0,0,1
LJ500_R145_C054,688250,9573750,2019,12,2019-12,100,0,no_incendio_observado,0,0,0,0,0,1
LJ500_R147_C083,702750,9574750,2019,12,2019-12,100,0,no_incendio_observado,0,0,0,0,0,1
LJ500_R156_C028,675250,9579250,2019,12,2019-12,100,0,no_incendio_observado,0,0,0,0,0,1
LJ500_R156_C067,694750,9579250,2019,12,2019-12,100,0,no_incendio_observado,0,0,0,0,0,1
LJ500_R156_C079,700750,9579250,2019,12,2019-12,100,0,no_incendio_observado,0,0,0,0,0,1
LJ500_R157_C009,665750,9579750,2019,12,2019-12,100,0,no_incendio_observado,0,0,0,0,0,1
LJ500_R158_C065,693750,9580250,2019,12,2019-12,100,0,no_incendio_observado,0,0,0,0,0,1
LJ500_R160_C074,698250,9581250,2019,12,2019-12,100,0,no_incendio_observado,0,0,0,0,0,1
LJ500_R161_C066,694250,9581750,2019,12,2019-12,100,0,no_incendio_observado,0,0,0,0,0,1
LJ500_R164_C043,682750,9583250,2019,12,2019-12,100,0,no_incendio_observado,0,0,0,0,0,1
LJ500_R164_C059,690750,9583250,2019,12,2019-12,100,0,no_incendio_observado,0,0,0,0,0,1
LJ500_R166_C072,697250,9584250,2019,12,2019-12,100,0,no_incendio_observado,0,0,0,0,0,1
LJ500_R167_C067,694750,9584750,2019,12,2019-12,100,0,no_incendio_observado,0,0,0,0,0,1
LJ500_R168_C045,683750,9585250,2019,12,2019-12,100,0,no_incendio_observado,0,0,0,0,0,1
LJ500_R173_C033,677750,9587750,2019,12,2019-12,100,0,no_incendio_observado,0,0,0,0,0,1
LJ500_R178_C063,692750,9590250,2019,12,2019-12,100,0,no_incendio_observado,0,0,0,0,0,1
LJ500_R179_C046,684250,9590750,2019,12,2019-12,100,0,no_incendio_observado,0,0,0,0,0,1
LJ500_R180_C071,696750,9591250,2019,12,2019-12,100,0,no_incendio_observado,0,0,0,0,0,1
LJ500_R183_C039,680750,9592750,2019,12,2019-12,100,0,no_incendio_observado,0,0,0,0,0,1
LJ500_R184_C039,680750,9593250,2019,12,2019-12,,,indeterminado_sin_soporte,,,,,,0
LJ500_R184_C066,694250,9593250,2019,12,2019-12,100,0,no_incendio_observado,0,0,0,0,0,1
LJ500_R006_C075,698750,9504250,2020,1,2020-01,100,0,no_incendio_observado,0,0,0,0,0,1
LJ500_R011_C068,695250,9506750,2020,1,2020-01,100,0,no_incendio_observado,0,0,0,0,0,1
LJ500_R012_C055,688750,9507250,2020,1,2020-01,100,0,no_incendio_observado,0,0,0,0,0,1
LJ500_R020_C061,691750,9511250,2020,1,2020-01,100,0,no_incendio_observado,0,0,0,0,0,1
LJ500_R033_C056,689250,9517750,2020,1,2020-01,100,0,no_incendio_observado,0,0,0,0,0,1
LJ500_R035_C085,703750,9518750,2020,1,2020-01,100,0,no_incendio_observado,0,0,0,0,0,1
LJ500_R039_C072,697250,9520750,2020,1,2020-01,100,0,no_incendio_observado,0,0,0,0,0,1
LJ500_R040_C060,691250,9521250,2020,1,2020-01,100,0,no_incendio_observado,0,0,0,0,0,1
LJ500_R041_C061,691750,9521750,2020,1,2020-01,100,0,no_incendio_observado,0,0,0,0,0,1
LJ500_R043_C058,690250,9522750,2020,1,2020-01,100,0,no_incendio_observado,0,0,0,0,0,1
LJ500_R045_C083,702750,9523750,2020,1,2020-01,100,0,no_incendio_observado,0,0,0,0,0,1
LJ500_R046_C064,693250,9524250,2020,1,2020-01,100,0,no_incendio_observado,0,0,0,0,0,1
LJ500_R048_C071,696750,9525250,2020,1,2020-01,100,0,no_incendio_observado,0,0,0,0,0,1
LJ500_R050_C095,708750,9526250,2020,1,2020-01,100,0,no_incendio_observado,0,0,0,0,0,1
LJ500_R056_C049,685750,9529250,2020,1,2020-01,100,0,no_incendio_observado,0,0,0,0,0,1
LJ500_R058_C079,700750,9530250,2020,1,2020-01,100,0,no_incendio_observado,0,0,0,0,0,1
LJ500_R063_C060,691250,9532750,2020,1,2020-01,100,0,no_incendio_observado,0,0,0,0,0,1
LJ500_R064_C084,703250,9533250,2020,1,2020-01,100,0,no_incendio_observado,0,0,0,0,0,1
LJ500_R069_C057,689750,9535750,2020,1,2020-01,100,0,no_incendio_observado,0,0,0,0,0,1
LJ500_R072_C062,692250,9537250,2020,1,2020-01,100,0,no_incendio_observado,0,0,0,0,0,1
LJ500_R072_C095,708750,9537250,2020,1,2020-01,100,0,no_incendio_observado,0,0,0,0,0,1
LJ500_R074_C074,698250,9538250,2020,1,2020-01,100,0,no_incendio_observado,0,0,0,0,0,1
LJ500_R078_C076,699250,9540250,2020,1,2020-01,100,0,no_incendio_observado,0,0,0,0,0,1
LJ500_R079_C076,699250,9540750,2020,1,2020-01,100,0,no_incendio_observado,0,0,0,0,0,1
LJ500_R093_C071,696750,9547750,2020,1,2020-01,100,0,no_incendio_observado,0,0,0,0,0,1
LJ500_R093_C073,697750,9547750,2020,1,2020-01,100,0,no_incendio_observado,0,0,0,0,0,1
LJ500_R096_C074,698250,9549250,2020,1,2020-01,100,0,no_incendio_observado,0,0,0,0,0,1
LJ500_R098_C085,703750,9550250,2020,1,2020-01,100,0,no_incendio_observado,0,0,0,0,0,1
LJ500_R101_C091,706750,9551750,2020,1,2020-01,100,0,no_incendio_observado,0,0,0,0,0,1
LJ500_R106_C080,701250,9554250,2020,1,2020-01,100,0,no_incendio_observado,0,0,0,0,0,1
LJ500_R108_C065,693750,9555250,2020,1,2020-01,,,indeterminado_sin_soporte,,,,,,0
LJ500_R109_C088,705250,9555750,2020,1,2020-01,100,0,no_incendio_observado,0,0,0,0,0,1
LJ500_R119_C079,700750,9560750,2020,1,2020-01,100,0,no_incendio_observado,0,0,0,0,0,1
LJ500_R122_C070,696250,9562250,2020,1,2020-01,100,0,no_incendio_observado,0,0,0,0,0,1
LJ500_R125_C065,693750,9563750,2020,1,2020-01,100,0,no_incendio_observado,0,0,0,0,0,1
LJ500_R131_C053,687750,9566750,2020,1,2020-01,100,0,no_incendio_observado,0,0,0,0,0,1
LJ500_R132_C080,701250,9567250,2020,1,2020-01,100,0,no_incendio_observado,0,0,0,0,0,1
LJ500_R138_C087,704750,9570250,2020,1,2020-01,100,0,no_incendio_observado,0,0,0,0,0,1
LJ500_R142_C071,696750,9572250,2020,1,2020-01,100,0,no_incendio_observado,0,0,0,0,0,1
LJ500_R145_C054,688250,9573750,2020,1,2020-01,100,0,no_incendio_observado,0,0,0,0,0,1
LJ500_R147_C083,702750,9574750,2020,1,2020-01,100,0,no_incendio_observado,0,0,0,0,0,1
LJ500_R156_C028,675250,9579250,2020,1,2020-01,100,0,no_incendio_observado,0,0,0,0,0,1
LJ500_R156_C067,694750,9579250,2020,1,2020-01,100,0,no_incendio_observado,0,0,0,0,0,1
LJ500_R156_C079,700750,9579250,2020,1,2020-01,100,0,no_incendio_observado,0,0,0,0,0,1
LJ500_R157_C009,665750,9579750,2020,1,2020-01,100,0,no_incendio_observado,0,0,0,0,0,1
LJ500_R158_C065,693750,9580250,2020,1,2020-01,100,0,no_incendio_observado,0,0,0,0,0,1
LJ500_R160_C074,698250,9581250,2020,1,2020-01,100,0,no_incendio_observado,0,0,0,0,0,1
LJ500_R161_C066,694250,9581750,2020,1,2020-01,100,0,no_incendio_observado,0,0,0,0,0,1
LJ500_R164_C043,682750,9583250,2020,1,2020-01,100,0,no_incendio_observado,0,0,0,0,0,1
LJ500_R164_C059,690750,9583250,2020,1,2020-01,100,0,no_incendio_observado,0,0,0,0,0,1
LJ500_R166_C072,697250,9584250,2020,1,2020-01,100,0,no_incendio_observado,0,0,0,0,0,1
LJ500_R167_C067,694750,9584750,2020,1,2020-01,100,0,no_incendio_observado,0,0,0,0,0,1
LJ500_R168_C045,683750,9585250,2020,1,2020-01,100,0,no_incendio_observado,0,0,0,0,0,1
LJ500_R173_C033,677750,9587750,2020,1,2020-01,100,0,no_incendio_observado,0,0,0,0,0,1
LJ500_R178_C063,692750,9590250,2020,1,2020-01,100,0,no_incendio_observado,0,0,0,0,0,1
LJ500_R179_C046,684250,9590750,2020,1,2020-01,100,0,no_incendio_observado,0,0,0,0,0,1
LJ500_R180_C071,696750,9591250,2020,1,2020-01,100,0,no_incendio_observado,0,0,0,0,0,1
LJ500_R183_C039,680750,9592750,2020,1,2020-01,100,0,no_incendio_observado,0,0,0,0,0,1
LJ500_R184_C039,680750,9593250,2020,1,2020-01,,,indeterminado_sin_soporte,,,,,,0
LJ500_R184_C066,694250,9593250,2020,1,2020-01,100,0,no_incendio_observado,0,0,0,0,0,1
LJ500_R006_C075,698750,9504250,2020,2,2020-02,100,0,no_incendio_observado,0,0,0,0,0,1
LJ500_R011_C068,695250,9506750,2020,2,2020-02,100,0,no_incendio_observado,0,0,0,0,0,1
LJ500_R012_C055,688750,9507250,2020,2,2020-02,100,0,no_incendio_observado,0,0,0,0,0,1
LJ500_R020_C061,691750,9511250,2020,2,2020-02,100,0,no_incendio_observado,0,0,0,0,0,1
LJ500_R033_C056,689250,9517750,2020,2,2020-02,100,0,no_incendio_observado,0,0,0,0,0,1
LJ500_R035_C085,703750,9518750,2020,2,2020-02,100,0,no_incendio_observado,0,0,0,0,0,1
LJ500_R039_C072,697250,9520750,2020,2,2020-02,100,0,no_incendio_observado,0,0,0,0,0,1
LJ500_R040_C060,691250,9521250,2020,2,2020-02,100,0,no_incendio_observado,0,0,0,0,0,1
LJ500_R041_C061,691750,9521750,2020,2,2020-02,100,0,no_incendio_observado,0,0,0,0,0,1
LJ500_R043_C058,690250,9522750,2020,2,2020-02,100,0,no_incendio_observado,0,0,0,0,0,1
LJ500_R045_C083,702750,9523750,2020,2,2020-02,100,0,no_incendio_observado,0,0,0,0,0,1
LJ500_R046_C064,693250,9524250,2020,2,2020-02,100,0,no_incendio_observado,0,0,0,0,0,1
LJ500_R048_C071,696750,9525250,2020,2,2020-02,100,0,no_incendio_observado,0,0,0,0,0,1
LJ500_R050_C095,708750,9526250,2020,2,2020-02,100,0,no_incendio_observado,0,0,0,0,0,1
LJ500_R056_C049,685750,9529250,2020,2,2020-02,100,0,no_incendio_observado,0,0,0,0,0,1
LJ500_R058_C079,700750,9530250,2020,2,2020-02,100,0,no_incendio_observado,0,0,0,0,0,1
LJ500_R063_C060,691250,9532750,2020,2,2020-02,100,0,no_incendio_observado,0,0,0,0,0,1
LJ500_R064_C084,703250,9533250,2020,2,2020-02,100,0,no_incendio_observado,0,0,0,0,0,1
LJ500_R069_C057,689750,9535750,2020,2,2020-02,100,0,no_incendio_observado,0,0,0,0,0,1
LJ500_R072_C062,692250,9537250,2020,2,2020-02,100,0,no_incendio_observado,0,0,0,0,0,1
LJ500_R072_C095,708750,9537250,2020,2,2020-02,100,0,no_incendio_observado,0,0,0,0,0,1
LJ500_R074_C074,698250,9538250,2020,2,2020-02,100,0,no_incendio_observado,0,0,0,0,0,1
LJ500_R078_C076,699250,9540250,2020,2,2020-02,100,0,no_incendio_observado,0,0,0,0,0,1
LJ500_R079_C076,699250,9540750,2020,2,2020-02,100,0,no_incendio_observado,0,0,0,0,0,1
LJ500_R093_C071,696750,9547750,2020,2,2020-02,100,0,no_incendio_observado,0,0,0,0,0,1
LJ500_R093_C073,697750,9547750,2020,2,2020-02,100,0,no_incendio_observado,0,0,0,0,0,1
LJ500_R096_C074,698250,9549250,2020,2,2020-02,100,0,no_incendio_observado,0,0,0,0,0,1
LJ500_R098_C085,703750,9550250,2020,2,2020-02,100,0,no_incendio_observado,0,0,0,0,0,1
LJ500_R101_C091,706750,9551750,2020,2,2020-02,100,0,no_incendio_observado,0,0,0,0,0,1
LJ500_R106_C080,701250,9554250,2020,2,2020-02,100,0,no_incendio_observado,0,0,0,0,0,1
LJ500_R108_C065,693750,9555250,2020,2,2020-02,,,indeterminado_sin_soporte,,,,,,0
LJ500_R109_C088,705250,9555750,2020,2,2020-02,100,0,no_incendio_observado,0,0,0,0,0,1
LJ500_R119_C079,700750,9560750,2020,2,2020-02,100,0,no_incendio_observado,0,0,0,0,0,1
LJ500_R122_C070,696250,9562250,2020,2,2020-02,100,0,no_incendio_observado,0,0,0,0,0,1
LJ500_R125_C065,693750,9563750,2020,2,2020-02,100,0,no_incendio_observado,0,0,0,0,0,1
LJ500_R131_C053,687750,9566750,2020,2,2020-02,100,0,no_incendio_observado,0,0,0,0,0,1
LJ500_R132_C080,701250,9567250,2020,2,2020-02,100,0,no_incendio_observado,0,0,0,0,0,1
LJ500_R138_C087,704750,9570250,2020,2,2020-02,100,0,no_incendio_observado,0,0,0,0,0,1
LJ500_R142_C071,696750,9572250,2020,2,2020-02,100,0,no_incendio_observado,0,0,0,0,0,1
LJ500_R145_C054,688250,9573750,2020,2,2020-02,100,0,no_incendio_observado,0,0,0,0,0,1
LJ500_R147_C083,702750,9574750,2020,2,2020-02,100,0,no_incendio_observado,0,0,0,0,0,1
LJ500_R156_C028,675250,9579250,2020,2,2020-02,100,0,no_incendio_observado,0,0,0,0,0,1
LJ500_R156_C067,694750,9579250,2020,2,2020-02,100,0,no_incendio_observado,0,0,0,0,0,1
LJ500_R156_C079,700750,9579250,2020,2,2020-02,100,0,no_incendio_observado,0,0,0,0,0,1
LJ500_R157_C009,665750,9579750,2020,2,2020-02,100,0,no_incendio_observado,0,0,0,0,0,1
LJ500_R158_C065,693750,9580250,2020,2,2020-02,100,0,no_incendio_observado,0,0,0,0,0,1
LJ500_R160_C074,698250,9581250,2020,2,2020-02,100,0,no_incendio_observado,0,0,0,0,0,1
LJ500_R161_C066,694250,9581750,2020,2,2020-02,100,0,no_incendio_observado,0,0,0,0,0,1
LJ500_R164_C043,682750,9583250,2020,2,2020-02,100,0,no_incendio_observado,0,0,0,0,0,1
LJ500_R164_C059,690750,9583250,2020,2,2020-02,100,0,no_incendio_observado,0,0,0,0,0,1
LJ500_R166_C072,697250,9584250,2020,2,2020-02,100,0,no_incendio_observado,0,0,0,0,0,1
LJ500_R167_C067,694750,9584750,2020,2,2020-02,100,0,no_incendio_observado,0,0,0,0,0,1
LJ500_R168_C045,683750,9585250,2020,2,2020-02,100,0,no_incendio_observado,0,0,0,0,0,1
LJ500_R173_C033,677750,9587750,2020,2,2020-02,100,0,no_incendio_observado,0,0,0,0,0,1
LJ500_R178_C063,692750,9590250,2020,2,2020-02,100,0,no_incendio_observado,0,0,0,0,0,1
LJ500_R179_C046,684250,9590750,2020,2,2020-02,100,0,no_incendio_observado,0,0,0,0,0,1
LJ500_R180_C071,696750,9591250,2020,2,2020-02,100,0,no_incendio_observado,0,0,0,0,0,1
LJ500_R183_C039,680750,9592750,2020,2,2020-02,100,0,no_incendio_observado,0,0,0,0,0,1
LJ500_R184_C039,680750,9593250,2020,2,2020-02,,,indeterminado_sin_soporte,,,,,,0
LJ500_R184_C066,694250,9593250,2020,2,2020-02,100,0,no_incendio_observado,0,0,0,0,0,1
LJ500_R006_C075,698750,9504250,2020,3,2020-03,100,0,no_incendio_observado,0,0,0,0,0,1
LJ500_R011_C068,695250,9506750,2020,3,2020-03,100,0,no_incendio_observado,0,0,0,0,0,1
LJ500_R012_C055,688750,9507250,2020,3,2020-03,100,0,no_incendio_observado,0,0,0,0,0,1
LJ500_R020_C061,691750,9511250,2020,3,2020-03,100,0,no_incendio_observado,0,0,0,0,0,1
LJ500_R033_C056,689250,9517750,2020,3,2020-03,100,0,no_incendio_observado,0,0,0,0,0,1
LJ500_R035_C085,703750,9518750,2020,3,2020-03,100,0,no_incendio_observado,0,0,0,0,0,1
LJ500_R039_C072,697250,9520750,2020,3,2020-03,100,0,no_incendio_observado,0,0,0,0,0,1
LJ500_R040_C060,691250,9521250,2020,3,2020-03,100,0,no_incendio_observado,0,0,0,0,0,1
LJ500_R041_C061,691750,9521750,2020,3,2020-03,100,0,no_incendio_observado,0,0,0,0,0,1
LJ500_R043_C058,690250,9522750,2020,3,2020-03,100,0,no_incendio_observado,0,0,0,0,0,1
LJ500_R045_C083,702750,9523750,2020,3,2020-03,100,0,no_incendio_observado,0,0,0,0,0,1
LJ500_R046_C064,693250,9524250,2020,3,2020-03,100,0,no_incendio_observado,0,0,0,0,0,1
LJ500_R048_C071,696750,9525250,2020,3,2020-03,100,0,no_incendio_observado,0,0,0,0,0,1
LJ500_R050_C095,708750,9526250,2020,3,2020-03,100,0,no_incendio_observado,0,0,0,0,0,1
LJ500_R056_C049,685750,9529250,2020,3,2020-03,100,0,no_incendio_observado,0,0,0,0,0,1
LJ500_R058_C079,700750,9530250,2020,3,2020-03,100,0,no_incendio_observado,0,0,0,0,0,1
LJ500_R063_C060,691250,9532750,2020,3,2020-03,100,0,no_incendio_observado,0,0,0,0,0,1
LJ500_R064_C084,703250,9533250,2020,3,2020-03,100,0,no_incendio_observado,0,0,0,0,0,1
LJ500_R069_C057,689750,9535750,2020,3,2020-03,100,0,no_incendio_observado,0,0,0,0,0,1
LJ500_R072_C062,692250,9537250,2020,3,2020-03,100,0,no_incendio_observado,0,0,0,0,0,1
LJ500_R072_C095,708750,9537250,2020,3,2020-03,100,0,no_incendio_observado,0,0,0,0,0,1
LJ500_R074_C074,698250,9538250,2020,3,2020-03,100,0,no_incendio_observado,0,0,0,0,0,1
LJ500_R078_C076,699250,9540250,2020,3,2020-03,100,0,no_incendio_observado,0,0,0,0,0,1
LJ500_R079_C076,699250,9540750,2020,3,2020-03,100,0,no_incendio_observado,0,0,0,0,0,1
LJ500_R093_C071,696750,9547750,2020,3,2020-03,100,0,no_incendio_observado,0,0,0,0,0,1
LJ500_R093_C073,697750,9547750,2020,3,2020-03,100,0,no_incendio_observado,0,0,0,0,0,1
LJ500_R096_C074,698250,9549250,2020,3,2020-03,100,0,no_incendio_observado,0,0,0,0,0,1
LJ500_R098_C085,703750,9550250,2020,3,2020-03,100,0,no_incendio_observado,0,0,0,0,0,1
LJ500_R101_C091,706750,9551750,2020,3,2020-03,100,0,no_incendio_observado,0,0,0,0,0,1
LJ500_R106_C080,701250,9554250,2020,3,2020-03,100,0,no_incendio_observado,0,0,0,0,0,1
LJ500_R108_C065,693750,9555250,2020,3,2020-03,,,indeterminado_sin_soporte,,,,,,0
LJ500_R109_C088,705250,9555750,2020,3,2020-03,100,0,no_incendio_observado,0,0,0,0,0,1
LJ500_R119_C079,700750,9560750,2020,3,2020-03,100,0,no_incendio_observado,0,0,0,0,0,1
LJ500_R122_C070,696250,9562250,2020,3,2020-03,100,0,no_incendio_observado,0,0,0,0,0,1
LJ500_R125_C065,693750,9563750,2020,3,2020-03,100,0,no_incendio_observado,0,0,0,0,0,1
LJ500_R131_C053,687750,9566750,2020,3,2020-03,100,0,no_incendio_observado,0,0,0,0,0,1
LJ500_R132_C080,701250,9567250,2020,3,2020-03,100,0,no_incendio_observado,0,0,0,0,0,1
LJ500_R138_C087,704750,9570250,2020,3,2020-03,100,0,no_incendio_observado,0,0,0,0,0,1
LJ500_R142_C071,696750,9572250,2020,3,2020-03,100,0,no_incendio_observado,0,0,0,0,0,1
LJ500_R145_C054,688250,9573750,2020,3,2020-03,100,0,no_incendio_observado,0,0,0,0,0,1
LJ500_R147_C083,702750,9574750,2020,3,2020-03,100,0,no_incendio_observado,0,0,0,0,0,1
LJ500_R156_C028,675250,9579250,2020,3,2020-03,100,0,no_incendio_observado,0,0,0,0,0,1
LJ500_R156_C067,694750,9579250,2020,3,2020-03,100,0,no_incendio_observado,0,0,0,0,0,1
LJ500_R156_C079,700750,9579250,2020,3,2020-03,100,0,no_incendio_observado,0,0,0,0,0,1
LJ500_R157_C009,665750,9579750,2020,3,2020-03,100,0,no_incendio_observado,0,0,0,0,0,1
LJ500_R158_C065,693750,9580250,2020,3,2020-03,100,0,no_incendio_observado,0,0,0,0,0,1
LJ500_R160_C074,698250,9581250,2020,3,2020-03,100,0,no_incendio_observado,0,0,0,0,0,1
LJ500_R161_C066,694250,9581750,2020,3,2020-03,100,0,no_incendio_observado,0,0,0,0,0,1
LJ500_R164_C043,682750,9583250,2020,3,2020-03,100,0,no_incendio_observado,0,0,0,0,0,1
LJ500_R164_C059,690750,9583250,2020,3,2020-03,100,0,no_incendio_observado,0,0,0,0,0,1
LJ500_R166_C072,697250,9584250,2020,3,2020-03,100,0,no_incendio_observado,0,0,0,0,0,1
LJ500_R167_C067,694750,9584750,2020,3,2020-03,100,0,no_incendio_observado,0,0,0,0,0,1
LJ500_R168_C045,683750,9585250,2020,3,2020-03,100,0,no_incendio_observado,0,0,0,0,0,1
LJ500_R173_C033,677750,9587750,2020,3,2020-03,100,0,no_incendio_observado,0,0,0,0,0,1
LJ500_R178_C063,692750,9590250,2020,3,2020-03,100,0,no_incendio_observado,0,0,0,0,0,1
LJ500_R179_C046,684250,9590750,2020,3,2020-03,100,0,no_incendio_observado,0,0,0,0,0,1
LJ500_R180_C071,696750,9591250,2020,3,2020-03,100,0,no_incendio_observado,0,0,0,0,0,1
LJ500_R183_C039,680750,9592750,2020,3,2020-03,100,0,no_incendio_observado,0,0,0,0,0,1
LJ500_R184_C039,680750,9593250,2020,3,2020-03,,,indeterminado_sin_soporte,,,,,,0
LJ500_R184_C066,694250,9593250,2020,3,2020-03,100,0,no_incendio_observado,0,0,0,0,0,1
LJ500_R006_C075,698750,9504250,2020,4,2020-04,100,0,no_incendio_observado,0,0,0,0,0,1
LJ500_R011_C068,695250,9506750,2020,4,2020-04,100,0,no_incendio_observado,0,0,0,0,0,1
LJ500_R012_C055,688750,9507250,2020,4,2020-04,100,0,no_incendio_observado,0,0,0,0,0,1
LJ500_R020_C061,691750,9511250,2020,4,2020-04,100,0,no_incendio_observado,0,0,0,0,0,1
LJ500_R033_C056,689250,9517750,2020,4,2020-04,100,0,no_incendio_observado,0,0,0,0,0,1
LJ500_R035_C085,703750,9518750,2020,4,2020-04,100,0,no_incendio_observado,0,0,0,0,0,1
LJ500_R039_C072,697250,9520750,2020,4,2020-04,100,0,no_incendio_observado,0,0,0,0,0,1
LJ500_R040_C060,691250,9521250,2020,4,2020-04,100,0,no_incendio_observado,0,0,0,0,0,1
LJ500_R041_C061,691750,9521750,2020,4,2020-04,100,0,no_incendio_observado,0,0,0,0,0,1
LJ500_R043_C058,690250,9522750,2020,4,2020-04,100,0,no_incendio_observado,0,0,0,0,0,1
LJ500_R045_C083,702750,9523750,2020,4,2020-04,100,0,no_incendio_observado,0,0,0,0,0,1
LJ500_R046_C064,693250,9524250,2020,4,2020-04,100,0,no_incendio_observado,0,0,0,0,0,1
LJ500_R048_C071,696750,9525250,2020,4,2020-04,100,0,no_incendio_observado,0,0,0,0,0,1
LJ500_R050_C095,708750,9526250,2020,4,2020-04,100,0,no_incendio_observado,0,0,0,0,0,1
LJ500_R056_C049,685750,9529250,2020,4,2020-04,100,0,no_incendio_observado,0,0,0,0,0,1
LJ500_R058_C079,700750,9530250,2020,4,2020-04,100,0,no_incendio_observado,0,0,0,0,0,1
LJ500_R063_C060,691250,9532750,2020,4,2020-04,100,0,no_incendio_observado,0,0,0,0,0,1
LJ500_R064_C084,703250,9533250,2020,4,2020-04,100,0,no_incendio_observado,0,0,0,0,0,1
LJ500_R069_C057,689750,9535750,2020,4,2020-04,100,0,no_incendio_observado,0,0,0,0,0,1
LJ500_R072_C062,692250,9537250,2020,4,2020-04,100,0,no_incendio_observado,0,0,0,0,0,1
LJ500_R072_C095,708750,9537250,2020,4,2020-04,100,0,no_incendio_observado,0,0,0,0,0,1
LJ500_R074_C074,698250,9538250,2020,4,2020-04,100,0,no_incendio_observado,0,0,0,0,0,1
LJ500_R078_C076,699250,9540250,2020,4,2020-04,100,0,no_incendio_observado,0,0,0,0,0,1
LJ500_R079_C076,699250,9540750,2020,4,2020-04,100,0,no_incendio_observado,0,0,0,0,0,1
LJ500_R093_C071,696750,9547750,2020,4,2020-04,100,0,no_incendio_observado,0,0,0,0,0,1
LJ500_R093_C073,697750,9547750,2020,4,2020-04,100,0,no_incendio_observado,0,0,0,0,0,1
LJ500_R096_C074,698250,9549250,2020,4,2020-04,100,0,no_incendio_observado,0,0,0,0,0,1
LJ500_R098_C085,703750,9550250,2020,4,2020-04,100,0,no_incendio_observado,0,0,0,0,0,1
LJ500_R101_C091,706750,9551750,2020,4,2020-04,100,0,no_incendio_observado,0,0,0,0,0,1
LJ500_R106_C080,701250,9554250,2020,4,2020-04,100,0,no_incendio_observado,0,0,0,0,0,1
LJ500_R108_C065,693750,9555250,2020,4,2020-04,,,indeterminado_sin_soporte,,,,,,0
LJ500_R109_C088,705250,9555750,2020,4,2020-04,100,0,no_incendio_observado,0,0,0,0,0,1
LJ500_R119_C079,700750,9560750,2020,4,2020-04,100,0,no_incendio_observado,0,0,0,0,0,1
LJ500_R122_C070,696250,9562250,2020,4,2020-04,100,0,no_incendio_observado,0,0,0,0,0,1
LJ500_R125_C065,693750,9563750,2020,4,2020-04,100,0,no_incendio_observado,0,0,0,0,0,1
LJ500_R131_C053,687750,9566750,2020,4,2020-04,100,0,no_incendio_observado,0,0,0,0,0,1
LJ500_R132_C080,701250,9567250,2020,4,2020-04,100,0,no_incendio_observado,0,0,0,0,0,1
LJ500_R138_C087,704750,9570250,2020,4,2020-04,100,0,no_incendio_observado,0,0,0,0,0,1
LJ500_R142_C071,696750,9572250,2020,4,2020-04,100,0,no_incendio_observado,0,0,0,0,0,1
LJ500_R145_C054,688250,9573750,2020,4,2020-04,100,0,no_incendio_observado,0,0,0,0,0,1
LJ500_R147_C083,702750,9574750,2020,4,2020-04,100,0,no_incendio_observado,0,0,0,0,0,1
LJ500_R156_C028,675250,9579250,2020,4,2020-04,100,0,no_incendio_observado,0,0,0,0,0,1
LJ500_R156_C067,694750,9579250,2020,4,2020-04,100,0,no_incendio_observado,0,0,0,0,0,1
LJ500_R156_C079,700750,9579250,2020,4,2020-04,100,0,no_incendio_observado,0,0,0,0,0,1
LJ500_R157_C009,665750,9579750,2020,4,2020-04,100,0,no_incendio_observado,0,0,0,0,0,1
LJ500_R158_C065,693750,9580250,2020,4,2020-04,100,0,no_incendio_observado,0,0,0,0,0,1
LJ500_R160_C074,698250,9581250,2020,4,2020-04,100,0,no_incendio_observado,0,0,0,0,0,1
LJ500_R161_C066,694250,9581750,2020,4,2020-04,100,0,no_incendio_observado,0,0,0,0,0,1
LJ500_R164_C043,682750,9583250,2020,4,2020-04,100,0,no_incendio_observado,0,0,0,0,0,1
LJ500_R164_C059,690750,9583250,2020,4,2020-04,100,0,no_incendio_observado,0,0,0,0,0,1
LJ500_R166_C072,697250,9584250,2020,4,2020-04,100,0,no_incendio_observado,0,0,0,0,0,1
LJ500_R167_C067,694750,9584750,2020,4,2020-04,100,0,no_incendio_observado,0,0,0,0,0,1
LJ500_R168_C045,683750,9585250,2020,4,2020-04,100,0,no_incendio_observado,0,0,0,0,0,1
LJ500_R173_C033,677750,9587750,2020,4,2020-04,100,0,no_incendio_observado,0,0,0,0,0,1
LJ500_R178_C063,692750,9590250,2020,4,2020-04,100,0,no_incendio_observado,0,0,0,0,0,1
LJ500_R179_C046,684250,9590750,2020,4,2020-04,100,0,no_incendio_observado,0,0,0,0,0,1
LJ500_R180_C071,696750,9591250,2020,4,2020-04,100,0,no_incendio_observado,0,0,0,0,0,1
LJ500_R183_C039,680750,9592750,2020,4,2020-04,100,0,no_incendio_observado,0,0,0,0,0,1
LJ500_R184_C039,680750,9593250,2020,4,2020-04,,,indeterminado_sin_soporte,,,,,,0
LJ500_R184_C066,694250,9593250,2020,4,2020-04,100,0,no_incendio_observado,0,0,0,0,0,1
LJ500_R006_C075,698750,9504250,2020,5,2020-05,100,0,no_incendio_observado,0,0,0,0,0,1
LJ500_R011_C068,695250,9506750,2020,5,2020-05,100,0,no_incendio_observado,0,0,0,0,0,1
LJ500_R012_C055,688750,9507250,2020,5,2020-05,100,0,no_incendio_observado,0,0,0,0,0,1
LJ500_R020_C061,691750,9511250,2020,5,2020-05,100,0,no_incendio_observado,0,0,0,0,0,1
LJ500_R033_C056,689250,9517750,2020,5,2020-05,100,0,no_incendio_observado,0,0,0,0,0,1
LJ500_R035_C085,703750,9518750,2020,5,2020-05,100,0,no_incendio_observado,0,0,0,0,0,1
LJ500_R039_C072,697250,9520750,2020,5,2020-05,100,0,no_incendio_observado,0,0,0,0,0,1
LJ500_R040_C060,691250,9521250,2020,5,2020-05,100,0,no_incendio_observado,0,0,0,0,0,1
LJ500_R041_C061,691750,9521750,2020,5,2020-05,100,0,no_incendio_observado,0,0,0,0,0,1
LJ500_R043_C058,690250,9522750,2020,5,2020-05,100,0,no_incendio_observado,0,0,0,0,0,1
LJ500_R045_C083,702750,9523750,2020,5,2020-05,100,0,no_incendio_observado,0,0,0,0,0,1
LJ500_R046_C064,693250,9524250,2020,5,2020-05,100,0,no_incendio_observado,0,0,0,0,0,1
LJ500_R048_C071,696750,9525250,2020,5,2020-05,100,0,no_incendio_observado,0,0,0,0,0,1
LJ500_R050_C095,708750,9526250,2020,5,2020-05,100,0,no_incendio_observado,0,0,0,0,0,1
LJ500_R056_C049,685750,9529250,2020,5,2020-05,100,0,no_incendio_observado,0,0,0,0,0,1
LJ500_R058_C079,700750,9530250,2020,5,2020-05,100,0,no_incendio_observado,0,0,0,0,0,1
LJ500_R063_C060,691250,9532750,2020,5,2020-05,100,0,no_incendio_observado,0,0,0,0,0,1
LJ500_R064_C084,703250,9533250,2020,5,2020-05,100,0,no_incendio_observado,0,0,0,0,0,1
LJ500_R069_C057,689750,9535750,2020,5,2020-05,100,0,no_incendio_observado,0,0,0,0,0,1
LJ500_R072_C062,692250,9537250,2020,5,2020-05,100,0,no_incendio_observado,0,0,0,0,0,1
LJ500_R072_C095,708750,9537250,2020,5,2020-05,100,0,no_incendio_observado,0,0,0,0,0,1
LJ500_R074_C074,698250,9538250,2020,5,2020-05,100,0,no_incendio_observado,0,0,0,0,0,1
LJ500_R078_C076,699250,9540250,2020,5,2020-05,100,0,no_incendio_observado,0,0,0,0,0,1
LJ500_R079_C076,699250,9540750,2020,5,2020-05,100,0,no_incendio_observado,0,0,0,0,0,1
LJ500_R093_C071,696750,9547750,2020,5,2020-05,100,0,no_incendio_observado,0,0,0,0,0,1
LJ500_R093_C073,697750,9547750,2020,5,2020-05,100,0,no_incendio_observado,0,0,0,0,0,1
LJ500_R096_C074,698250,9549250,2020,5,2020-05,100,0,no_incendio_observado,0,0,0,0,0,1
LJ500_R098_C085,703750,9550250,2020,5,2020-05,100,0,no_incendio_observado,0,0,0,0,0,1
LJ500_R101_C091,706750,9551750,2020,5,2020-05,100,0,no_incendio_observado,0,0,0,0,0,1
LJ500_R106_C080,701250,9554250,2020,5,2020-05,100,0,no_incendio_observado,0,0,0,0,0,1
LJ500_R108_C065,693750,9555250,2020,5,2020-05,,,indeterminado_sin_soporte,,,,,,0
LJ500_R109_C088,705250,9555750,2020,5,2020-05,100,0,no_incendio_observado,0,0,0,0,0,1
LJ500_R119_C079,700750,9560750,2020,5,2020-05,100,0,no_incendio_observado,0,0,0,0,0,1
LJ500_R122_C070,696250,9562250,2020,5,2020-05,100,0,no_incendio_observado,0,0,0,0,0,1
LJ500_R125_C065,693750,9563750,2020,5,2020-05,100,0,no_incendio_observado,0,0,0,0,0,1
LJ500_R131_C053,687750,9566750,2020,5,2020-05,100,0,no_incendio_observado,0,0,0,0,0,1
LJ500_R132_C080,701250,9567250,2020,5,2020-05,100,0,no_incendio_observado,0,0,0,0,0,1
LJ500_R138_C087,704750,9570250,2020,5,2020-05,100,0,no_incendio_observado,0,0,0,0,0,1
LJ500_R142_C071,696750,9572250,2020,5,2020-05,100,0,no_incendio_observado,0,0,0,0,0,1
LJ500_R145_C054,688250,9573750,2020,5,2020-05,100,0,no_incendio_observado,0,0,0,0,0,1
LJ500_R147_C083,702750,9574750,2020,5,2020-05,100,0,no_incendio_observado,0,0,0,0,0,1
LJ500_R156_C028,675250,9579250,2020,5,2020-05,100,0,no_incendio_observado,0,0,0,0,0,1
LJ500_R156_C067,694750,9579250,2020,5,2020-05,100,0,no_incendio_observado,0,0,0,0,0,1
LJ500_R156_C079,700750,9579250,2020,5,2020-05,100,0,no_incendio_observado,0,0,0,0,0,1
LJ500_R157_C009,665750,9579750,2020,5,2020-05,100,0,no_incendio_observado,0,0,0,0,0,1
LJ500_R158_C065,693750,9580250,2020,5,2020-05,100,0,no_incendio_observado,0,0,0,0,0,1
LJ500_R160_C074,698250,9581250,2020,5,2020-05,100,0,no_incendio_observado,0,0,0,0,0,1
LJ500_R161_C066,694250,9581750,2020,5,2020-05,100,0,no_incendio_observado,0,0,0,0,0,1
LJ500_R164_C043,682750,9583250,2020,5,2020-05,100,0,no_incendio_observado,0,0,0,0,0,1
LJ500_R164_C059,690750,9583250,2020,5,2020-05,100,0,no_incendio_observado,0,0,0,0,0,1
LJ500_R166_C072,697250,9584250,2020,5,2020-05,100,0,no_incendio_observado,0,0,0,0,0,1
LJ500_R167_C067,694750,9584750,2020,5,2020-05,100,0,no_incendio_observado,0,0,0,0,0,1
LJ500_R168_C045,683750,9585250,2020,5,2020-05,100,0,no_incendio_observado,0,0,0,0,0,1
LJ500_R173_C033,677750,9587750,2020,5,2020-05,100,0,no_incendio_observado,0,0,0,0,0,1
LJ500_R178_C063,692750,9590250,2020,5,2020-05,100,0,no_incendio_observado,0,0,0,0,0,1
LJ500_R179_C046,684250,9590750,2020,5,2020-05,100,0,no_incendio_observado,0,0,0,0,0,1
LJ500_R180_C071,696750,9591250,2020,5,2020-05,100,0,no_incendio_observado,0,0,0,0,0,1
LJ500_R183_C039,680750,9592750,2020,5,2020-05,100,0,no_incendio_observado,0,0,0,0,0,1
LJ500_R184_C039,680750,9593250,2020,5,2020-05,,,indeterminado_sin_soporte,,,,,,0
LJ500_R184_C066,694250,9593250,2020,5,2020-05,100,0,no_incendio_observado,0,0,0,0,0,1
LJ500_R006_C075,698750,9504250,2020,6,2020-06,100,0,no_incendio_observado,0,0,0,0,0,1
LJ500_R011_C068,695250,9506750,2020,6,2020-06,100,0,no_incendio_observado,0,0,0,0,0,1
LJ500_R012_C055,688750,9507250,2020,6,2020-06,100,0,no_incendio_observado,0,0,0,0,0,1
LJ500_R020_C061,691750,9511250,2020,6,2020-06,100,0,no_incendio_observado,0,0,0,0,0,1
LJ500_R033_C056,689250,9517750,2020,6,2020-06,100,0,no_incendio_observado,0,0,0,0,0,1
LJ500_R035_C085,703750,9518750,2020,6,2020-06,100,0,no_incendio_observado,0,0,0,0,0,1
LJ500_R039_C072,697250,9520750,2020,6,2020-06,100,0,no_incendio_observado,0,0,0,0,0,1
LJ500_R040_C060,691250,9521250,2020,6,2020-06,100,0,no_incendio_observado,0,0,0,0,0,1
LJ500_R041_C061,691750,9521750,2020,6,2020-06,100,0,no_incendio_observado,0,0,0,0,0,1
LJ500_R043_C058,690250,9522750,2020,6,2020-06,100,0,no_incendio_observado,0,0,0,0,0,1
LJ500_R045_C083,702750,9523750,2020,6,2020-06,100,0,no_incendio_observado,0,0,0,0,0,1
LJ500_R046_C064,693250,9524250,2020,6,2020-06,100,0,no_incendio_observado,0,0,0,0,0,1
LJ500_R048_C071,696750,9525250,2020,6,2020-06,100,0,no_incendio_observado,0,0,0,0,0,1
LJ500_R050_C095,708750,9526250,2020,6,2020-06,100,0,no_incendio_observado,0,0,0,0,0,1
LJ500_R056_C049,685750,9529250,2020,6,2020-06,100,0,no_incendio_observado,0,0,0,0,0,1
LJ500_R058_C079,700750,9530250,2020,6,2020-06,100,0,no_incendio_observado,0,0,0,0,0,1
LJ500_R063_C060,691250,9532750,2020,6,2020-06,100,0,no_incendio_observado,0,0,0,0,0,1
LJ500_R064_C084,703250,9533250,2020,6,2020-06,100,0,no_incendio_observado,0,0,0,0,0,1
LJ500_R069_C057,689750,9535750,2020,6,2020-06,100,0,no_incendio_observado,0,0,0,0,0,1
LJ500_R072_C062,692250,9537250,2020,6,2020-06,100,0,no_incendio_observado,0,0,0,0,0,1
LJ500_R072_C095,708750,9537250,2020,6,2020-06,100,0,no_incendio_observado,0,0,0,0,0,1
LJ500_R074_C074,698250,9538250,2020,6,2020-06,100,0,no_incendio_observado,0,0,0,0,0,1
LJ500_R078_C076,699250,9540250,2020,6,2020-06,100,0,no_incendio_observado,0,0,0,0,0,1
LJ500_R079_C076,699250,9540750,2020,6,2020-06,100,0,no_incendio_observado,0,0,0,0,0,1
LJ500_R093_C071,696750,9547750,2020,6,2020-06,100,0,no_incendio_observado,0,0,0,0,0,1
LJ500_R093_C073,697750,9547750,2020,6,2020-06,100,0,no_incendio_observado,0,0,0,0,0,1
LJ500_R096_C074,698250,9549250,2020,6,2020-06,100,0,no_incendio_observado,0,0,0,0,0,1
LJ500_R098_C085,703750,9550250,2020,6,2020-06,100,0,no_incendio_observado,0,0,0,0,0,1
LJ500_R101_C091,706750,9551750,2020,6,2020-06,100,0,no_incendio_observado,0,0,0,0,0,1
LJ500_R106_C080,701250,9554250,2020,6,2020-06,100,0,no_incendio_observado,0,0,0,0,0,1
LJ500_R108_C065,693750,9555250,2020,6,2020-06,,,indeterminado_sin_soporte,,,,,,0
LJ500_R109_C088,705250,9555750,2020,6,2020-06,100,0,no_incendio_observado,0,0,0,0,0,1
LJ500_R119_C079,700750,9560750,2020,6,2020-06,100,0,no_incendio_observado,0,0,0,0,0,1
LJ500_R122_C070,696250,9562250,2020,6,2020-06,100,0,no_incendio_observado,0,0,0,0,0,1
LJ500_R125_C065,693750,9563750,2020,6,2020-06,100,0,no_incendio_observado,0,0,0,0,0,1
LJ500_R131_C053,687750,9566750,2020,6,2020-06,100,0,no_incendio_observado,0,0,0,0,0,1
LJ500_R132_C080,701250,9567250,2020,6,2020-06,100,0,no_incendio_observado,0,0,0,0,0,1
LJ500_R138_C087,704750,9570250,2020,6,2020-06,100,0,no_incendio_observado,0,0,0,0,0,1
LJ500_R142_C071,696750,9572250,2020,6,2020-06,100,0,no_incendio_observado,0,0,0,0,0,1
LJ500_R145_C054,688250,9573750,2020,6,2020-06,100,0,no_incendio_observado,0,0,0,0,0,1
LJ500_R147_C083,702750,9574750,2020,6,2020-06,100,0,no_incendio_observado,0,0,0,0,0,1
LJ500_R156_C028,675250,9579250,2020,6,2020-06,100,0,no_incendio_observado,0,0,0,0,0,1
LJ500_R156_C067,694750,9579250,2020,6,2020-06,100,0,no_incendio_observado,0,0,0,0,0,1
LJ500_R156_C079,700750,9579250,2020,6,2020-06,100,0,no_incendio_observado,0,0,0,0,0,1
LJ500_R157_C009,665750,9579750,2020,6,2020-06,100,0,no_incendio_observado,0,0,0,0,0,1
LJ500_R158_C065,693750,9580250,2020,6,2020-06,100,0,no_incendio_observado,0,0,0,0,0,1
LJ500_R160_C074,698250,9581250,2020,6,2020-06,100,0,no_incendio_observado,0,0,0,0,0,1
LJ500_R161_C066,694250,9581750,2020,6,2020-06,100,0,no_incendio_observado,0,0,0,0,0,1
LJ500_R164_C043,682750,9583250,2020,6,2020-06,100,0,no_incendio_observado,0,0,0,0,0,1
LJ500_R164_C059,690750,9583250,2020,6,2020-06,100,0,no_incendio_observado,0,0,0,0,0,1
LJ500_R166_C072,697250,9584250,2020,6,2020-06,100,0,no_incendio_observado,0,0,0,0,0,1
LJ500_R167_C067,694750,9584750,2020,6,2020-06,100,0,no_incendio_observado,0,0,0,0,0,1
LJ500_R168_C045,683750,9585250,2020,6,2020-06,100,0,no_incendio_observado,0,0,0,0,0,1
LJ500_R173_C033,677750,9587750,2020,6,2020-06,100,0,no_incendio_observado,0,0,0,0,0,1
LJ500_R178_C063,692750,9590250,2020,6,2020-06,100,0,no_incendio_observado,0,0,0,0,0,1
LJ500_R179_C046,684250,9590750,2020,6,2020-06,100,0,no_incendio_observado,0,0,0,0,0,1
LJ500_R180_C071,696750,9591250,2020,6,2020-06,100,0,no_incendio_observado,0,0,0,0,0,1
LJ500_R183_C039,680750,9592750,2020,6,2020-06,100,0,no_incendio_observado,0,0,0,0,0,1
LJ500_R184_C039,680750,9593250,2020,6,2020-06,,,indeterminado_sin_soporte,,,,,,0
LJ500_R184_C066,694250,9593250,2020,6,2020-06,100,0,no_incendio_observado,0,0,0,0,0,1
LJ500_R006_C075,698750,9504250,2020,7,2020-07,100,0,no_incendio_observado,0,0,0,0,0,1
LJ500_R011_C068,695250,9506750,2020,7,2020-07,100,0,no_incendio_observado,0,0,0,0,0,1
LJ500_R012_C055,688750,9507250,2020,7,2020-07,100,0,no_incendio_observado,0,0,0,0,0,1
LJ500_R020_C061,691750,9511250,2020,7,2020-07,100,0,no_incendio_observado,0,0,0,0,0,1
LJ500_R033_C056,689250,9517750,2020,7,2020-07,100,0,no_incendio_observado,0,0,0,0,0,1
LJ500_R035_C085,703750,9518750,2020,7,2020-07,100,0,no_incendio_observado,0,0,0,0,0,1
LJ500_R039_C072,697250,9520750,2020,7,2020-07,100,0,no_incendio_observado,0,0,0,0,0,1
LJ500_R040_C060,691250,9521250,2020,7,2020-07,100,0,no_incendio_observado,0,0,0,0,0,1
LJ500_R041_C061,691750,9521750,2020,7,2020-07,100,0,no_incendio_observado,0,0,0,0,0,1
LJ500_R043_C058,690250,9522750,2020,7,2020-07,100,0,no_incendio_observado,0,0,0,0,0,1
LJ500_R045_C083,702750,9523750,2020,7,2020-07,100,0,no_incendio_observado,0,0,0,0,0,1
LJ500_R046_C064,693250,9524250,2020,7,2020-07,100,0,no_incendio_observado,0,0,0,0,0,1
LJ500_R048_C071,696750,9525250,2020,7,2020-07,100,0,no_incendio_observado,0,0,0,0,0,1
LJ500_R050_C095,708750,9526250,2020,7,2020-07,100,0,no_incendio_observado,0,0,0,0,0,1
LJ500_R056_C049,685750,9529250,2020,7,2020-07,100,0,no_incendio_observado,0,0,0,0,0,1
LJ500_R058_C079,700750,9530250,2020,7,2020-07,100,0,no_incendio_observado,0,0,0,0,0,1
LJ500_R063_C060,691250,9532750,2020,7,2020-07,100,0,no_incendio_observado,0,0,0,0,0,1
LJ500_R064_C084,703250,9533250,2020,7,2020-07,100,0,no_incendio_observado,0,0,0,0,0,1
LJ500_R069_C057,689750,9535750,2020,7,2020-07,100,0,no_incendio_observado,0,0,0,0,0,1
LJ500_R072_C062,692250,9537250,2020,7,2020-07,100,0,no_incendio_observado,0,0,0,0,0,1
LJ500_R072_C095,708750,9537250,2020,7,2020-07,100,0,no_incendio_observado,0,0,0,0,0,1
LJ500_R074_C074,698250,9538250,2020,7,2020-07,100,0,no_incendio_observado,0,0,0,0,0,1
LJ500_R078_C076,699250,9540250,2020,7,2020-07,100,0,no_incendio_observado,0,0,0,0,0,1
LJ500_R079_C076,699250,9540750,2020,7,2020-07,100,0,no_incendio_observado,0,0,0,0,0,1
LJ500_R093_C071,696750,9547750,2020,7,2020-07,100,0,no_incendio_observado,0,0,0,0,0,1
LJ500_R093_C073,697750,9547750,2020,7,2020-07,100,0,no_incendio_observado,0,0,0,0,0,1
LJ500_R096_C074,698250,9549250,2020,7,2020-07,100,0,no_incendio_observado,0,0,0,0,0,1
LJ500_R098_C085,703750,9550250,2020,7,2020-07,100,0,no_incendio_observado,0,0,0,0,0,1
LJ500_R101_C091,706750,9551750,2020,7,2020-07,100,0,no_incendio_observado,0,0,0,0,0,1
LJ500_R106_C080,701250,9554250,2020,7,2020-07,100,0,no_incendio_observado,0,0,0,0,0,1
LJ500_R108_C065,693750,9555250,2020,7,2020-07,,,indeterminado_sin_soporte,,,,,,0
LJ500_R109_C088,705250,9555750,2020,7,2020-07,100,0,no_incendio_observado,0,0,0,0,0,1
LJ500_R119_C079,700750,9560750,2020,7,2020-07,100,0,no_incendio_observado,0,0,0,0,0,1
LJ500_R122_C070,696250,9562250,2020,7,2020-07,100,0,no_incendio_observado,0,0,0,0,0,1
LJ500_R125_C065,693750,9563750,2020,7,2020-07,100,0,no_incendio_observado,0,0,0,0,0,1
LJ500_R131_C053,687750,9566750,2020,7,2020-07,100,0,no_incendio_observado,0,0,0,0,0,1
LJ500_R132_C080,701250,9567250,2020,7,2020-07,100,0,no_incendio_observado,0,0,0,0,0,1
LJ500_R138_C087,704750,9570250,2020,7,2020-07,100,0,no_incendio_observado,0,0,0,0,0,1
LJ500_R142_C071,696750,9572250,2020,7,2020-07,100,0,no_incendio_observado,0,0,0,0,0,1
LJ500_R145_C054,688250,9573750,2020,7,2020-07,100,0,no_incendio_observado,0,0,0,0,0,1
LJ500_R147_C083,702750,9574750,2020,7,2020-07,100,0,no_incendio_observado,0,0,0,0,0,1
LJ500_R156_C028,675250,9579250,2020,7,2020-07,100,0,no_incendio_observado,0,0,0,0,0,1
LJ500_R156_C067,694750,9579250,2020,7,2020-07,100,0,no_incendio_observado,0,0,0,0,0,1
LJ500_R156_C079,700750,9579250,2020,7,2020-07,100,0,no_incendio_observado,0,0,0,0,0,1
LJ500_R157_C009,665750,9579750,2020,7,2020-07,100,0,no_incendio_observado,0,0,0,0,0,1
LJ500_R158_C065,693750,9580250,2020,7,2020-07,100,0,no_incendio_observado,0,0,0,0,0,1
LJ500_R160_C074,698250,9581250,2020,7,2020-07,100,0,no_incendio_observado,0,0,0,0,0,1
LJ500_R161_C066,694250,9581750,2020,7,2020-07,100,0,no_incendio_observado,0,0,0,0,0,1
LJ500_R164_C043,682750,9583250,2020,7,2020-07,100,0,no_incendio_observado,0,0,0,0,0,1
LJ500_R164_C059,690750,9583250,2020,7,2020-07,100,0,no_incendio_observado,0,0,0,0,0,1
LJ500_R166_C072,697250,9584250,2020,7,2020-07,100,0,no_incendio_observado,0,0,0,0,0,1
LJ500_R167_C067,694750,9584750,2020,7,2020-07,100,0,no_incendio_observado,0,0,0,0,0,1
LJ500_R168_C045,683750,9585250,2020,7,2020-07,100,0,no_incendio_observado,0,0,0,0,0,1
LJ500_R173_C033,677750,9587750,2020,7,2020-07,100,0,no_incendio_observado,0,0,0,0,0,1
LJ500_R178_C063,692750,9590250,2020,7,2020-07,100,0,no_incendio_observado,0,0,0,0,0,1
LJ500_R179_C046,684250,9590750,2020,7,2020-07,100,0,no_incendio_observado,0,0,0,0,0,1
LJ500_R180_C071,696750,9591250,2020,7,2020-07,100,0,no_incendio_observado,0,0,0,0,0,1
LJ500_R183_C039,680750,9592750,2020,7,2020-07,100,0,no_incendio_observado,0,0,0,0,0,1
LJ500_R184_C039,680750,9593250,2020,7,2020-07,,,indeterminado_sin_soporte,,,,,,0
LJ500_R184_C066,694250,9593250,2020,7,2020-07,100,0,no_incendio_observado,0,0,0,0,0,1
LJ500_R006_C075,698750,9504250,2020,8,2020-08,100,0,no_incendio_observado,0,0,0,0,0,1
LJ500_R011_C068,695250,9506750,2020,8,2020-08,100,0,no_incendio_observado,0,0,0,0,0,1
LJ500_R012_C055,688750,9507250,2020,8,2020-08,100,0,no_incendio_observado,0,0,0,0,0,1
LJ500_R020_C061,691750,9511250,2020,8,2020-08,100,0,no_incendio_observado,0,0,0,0,0,1
LJ500_R033_C056,689250,9517750,2020,8,2020-08,100,0,no_incendio_observado,0,0,0,0,0,1
LJ500_R035_C085,703750,9518750,2020,8,2020-08,100,0,no_incendio_observado,0,0,0,0,0,1
LJ500_R039_C072,697250,9520750,2020,8,2020-08,100,0,no_incendio_observado,0,0,0,0,0,1
LJ500_R040_C060,691250,9521250,2020,8,2020-08,100,0,no_incendio_observado,0,0,0,0,0,1
LJ500_R041_C061,691750,9521750,2020,8,2020-08,100,0,no_incendio_observado,0,0,0,0,0,1
LJ500_R043_C058,690250,9522750,2020,8,2020-08,100,0,no_incendio_observado,0,0,0,0,0,1
LJ500_R045_C083,702750,9523750,2020,8,2020-08,100,0,no_incendio_observado,0,0,0,0,0,1
LJ500_R046_C064,693250,9524250,2020,8,2020-08,100,0,no_incendio_observado,0,0,0,0,0,1
LJ500_R048_C071,696750,9525250,2020,8,2020-08,100,0,no_incendio_observado,0,0,0,0,0,1
LJ500_R050_C095,708750,9526250,2020,8,2020-08,100,0,no_incendio_observado,0,0,0,0,0,1
LJ500_R056_C049,685750,9529250,2020,8,2020-08,100,0,no_incendio_observado,0,0,0,0,0,1
LJ500_R058_C079,700750,9530250,2020,8,2020-08,100,0,no_incendio_observado,0,0,0,0,0,1
LJ500_R063_C060,691250,9532750,2020,8,2020-08,100,0,no_incendio_observado,0,0,0,0,0,1
LJ500_R064_C084,703250,9533250,2020,8,2020-08,100,0,no_incendio_observado,0,0,0,0,0,1
LJ500_R069_C057,689750,9535750,2020,8,2020-08,100,0,no_incendio_observado,0,0,0,0,0,1
LJ500_R072_C062,692250,9537250,2020,8,2020-08,100,0,no_incendio_observado,0,0,0,0,0,1
LJ500_R072_C095,708750,9537250,2020,8,2020-08,100,0,no_incendio_observado,0,0,0,0,0,1
LJ500_R074_C074,698250,9538250,2020,8,2020-08,100,0,no_incendio_observado,0,0,0,0,0,1
LJ500_R078_C076,699250,9540250,2020,8,2020-08,100,0,no_incendio_observado,0,0,0,0,0,1
LJ500_R079_C076,699250,9540750,2020,8,2020-08,100,0,no_incendio_observado,0,0,0,0,0,1
LJ500_R093_C071,696750,9547750,2020,8,2020-08,100,0,no_incendio_observado,0,0,0,0,0,1
LJ500_R093_C073,697750,9547750,2020,8,2020-08,100,0,no_incendio_observado,0,0,0,0,0,1
LJ500_R096_C074,698250,9549250,2020,8,2020-08,100,0,no_incendio_observado,0,0,0,0,0,1
LJ500_R098_C085,703750,9550250,2020,8,2020-08,100,0,no_incendio_observado,0,0,0,0,0,1
LJ500_R101_C091,706750,9551750,2020,8,2020-08,100,0,no_incendio_observado,0,0,0,0,0,1
LJ500_R106_C080,701250,9554250,2020,8,2020-08,100,0,no_incendio_observado,0,0,0,0,0,1
LJ500_R108_C065,693750,9555250,2020,8,2020-08,,,indeterminado_sin_soporte,,,,,,0
LJ500_R109_C088,705250,9555750,2020,8,2020-08,100,0,no_incendio_observado,0,0,0,0,0,1
LJ500_R119_C079,700750,9560750,2020,8,2020-08,100,0,no_incendio_observado,0,0,0,0,0,1
LJ500_R122_C070,696250,9562250,2020,8,2020-08,100,0,no_incendio_observado,0,0,0,0,0,1
LJ500_R125_C065,693750,9563750,2020,8,2020-08,100,0,no_incendio_observado,0,0,0,0,0,1
LJ500_R131_C053,687750,9566750,2020,8,2020-08,100,0,no_incendio_observado,0,0,0,0,0,1
LJ500_R132_C080,701250,9567250,2020,8,2020-08,100,0,no_incendio_observado,0,0,0,0,0,1
LJ500_R138_C087,704750,9570250,2020,8,2020-08,100,0,no_incendio_observado,0,0,0,0,0,1
LJ500_R142_C071,696750,9572250,2020,8,2020-08,100,0,no_incendio_observado,0,0,0,0,0,1
LJ500_R145_C054,688250,9573750,2020,8,2020-08,100,0,no_incendio_observado,0,0,0,0,0,1
LJ500_R147_C083,702750,9574750,2020,8,2020-08,100,0,no_incendio_observado,0,0,0,0,0,1
LJ500_R156_C028,675250,9579250,2020,8,2020-08,100,0,no_incendio_observado,0,0,0,0,0,1
LJ500_R156_C067,694750,9579250,2020,8,2020-08,100,0,no_incendio_observado,0,0,0,0,0,1
LJ500_R156_C079,700750,9579250,2020,8,2020-08,100,0,no_incendio_observado,0,0,0,0,0,1
LJ500_R157_C009,665750,9579750,2020,8,2020-08,100,0,no_incendio_observado,0,0,0,0,0,1
LJ500_R158_C065,693750,9580250,2020,8,2020-08,100,0,no_incendio_observado,0,0,0,0,0,1
LJ500_R160_C074,698250,9581250,2020,8,2020-08,100,0,no_incendio_observado,0,0,0,0,0,1
LJ500_R161_C066,694250,9581750,2020,8,2020-08,100,0,no_incendio_observado,0,0,0,0,0,1
LJ500_R164_C043,682750,9583250,2020,8,2020-08,100,0,no_incendio_observado,0,0,0,0,0,1
LJ500_R164_C059,690750,9583250,2020,8,2020-08,100,0,no_incendio_observado,0,0,0,0,0,1
LJ500_R166_C072,697250,9584250,2020,8,2020-08,100,0,no_incendio_observado,0,0,0,0,0,1
LJ500_R167_C067,694750,9584750,2020,8,2020-08,100,0,no_incendio_observado,0,0,0,0,0,1
LJ500_R168_C045,683750,9585250,2020,8,2020-08,100,0,no_incendio_observado,0,0,0,0,0,1
LJ500_R173_C033,677750,9587750,2020,8,2020-08,100,0,no_incendio_observado,0,0,0,0,0,1
LJ500_R178_C063,692750,9590250,2020,8,2020-08,100,0,no_incendio_observado,0,0,0,0,0,1
LJ500_R179_C046,684250,9590750,2020,8,2020-08,100,0,no_incendio_observado,0,0,0,0,0,1
LJ500_R180_C071,696750,9591250,2020,8,2020-08,100,0,no_incendio_observado,0,0,0,0,0,1
LJ500_R183_C039,680750,9592750,2020,8,2020-08,100,0,no_incendio_observado,0,0,0,0,0,1
LJ500_R184_C039,680750,9593250,2020,8,2020-08,,,indeterminado_sin_soporte,,,,,,0
LJ500_R184_C066,694250,9593250,2020,8,2020-08,100,0,no_incendio_observado,0,0,0,0,0,1
LJ500_R006_C075,698750,9504250,2020,9,2020-09,100,0,no_incendio_observado,0,0,0,0,0,1
LJ500_R011_C068,695250,9506750,2020,9,2020-09,100,0,no_incendio_observado,0,0,0,0,0,1
LJ500_R012_C055,688750,9507250,2020,9,2020-09,100,0,no_incendio_observado,0,0,0,0,0,1
LJ500_R020_C061,691750,9511250,2020,9,2020-09,100,0,no_incendio_observado,0,0,0,0,0,1
LJ500_R033_C056,689250,9517750,2020,9,2020-09,100,0,no_incendio_observado,0,0,0,0,0,1
LJ500_R035_C085,703750,9518750,2020,9,2020-09,100,0,no_incendio_observado,0,0,0,0,0,1
LJ500_R039_C072,697250,9520750,2020,9,2020-09,100,0,no_incendio_observado,0,0,0,0,0,1
LJ500_R040_C060,691250,9521250,2020,9,2020-09,100,0,no_incendio_observado,0,0,0,0,0,1
LJ500_R041_C061,691750,9521750,2020,9,2020-09,100,0,no_incendio_observado,0,0,0,0,0,1
LJ500_R043_C058,690250,9522750,2020,9,2020-09,100,0,no_incendio_observado,0,0,0,0,0,1
LJ500_R045_C083,702750,9523750,2020,9,2020-09,100,0,no_incendio_observado,0,0,0,0,0,1
LJ500_R046_C064,693250,9524250,2020,9,2020-09,100,0,no_incendio_observado,0,0,0,0,0,1
LJ500_R048_C071,696750,9525250,2020,9,2020-09,100,0,no_incendio_observado,0,0,0,0,0,1
LJ500_R050_C095,708750,9526250,2020,9,2020-09,100,0,no_incendio_observado,0,0,0,0,0,1
LJ500_R056_C049,685750,9529250,2020,9,2020-09,100,0,no_incendio_observado,0,0,0,0,0,1
LJ500_R058_C079,700750,9530250,2020,9,2020-09,100,0,no_incendio_observado,0,0,0,0,0,1
LJ500_R063_C060,691250,9532750,2020,9,2020-09,100,0,no_incendio_observado,0,0,0,0,0,1
LJ500_R064_C084,703250,9533250,2020,9,2020-09,100,0,no_incendio_observado,0,0,0,0,0,1
LJ500_R069_C057,689750,9535750,2020,9,2020-09,100,0,no_incendio_observado,0,0,0,0,0,1
LJ500_R072_C062,692250,9537250,2020,9,2020-09,100,1,incendio_observado,1,1,1,1,1,1
LJ500_R072_C095,708750,9537250,2020,9,2020-09,100,0,no_incendio_observado,0,0,0,0,0,1
LJ500_R074_C074,698250,9538250,2020,9,2020-09,100,0,no_incendio_observado,0,0,0,0,0,1
LJ500_R078_C076,699250,9540250,2020,9,2020-09,100,0,no_incendio_observado,0,0,0,0,0,1
LJ500_R079_C076,699250,9540750,2020,9,2020-09,100,0,no_incendio_observado,0,0,0,0,0,1
LJ500_R093_C071,696750,9547750,2020,9,2020-09,100,0,no_incendio_observado,0,0,0,0,0,1
LJ500_R093_C073,697750,9547750,2020,9,2020-09,100,0,no_incendio_observado,0,0,0,0,0,1
LJ500_R096_C074,698250,9549250,2020,9,2020-09,100,0,no_incendio_observado,0,0,0,0,0,1
LJ500_R098_C085,703750,9550250,2020,9,2020-09,100,0,no_incendio_observado,0,0,0,0,0,1
LJ500_R101_C091,706750,9551750,2020,9,2020-09,100,0,no_incendio_observado,0,0,0,0,0,1
LJ500_R106_C080,701250,9554250,2020,9,2020-09,100,0,no_incendio_observado,0,0,0,0,0,1
LJ500_R108_C065,693750,9555250,2020,9,2020-09,,,indeterminado_sin_soporte,,,,,,0
LJ500_R109_C088,705250,9555750,2020,9,2020-09,100,0,no_incendio_observado,0,0,0,0,0,1
LJ500_R119_C079,700750,9560750,2020,9,2020-09,100,0,no_incendio_observado,0,0,0,0,0,1
LJ500_R122_C070,696250,9562250,2020,9,2020-09,100,0,no_incendio_observado,0,0,0,0,0,1
LJ500_R125_C065,693750,9563750,2020,9,2020-09,100,0,no_incendio_observado,0,0,0,0,0,1
LJ500_R131_C053,687750,9566750,2020,9,2020-09,100,0,no_incendio_observado,0,0,0,0,0,1
LJ500_R132_C080,701250,9567250,2020,9,2020-09,100,0,no_incendio_observado,0,0,0,0,0,1
LJ500_R138_C087,704750,9570250,2020,9,2020-09,100,0,no_incendio_observado,0,0,0,0,0,1
LJ500_R142_C071,696750,9572250,2020,9,2020-09,100,0,no_incendio_observado,0,0,0,0,0,1
LJ500_R145_C054,688250,9573750,2020,9,2020-09,100,0,no_incendio_observado,0,0,0,0,0,1
LJ500_R147_C083,702750,9574750,2020,9,2020-09,100,0,no_incendio_observado,0,0,0,0,0,1
LJ500_R156_C028,675250,9579250,2020,9,2020-09,100,0,no_incendio_observado,0,0,0,0,0,1
LJ500_R156_C067,694750,9579250,2020,9,2020-09,100,0,no_incendio_observado,0,0,0,0,0,1
LJ500_R156_C079,700750,9579250,2020,9,2020-09,100,0,no_incendio_observado,0,0,0,0,0,1
LJ500_R157_C009,665750,9579750,2020,9,2020-09,100,0,no_incendio_observado,0,0,0,0,0,1
LJ500_R158_C065,693750,9580250,2020,9,2020-09,100,0,no_incendio_observado,0,0,0,0,0,1
LJ500_R160_C074,698250,9581250,2020,9,2020-09,100,0,no_incendio_observado,0,0,0,0,0,1
LJ500_R161_C066,694250,9581750,2020,9,2020-09,100,0,no_incendio_observado,0,0,0,0,0,1
LJ500_R164_C043,682750,9583250,2020,9,2020-09,100,0,no_incendio_observado,0,0,0,0,0,1
LJ500_R164_C059,690750,9583250,2020,9,2020-09,100,0,no_incendio_observado,0,0,0,0,0,1
LJ500_R166_C072,697250,9584250,2020,9,2020-09,100,0,no_incendio_observado,0,0,0,0,0,1
LJ500_R167_C067,694750,9584750,2020,9,2020-09,100,0,no_incendio_observado,0,0,0,0,0,1
LJ500_R168_C045,683750,9585250,2020,9,2020-09,100,0,no_incendio_observado,0,0,0,0,0,1
LJ500_R173_C033,677750,9587750,2020,9,2020-09,100,0,no_incendio_observado,0,0,0,0,0,1
LJ500_R178_C063,692750,9590250,2020,9,2020-09,100,0,no_incendio_observado,0,0,0,0,0,1
LJ500_R179_C046,684250,9590750,2020,9,2020-09,100,0,no_incendio_observado,0,0,0,0,0,1
LJ500_R180_C071,696750,9591250,2020,9,2020-09,100,0,no_incendio_observado,0,0,0,0,0,1
LJ500_R183_C039,680750,9592750,2020,9,2020-09,100,0,no_incendio_observado,0,0,0,0,0,1
LJ500_R184_C039,680750,9593250,2020,9,2020-09,,,indeterminado_sin_soporte,,,,,,0
LJ500_R184_C066,694250,9593250,2020,9,2020-09,100,0,no_incendio_observado,0,0,0,0,0,1
LJ500_R006_C075,698750,9504250,2020,10,2020-10,100,0,no_incendio_observado,0,0,0,0,0,1
LJ500_R011_C068,695250,9506750,2020,10,2020-10,100,0,no_incendio_observado,0,0,0,0,0,1
LJ500_R012_C055,688750,9507250,2020,10,2020-10,100,0,no_incendio_observado,0,0,0,0,0,1
LJ500_R020_C061,691750,9511250,2020,10,2020-10,100,0,no_incendio_observado,0,0,0,0,0,1
LJ500_R033_C056,689250,9517750,2020,10,2020-10,100,0,no_incendio_observado,0,0,0,0,0,1
LJ500_R035_C085,703750,9518750,2020,10,2020-10,100,0,no_incendio_observado,0,0,0,0,0,1
LJ500_R039_C072,697250,9520750,2020,10,2020-10,100,0,no_incendio_observado,0,0,0,0,0,1
LJ500_R040_C060,691250,9521250,2020,10,2020-10,100,0,no_incendio_observado,0,0,0,0,0,1
LJ500_R041_C061,691750,9521750,2020,10,2020-10,100,0,no_incendio_observado,0,0,0,0,0,1
LJ500_R043_C058,690250,9522750,2020,10,2020-10,100,0,no_incendio_observado,0,0,0,0,0,1
LJ500_R045_C083,702750,9523750,2020,10,2020-10,100,0,no_incendio_observado,0,0,0,0,0,1
LJ500_R046_C064,693250,9524250,2020,10,2020-10,100,0,no_incendio_observado,0,0,0,0,0,1
LJ500_R048_C071,696750,9525250,2020,10,2020-10,100,0,no_incendio_observado,0,0,0,0,0,1
LJ500_R050_C095,708750,9526250,2020,10,2020-10,100,0,no_incendio_observado,0,0,0,0,0,1
LJ500_R056_C049,685750,9529250,2020,10,2020-10,100,0,no_incendio_observado,0,0,0,0,0,1
LJ500_R058_C079,700750,9530250,2020,10,2020-10,100,0,no_incendio_observado,0,0,0,0,0,1
LJ500_R063_C060,691250,9532750,2020,10,2020-10,100,0,no_incendio_observado,0,0,0,0,0,1
LJ500_R064_C084,703250,9533250,2020,10,2020-10,100,0,no_incendio_observado,0,0,0,0,0,1
LJ500_R069_C057,689750,9535750,2020,10,2020-10,100,0,no_incendio_observado,0,0,0,0,0,1
LJ500_R072_C062,692250,9537250,2020,10,2020-10,100,0,no_incendio_observado,0,0,0,0,0,1
LJ500_R072_C095,708750,9537250,2020,10,2020-10,100,0,no_incendio_observado,0,0,0,0,0,1
LJ500_R074_C074,698250,9538250,2020,10,2020-10,100,0,no_incendio_observado,0,0,0,0,0,1
LJ500_R078_C076,699250,9540250,2020,10,2020-10,100,0,no_incendio_observado,0,0,0,0,0,1
LJ500_R079_C076,699250,9540750,2020,10,2020-10,100,0,no_incendio_observado,0,0,0,0,0,1
LJ500_R093_C071,696750,9547750,2020,10,2020-10,100,0,no_incendio_observado,0,0,0,0,0,1
LJ500_R093_C073,697750,9547750,2020,10,2020-10,100,0,no_incendio_observado,0,0,0,0,0,1
LJ500_R096_C074,698250,9549250,2020,10,2020-10,100,0,no_incendio_observado,0,0,0,0,0,1
LJ500_R098_C085,703750,9550250,2020,10,2020-10,100,0,no_incendio_observado,0,0,0,0,0,1
LJ500_R101_C091,706750,9551750,2020,10,2020-10,100,0,no_incendio_observado,0,0,0,0,0,1
LJ500_R106_C080,701250,9554250,2020,10,2020-10,100,0,no_incendio_observado,0,0,0,0,0,1
LJ500_R108_C065,693750,9555250,2020,10,2020-10,,,indeterminado_sin_soporte,,,,,,0
LJ500_R109_C088,705250,9555750,2020,10,2020-10,100,0,no_incendio_observado,0,0,0,0,0,1
LJ500_R119_C079,700750,9560750,2020,10,2020-10,100,0,no_incendio_observado,0,0,0,0,0,1
LJ500_R122_C070,696250,9562250,2020,10,2020-10,100,0,no_incendio_observado,0,0,0,0,0,1
LJ500_R125_C065,693750,9563750,2020,10,2020-10,100,0,no_incendio_observado,0,0,0,0,0,1
LJ500_R131_C053,687750,9566750,2020,10,2020-10,100,0,no_incendio_observado,0,0,0,0,0,1
LJ500_R132_C080,701250,9567250,2020,10,2020-10,100,0,no_incendio_observado,0,0,0,0,0,1
LJ500_R138_C087,704750,9570250,2020,10,2020-10,100,0,no_incendio_observado,0,0,0,0,0,1
LJ500_R142_C071,696750,9572250,2020,10,2020-10,100,0,no_incendio_observado,0,0,0,0,0,1
LJ500_R145_C054,688250,9573750,2020,10,2020-10,100,0,no_incendio_observado,0,0,0,0,0,1
LJ500_R147_C083,702750,9574750,2020,10,2020-10,100,0,no_incendio_observado,0,0,0,0,0,1
LJ500_R156_C028,675250,9579250,2020,10,2020-10,100,0,no_incendio_observado,0,0,0,0,0,1
LJ500_R156_C067,694750,9579250,2020,10,2020-10,100,0,no_incendio_observado,0,0,0,0,0,1
LJ500_R156_C079,700750,9579250,2020,10,2020-10,100,0,no_incendio_observado,0,0,0,0,0,1
LJ500_R157_C009,665750,9579750,2020,10,2020-10,100,0,no_incendio_observado,0,0,0,0,0,1
LJ500_R158_C065,693750,9580250,2020,10,2020-10,100,0,no_incendio_observado,0,0,0,0,0,1
LJ500_R160_C074,698250,9581250,2020,10,2020-10,100,0,no_incendio_observado,0,0,0,0,0,1
LJ500_R161_C066,694250,9581750,2020,10,2020-10,100,0,no_incendio_observado,0,0,0,0,0,1
LJ500_R164_C043,682750,9583250,2020,10,2020-10,100,0,no_incendio_observado,0,0,0,0,0,1
LJ500_R164_C059,690750,9583250,2020,10,2020-10,100,0,no_incendio_observado,0,0,0,0,0,1
LJ500_R166_C072,697250,9584250,2020,10,2020-10,100,0,no_incendio_observado,0,0,0,0,0,1
LJ500_R167_C067,694750,9584750,2020,10,2020-10,100,0,no_incendio_observado,0,0,0,0,0,1
LJ500_R168_C045,683750,9585250,2020,10,2020-10,100,0,no_incendio_observado,0,0,0,0,0,1
LJ500_R173_C033,677750,9587750,2020,10,2020-10,100,0,no_incendio_observado,0,0,0,0,0,1
LJ500_R178_C063,692750,9590250,2020,10,2020-10,100,0,no_incendio_observado,0,0,0,0,0,1
LJ500_R179_C046,684250,9590750,2020,10,2020-10,100,0,no_incendio_observado,0,0,0,0,0,1
LJ500_R180_C071,696750,9591250,2020,10,2020-10,100,0,no_incendio_observado,0,0,0,0,0,1
LJ500_R183_C039,680750,9592750,2020,10,2020-10,100,0,no_incendio_observado,0,0,0,0,0,1
LJ500_R184_C039,680750,9593250,2020,10,2020-10,,,indeterminado_sin_soporte,,,,,,0
LJ500_R184_C066,694250,9593250,2020,10,2020-10,100,0,no_incendio_observado,0,0,0,0,0,1
LJ500_R006_C075,698750,9504250,2020,11,2020-11,100,0,no_incendio_observado,0,0,0,0,0,1
LJ500_R011_C068,695250,9506750,2020,11,2020-11,100,0,no_incendio_observado,0,0,0,0,0,1
LJ500_R012_C055,688750,9507250,2020,11,2020-11,100,0,no_incendio_observado,0,0,0,0,0,1
LJ500_R020_C061,691750,9511250,2020,11,2020-11,100,0,no_incendio_observado,0,0,0,0,0,1
LJ500_R033_C056,689250,9517750,2020,11,2020-11,100,0,no_incendio_observado,0,0,0,0,0,1
LJ500_R035_C085,703750,9518750,2020,11,2020-11,100,0,no_incendio_observado,0,0,0,0,0,1
LJ500_R039_C072,697250,9520750,2020,11,2020-11,100,0,no_incendio_observado,0,0,0,0,0,1
LJ500_R040_C060,691250,9521250,2020,11,2020-11,100,0,no_incendio_observado,0,0,0,0,0,1
LJ500_R041_C061,691750,9521750,2020,11,2020-11,100,0,no_incendio_observado,0,0,0,0,0,1
LJ500_R043_C058,690250,9522750,2020,11,2020-11,100,0,no_incendio_observado,0,0,0,0,0,1
LJ500_R045_C083,702750,9523750,2020,11,2020-11,100,0,no_incendio_observado,0,0,0,0,0,1
LJ500_R046_C064,693250,9524250,2020,11,2020-11,100,0,no_incendio_observado,0,0,0,0,0,1
LJ500_R048_C071,696750,9525250,2020,11,2020-11,100,0,no_incendio_observado,0,0,0,0,0,1
LJ500_R050_C095,708750,9526250,2020,11,2020-11,100,0,no_incendio_observado,0,0,0,0,0,1
LJ500_R056_C049,685750,9529250,2020,11,2020-11,100,0,no_incendio_observado,0,0,0,0,0,1
LJ500_R058_C079,700750,9530250,2020,11,2020-11,100,0,no_incendio_observado,0,0,0,0,0,1
LJ500_R063_C060,691250,9532750,2020,11,2020-11,100,0,no_incendio_observado,0,0,0,0,0,1
LJ500_R064_C084,703250,9533250,2020,11,2020-11,100,0,no_incendio_observado,0,0,0,0,0,1
LJ500_R069_C057,689750,9535750,2020,11,2020-11,100,0,no_incendio_observado,0,0,0,0,0,1
LJ500_R072_C062,692250,9537250,2020,11,2020-11,100,0,no_incendio_observado,0,0,0,0,0,1
LJ500_R072_C095,708750,9537250,2020,11,2020-11,100,0,no_incendio_observado,0,0,0,0,0,1
LJ500_R074_C074,698250,9538250,2020,11,2020-11,100,0,no_incendio_observado,0,0,0,0,0,1
LJ500_R078_C076,699250,9540250,2020,11,2020-11,100,0,no_incendio_observado,0,0,0,0,0,1
LJ500_R079_C076,699250,9540750,2020,11,2020-11,100,0,no_incendio_observado,0,0,0,0,0,1
LJ500_R093_C071,696750,9547750,2020,11,2020-11,100,0,no_incendio_observado,0,0,0,0,0,1
LJ500_R093_C073,697750,9547750,2020,11,2020-11,100,0,no_incendio_observado,0,0,0,0,0,1
LJ500_R096_C074,698250,9549250,2020,11,2020-11,100,0,no_incendio_observado,0,0,0,0,0,1
LJ500_R098_C085,703750,9550250,2020,11,2020-11,100,0,no_incendio_observado,0,0,0,0,0,1
LJ500_R101_C091,706750,9551750,2020,11,2020-11,100,0,no_incendio_observado,0,0,0,0,0,1
LJ500_R106_C080,701250,9554250,2020,11,2020-11,100,0,no_incendio_observado,0,0,0,0,0,1
LJ500_R108_C065,693750,9555250,2020,11,2020-11,,,indeterminado_sin_soporte,,,,,,0
LJ500_R109_C088,705250,9555750,2020,11,2020-11,100,0,no_incendio_observado,0,0,0,0,0,1
LJ500_R119_C079,700750,9560750,2020,11,2020-11,100,0,no_incendio_observado,0,0,0,0,0,1
LJ500_R122_C070,696250,9562250,2020,11,2020-11,100,0,no_incendio_observado,0,0,0,0,0,1
LJ500_R125_C065,693750,9563750,2020,11,2020-11,100,0,no_incendio_observado,0,0,0,0,0,1
LJ500_R131_C053,687750,9566750,2020,11,2020-11,100,0,no_incendio_observado,0,0,0,0,0,1
LJ500_R132_C080,701250,9567250,2020,11,2020-11,100,0,no_incendio_observado,0,0,0,0,0,1
LJ500_R138_C087,704750,9570250,2020,11,2020-11,100,0,no_incendio_observado,0,0,0,0,0,1
LJ500_R142_C071,696750,9572250,2020,11,2020-11,100,0,no_incendio_observado,0,0,0,0,0,1
LJ500_R145_C054,688250,9573750,2020,11,2020-11,100,0,no_incendio_observado,0,0,0,0,0,1
LJ500_R147_C083,702750,9574750,2020,11,2020-11,100,0,no_incendio_observado,0,0,0,0,0,1
LJ500_R156_C028,675250,9579250,2020,11,2020-11,100,0,no_incendio_observado,0,0,0,0,0,1
LJ500_R156_C067,694750,9579250,2020,11,2020-11,100,0,no_incendio_observado,0,0,0,0,0,1
LJ500_R156_C079,700750,9579250,2020,11,2020-11,100,0,no_incendio_observado,0,0,0,0,0,1
LJ500_R157_C009,665750,9579750,2020,11,2020-11,100,0,no_incendio_observado,0,0,0,0,0,1
LJ500_R158_C065,693750,9580250,2020,11,2020-11,100,0,no_incendio_observado,0,0,0,0,0,1
LJ500_R160_C074,698250,9581250,2020,11,2020-11,100,1,incendio_observado,1,1,1,1,1,1
LJ500_R161_C066,694250,9581750,2020,11,2020-11,100,0,no_incendio_observado,0,0,0,0,0,1
LJ500_R164_C043,682750,9583250,2020,11,2020-11,100,0,no_incendio_observado,0,0,0,0,0,1
LJ500_R164_C059,690750,9583250,2020,11,2020-11,100,0,no_incendio_observado,0,0,0,0,0,1
LJ500_R166_C072,697250,9584250,2020,11,2020-11,100,0,no_incendio_observado,0,0,0,0,0,1
LJ500_R167_C067,694750,9584750,2020,11,2020-11,100,0,no_incendio_observado,0,0,0,0,0,1
LJ500_R168_C045,683750,9585250,2020,11,2020-11,100,0,no_incendio_observado,0,0,0,0,0,1
LJ500_R173_C033,677750,9587750,2020,11,2020-11,100,0,no_incendio_observado,0,0,0,0,0,1
LJ500_R178_C063,692750,9590250,2020,11,2020-11,100,0,no_incendio_observado,0,0,0,0,0,1
LJ500_R179_C046,684250,9590750,2020,11,2020-11,100,0,no_incendio_observado,0,0,0,0,0,1
LJ500_R180_C071,696750,9591250,2020,11,2020-11,100,0,no_incendio_observado,0,0,0,0,0,1
LJ500_R183_C039,680750,9592750,2020,11,2020-11,100,0,no_incendio_observado,0,0,0,0,0,1
LJ500_R184_C039,680750,9593250,2020,11,2020-11,,,indeterminado_sin_soporte,,,,,,0
LJ500_R184_C066,694250,9593250,2020,11,2020-11,100,0,no_incendio_observado,0,0,0,0,0,1
LJ500_R006_C075,698750,9504250,2020,12,2020-12,100,0,no_incendio_observado,0,0,0,0,0,1
LJ500_R011_C068,695250,9506750,2020,12,2020-12,100,0,no_incendio_observado,0,0,0,0,0,1
LJ500_R012_C055,688750,9507250,2020,12,2020-12,100,0,no_incendio_observado,0,0,0,0,0,1
LJ500_R020_C061,691750,9511250,2020,12,2020-12,100,0,no_incendio_observado,0,0,0,0,0,1
LJ500_R033_C056,689250,9517750,2020,12,2020-12,100,0,no_incendio_observado,0,0,0,0,0,1
LJ500_R035_C085,703750,9518750,2020,12,2020-12,100,0,no_incendio_observado,0,0,0,0,0,1
LJ500_R039_C072,697250,9520750,2020,12,2020-12,100,0,no_incendio_observado,0,0,0,0,0,1
LJ500_R040_C060,691250,9521250,2020,12,2020-12,100,0,no_incendio_observado,0,0,0,0,0,1
LJ500_R041_C061,691750,9521750,2020,12,2020-12,100,0,no_incendio_observado,0,0,0,0,0,1
LJ500_R043_C058,690250,9522750,2020,12,2020-12,100,0,no_incendio_observado,0,0,0,0,0,1
LJ500_R045_C083,702750,9523750,2020,12,2020-12,100,0,no_incendio_observado,0,0,0,0,0,1
LJ500_R046_C064,693250,9524250,2020,12,2020-12,100,0,no_incendio_observado,0,0,0,0,0,1
LJ500_R048_C071,696750,9525250,2020,12,2020-12,100,0,no_incendio_observado,0,0,0,0,0,1
LJ500_R050_C095,708750,9526250,2020,12,2020-12,100,0,no_incendio_observado,0,0,0,0,0,1
LJ500_R056_C049,685750,9529250,2020,12,2020-12,100,0,no_incendio_observado,0,0,0,0,0,1
LJ500_R058_C079,700750,9530250,2020,12,2020-12,100,0,no_incendio_observado,0,0,0,0,0,1
LJ500_R063_C060,691250,9532750,2020,12,2020-12,100,0,no_incendio_observado,0,0,0,0,0,1
LJ500_R064_C084,703250,9533250,2020,12,2020-12,100,0,no_incendio_observado,0,0,0,0,0,1
LJ500_R069_C057,689750,9535750,2020,12,2020-12,100,0,no_incendio_observado,0,0,0,0,0,1
LJ500_R072_C062,692250,9537250,2020,12,2020-12,100,0,no_incendio_observado,0,0,0,0,0,1
LJ500_R072_C095,708750,9537250,2020,12,2020-12,100,0,no_incendio_observado,0,0,0,0,0,1
LJ500_R074_C074,698250,9538250,2020,12,2020-12,100,0,no_incendio_observado,0,0,0,0,0,1
LJ500_R078_C076,699250,9540250,2020,12,2020-12,100,0,no_incendio_observado,0,0,0,0,0,1
LJ500_R079_C076,699250,9540750,2020,12,2020-12,100,0,no_incendio_observado,0,0,0,0,0,1
LJ500_R093_C071,696750,9547750,2020,12,2020-12,100,0,no_incendio_observado,0,0,0,0,0,1
LJ500_R093_C073,697750,9547750,2020,12,2020-12,100,0,no_incendio_observado,0,0,0,0,0,1
LJ500_R096_C074,698250,9549250,2020,12,2020-12,100,0,no_incendio_observado,0,0,0,0,0,1
LJ500_R098_C085,703750,9550250,2020,12,2020-12,100,0,no_incendio_observado,0,0,0,0,0,1
LJ500_R101_C091,706750,9551750,2020,12,2020-12,100,0,no_incendio_observado,0,0,0,0,0,1
LJ500_R106_C080,701250,9554250,2020,12,2020-12,100,0,no_incendio_observado,0,0,0,0,0,1
LJ500_R108_C065,693750,9555250,2020,12,2020-12,,,indeterminado_sin_soporte,,,,,,0
LJ500_R109_C088,705250,9555750,2020,12,2020-12,100,0,no_incendio_observado,0,0,0,0,0,1
LJ500_R119_C079,700750,9560750,2020,12,2020-12,100,0,no_incendio_observado,0,0,0,0,0,1
LJ500_R122_C070,696250,9562250,2020,12,2020-12,100,0,no_incendio_observado,0,0,0,0,0,1
LJ500_R125_C065,693750,9563750,2020,12,2020-12,100,0,no_incendio_observado,0,0,0,0,0,1
LJ500_R131_C053,687750,9566750,2020,12,2020-12,100,0,no_incendio_observado,0,0,0,0,0,1
LJ500_R132_C080,701250,9567250,2020,12,2020-12,100,0,no_incendio_observado,0,0,0,0,0,1
LJ500_R138_C087,704750,9570250,2020,12,2020-12,100,0,no_incendio_observado,0,0,0,0,0,1
LJ500_R142_C071,696750,9572250,2020,12,2020-12,100,0,no_incendio_observado,0,0,0,0,0,1
LJ500_R145_C054,688250,9573750,2020,12,2020-12,100,0,no_incendio_observado,0,0,0,0,0,1
LJ500_R147_C083,702750,9574750,2020,12,2020-12,100,0,no_incendio_observado,0,0,0,0,0,1
LJ500_R156_C028,675250,9579250,2020,12,2020-12,100,0,no_incendio_observado,0,0,0,0,0,1
LJ500_R156_C067,694750,9579250,2020,12,2020-12,100,0,no_incendio_observado,0,0,0,0,0,1
LJ500_R156_C079,700750,9579250,2020,12,2020-12,100,0,no_incendio_observado,0,0,0,0,0,1
LJ500_R157_C009,665750,9579750,2020,12,2020-12,100,0,no_incendio_observado,0,0,0,0,0,1
LJ500_R158_C065,693750,9580250,2020,12,2020-12,100,0,no_incendio_observado,0,0,0,0,0,1
LJ500_R160_C074,698250,9581250,2020,12,2020-12,100,0,no_incendio_observado,0,0,0,0,0,1
LJ500_R161_C066,694250,9581750,2020,12,2020-12,100,0,no_incendio_observado,0,0,0,0,0,1
LJ500_R164_C043,682750,9583250,2020,12,2020-12,100,0,no_incendio_observado,0,0,0,0,0,1
LJ500_R164_C059,690750,9583250,2020,12,2020-12,100,0,no_incendio_observado,0,0,0,0,0,1
LJ500_R166_C072,697250,9584250,2020,12,2020-12,100,0,no_incendio_observado,0,0,0,0,0,1
LJ500_R167_C067,694750,9584750,2020,12,2020-12,100,0,no_incendio_observado,0,0,0,0,0,1
LJ500_R168_C045,683750,9585250,2020,12,2020-12,100,0,no_incendio_observado,0,0,0,0,0,1
LJ500_R173_C033,677750,9587750,2020,12,2020-12,100,0,no_incendio_observado,0,0,0,0,0,1
LJ500_R178_C063,692750,9590250,2020,12,2020-12,100,0,no_incendio_observado,0,0,0,0,0,1
LJ500_R179_C046,684250,9590750,2020,12,2020-12,100,0,no_incendio_observado,0,0,0,0,0,1
LJ500_R180_C071,696750,9591250,2020,12,2020-12,100,0,no_incendio_observado,0,0,0,0,0,1
LJ500_R183_C039,680750,9592750,2020,12,2020-12,100,0,no_incendio_observado,0,0,0,0,0,1
LJ500_R184_C039,680750,9593250,2020,12,2020-12,,,indeterminado_sin_soporte,,,,,,0
LJ500_R184_C066,694250,9593250,2020,12,2020-12,100,0,no_incendio_observado,0,0,0,0,0,1
LJ500_R006_C075,698750,9504250,2021,1,2021-01,100,0,no_incendio_observado,0,0,0,0,0,1
LJ500_R011_C068,695250,9506750,2021,1,2021-01,100,0,no_incendio_observado,0,0,0,0,0,1
LJ500_R012_C055,688750,9507250,2021,1,2021-01,100,0,no_incendio_observado,0,0,0,0,0,1
LJ500_R020_C061,691750,9511250,2021,1,2021-01,100,0,no_incendio_observado,0,0,0,0,0,1
LJ500_R033_C056,689250,9517750,2021,1,2021-01,100,0,no_incendio_observado,0,0,0,0,0,1
LJ500_R035_C085,703750,9518750,2021,1,2021-01,100,0,no_incendio_observado,0,0,0,0,0,1
LJ500_R039_C072,697250,9520750,2021,1,2021-01,100,0,no_incendio_observado,0,0,0,0,0,1
LJ500_R040_C060,691250,9521250,2021,1,2021-01,100,0,no_incendio_observado,0,0,0,0,0,1
LJ500_R041_C061,691750,9521750,2021,1,2021-01,100,0,no_incendio_observado,0,0,0,0,0,1
LJ500_R043_C058,690250,9522750,2021,1,2021-01,100,0,no_incendio_observado,0,0,0,0,0,1
LJ500_R045_C083,702750,9523750,2021,1,2021-01,100,0,no_incendio_observado,0,0,0,0,0,1
LJ500_R046_C064,693250,9524250,2021,1,2021-01,100,0,no_incendio_observado,0,0,0,0,0,1
LJ500_R048_C071,696750,9525250,2021,1,2021-01,100,0,no_incendio_observado,0,0,0,0,0,1
LJ500_R050_C095,708750,9526250,2021,1,2021-01,100,0,no_incendio_observado,0,0,0,0,0,1
LJ500_R056_C049,685750,9529250,2021,1,2021-01,100,0,no_incendio_observado,0,0,0,0,0,1
LJ500_R058_C079,700750,9530250,2021,1,2021-01,100,0,no_incendio_observado,0,0,0,0,0,1
LJ500_R063_C060,691250,9532750,2021,1,2021-01,100,0,no_incendio_observado,0,0,0,0,0,1
LJ500_R064_C084,703250,9533250,2021,1,2021-01,100,0,no_incendio_observado,0,0,0,0,0,1
LJ500_R069_C057,689750,9535750,2021,1,2021-01,100,0,no_incendio_observado,0,0,0,0,0,1
LJ500_R072_C062,692250,9537250,2021,1,2021-01,100,0,no_incendio_observado,0,0,0,0,0,1
LJ500_R072_C095,708750,9537250,2021,1,2021-01,100,0,no_incendio_observado,0,0,0,0,0,1
LJ500_R074_C074,698250,9538250,2021,1,2021-01,100,0,no_incendio_observado,0,0,0,0,0,1
LJ500_R078_C076,699250,9540250,2021,1,2021-01,100,0,no_incendio_observado,0,0,0,0,0,1
LJ500_R079_C076,699250,9540750,2021,1,2021-01,100,0,no_incendio_observado,0,0,0,0,0,1
LJ500_R093_C071,696750,9547750,2021,1,2021-01,100,0,no_incendio_observado,0,0,0,0,0,1
LJ500_R093_C073,697750,9547750,2021,1,2021-01,100,0,no_incendio_observado,0,0,0,0,0,1
LJ500_R096_C074,698250,9549250,2021,1,2021-01,100,0,no_incendio_observado,0,0,0,0,0,1
LJ500_R098_C085,703750,9550250,2021,1,2021-01,100,0,no_incendio_observado,0,0,0,0,0,1
LJ500_R101_C091,706750,9551750,2021,1,2021-01,100,0,no_incendio_observado,0,0,0,0,0,1
LJ500_R106_C080,701250,9554250,2021,1,2021-01,100,0,no_incendio_observado,0,0,0,0,0,1
LJ500_R108_C065,693750,9555250,2021,1,2021-01,,,indeterminado_sin_soporte,,,,,,0
LJ500_R109_C088,705250,9555750,2021,1,2021-01,100,0,no_incendio_observado,0,0,0,0,0,1
LJ500_R119_C079,700750,9560750,2021,1,2021-01,100,0,no_incendio_observado,0,0,0,0,0,1
LJ500_R122_C070,696250,9562250,2021,1,2021-01,100,0,no_incendio_observado,0,0,0,0,0,1
LJ500_R125_C065,693750,9563750,2021,1,2021-01,100,0,no_incendio_observado,0,0,0,0,0,1
LJ500_R131_C053,687750,9566750,2021,1,2021-01,100,0,no_incendio_observado,0,0,0,0,0,1
LJ500_R132_C080,701250,9567250,2021,1,2021-01,100,0,no_incendio_observado,0,0,0,0,0,1
LJ500_R138_C087,704750,9570250,2021,1,2021-01,100,0,no_incendio_observado,0,0,0,0,0,1
LJ500_R142_C071,696750,9572250,2021,1,2021-01,100,0,no_incendio_observado,0,0,0,0,0,1
LJ500_R145_C054,688250,9573750,2021,1,2021-01,100,0,no_incendio_observado,0,0,0,0,0,1
LJ500_R147_C083,702750,9574750,2021,1,2021-01,100,0,no_incendio_observado,0,0,0,0,0,1
LJ500_R156_C028,675250,9579250,2021,1,2021-01,100,0,no_incendio_observado,0,0,0,0,0,1
LJ500_R156_C067,694750,9579250,2021,1,2021-01,100,0,no_incendio_observado,0,0,0,0,0,1
LJ500_R156_C079,700750,9579250,2021,1,2021-01,100,0,no_incendio_observado,0,0,0,0,0,1
LJ500_R157_C009,665750,9579750,2021,1,2021-01,100,0,no_incendio_observado,0,0,0,0,0,1
LJ500_R158_C065,693750,9580250,2021,1,2021-01,100,0,no_incendio_observado,0,0,0,0,0,1
LJ500_R160_C074,698250,9581250,2021,1,2021-01,100,0,no_incendio_observado,0,0,0,0,0,1
LJ500_R161_C066,694250,9581750,2021,1,2021-01,100,0,no_incendio_observado,0,0,0,0,0,1
LJ500_R164_C043,682750,9583250,2021,1,2021-01,100,0,no_incendio_observado,0,0,0,0,0,1
LJ500_R164_C059,690750,9583250,2021,1,2021-01,100,0,no_incendio_observado,0,0,0,0,0,1
LJ500_R166_C072,697250,9584250,2021,1,2021-01,100,0,no_incendio_observado,0,0,0,0,0,1
LJ500_R167_C067,694750,9584750,2021,1,2021-01,100,0,no_incendio_observado,0,0,0,0,0,1
LJ500_R168_C045,683750,9585250,2021,1,2021-01,100,0,no_incendio_observado,0,0,0,0,0,1
LJ500_R173_C033,677750,9587750,2021,1,2021-01,100,0,no_incendio_observado,0,0,0,0,0,1
LJ500_R178_C063,692750,9590250,2021,1,2021-01,100,0,no_incendio_observado,0,0,0,0,0,1
LJ500_R179_C046,684250,9590750,2021,1,2021-01,100,0,no_incendio_observado,0,0,0,0,0,1
LJ500_R180_C071,696750,9591250,2021,1,2021-01,100,0,no_incendio_observado,0,0,0,0,0,1
LJ500_R183_C039,680750,9592750,2021,1,2021-01,100,0,no_incendio_observado,0,0,0,0,0,1
LJ500_R184_C039,680750,9593250,2021,1,2021-01,,,indeterminado_sin_soporte,,,,,,0
LJ500_R184_C066,694250,9593250,2021,1,2021-01,100,0,no_incendio_observado,0,0,0,0,0,1
LJ500_R006_C075,698750,9504250,2021,2,2021-02,100,0,no_incendio_observado,0,0,0,0,0,1
LJ500_R011_C068,695250,9506750,2021,2,2021-02,100,0,no_incendio_observado,0,0,0,0,0,1
LJ500_R012_C055,688750,9507250,2021,2,2021-02,100,0,no_incendio_observado,0,0,0,0,0,1
LJ500_R020_C061,691750,9511250,2021,2,2021-02,100,0,no_incendio_observado,0,0,0,0,0,1
LJ500_R033_C056,689250,9517750,2021,2,2021-02,100,0,no_incendio_observado,0,0,0,0,0,1
LJ500_R035_C085,703750,9518750,2021,2,2021-02,100,0,no_incendio_observado,0,0,0,0,0,1
LJ500_R039_C072,697250,9520750,2021,2,2021-02,100,0,no_incendio_observado,0,0,0,0,0,1
LJ500_R040_C060,691250,9521250,2021,2,2021-02,100,0,no_incendio_observado,0,0,0,0,0,1
LJ500_R041_C061,691750,9521750,2021,2,2021-02,100,0,no_incendio_observado,0,0,0,0,0,1
LJ500_R043_C058,690250,9522750,2021,2,2021-02,100,0,no_incendio_observado,0,0,0,0,0,1
LJ500_R045_C083,702750,9523750,2021,2,2021-02,100,0,no_incendio_observado,0,0,0,0,0,1
LJ500_R046_C064,693250,9524250,2021,2,2021-02,100,0,no_incendio_observado,0,0,0,0,0,1
LJ500_R048_C071,696750,9525250,2021,2,2021-02,100,0,no_incendio_observado,0,0,0,0,0,1
LJ500_R050_C095,708750,9526250,2021,2,2021-02,100,0,no_incendio_observado,0,0,0,0,0,1
LJ500_R056_C049,685750,9529250,2021,2,2021-02,100,0,no_incendio_observado,0,0,0,0,0,1
LJ500_R058_C079,700750,9530250,2021,2,2021-02,100,0,no_incendio_observado,0,0,0,0,0,1
LJ500_R063_C060,691250,9532750,2021,2,2021-02,100,0,no_incendio_observado,0,0,0,0,0,1
LJ500_R064_C084,703250,9533250,2021,2,2021-02,100,0,no_incendio_observado,0,0,0,0,0,1
LJ500_R069_C057,689750,9535750,2021,2,2021-02,100,0,no_incendio_observado,0,0,0,0,0,1
LJ500_R072_C062,692250,9537250,2021,2,2021-02,100,0,no_incendio_observado,0,0,0,0,0,1
LJ500_R072_C095,708750,9537250,2021,2,2021-02,100,0,no_incendio_observado,0,0,0,0,0,1
LJ500_R074_C074,698250,9538250,2021,2,2021-02,100,0,no_incendio_observado,0,0,0,0,0,1
LJ500_R078_C076,699250,9540250,2021,2,2021-02,100,0,no_incendio_observado,0,0,0,0,0,1
LJ500_R079_C076,699250,9540750,2021,2,2021-02,100,0,no_incendio_observado,0,0,0,0,0,1
LJ500_R093_C071,696750,9547750,2021,2,2021-02,100,0,no_incendio_observado,0,0,0,0,0,1
LJ500_R093_C073,697750,9547750,2021,2,2021-02,100,0,no_incendio_observado,0,0,0,0,0,1
LJ500_R096_C074,698250,9549250,2021,2,2021-02,100,0,no_incendio_observado,0,0,0,0,0,1
LJ500_R098_C085,703750,9550250,2021,2,2021-02,100,0,no_incendio_observado,0,0,0,0,0,1
LJ500_R101_C091,706750,9551750,2021,2,2021-02,100,0,no_incendio_observado,0,0,0,0,0,1
LJ500_R106_C080,701250,9554250,2021,2,2021-02,100,0,no_incendio_observado,0,0,0,0,0,1
LJ500_R108_C065,693750,9555250,2021,2,2021-02,,,indeterminado_sin_soporte,,,,,,0
LJ500_R109_C088,705250,9555750,2021,2,2021-02,100,0,no_incendio_observado,0,0,0,0,0,1
LJ500_R119_C079,700750,9560750,2021,2,2021-02,100,0,no_incendio_observado,0,0,0,0,0,1
LJ500_R122_C070,696250,9562250,2021,2,2021-02,100,0,no_incendio_observado,0,0,0,0,0,1
LJ500_R125_C065,693750,9563750,2021,2,2021-02,100,0,no_incendio_observado,0,0,0,0,0,1
LJ500_R131_C053,687750,9566750,2021,2,2021-02,100,0,no_incendio_observado,0,0,0,0,0,1
LJ500_R132_C080,701250,9567250,2021,2,2021-02,100,0,no_incendio_observado,0,0,0,0,0,1
LJ500_R138_C087,704750,9570250,2021,2,2021-02,100,0,no_incendio_observado,0,0,0,0,0,1
LJ500_R142_C071,696750,9572250,2021,2,2021-02,100,0,no_incendio_observado,0,0,0,0,0,1
LJ500_R145_C054,688250,9573750,2021,2,2021-02,100,0,no_incendio_observado,0,0,0,0,0,1
LJ500_R147_C083,702750,9574750,2021,2,2021-02,100,0,no_incendio_observado,0,0,0,0,0,1
LJ500_R156_C028,675250,9579250,2021,2,2021-02,100,0,no_incendio_observado,0,0,0,0,0,1
LJ500_R156_C067,694750,9579250,2021,2,2021-02,100,0,no_incendio_observado,0,0,0,0,0,1
LJ500_R156_C079,700750,9579250,2021,2,2021-02,100,0,no_incendio_observado,0,0,0,0,0,1
LJ500_R157_C009,665750,9579750,2021,2,2021-02,100,0,no_incendio_observado,0,0,0,0,0,1
LJ500_R158_C065,693750,9580250,2021,2,2021-02,100,0,no_incendio_observado,0,0,0,0,0,1
LJ500_R160_C074,698250,9581250,2021,2,2021-02,100,0,no_incendio_observado,0,0,0,0,0,1
LJ500_R161_C066,694250,9581750,2021,2,2021-02,100,0,no_incendio_observado,0,0,0,0,0,1
LJ500_R164_C043,682750,9583250,2021,2,2021-02,100,0,no_incendio_observado,0,0,0,0,0,1
LJ500_R164_C059,690750,9583250,2021,2,2021-02,100,0,no_incendio_observado,0,0,0,0,0,1
LJ500_R166_C072,697250,9584250,2021,2,2021-02,100,0,no_incendio_observado,0,0,0,0,0,1
LJ500_R167_C067,694750,9584750,2021,2,2021-02,100,0,no_incendio_observado,0,0,0,0,0,1
LJ500_R168_C045,683750,9585250,2021,2,2021-02,100,0,no_incendio_observado,0,0,0,0,0,1
LJ500_R173_C033,677750,9587750,2021,2,2021-02,100,0,no_incendio_observado,0,0,0,0,0,1
LJ500_R178_C063,692750,9590250,2021,2,2021-02,100,0,no_incendio_observado,0,0,0,0,0,1
LJ500_R179_C046,684250,9590750,2021,2,2021-02,100,0,no_incendio_observado,0,0,0,0,0,1
LJ500_R180_C071,696750,9591250,2021,2,2021-02,100,0,no_incendio_observado,0,0,0,0,0,1
LJ500_R183_C039,680750,9592750,2021,2,2021-02,100,0,no_incendio_observado,0,0,0,0,0,1
LJ500_R184_C039,680750,9593250,2021,2,2021-02,,,indeterminado_sin_soporte,,,,,,0
LJ500_R184_C066,694250,9593250,2021,2,2021-02,100,0,no_incendio_observado,0,0,0,0,0,1
LJ500_R006_C075,698750,9504250,2021,3,2021-03,100,0,no_incendio_observado,0,0,0,0,0,1
LJ500_R011_C068,695250,9506750,2021,3,2021-03,100,0,no_incendio_observado,0,0,0,0,0,1
LJ500_R012_C055,688750,9507250,2021,3,2021-03,100,0,no_incendio_observado,0,0,0,0,0,1
LJ500_R020_C061,691750,9511250,2021,3,2021-03,100,0,no_incendio_observado,0,0,0,0,0,1
LJ500_R033_C056,689250,9517750,2021,3,2021-03,100,0,no_incendio_observado,0,0,0,0,0,1
LJ500_R035_C085,703750,9518750,2021,3,2021-03,100,0,no_incendio_observado,0,0,0,0,0,1
LJ500_R039_C072,697250,9520750,2021,3,2021-03,100,0,no_incendio_observado,0,0,0,0,0,1
LJ500_R040_C060,691250,9521250,2021,3,2021-03,100,0,no_incendio_observado,0,0,0,0,0,1
LJ500_R041_C061,691750,9521750,2021,3,2021-03,100,0,no_incendio_observado,0,0,0,0,0,1
LJ500_R043_C058,690250,9522750,2021,3,2021-03,100,0,no_incendio_observado,0,0,0,0,0,1
LJ500_R045_C083,702750,9523750,2021,3,2021-03,100,0,no_incendio_observado,0,0,0,0,0,1
LJ500_R046_C064,693250,9524250,2021,3,2021-03,100,0,no_incendio_observado,0,0,0,0,0,1
LJ500_R048_C071,696750,9525250,2021,3,2021-03,100,0,no_incendio_observado,0,0,0,0,0,1
LJ500_R050_C095,708750,9526250,2021,3,2021-03,100,0,no_incendio_observado,0,0,0,0,0,1
LJ500_R056_C049,685750,9529250,2021,3,2021-03,100,0,no_incendio_observado,0,0,0,0,0,1
LJ500_R058_C079,700750,9530250,2021,3,2021-03,100,0,no_incendio_observado,0,0,0,0,0,1
LJ500_R063_C060,691250,9532750,2021,3,2021-03,100,0,no_incendio_observado,0,0,0,0,0,1
LJ500_R064_C084,703250,9533250,2021,3,2021-03,100,0,no_incendio_observado,0,0,0,0,0,1
LJ500_R069_C057,689750,9535750,2021,3,2021-03,100,0,no_incendio_observado,0,0,0,0,0,1
LJ500_R072_C062,692250,9537250,2021,3,2021-03,100,0,no_incendio_observado,0,0,0,0,0,1
LJ500_R072_C095,708750,9537250,2021,3,2021-03,100,0,no_incendio_observado,0,0,0,0,0,1
LJ500_R074_C074,698250,9538250,2021,3,2021-03,100,0,no_incendio_observado,0,0,0,0,0,1
LJ500_R078_C076,699250,9540250,2021,3,2021-03,100,0,no_incendio_observado,0,0,0,0,0,1
LJ500_R079_C076,699250,9540750,2021,3,2021-03,100,0,no_incendio_observado,0,0,0,0,0,1
LJ500_R093_C071,696750,9547750,2021,3,2021-03,100,0,no_incendio_observado,0,0,0,0,0,1
LJ500_R093_C073,697750,9547750,2021,3,2021-03,100,0,no_incendio_observado,0,0,0,0,0,1
LJ500_R096_C074,698250,9549250,2021,3,2021-03,100,0,no_incendio_observado,0,0,0,0,0,1
LJ500_R098_C085,703750,9550250,2021,3,2021-03,100,0,no_incendio_observado,0,0,0,0,0,1
LJ500_R101_C091,706750,9551750,2021,3,2021-03,100,0,no_incendio_observado,0,0,0,0,0,1
LJ500_R106_C080,701250,9554250,2021,3,2021-03,100,0,no_incendio_observado,0,0,0,0,0,1
LJ500_R108_C065,693750,9555250,2021,3,2021-03,,,indeterminado_sin_soporte,,,,,,0
LJ500_R109_C088,705250,9555750,2021,3,2021-03,100,0,no_incendio_observado,0,0,0,0,0,1
LJ500_R119_C079,700750,9560750,2021,3,2021-03,100,0,no_incendio_observado,0,0,0,0,0,1
LJ500_R122_C070,696250,9562250,2021,3,2021-03,100,0,no_incendio_observado,0,0,0,0,0,1
LJ500_R125_C065,693750,9563750,2021,3,2021-03,100,0,no_incendio_observado,0,0,0,0,0,1
LJ500_R131_C053,687750,9566750,2021,3,2021-03,100,0,no_incendio_observado,0,0,0,0,0,1
LJ500_R132_C080,701250,9567250,2021,3,2021-03,100,0,no_incendio_observado,0,0,0,0,0,1
LJ500_R138_C087,704750,9570250,2021,3,2021-03,100,0,no_incendio_observado,0,0,0,0,0,1
LJ500_R142_C071,696750,9572250,2021,3,2021-03,100,0,no_incendio_observado,0,0,0,0,0,1
LJ500_R145_C054,688250,9573750,2021,3,2021-03,100,0,no_incendio_observado,0,0,0,0,0,1
LJ500_R147_C083,702750,9574750,2021,3,2021-03,100,0,no_incendio_observado,0,0,0,0,0,1
LJ500_R156_C028,675250,9579250,2021,3,2021-03,100,0,no_incendio_observado,0,0,0,0,0,1
LJ500_R156_C067,694750,9579250,2021,3,2021-03,100,0,no_incendio_observado,0,0,0,0,0,1
LJ500_R156_C079,700750,9579250,2021,3,2021-03,100,0,no_incendio_observado,0,0,0,0,0,1
LJ500_R157_C009,665750,9579750,2021,3,2021-03,100,0,no_incendio_observado,0,0,0,0,0,1
LJ500_R158_C065,693750,9580250,2021,3,2021-03,100,0,no_incendio_observado,0,0,0,0,0,1
LJ500_R160_C074,698250,9581250,2021,3,2021-03,100,0,no_incendio_observado,0,0,0,0,0,1
LJ500_R161_C066,694250,9581750,2021,3,2021-03,100,0,no_incendio_observado,0,0,0,0,0,1
LJ500_R164_C043,682750,9583250,2021,3,2021-03,100,0,no_incendio_observado,0,0,0,0,0,1
LJ500_R164_C059,690750,9583250,2021,3,2021-03,100,0,no_incendio_observado,0,0,0,0,0,1
LJ500_R166_C072,697250,9584250,2021,3,2021-03,100,0,no_incendio_observado,0,0,0,0,0,1
LJ500_R167_C067,694750,9584750,2021,3,2021-03,100,0,no_incendio_observado,0,0,0,0,0,1
LJ500_R168_C045,683750,9585250,2021,3,2021-03,100,0,no_incendio_observado,0,0,0,0,0,1
LJ500_R173_C033,677750,9587750,2021,3,2021-03,100,0,no_incendio_observado,0,0,0,0,0,1
LJ500_R178_C063,692750,9590250,2021,3,2021-03,100,0,no_incendio_observado,0,0,0,0,0,1
LJ500_R179_C046,684250,9590750,2021,3,2021-03,100,0,no_incendio_observado,0,0,0,0,0,1
LJ500_R180_C071,696750,9591250,2021,3,2021-03,100,0,no_incendio_observado,0,0,0,0,0,1
LJ500_R183_C039,680750,9592750,2021,3,2021-03,100,0,no_incendio_observado,0,0,0,0,0,1
LJ500_R184_C039,680750,9593250,2021,3,2021-03,,,indeterminado_sin_soporte,,,,,,0
LJ500_R184_C066,694250,9593250,2021,3,2021-03,100,0,no_incendio_observado,0,0,0,0,0,1
LJ500_R006_C075,698750,9504250,2021,4,2021-04,100,0,no_incendio_observado,0,0,0,0,0,1
LJ500_R011_C068,695250,9506750,2021,4,2021-04,100,0,no_incendio_observado,0,0,0,0,0,1
LJ500_R012_C055,688750,9507250,2021,4,2021-04,100,0,no_incendio_observado,0,0,0,0,0,1
LJ500_R020_C061,691750,9511250,2021,4,2021-04,100,0,no_incendio_observado,0,0,0,0,0,1
LJ500_R033_C056,689250,9517750,2021,4,2021-04,100,0,no_incendio_observado,0,0,0,0,0,1
LJ500_R035_C085,703750,9518750,2021,4,2021-04,100,0,no_incendio_observado,0,0,0,0,0,1
LJ500_R039_C072,697250,9520750,2021,4,2021-04,100,0,no_incendio_observado,0,0,0,0,0,1
LJ500_R040_C060,691250,9521250,2021,4,2021-04,100,0,no_incendio_observado,0,0,0,0,0,1
LJ500_R041_C061,691750,9521750,2021,4,2021-04,100,0,no_incendio_observado,0,0,0,0,0,1
LJ500_R043_C058,690250,9522750,2021,4,2021-04,100,0,no_incendio_observado,0,0,0,0,0,1
LJ500_R045_C083,702750,9523750,2021,4,2021-04,100,0,no_incendio_observado,0,0,0,0,0,1
LJ500_R046_C064,693250,9524250,2021,4,2021-04,100,0,no_incendio_observado,0,0,0,0,0,1
LJ500_R048_C071,696750,9525250,2021,4,2021-04,100,0,no_incendio_observado,0,0,0,0,0,1
LJ500_R050_C095,708750,9526250,2021,4,2021-04,100,0,no_incendio_observado,0,0,0,0,0,1
LJ500_R056_C049,685750,9529250,2021,4,2021-04,100,0,no_incendio_observado,0,0,0,0,0,1
LJ500_R058_C079,700750,9530250,2021,4,2021-04,100,0,no_incendio_observado,0,0,0,0,0,1
LJ500_R063_C060,691250,9532750,2021,4,2021-04,100,0,no_incendio_observado,0,0,0,0,0,1
LJ500_R064_C084,703250,9533250,2021,4,2021-04,100,0,no_incendio_observado,0,0,0,0,0,1
LJ500_R069_C057,689750,9535750,2021,4,2021-04,100,0,no_incendio_observado,0,0,0,0,0,1
LJ500_R072_C062,692250,9537250,2021,4,2021-04,100,0,no_incendio_observado,0,0,0,0,0,1
LJ500_R072_C095,708750,9537250,2021,4,2021-04,100,0,no_incendio_observado,0,0,0,0,0,1
LJ500_R074_C074,698250,9538250,2021,4,2021-04,100,0,no_incendio_observado,0,0,0,0,0,1
LJ500_R078_C076,699250,9540250,2021,4,2021-04,100,0,no_incendio_observado,0,0,0,0,0,1
LJ500_R079_C076,699250,9540750,2021,4,2021-04,100,0,no_incendio_observado,0,0,0,0,0,1
LJ500_R093_C071,696750,9547750,2021,4,2021-04,100,0,no_incendio_observado,0,0,0,0,0,1
LJ500_R093_C073,697750,9547750,2021,4,2021-04,100,0,no_incendio_observado,0,0,0,0,0,1
LJ500_R096_C074,698250,9549250,2021,4,2021-04,100,0,no_incendio_observado,0,0,0,0,0,1
LJ500_R098_C085,703750,9550250,2021,4,2021-04,100,0,no_incendio_observado,0,0,0,0,0,1
LJ500_R101_C091,706750,9551750,2021,4,2021-04,100,0,no_incendio_observado,0,0,0,0,0,1
LJ500_R106_C080,701250,9554250,2021,4,2021-04,100,0,no_incendio_observado,0,0,0,0,0,1
LJ500_R108_C065,693750,9555250,2021,4,2021-04,,,indeterminado_sin_soporte,,,,,,0
LJ500_R109_C088,705250,9555750,2021,4,2021-04,100,0,no_incendio_observado,0,0,0,0,0,1
LJ500_R119_C079,700750,9560750,2021,4,2021-04,100,0,no_incendio_observado,0,0,0,0,0,1
LJ500_R122_C070,696250,9562250,2021,4,2021-04,100,0,no_incendio_observado,0,0,0,0,0,1
LJ500_R125_C065,693750,9563750,2021,4,2021-04,100,0,no_incendio_observado,0,0,0,0,0,1
LJ500_R131_C053,687750,9566750,2021,4,2021-04,100,0,no_incendio_observado,0,0,0,0,0,1
LJ500_R132_C080,701250,9567250,2021,4,2021-04,100,0,no_incendio_observado,0,0,0,0,0,1
LJ500_R138_C087,704750,9570250,2021,4,2021-04,100,0,no_incendio_observado,0,0,0,0,0,1
LJ500_R142_C071,696750,9572250,2021,4,2021-04,100,0,no_incendio_observado,0,0,0,0,0,1
LJ500_R145_C054,688250,9573750,2021,4,2021-04,100,0,no_incendio_observado,0,0,0,0,0,1
LJ500_R147_C083,702750,9574750,2021,4,2021-04,100,0,no_incendio_observado,0,0,0,0,0,1
LJ500_R156_C028,675250,9579250,2021,4,2021-04,100,0,no_incendio_observado,0,0,0,0,0,1
LJ500_R156_C067,694750,9579250,2021,4,2021-04,100,0,no_incendio_observado,0,0,0,0,0,1
LJ500_R156_C079,700750,9579250,2021,4,2021-04,100,0,no_incendio_observado,0,0,0,0,0,1
LJ500_R157_C009,665750,9579750,2021,4,2021-04,100,0,no_incendio_observado,0,0,0,0,0,1
LJ500_R158_C065,693750,9580250,2021,4,2021-04,100,0,no_incendio_observado,0,0,0,0,0,1
LJ500_R160_C074,698250,9581250,2021,4,2021-04,100,0,no_incendio_observado,0,0,0,0,0,1
LJ500_R161_C066,694250,9581750,2021,4,2021-04,100,0,no_incendio_observado,0,0,0,0,0,1
LJ500_R164_C043,682750,9583250,2021,4,2021-04,100,0,no_incendio_observado,0,0,0,0,0,1
LJ500_R164_C059,690750,9583250,2021,4,2021-04,100,0,no_incendio_observado,0,0,0,0,0,1
LJ500_R166_C072,697250,9584250,2021,4,2021-04,100,0,no_incendio_observado,0,0,0,0,0,1
LJ500_R167_C067,694750,9584750,2021,4,2021-04,100,0,no_incendio_observado,0,0,0,0,0,1
LJ500_R168_C045,683750,9585250,2021,4,2021-04,100,0,no_incendio_observado,0,0,0,0,0,1
LJ500_R173_C033,677750,9587750,2021,4,2021-04,100,0,no_incendio_observado,0,0,0,0,0,1
LJ500_R178_C063,692750,9590250,2021,4,2021-04,100,0,no_incendio_observado,0,0,0,0,0,1
LJ500_R179_C046,684250,9590750,2021,4,2021-04,100,0,no_incendio_observado,0,0,0,0,0,1
LJ500_R180_C071,696750,9591250,2021,4,2021-04,100,0,no_incendio_observado,0,0,0,0,0,1
LJ500_R183_C039,680750,9592750,2021,4,2021-04,100,0,no_incendio_observado,0,0,0,0,0,1
LJ500_R184_C039,680750,9593250,2021,4,2021-04,,,indeterminado_sin_soporte,,,,,,0
LJ500_R184_C066,694250,9593250,2021,4,2021-04,100,0,no_incendio_observado,0,0,0,0,0,1
LJ500_R006_C075,698750,9504250,2021,5,2021-05,100,0,no_incendio_observado,0,0,0,0,0,1
LJ500_R011_C068,695250,9506750,2021,5,2021-05,100,0,no_incendio_observado,0,0,0,0,0,1
LJ500_R012_C055,688750,9507250,2021,5,2021-05,100,0,no_incendio_observado,0,0,0,0,0,1
LJ500_R020_C061,691750,9511250,2021,5,2021-05,100,0,no_incendio_observado,0,0,0,0,0,1
LJ500_R033_C056,689250,9517750,2021,5,2021-05,100,0,no_incendio_observado,0,0,0,0,0,1
LJ500_R035_C085,703750,9518750,2021,5,2021-05,100,0,no_incendio_observado,0,0,0,0,0,1
LJ500_R039_C072,697250,9520750,2021,5,2021-05,100,0,no_incendio_observado,0,0,0,0,0,1
LJ500_R040_C060,691250,9521250,2021,5,2021-05,100,0,no_incendio_observado,0,0,0,0,0,1
LJ500_R041_C061,691750,9521750,2021,5,2021-05,100,0,no_incendio_observado,0,0,0,0,0,1
LJ500_R043_C058,690250,9522750,2021,5,2021-05,100,0,no_incendio_observado,0,0,0,0,0,1
LJ500_R045_C083,702750,9523750,2021,5,2021-05,100,0,no_incendio_observado,0,0,0,0,0,1
LJ500_R046_C064,693250,9524250,2021,5,2021-05,100,0,no_incendio_observado,0,0,0,0,0,1
LJ500_R048_C071,696750,9525250,2021,5,2021-05,100,0,no_incendio_observado,0,0,0,0,0,1
LJ500_R050_C095,708750,9526250,2021,5,2021-05,100,0,no_incendio_observado,0,0,0,0,0,1
LJ500_R056_C049,685750,9529250,2021,5,2021-05,100,0,no_incendio_observado,0,0,0,0,0,1
LJ500_R058_C079,700750,9530250,2021,5,2021-05,100,0,no_incendio_observado,0,0,0,0,0,1
LJ500_R063_C060,691250,9532750,2021,5,2021-05,100,0,no_incendio_observado,0,0,0,0,0,1
LJ500_R064_C084,703250,9533250,2021,5,2021-05,100,0,no_incendio_observado,0,0,0,0,0,1
LJ500_R069_C057,689750,9535750,2021,5,2021-05,100,0,no_incendio_observado,0,0,0,0,0,1
LJ500_R072_C062,692250,9537250,2021,5,2021-05,100,0,no_incendio_observado,0,0,0,0,0,1
LJ500_R072_C095,708750,9537250,2021,5,2021-05,100,0,no_incendio_observado,0,0,0,0,0,1
LJ500_R074_C074,698250,9538250,2021,5,2021-05,100,0,no_incendio_observado,0,0,0,0,0,1
LJ500_R078_C076,699250,9540250,2021,5,2021-05,100,0,no_incendio_observado,0,0,0,0,0,1
LJ500_R079_C076,699250,9540750,2021,5,2021-05,100,0,no_incendio_observado,0,0,0,0,0,1
LJ500_R093_C071,696750,9547750,2021,5,2021-05,100,0,no_incendio_observado,0,0,0,0,0,1
LJ500_R093_C073,697750,9547750,2021,5,2021-05,100,0,no_incendio_observado,0,0,0,0,0,1
LJ500_R096_C074,698250,9549250,2021,5,2021-05,100,0,no_incendio_observado,0,0,0,0,0,1
LJ500_R098_C085,703750,9550250,2021,5,2021-05,100,0,no_incendio_observado,0,0,0,0,0,1
LJ500_R101_C091,706750,9551750,2021,5,2021-05,100,0,no_incendio_observado,0,0,0,0,0,1
LJ500_R106_C080,701250,9554250,2021,5,2021-05,100,0,no_incendio_observado,0,0,0,0,0,1
LJ500_R108_C065,693750,9555250,2021,5,2021-05,,,indeterminado_sin_soporte,,,,,,0
LJ500_R109_C088,705250,9555750,2021,5,2021-05,100,0,no_incendio_observado,0,0,0,0,0,1
LJ500_R119_C079,700750,9560750,2021,5,2021-05,100,0,no_incendio_observado,0,0,0,0,0,1
LJ500_R122_C070,696250,9562250,2021,5,2021-05,100,0,no_incendio_observado,0,0,0,0,0,1
LJ500_R125_C065,693750,9563750,2021,5,2021-05,100,0,no_incendio_observado,0,0,0,0,0,1
LJ500_R131_C053,687750,9566750,2021,5,2021-05,100,0,no_incendio_observado,0,0,0,0,0,1
LJ500_R132_C080,701250,9567250,2021,5,2021-05,100,0,no_incendio_observado,0,0,0,0,0,1
LJ500_R138_C087,704750,9570250,2021,5,2021-05,100,0,no_incendio_observado,0,0,0,0,0,1
LJ500_R142_C071,696750,9572250,2021,5,2021-05,100,0,no_incendio_observado,0,0,0,0,0,1
LJ500_R145_C054,688250,9573750,2021,5,2021-05,100,0,no_incendio_observado,0,0,0,0,0,1
LJ500_R147_C083,702750,9574750,2021,5,2021-05,100,0,no_incendio_observado,0,0,0,0,0,1
LJ500_R156_C028,675250,9579250,2021,5,2021-05,100,0,no_incendio_observado,0,0,0,0,0,1
LJ500_R156_C067,694750,9579250,2021,5,2021-05,100,0,no_incendio_observado,0,0,0,0,0,1
LJ500_R156_C079,700750,9579250,2021,5,2021-05,100,0,no_incendio_observado,0,0,0,0,0,1
LJ500_R157_C009,665750,9579750,2021,5,2021-05,100,0,no_incendio_observado,0,0,0,0,0,1
LJ500_R158_C065,693750,9580250,2021,5,2021-05,100,0,no_incendio_observado,0,0,0,0,0,1
LJ500_R160_C074,698250,9581250,2021,5,2021-05,100,0,no_incendio_observado,0,0,0,0,0,1
LJ500_R161_C066,694250,9581750,2021,5,2021-05,100,0,no_incendio_observado,0,0,0,0,0,1
LJ500_R164_C043,682750,9583250,2021,5,2021-05,100,0,no_incendio_observado,0,0,0,0,0,1
LJ500_R164_C059,690750,9583250,2021,5,2021-05,100,0,no_incendio_observado,0,0,0,0,0,1
LJ500_R166_C072,697250,9584250,2021,5,2021-05,100,0,no_incendio_observado,0,0,0,0,0,1
LJ500_R167_C067,694750,9584750,2021,5,2021-05,100,0,no_incendio_observado,0,0,0,0,0,1
LJ500_R168_C045,683750,9585250,2021,5,2021-05,100,0,no_incendio_observado,0,0,0,0,0,1
LJ500_R173_C033,677750,9587750,2021,5,2021-05,100,0,no_incendio_observado,0,0,0,0,0,1
LJ500_R178_C063,692750,9590250,2021,5,2021-05,100,0,no_incendio_observado,0,0,0,0,0,1
LJ500_R179_C046,684250,9590750,2021,5,2021-05,100,0,no_incendio_observado,0,0,0,0,0,1
LJ500_R180_C071,696750,9591250,2021,5,2021-05,100,0,no_incendio_observado,0,0,0,0,0,1
LJ500_R183_C039,680750,9592750,2021,5,2021-05,100,0,no_incendio_observado,0,0,0,0,0,1
LJ500_R184_C039,680750,9593250,2021,5,2021-05,,,indeterminado_sin_soporte,,,,,,0
LJ500_R184_C066,694250,9593250,2021,5,2021-05,100,0,no_incendio_observado,0,0,0,0,0,1
LJ500_R006_C075,698750,9504250,2021,6,2021-06,100,0,no_incendio_observado,0,0,0,0,0,1
LJ500_R011_C068,695250,9506750,2021,6,2021-06,100,0,no_incendio_observado,0,0,0,0,0,1
LJ500_R012_C055,688750,9507250,2021,6,2021-06,100,0,no_incendio_observado,0,0,0,0,0,1
LJ500_R020_C061,691750,9511250,2021,6,2021-06,100,0,no_incendio_observado,0,0,0,0,0,1
LJ500_R033_C056,689250,9517750,2021,6,2021-06,100,0,no_incendio_observado,0,0,0,0,0,1
LJ500_R035_C085,703750,9518750,2021,6,2021-06,100,0,no_incendio_observado,0,0,0,0,0,1
LJ500_R039_C072,697250,9520750,2021,6,2021-06,100,0,no_incendio_observado,0,0,0,0,0,1
LJ500_R040_C060,691250,9521250,2021,6,2021-06,100,0,no_incendio_observado,0,0,0,0,0,1
LJ500_R041_C061,691750,9521750,2021,6,2021-06,100,0,no_incendio_observado,0,0,0,0,0,1
LJ500_R043_C058,690250,9522750,2021,6,2021-06,100,0,no_incendio_observado,0,0,0,0,0,1
LJ500_R045_C083,702750,9523750,2021,6,2021-06,100,0,no_incendio_observado,0,0,0,0,0,1
LJ500_R046_C064,693250,9524250,2021,6,2021-06,100,0,no_incendio_observado,0,0,0,0,0,1
LJ500_R048_C071,696750,9525250,2021,6,2021-06,100,0,no_incendio_observado,0,0,0,0,0,1
LJ500_R050_C095,708750,9526250,2021,6,2021-06,100,0,no_incendio_observado,0,0,0,0,0,1
LJ500_R056_C049,685750,9529250,2021,6,2021-06,100,0,no_incendio_observado,0,0,0,0,0,1
LJ500_R058_C079,700750,9530250,2021,6,2021-06,100,0,no_incendio_observado,0,0,0,0,0,1
LJ500_R063_C060,691250,9532750,2021,6,2021-06,100,0,no_incendio_observado,0,0,0,0,0,1
LJ500_R064_C084,703250,9533250,2021,6,2021-06,100,0,no_incendio_observado,0,0,0,0,0,1
LJ500_R069_C057,689750,9535750,2021,6,2021-06,100,0,no_incendio_observado,0,0,0,0,0,1
LJ500_R072_C062,692250,9537250,2021,6,2021-06,100,0,no_incendio_observado,0,0,0,0,0,1
LJ500_R072_C095,708750,9537250,2021,6,2021-06,100,0,no_incendio_observado,0,0,0,0,0,1
LJ500_R074_C074,698250,9538250,2021,6,2021-06,100,0,no_incendio_observado,0,0,0,0,0,1
LJ500_R078_C076,699250,9540250,2021,6,2021-06,100,0,no_incendio_observado,0,0,0,0,0,1
LJ500_R079_C076,699250,9540750,2021,6,2021-06,100,0,no_incendio_observado,0,0,0,0,0,1
LJ500_R093_C071,696750,9547750,2021,6,2021-06,100,0,no_incendio_observado,0,0,0,0,0,1
LJ500_R093_C073,697750,9547750,2021,6,2021-06,100,0,no_incendio_observado,0,0,0,0,0,1
LJ500_R096_C074,698250,9549250,2021,6,2021-06,100,0,no_incendio_observado,0,0,0,0,0,1
LJ500_R098_C085,703750,9550250,2021,6,2021-06,100,0,no_incendio_observado,0,0,0,0,0,1
LJ500_R101_C091,706750,9551750,2021,6,2021-06,100,0,no_incendio_observado,0,0,0,0,0,1
LJ500_R106_C080,701250,9554250,2021,6,2021-06,100,0,no_incendio_observado,0,0,0,0,0,1
LJ500_R108_C065,693750,9555250,2021,6,2021-06,,,indeterminado_sin_soporte,,,,,,0
LJ500_R109_C088,705250,9555750,2021,6,2021-06,100,0,no_incendio_observado,0,0,0,0,0,1
LJ500_R119_C079,700750,9560750,2021,6,2021-06,100,0,no_incendio_observado,0,0,0,0,0,1
LJ500_R122_C070,696250,9562250,2021,6,2021-06,100,0,no_incendio_observado,0,0,0,0,0,1
LJ500_R125_C065,693750,9563750,2021,6,2021-06,100,0,no_incendio_observado,0,0,0,0,0,1
LJ500_R131_C053,687750,9566750,2021,6,2021-06,100,0,no_incendio_observado,0,0,0,0,0,1
LJ500_R132_C080,701250,9567250,2021,6,2021-06,100,0,no_incendio_observado,0,0,0,0,0,1
LJ500_R138_C087,704750,9570250,2021,6,2021-06,100,0,no_incendio_observado,0,0,0,0,0,1
LJ500_R142_C071,696750,9572250,2021,6,2021-06,100,0,no_incendio_observado,0,0,0,0,0,1
LJ500_R145_C054,688250,9573750,2021,6,2021-06,100,0,no_incendio_observado,0,0,0,0,0,1
LJ500_R147_C083,702750,9574750,2021,6,2021-06,100,0,no_incendio_observado,0,0,0,0,0,1
LJ500_R156_C028,675250,9579250,2021,6,2021-06,100,0,no_incendio_observado,0,0,0,0,0,1
LJ500_R156_C067,694750,9579250,2021,6,2021-06,100,0,no_incendio_observado,0,0,0,0,0,1
LJ500_R156_C079,700750,9579250,2021,6,2021-06,100,0,no_incendio_observado,0,0,0,0,0,1
LJ500_R157_C009,665750,9579750,2021,6,2021-06,100,0,no_incendio_observado,0,0,0,0,0,1
LJ500_R158_C065,693750,9580250,2021,6,2021-06,100,0,no_incendio_observado,0,0,0,0,0,1
LJ500_R160_C074,698250,9581250,2021,6,2021-06,100,0,no_incendio_observado,0,0,0,0,0,1
LJ500_R161_C066,694250,9581750,2021,6,2021-06,100,0,no_incendio_observado,0,0,0,0,0,1
LJ500_R164_C043,682750,9583250,2021,6,2021-06,100,0,no_incendio_observado,0,0,0,0,0,1
LJ500_R164_C059,690750,9583250,2021,6,2021-06,100,0,no_incendio_observado,0,0,0,0,0,1
LJ500_R166_C072,697250,9584250,2021,6,2021-06,100,0,no_incendio_observado,0,0,0,0,0,1
LJ500_R167_C067,694750,9584750,2021,6,2021-06,100,0,no_incendio_observado,0,0,0,0,0,1
LJ500_R168_C045,683750,9585250,2021,6,2021-06,100,0,no_incendio_observado,0,0,0,0,0,1
LJ500_R173_C033,677750,9587750,2021,6,2021-06,100,0,no_incendio_observado,0,0,0,0,0,1
LJ500_R178_C063,692750,9590250,2021,6,2021-06,100,0,no_incendio_observado,0,0,0,0,0,1
LJ500_R179_C046,684250,9590750,2021,6,2021-06,100,0,no_incendio_observado,0,0,0,0,0,1
LJ500_R180_C071,696750,9591250,2021,6,2021-06,100,0,no_incendio_observado,0,0,0,0,0,1
LJ500_R183_C039,680750,9592750,2021,6,2021-06,100,0,no_incendio_observado,0,0,0,0,0,1
LJ500_R184_C039,680750,9593250,2021,6,2021-06,,,indeterminado_sin_soporte,,,,,,0
LJ500_R184_C066,694250,9593250,2021,6,2021-06,100,0,no_incendio_observado,0,0,0,0,0,1
LJ500_R006_C075,698750,9504250,2021,7,2021-07,100,0,no_incendio_observado,0,0,0,0,0,1
LJ500_R011_C068,695250,9506750,2021,7,2021-07,100,0,no_incendio_observado,0,0,0,0,0,1
LJ500_R012_C055,688750,9507250,2021,7,2021-07,100,0,no_incendio_observado,0,0,0,0,0,1
LJ500_R020_C061,691750,9511250,2021,7,2021-07,100,0,no_incendio_observado,0,0,0,0,0,1
LJ500_R033_C056,689250,9517750,2021,7,2021-07,100,0,no_incendio_observado,0,0,0,0,0,1
LJ500_R035_C085,703750,9518750,2021,7,2021-07,100,0,no_incendio_observado,0,0,0,0,0,1
LJ500_R039_C072,697250,9520750,2021,7,2021-07,100,0,no_incendio_observado,0,0,0,0,0,1
LJ500_R040_C060,691250,9521250,2021,7,2021-07,100,0,no_incendio_observado,0,0,0,0,0,1
LJ500_R041_C061,691750,9521750,2021,7,2021-07,100,0,no_incendio_observado,0,0,0,0,0,1
LJ500_R043_C058,690250,9522750,2021,7,2021-07,100,0,no_incendio_observado,0,0,0,0,0,1
LJ500_R045_C083,702750,9523750,2021,7,2021-07,100,0,no_incendio_observado,0,0,0,0,0,1
LJ500_R046_C064,693250,9524250,2021,7,2021-07,100,0,no_incendio_observado,0,0,0,0,0,1
LJ500_R048_C071,696750,9525250,2021,7,2021-07,100,0,no_incendio_observado,0,0,0,0,0,1
LJ500_R050_C095,708750,9526250,2021,7,2021-07,100,0,no_incendio_observado,0,0,0,0,0,1
LJ500_R056_C049,685750,9529250,2021,7,2021-07,100,0,no_incendio_observado,0,0,0,0,0,1
LJ500_R058_C079,700750,9530250,2021,7,2021-07,100,0,no_incendio_observado,0,0,0,0,0,1
LJ500_R063_C060,691250,9532750,2021,7,2021-07,100,0,no_incendio_observado,0,0,0,0,0,1
LJ500_R064_C084,703250,9533250,2021,7,2021-07,100,0,no_incendio_observado,0,0,0,0,0,1
LJ500_R069_C057,689750,9535750,2021,7,2021-07,100,0,no_incendio_observado,0,0,0,0,0,1
LJ500_R072_C062,692250,9537250,2021,7,2021-07,100,0,no_incendio_observado,0,0,0,0,0,1
LJ500_R072_C095,708750,9537250,2021,7,2021-07,100,0,no_incendio_observado,0,0,0,0,0,1
LJ500_R074_C074,698250,9538250,2021,7,2021-07,100,0,no_incendio_observado,0,0,0,0,0,1
LJ500_R078_C076,699250,9540250,2021,7,2021-07,100,0,no_incendio_observado,0,0,0,0,0,1
LJ500_R079_C076,699250,9540750,2021,7,2021-07,100,0,no_incendio_observado,0,0,0,0,0,1
LJ500_R093_C071,696750,9547750,2021,7,2021-07,100,0,no_incendio_observado,0,0,0,0,0,1
LJ500_R093_C073,697750,9547750,2021,7,2021-07,100,0,no_incendio_observado,0,0,0,0,0,1
LJ500_R096_C074,698250,9549250,2021,7,2021-07,100,0,no_incendio_observado,0,0,0,0,0,1
LJ500_R098_C085,703750,9550250,2021,7,2021-07,100,0,no_incendio_observado,0,0,0,0,0,1
LJ500_R101_C091,706750,9551750,2021,7,2021-07,100,0,no_incendio_observado,0,0,0,0,0,1
LJ500_R106_C080,701250,9554250,2021,7,2021-07,100,0,no_incendio_observado,0,0,0,0,0,1
LJ500_R108_C065,693750,9555250,2021,7,2021-07,,,indeterminado_sin_soporte,,,,,,0
LJ500_R109_C088,705250,9555750,2021,7,2021-07,100,0,no_incendio_observado,0,0,0,0,0,1
LJ500_R119_C079,700750,9560750,2021,7,2021-07,100,0,no_incendio_observado,0,0,0,0,0,1
LJ500_R122_C070,696250,9562250,2021,7,2021-07,100,0,no_incendio_observado,0,0,0,0,0,1
LJ500_R125_C065,693750,9563750,2021,7,2021-07,100,0,no_incendio_observado,0,0,0,0,0,1
LJ500_R131_C053,687750,9566750,2021,7,2021-07,100,0,no_incendio_observado,0,0,0,0,0,1
LJ500_R132_C080,701250,9567250,2021,7,2021-07,100,0,no_incendio_observado,0,0,0,0,0,1
LJ500_R138_C087,704750,9570250,2021,7,2021-07,100,0,no_incendio_observado,0,0,0,0,0,1
LJ500_R142_C071,696750,9572250,2021,7,2021-07,100,0,no_incendio_observado,0,0,0,0,0,1
LJ500_R145_C054,688250,9573750,2021,7,2021-07,100,0,no_incendio_observado,0,0,0,0,0,1
LJ500_R147_C083,702750,9574750,2021,7,2021-07,100,0,no_incendio_observado,0,0,0,0,0,1
LJ500_R156_C028,675250,9579250,2021,7,2021-07,100,0,no_incendio_observado,0,0,0,0,0,1
LJ500_R156_C067,694750,9579250,2021,7,2021-07,100,0,no_incendio_observado,0,0,0,0,0,1
LJ500_R156_C079,700750,9579250,2021,7,2021-07,100,0,no_incendio_observado,0,0,0,0,0,1
LJ500_R157_C009,665750,9579750,2021,7,2021-07,100,0,no_incendio_observado,0,0,0,0,0,1
LJ500_R158_C065,693750,9580250,2021,7,2021-07,100,0,no_incendio_observado,0,0,0,0,0,1
LJ500_R160_C074,698250,9581250,2021,7,2021-07,100,0,no_incendio_observado,0,0,0,0,0,1
LJ500_R161_C066,694250,9581750,2021,7,2021-07,100,0,no_incendio_observado,0,0,0,0,0,1
LJ500_R164_C043,682750,9583250,2021,7,2021-07,100,0,no_incendio_observado,0,0,0,0,0,1
LJ500_R164_C059,690750,9583250,2021,7,2021-07,100,0,no_incendio_observado,0,0,0,0,0,1
LJ500_R166_C072,697250,9584250,2021,7,2021-07,100,0,no_incendio_observado,0,0,0,0,0,1
LJ500_R167_C067,694750,9584750,2021,7,2021-07,100,0,no_incendio_observado,0,0,0,0,0,1
LJ500_R168_C045,683750,9585250,2021,7,2021-07,100,0,no_incendio_observado,0,0,0,0,0,1
LJ500_R173_C033,677750,9587750,2021,7,2021-07,100,0,no_incendio_observado,0,0,0,0,0,1
LJ500_R178_C063,692750,9590250,2021,7,2021-07,100,0,no_incendio_observado,0,0,0,0,0,1
LJ500_R179_C046,684250,9590750,2021,7,2021-07,100,0,no_incendio_observado,0,0,0,0,0,1
LJ500_R180_C071,696750,9591250,2021,7,2021-07,100,0,no_incendio_observado,0,0,0,0,0,1
LJ500_R183_C039,680750,9592750,2021,7,2021-07,100,0,no_incendio_observado,0,0,0,0,0,1
LJ500_R184_C039,680750,9593250,2021,7,2021-07,,,indeterminado_sin_soporte,,,,,,0
LJ500_R184_C066,694250,9593250,2021,7,2021-07,100,0,no_incendio_observado,0,0,0,0,0,1
LJ500_R006_C075,698750,9504250,2021,8,2021-08,100,0,no_incendio_observado,0,0,0,0,0,1
LJ500_R011_C068,695250,9506750,2021,8,2021-08,100,0,no_incendio_observado,0,0,0,0,0,1
LJ500_R012_C055,688750,9507250,2021,8,2021-08,100,0,no_incendio_observado,0,0,0,0,0,1
LJ500_R020_C061,691750,9511250,2021,8,2021-08,100,0,no_incendio_observado,0,0,0,0,0,1
LJ500_R033_C056,689250,9517750,2021,8,2021-08,100,0,no_incendio_observado,0,0,0,0,0,1
LJ500_R035_C085,703750,9518750,2021,8,2021-08,100,0,no_incendio_observado,0,0,0,0,0,1
LJ500_R039_C072,697250,9520750,2021,8,2021-08,100,0,no_incendio_observado,0,0,0,0,0,1
LJ500_R040_C060,691250,9521250,2021,8,2021-08,100,0,no_incendio_observado,0,0,0,0,0,1
LJ500_R041_C061,691750,9521750,2021,8,2021-08,100,0,no_incendio_observado,0,0,0,0,0,1
LJ500_R043_C058,690250,9522750,2021,8,2021-08,100,0,no_incendio_observado,0,0,0,0,0,1
LJ500_R045_C083,702750,9523750,2021,8,2021-08,100,0,no_incendio_observado,0,0,0,0,0,1
LJ500_R046_C064,693250,9524250,2021,8,2021-08,100,0,no_incendio_observado,0,0,0,0,0,1
LJ500_R048_C071,696750,9525250,2021,8,2021-08,100,0,no_incendio_observado,0,0,0,0,0,1
LJ500_R050_C095,708750,9526250,2021,8,2021-08,100,0,no_incendio_observado,0,0,0,0,0,1
LJ500_R056_C049,685750,9529250,2021,8,2021-08,100,0,no_incendio_observado,0,0,0,0,0,1
LJ500_R058_C079,700750,9530250,2021,8,2021-08,100,0,no_incendio_observado,0,0,0,0,0,1
LJ500_R063_C060,691250,9532750,2021,8,2021-08,100,0,no_incendio_observado,0,0,0,0,0,1
LJ500_R064_C084,703250,9533250,2021,8,2021-08,100,0,no_incendio_observado,0,0,0,0,0,1
LJ500_R069_C057,689750,9535750,2021,8,2021-08,100,0,no_incendio_observado,0,0,0,0,0,1
LJ500_R072_C062,692250,9537250,2021,8,2021-08,100,0,no_incendio_observado,0,0,0,0,0,1
LJ500_R072_C095,708750,9537250,2021,8,2021-08,100,0,no_incendio_observado,0,0,0,0,0,1
LJ500_R074_C074,698250,9538250,2021,8,2021-08,100,0,no_incendio_observado,0,0,0,0,0,1
LJ500_R078_C076,699250,9540250,2021,8,2021-08,100,0,no_incendio_observado,0,0,0,0,0,1
LJ500_R079_C076,699250,9540750,2021,8,2021-08,100,0,no_incendio_observado,0,0,0,0,0,1
LJ500_R093_C071,696750,9547750,2021,8,2021-08,100,0,no_incendio_observado,0,0,0,0,0,1
LJ500_R093_C073,697750,9547750,2021,8,2021-08,100,0,no_incendio_observado,0,0,0,0,0,1
LJ500_R096_C074,698250,9549250,2021,8,2021-08,100,0,no_incendio_observado,0,0,0,0,0,1
LJ500_R098_C085,703750,9550250,2021,8,2021-08,100,0,no_incendio_observado,0,0,0,0,0,1
LJ500_R101_C091,706750,9551750,2021,8,2021-08,100,0,no_incendio_observado,0,0,0,0,0,1
LJ500_R106_C080,701250,9554250,2021,8,2021-08,100,0,no_incendio_observado,0,0,0,0,0,1
LJ500_R108_C065,693750,9555250,2021,8,2021-08,,,indeterminado_sin_soporte,,,,,,0
LJ500_R109_C088,705250,9555750,2021,8,2021-08,100,0,no_incendio_observado,0,0,0,0,0,1
LJ500_R119_C079,700750,9560750,2021,8,2021-08,100,0,no_incendio_observado,0,0,0,0,0,1
LJ500_R122_C070,696250,9562250,2021,8,2021-08,100,0,no_incendio_observado,0,0,0,0,0,1
LJ500_R125_C065,693750,9563750,2021,8,2021-08,100,0,no_incendio_observado,0,0,0,0,0,1
LJ500_R131_C053,687750,9566750,2021,8,2021-08,100,0,no_incendio_observado,0,0,0,0,0,1
LJ500_R132_C080,701250,9567250,2021,8,2021-08,100,0,no_incendio_observado,0,0,0,0,0,1
LJ500_R138_C087,704750,9570250,2021,8,2021-08,100,0,no_incendio_observado,0,0,0,0,0,1
LJ500_R142_C071,696750,9572250,2021,8,2021-08,100,0,no_incendio_observado,0,0,0,0,0,1
LJ500_R145_C054,688250,9573750,2021,8,2021-08,100,0,no_incendio_observado,0,0,0,0,0,1
LJ500_R147_C083,702750,9574750,2021,8,2021-08,100,0,no_incendio_observado,0,0,0,0,0,1
LJ500_R156_C028,675250,9579250,2021,8,2021-08,100,0,no_incendio_observado,0,0,0,0,0,1
LJ500_R156_C067,694750,9579250,2021,8,2021-08,100,0,no_incendio_observado,0,0,0,0,0,1
LJ500_R156_C079,700750,9579250,2021,8,2021-08,100,0,no_incendio_observado,0,0,0,0,0,1
LJ500_R157_C009,665750,9579750,2021,8,2021-08,100,0,no_incendio_observado,0,0,0,0,0,1
LJ500_R158_C065,693750,9580250,2021,8,2021-08,100,0,no_incendio_observado,0,0,0,0,0,1
LJ500_R160_C074,698250,9581250,2021,8,2021-08,100,0,no_incendio_observado,0,0,0,0,0,1
LJ500_R161_C066,694250,9581750,2021,8,2021-08,100,0,no_incendio_observado,0,0,0,0,0,1
LJ500_R164_C043,682750,9583250,2021,8,2021-08,100,0,no_incendio_observado,0,0,0,0,0,1
LJ500_R164_C059,690750,9583250,2021,8,2021-08,100,0,no_incendio_observado,0,0,0,0,0,1
LJ500_R166_C072,697250,9584250,2021,8,2021-08,100,0,no_incendio_observado,0,0,0,0,0,1
LJ500_R167_C067,694750,9584750,2021,8,2021-08,100,0,no_incendio_observado,0,0,0,0,0,1
LJ500_R168_C045,683750,9585250,2021,8,2021-08,100,0,no_incendio_observado,0,0,0,0,0,1
LJ500_R173_C033,677750,9587750,2021,8,2021-08,100,0,no_incendio_observado,0,0,0,0,0,1
LJ500_R178_C063,692750,9590250,2021,8,2021-08,100,0,no_incendio_observado,0,0,0,0,0,1
LJ500_R179_C046,684250,9590750,2021,8,2021-08,100,0,no_incendio_observado,0,0,0,0,0,1
LJ500_R180_C071,696750,9591250,2021,8,2021-08,100,0,no_incendio_observado,0,0,0,0,0,1
LJ500_R183_C039,680750,9592750,2021,8,2021-08,100,0,no_incendio_observado,0,0,0,0,0,1
LJ500_R184_C039,680750,9593250,2021,8,2021-08,,,indeterminado_sin_soporte,,,,,,0
LJ500_R184_C066,694250,9593250,2021,8,2021-08,100,0,no_incendio_observado,0,0,0,0,0,1
LJ500_R006_C075,698750,9504250,2021,9,2021-09,100,0,no_incendio_observado,0,0,0,0,0,1
LJ500_R011_C068,695250,9506750,2021,9,2021-09,100,0,no_incendio_observado,0,0,0,0,0,1
LJ500_R012_C055,688750,9507250,2021,9,2021-09,100,0,no_incendio_observado,0,0,0,0,0,1
LJ500_R020_C061,691750,9511250,2021,9,2021-09,100,0,no_incendio_observado,0,0,0,0,0,1
LJ500_R033_C056,689250,9517750,2021,9,2021-09,100,0,no_incendio_observado,0,0,0,0,0,1
LJ500_R035_C085,703750,9518750,2021,9,2021-09,100,0,no_incendio_observado,0,0,0,0,0,1
LJ500_R039_C072,697250,9520750,2021,9,2021-09,100,0,no_incendio_observado,0,0,0,0,0,1
LJ500_R040_C060,691250,9521250,2021,9,2021-09,100,0,no_incendio_observado,0,0,0,0,0,1
LJ500_R041_C061,691750,9521750,2021,9,2021-09,100,0,no_incendio_observado,0,0,0,0,0,1
LJ500_R043_C058,690250,9522750,2021,9,2021-09,100,0,no_incendio_observado,0,0,0,0,0,1
LJ500_R045_C083,702750,9523750,2021,9,2021-09,100,0,no_incendio_observado,0,0,0,0,0,1
LJ500_R046_C064,693250,9524250,2021,9,2021-09,100,0,no_incendio_observado,0,0,0,0,0,1
LJ500_R048_C071,696750,9525250,2021,9,2021-09,100,0,no_incendio_observado,0,0,0,0,0,1
LJ500_R050_C095,708750,9526250,2021,9,2021-09,100,0,no_incendio_observado,0,0,0,0,0,1
LJ500_R056_C049,685750,9529250,2021,9,2021-09,100,0,no_incendio_observado,0,0,0,0,0,1
LJ500_R058_C079,700750,9530250,2021,9,2021-09,100,0,no_incendio_observado,0,0,0,0,0,1
LJ500_R063_C060,691250,9532750,2021,9,2021-09,100,0,no_incendio_observado,0,0,0,0,0,1
LJ500_R064_C084,703250,9533250,2021,9,2021-09,100,0,no_incendio_observado,0,0,0,0,0,1
LJ500_R069_C057,689750,9535750,2021,9,2021-09,100,0,no_incendio_observado,0,0,0,0,0,1
LJ500_R072_C062,692250,9537250,2021,9,2021-09,100,0,no_incendio_observado,0,0,0,0,0,1
LJ500_R072_C095,708750,9537250,2021,9,2021-09,100,0,no_incendio_observado,0,0,0,0,0,1
LJ500_R074_C074,698250,9538250,2021,9,2021-09,100,0,no_incendio_observado,0,0,0,0,0,1
LJ500_R078_C076,699250,9540250,2021,9,2021-09,100,0,no_incendio_observado,0,0,0,0,0,1
LJ500_R079_C076,699250,9540750,2021,9,2021-09,100,0,no_incendio_observado,0,0,0,0,0,1
LJ500_R093_C071,696750,9547750,2021,9,2021-09,100,0,no_incendio_observado,0,0,0,0,0,1
LJ500_R093_C073,697750,9547750,2021,9,2021-09,100,0,no_incendio_observado,0,0,0,0,0,1
LJ500_R096_C074,698250,9549250,2021,9,2021-09,100,0,no_incendio_observado,0,0,0,0,0,1
LJ500_R098_C085,703750,9550250,2021,9,2021-09,100,0,no_incendio_observado,0,0,0,0,0,1
LJ500_R101_C091,706750,9551750,2021,9,2021-09,100,0,no_incendio_observado,0,0,0,0,0,1
LJ500_R106_C080,701250,9554250,2021,9,2021-09,100,0,no_incendio_observado,0,0,0,0,0,1
LJ500_R108_C065,693750,9555250,2021,9,2021-09,,,indeterminado_sin_soporte,,,,,,0
LJ500_R109_C088,705250,9555750,2021,9,2021-09,100,0,no_incendio_observado,0,0,0,0,0,1
LJ500_R119_C079,700750,9560750,2021,9,2021-09,100,0,no_incendio_observado,0,0,0,0,0,1
LJ500_R122_C070,696250,9562250,2021,9,2021-09,100,0,no_incendio_observado,0,0,0,0,0,1
LJ500_R125_C065,693750,9563750,2021,9,2021-09,100,0,no_incendio_observado,0,0,0,0,0,1
LJ500_R131_C053,687750,9566750,2021,9,2021-09,100,0,no_incendio_observado,0,0,0,0,0,1
LJ500_R132_C080,701250,9567250,2021,9,2021-09,100,0,no_incendio_observado,0,0,0,0,0,1
LJ500_R138_C087,704750,9570250,2021,9,2021-09,100,0,no_incendio_observado,0,0,0,0,0,1
LJ500_R142_C071,696750,9572250,2021,9,2021-09,100,0,no_incendio_observado,0,0,0,0,0,1
LJ500_R145_C054,688250,9573750,2021,9,2021-09,100,0,no_incendio_observado,0,0,0,0,0,1
LJ500_R147_C083,702750,9574750,2021,9,2021-09,100,0,no_incendio_observado,0,0,0,0,0,1
LJ500_R156_C028,675250,9579250,2021,9,2021-09,100,0,no_incendio_observado,0,0,0,0,0,1
LJ500_R156_C067,694750,9579250,2021,9,2021-09,100,0,no_incendio_observado,0,0,0,0,0,1
LJ500_R156_C079,700750,9579250,2021,9,2021-09,100,0,no_incendio_observado,0,0,0,0,0,1
LJ500_R157_C009,665750,9579750,2021,9,2021-09,100,0,no_incendio_observado,0,0,0,0,0,1
LJ500_R158_C065,693750,9580250,2021,9,2021-09,100,0,no_incendio_observado,0,0,0,0,0,1
LJ500_R160_C074,698250,9581250,2021,9,2021-09,100,0,no_incendio_observado,0,0,0,0,0,1
LJ500_R161_C066,694250,9581750,2021,9,2021-09,100,0,no_incendio_observado,0,0,0,0,0,1
LJ500_R164_C043,682750,9583250,2021,9,2021-09,100,0,no_incendio_observado,0,0,0,0,0,1
LJ500_R164_C059,690750,9583250,2021,9,2021-09,100,0,no_incendio_observado,0,0,0,0,0,1
LJ500_R166_C072,697250,9584250,2021,9,2021-09,100,0,no_incendio_observado,0,0,0,0,0,1
LJ500_R167_C067,694750,9584750,2021,9,2021-09,100,0,no_incendio_observado,0,0,0,0,0,1
LJ500_R168_C045,683750,9585250,2021,9,2021-09,100,0,no_incendio_observado,0,0,0,0,0,1
LJ500_R173_C033,677750,9587750,2021,9,2021-09,100,0,no_incendio_observado,0,0,0,0,0,1
LJ500_R178_C063,692750,9590250,2021,9,2021-09,100,0,no_incendio_observado,0,0,0,0,0,1
LJ500_R179_C046,684250,9590750,2021,9,2021-09,100,0,no_incendio_observado,0,0,0,0,0,1
LJ500_R180_C071,696750,9591250,2021,9,2021-09,100,0,no_incendio_observado,0,0,0,0,0,1
LJ500_R183_C039,680750,9592750,2021,9,2021-09,100,0,no_incendio_observado,0,0,0,0,0,1
LJ500_R184_C039,680750,9593250,2021,9,2021-09,,,indeterminado_sin_soporte,,,,,,0
LJ500_R184_C066,694250,9593250,2021,9,2021-09,100,0,no_incendio_observado,0,0,0,0,0,1
LJ500_R006_C075,698750,9504250,2021,10,2021-10,100,0,no_incendio_observado,0,0,0,0,0,1
LJ500_R011_C068,695250,9506750,2021,10,2021-10,100,0,no_incendio_observado,0,0,0,0,0,1
LJ500_R012_C055,688750,9507250,2021,10,2021-10,100,0,no_incendio_observado,0,0,0,0,0,1
LJ500_R020_C061,691750,9511250,2021,10,2021-10,100,0,no_incendio_observado,0,0,0,0,0,1
LJ500_R033_C056,689250,9517750,2021,10,2021-10,100,0,no_incendio_observado,0,0,0,0,0,1
LJ500_R035_C085,703750,9518750,2021,10,2021-10,100,0,no_incendio_observado,0,0,0,0,0,1
LJ500_R039_C072,697250,9520750,2021,10,2021-10,100,0,no_incendio_observado,0,0,0,0,0,1
LJ500_R040_C060,691250,9521250,2021,10,2021-10,100,0,no_incendio_observado,0,0,0,0,0,1
LJ500_R041_C061,691750,9521750,2021,10,2021-10,100,0,no_incendio_observado,0,0,0,0,0,1
LJ500_R043_C058,690250,9522750,2021,10,2021-10,100,0,no_incendio_observado,0,0,0,0,0,1
LJ500_R045_C083,702750,9523750,2021,10,2021-10,100,0,no_incendio_observado,0,0,0,0,0,1
LJ500_R046_C064,693250,9524250,2021,10,2021-10,100,0,no_incendio_observado,0,0,0,0,0,1
LJ500_R048_C071,696750,9525250,2021,10,2021-10,100,0,no_incendio_observado,0,0,0,0,0,1
LJ500_R050_C095,708750,9526250,2021,10,2021-10,100,0,no_incendio_observado,0,0,0,0,0,1
LJ500_R056_C049,685750,9529250,2021,10,2021-10,100,0,no_incendio_observado,0,0,0,0,0,1
LJ500_R058_C079,700750,9530250,2021,10,2021-10,100,0,no_incendio_observado,0,0,0,0,0,1
LJ500_R063_C060,691250,9532750,2021,10,2021-10,100,0,no_incendio_observado,0,0,0,0,0,1
LJ500_R064_C084,703250,9533250,2021,10,2021-10,100,0,no_incendio_observado,0,0,0,0,0,1
LJ500_R069_C057,689750,9535750,2021,10,2021-10,100,0,no_incendio_observado,0,0,0,0,0,1
LJ500_R072_C062,692250,9537250,2021,10,2021-10,100,0,no_incendio_observado,0,0,0,0,0,1
LJ500_R072_C095,708750,9537250,2021,10,2021-10,100,0,no_incendio_observado,0,0,0,0,0,1
LJ500_R074_C074,698250,9538250,2021,10,2021-10,100,0,no_incendio_observado,0,0,0,0,0,1
LJ500_R078_C076,699250,9540250,2021,10,2021-10,100,0,no_incendio_observado,0,0,0,0,0,1
LJ500_R079_C076,699250,9540750,2021,10,2021-10,100,0,no_incendio_observado,0,0,0,0,0,1
LJ500_R093_C071,696750,9547750,2021,10,2021-10,100,0,no_incendio_observado,0,0,0,0,0,1
LJ500_R093_C073,697750,9547750,2021,10,2021-10,100,0,no_incendio_observado,0,0,0,0,0,1
LJ500_R096_C074,698250,9549250,2021,10,2021-10,100,0,no_incendio_observado,0,0,0,0,0,1
LJ500_R098_C085,703750,9550250,2021,10,2021-10,100,0,no_incendio_observado,0,0,0,0,0,1
LJ500_R101_C091,706750,9551750,2021,10,2021-10,100,0,no_incendio_observado,0,0,0,0,0,1
LJ500_R106_C080,701250,9554250,2021,10,2021-10,100,0,no_incendio_observado,0,0,0,0,0,1
LJ500_R108_C065,693750,9555250,2021,10,2021-10,,,indeterminado_sin_soporte,,,,,,0
LJ500_R109_C088,705250,9555750,2021,10,2021-10,100,0,no_incendio_observado,0,0,0,0,0,1
LJ500_R119_C079,700750,9560750,2021,10,2021-10,100,0,no_incendio_observado,0,0,0,0,0,1
LJ500_R122_C070,696250,9562250,2021,10,2021-10,100,0,no_incendio_observado,0,0,0,0,0,1
LJ500_R125_C065,693750,9563750,2021,10,2021-10,100,0,no_incendio_observado,0,0,0,0,0,1
LJ500_R131_C053,687750,9566750,2021,10,2021-10,100,0,no_incendio_observado,0,0,0,0,0,1
LJ500_R132_C080,701250,9567250,2021,10,2021-10,100,0,no_incendio_observado,0,0,0,0,0,1
LJ500_R138_C087,704750,9570250,2021,10,2021-10,100,0,no_incendio_observado,0,0,0,0,0,1
LJ500_R142_C071,696750,9572250,2021,10,2021-10,100,0,no_incendio_observado,0,0,0,0,0,1
LJ500_R145_C054,688250,9573750,2021,10,2021-10,100,0,no_incendio_observado,0,0,0,0,0,1
LJ500_R147_C083,702750,9574750,2021,10,2021-10,100,0,no_incendio_observado,0,0,0,0,0,1
LJ500_R156_C028,675250,9579250,2021,10,2021-10,100,0,no_incendio_observado,0,0,0,0,0,1
LJ500_R156_C067,694750,9579250,2021,10,2021-10,100,0,no_incendio_observado,0,0,0,0,0,1
LJ500_R156_C079,700750,9579250,2021,10,2021-10,100,0,no_incendio_observado,0,0,0,0,0,1
LJ500_R157_C009,665750,9579750,2021,10,2021-10,100,0,no_incendio_observado,0,0,0,0,0,1
LJ500_R158_C065,693750,9580250,2021,10,2021-10,100,0,no_incendio_observado,0,0,0,0,0,1
LJ500_R160_C074,698250,9581250,2021,10,2021-10,100,0,no_incendio_observado,0,0,0,0,0,1
LJ500_R161_C066,694250,9581750,2021,10,2021-10,100,0,no_incendio_observado,0,0,0,0,0,1
LJ500_R164_C043,682750,9583250,2021,10,2021-10,100,0,no_incendio_observado,0,0,0,0,0,1
LJ500_R164_C059,690750,9583250,2021,10,2021-10,100,0,no_incendio_observado,0,0,0,0,0,1
LJ500_R166_C072,697250,9584250,2021,10,2021-10,100,0,no_incendio_observado,0,0,0,0,0,1
LJ500_R167_C067,694750,9584750,2021,10,2021-10,100,0,no_incendio_observado,0,0,0,0,0,1
LJ500_R168_C045,683750,9585250,2021,10,2021-10,100,0,no_incendio_observado,0,0,0,0,0,1
LJ500_R173_C033,677750,9587750,2021,10,2021-10,100,0,no_incendio_observado,0,0,0,0,0,1
LJ500_R178_C063,692750,9590250,2021,10,2021-10,100,0,no_incendio_observado,0,0,0,0,0,1
LJ500_R179_C046,684250,9590750,2021,10,2021-10,100,0,no_incendio_observado,0,0,0,0,0,1
LJ500_R180_C071,696750,9591250,2021,10,2021-10,100,0,no_incendio_observado,0,0,0,0,0,1
LJ500_R183_C039,680750,9592750,2021,10,2021-10,100,0,no_incendio_observado,0,0,0,0,0,1
LJ500_R184_C039,680750,9593250,2021,10,2021-10,,,indeterminado_sin_soporte,,,,,,0
LJ500_R184_C066,694250,9593250,2021,10,2021-10,100,0,no_incendio_observado,0,0,0,0,0,1
LJ500_R006_C075,698750,9504250,2021,11,2021-11,100,0,no_incendio_observado,0,0,0,0,0,1
LJ500_R011_C068,695250,9506750,2021,11,2021-11,100,0,no_incendio_observado,0,0,0,0,0,1
LJ500_R012_C055,688750,9507250,2021,11,2021-11,100,0,no_incendio_observado,0,0,0,0,0,1
LJ500_R020_C061,691750,9511250,2021,11,2021-11,100,0,no_incendio_observado,0,0,0,0,0,1
LJ500_R033_C056,689250,9517750,2021,11,2021-11,100,0,no_incendio_observado,0,0,0,0,0,1
LJ500_R035_C085,703750,9518750,2021,11,2021-11,100,0,no_incendio_observado,0,0,0,0,0,1
LJ500_R039_C072,697250,9520750,2021,11,2021-11,100,0,no_incendio_observado,0,0,0,0,0,1
LJ500_R040_C060,691250,9521250,2021,11,2021-11,100,0,no_incendio_observado,0,0,0,0,0,1
LJ500_R041_C061,691750,9521750,2021,11,2021-11,100,0,no_incendio_observado,0,0,0,0,0,1
LJ500_R043_C058,690250,9522750,2021,11,2021-11,100,0,no_incendio_observado,0,0,0,0,0,1
LJ500_R045_C083,702750,9523750,2021,11,2021-11,100,0,no_incendio_observado,0,0,0,0,0,1
LJ500_R046_C064,693250,9524250,2021,11,2021-11,100,0,no_incendio_observado,0,0,0,0,0,1
LJ500_R048_C071,696750,9525250,2021,11,2021-11,100,0,no_incendio_observado,0,0,0,0,0,1
LJ500_R050_C095,708750,9526250,2021,11,2021-11,100,0,no_incendio_observado,0,0,0,0,0,1
LJ500_R056_C049,685750,9529250,2021,11,2021-11,100,1,incendio_observado,1,1,1,1,1,1
LJ500_R058_C079,700750,9530250,2021,11,2021-11,100,0,no_incendio_observado,0,0,0,0,0,1
LJ500_R063_C060,691250,9532750,2021,11,2021-11,100,0,no_incendio_observado,0,0,0,0,0,1
LJ500_R064_C084,703250,9533250,2021,11,2021-11,100,0,no_incendio_observado,0,0,0,0,0,1
LJ500_R069_C057,689750,9535750,2021,11,2021-11,100,0,no_incendio_observado,0,0,0,0,0,1
LJ500_R072_C062,692250,9537250,2021,11,2021-11,100,0,no_incendio_observado,0,0,0,0,0,1
LJ500_R072_C095,708750,9537250,2021,11,2021-11,100,0,no_incendio_observado,0,0,0,0,0,1
LJ500_R074_C074,698250,9538250,2021,11,2021-11,100,0,no_incendio_observado,0,0,0,0,0,1
LJ500_R078_C076,699250,9540250,2021,11,2021-11,100,0,no_incendio_observado,0,0,0,0,0,1
LJ500_R079_C076,699250,9540750,2021,11,2021-11,100,0,no_incendio_observado,0,0,0,0,0,1
LJ500_R093_C071,696750,9547750,2021,11,2021-11,100,0,no_incendio_observado,0,0,0,0,0,1
LJ500_R093_C073,697750,9547750,2021,11,2021-11,100,0,no_incendio_observado,0,0,0,0,0,1
LJ500_R096_C074,698250,9549250,2021,11,2021-11,100,0,no_incendio_observado,0,0,0,0,0,1
LJ500_R098_C085,703750,9550250,2021,11,2021-11,100,0,no_incendio_observado,0,0,0,0,0,1
LJ500_R101_C091,706750,9551750,2021,11,2021-11,100,0,no_incendio_observado,0,0,0,0,0,1
LJ500_R106_C080,701250,9554250,2021,11,2021-11,100,0,no_incendio_observado,0,0,0,0,0,1
LJ500_R108_C065,693750,9555250,2021,11,2021-11,,,indeterminado_sin_soporte,,,,,,0
LJ500_R109_C088,705250,9555750,2021,11,2021-11,100,0,no_incendio_observado,0,0,0,0,0,1
LJ500_R119_C079,700750,9560750,2021,11,2021-11,100,0,no_incendio_observado,0,0,0,0,0,1
LJ500_R122_C070,696250,9562250,2021,11,2021-11,100,0,no_incendio_observado,0,0,0,0,0,1
LJ500_R125_C065,693750,9563750,2021,11,2021-11,100,0,no_incendio_observado,0,0,0,0,0,1
LJ500_R131_C053,687750,9566750,2021,11,2021-11,100,0,no_incendio_observado,0,0,0,0,0,1
LJ500_R132_C080,701250,9567250,2021,11,2021-11,100,0,no_incendio_observado,0,0,0,0,0,1
LJ500_R138_C087,704750,9570250,2021,11,2021-11,100,0,no_incendio_observado,0,0,0,0,0,1
LJ500_R142_C071,696750,9572250,2021,11,2021-11,100,0,no_incendio_observado,0,0,0,0,0,1
LJ500_R145_C054,688250,9573750,2021,11,2021-11,100,0,no_incendio_observado,0,0,0,0,0,1
LJ500_R147_C083,702750,9574750,2021,11,2021-11,100,0,no_incendio_observado,0,0,0,0,0,1
LJ500_R156_C028,675250,9579250,2021,11,2021-11,100,0,no_incendio_observado,0,0,0,0,0,1
LJ500_R156_C067,694750,9579250,2021,11,2021-11,100,0,no_incendio_observado,0,0,0,0,0,1
LJ500_R156_C079,700750,9579250,2021,11,2021-11,100,0,no_incendio_observado,0,0,0,0,0,1
LJ500_R157_C009,665750,9579750,2021,11,2021-11,100,0,no_incendio_observado,0,0,0,0,0,1
LJ500_R158_C065,693750,9580250,2021,11,2021-11,100,0,no_incendio_observado,0,0,0,0,0,1
LJ500_R160_C074,698250,9581250,2021,11,2021-11,100,0,no_incendio_observado,0,0,0,0,0,1
LJ500_R161_C066,694250,9581750,2021,11,2021-11,100,0,no_incendio_observado,0,0,0,0,0,1
LJ500_R164_C043,682750,9583250,2021,11,2021-11,100,0,no_incendio_observado,0,0,0,0,0,1
LJ500_R164_C059,690750,9583250,2021,11,2021-11,100,0,no_incendio_observado,0,0,0,0,0,1
LJ500_R166_C072,697250,9584250,2021,11,2021-11,100,0,no_incendio_observado,0,0,0,0,0,1
LJ500_R167_C067,694750,9584750,2021,11,2021-11,100,0,no_incendio_observado,0,0,0,0,0,1
LJ500_R168_C045,683750,9585250,2021,11,2021-11,100,0,no_incendio_observado,0,0,0,0,0,1
LJ500_R173_C033,677750,9587750,2021,11,2021-11,100,0,no_incendio_observado,0,0,0,0,0,1
LJ500_R178_C063,692750,9590250,2021,11,2021-11,100,0,no_incendio_observado,0,0,0,0,0,1
LJ500_R179_C046,684250,9590750,2021,11,2021-11,100,0,no_incendio_observado,0,0,0,0,0,1
LJ500_R180_C071,696750,9591250,2021,11,2021-11,100,0,no_incendio_observado,0,0,0,0,0,1
LJ500_R183_C039,680750,9592750,2021,11,2021-11,100,0,no_incendio_observado,0,0,0,0,0,1
LJ500_R184_C039,680750,9593250,2021,11,2021-11,,,indeterminado_sin_soporte,,,,,,0
LJ500_R184_C066,694250,9593250,2021,11,2021-11,100,0,no_incendio_observado,0,0,0,0,0,1
LJ500_R006_C075,698750,9504250,2021,12,2021-12,100,0,no_incendio_observado,0,0,0,0,0,1
LJ500_R011_C068,695250,9506750,2021,12,2021-12,100,0,no_incendio_observado,0,0,0,0,0,1
LJ500_R012_C055,688750,9507250,2021,12,2021-12,100,0,no_incendio_observado,0,0,0,0,0,1
LJ500_R020_C061,691750,9511250,2021,12,2021-12,100,0,no_incendio_observado,0,0,0,0,0,1
LJ500_R033_C056,689250,9517750,2021,12,2021-12,100,0,no_incendio_observado,0,0,0,0,0,1
LJ500_R035_C085,703750,9518750,2021,12,2021-12,100,0,no_incendio_observado,0,0,0,0,0,1
LJ500_R039_C072,697250,9520750,2021,12,2021-12,100,0,no_incendio_observado,0,0,0,0,0,1
LJ500_R040_C060,691250,9521250,2021,12,2021-12,100,0,no_incendio_observado,0,0,0,0,0,1
LJ500_R041_C061,691750,9521750,2021,12,2021-12,100,0,no_incendio_observado,0,0,0,0,0,1
LJ500_R043_C058,690250,9522750,2021,12,2021-12,100,0,no_incendio_observado,0,0,0,0,0,1
LJ500_R045_C083,702750,9523750,2021,12,2021-12,100,0,no_incendio_observado,0,0,0,0,0,1
LJ500_R046_C064,693250,9524250,2021,12,2021-12,100,0,no_incendio_observado,0,0,0,0,0,1
LJ500_R048_C071,696750,9525250,2021,12,2021-12,100,0,no_incendio_observado,0,0,0,0,0,1
LJ500_R050_C095,708750,9526250,2021,12,2021-12,100,0,no_incendio_observado,0,0,0,0,0,1
LJ500_R056_C049,685750,9529250,2021,12,2021-12,100,0,no_incendio_observado,0,0,0,0,0,1
LJ500_R058_C079,700750,9530250,2021,12,2021-12,100,0,no_incendio_observado,0,0,0,0,0,1
LJ500_R063_C060,691250,9532750,2021,12,2021-12,100,0,no_incendio_observado,0,0,0,0,0,1
LJ500_R064_C084,703250,9533250,2021,12,2021-12,100,0,no_incendio_observado,0,0,0,0,0,1
LJ500_R069_C057,689750,9535750,2021,12,2021-12,100,0,no_incendio_observado,0,0,0,0,0,1
LJ500_R072_C062,692250,9537250,2021,12,2021-12,100,0,no_incendio_observado,0,0,0,0,0,1
LJ500_R072_C095,708750,9537250,2021,12,2021-12,100,0,no_incendio_observado,0,0,0,0,0,1
LJ500_R074_C074,698250,9538250,2021,12,2021-12,100,0,no_incendio_observado,0,0,0,0,0,1
LJ500_R078_C076,699250,9540250,2021,12,2021-12,100,0,no_incendio_observado,0,0,0,0,0,1
LJ500_R079_C076,699250,9540750,2021,12,2021-12,100,0,no_incendio_observado,0,0,0,0,0,1
LJ500_R093_C071,696750,9547750,2021,12,2021-12,100,0,no_incendio_observado,0,0,0,0,0,1
LJ500_R093_C073,697750,9547750,2021,12,2021-12,100,0,no_incendio_observado,0,0,0,0,0,1
LJ500_R096_C074,698250,9549250,2021,12,2021-12,100,0,no_incendio_observado,0,0,0,0,0,1
LJ500_R098_C085,703750,9550250,2021,12,2021-12,100,0,no_incendio_observado,0,0,0,0,0,1
LJ500_R101_C091,706750,9551750,2021,12,2021-12,100,0,no_incendio_observado,0,0,0,0,0,1
LJ500_R106_C080,701250,9554250,2021,12,2021-12,100,0,no_incendio_observado,0,0,0,0,0,1
LJ500_R108_C065,693750,9555250,2021,12,2021-12,,,indeterminado_sin_soporte,,,,,,0
LJ500_R109_C088,705250,9555750,2021,12,2021-12,100,0,no_incendio_observado,0,0,0,0,0,1
LJ500_R119_C079,700750,9560750,2021,12,2021-12,100,0,no_incendio_observado,0,0,0,0,0,1
LJ500_R122_C070,696250,9562250,2021,12,2021-12,100,0,no_incendio_observado,0,0,0,0,0,1
LJ500_R125_C065,693750,9563750,2021,12,2021-12,100,0,no_incendio_observado,0,0,0,0,0,1
LJ500_R131_C053,687750,9566750,2021,12,2021-12,100,0,no_incendio_observado,0,0,0,0,0,1
LJ500_R132_C080,701250,9567250,2021,12,2021-12,100,0,no_incendio_observado,0,0,0,0,0,1
LJ500_R138_C087,704750,9570250,2021,12,2021-12,100,0,no_incendio_observado,0,0,0,0,0,1
LJ500_R142_C071,696750,9572250,2021,12,2021-12,100,0,no_incendio_observado,0,0,0,0,0,1
LJ500_R145_C054,688250,9573750,2021,12,2021-12,100,0,no_incendio_observado,0,0,0,0,0,1
LJ500_R147_C083,702750,9574750,2021,12,2021-12,100,0,no_incendio_observado,0,0,0,0,0,1
LJ500_R156_C028,675250,9579250,2021,12,2021-12,100,0,no_incendio_observado,0,0,0,0,0,1
LJ500_R156_C067,694750,9579250,2021,12,2021-12,100,0,no_incendio_observado,0,0,0,0,0,1
LJ500_R156_C079,700750,9579250,2021,12,2021-12,100,0,no_incendio_observado,0,0,0,0,0,1
LJ500_R157_C009,665750,9579750,2021,12,2021-12,100,0,no_incendio_observado,0,0,0,0,0,1
LJ500_R158_C065,693750,9580250,2021,12,2021-12,100,0,no_incendio_observado,0,0,0,0,0,1
LJ500_R160_C074,698250,9581250,2021,12,2021-12,100,0,no_incendio_observado,0,0,0,0,0,1
LJ500_R161_C066,694250,9581750,2021,12,2021-12,100,0,no_incendio_observado,0,0,0,0,0,1
LJ500_R164_C043,682750,9583250,2021,12,2021-12,100,0,no_incendio_observado,0,0,0,0,0,1
LJ500_R164_C059,690750,9583250,2021,12,2021-12,100,0,no_incendio_observado,0,0,0,0,0,1
LJ500_R166_C072,697250,9584250,2021,12,2021-12,100,0,no_incendio_observado,0,0,0,0,0,1
LJ500_R167_C067,694750,9584750,2021,12,2021-12,100,0,no_incendio_observado,0,0,0,0,0,1
LJ500_R168_C045,683750,9585250,2021,12,2021-12,100,0,no_incendio_observado,0,0,0,0,0,1
LJ500_R173_C033,677750,9587750,2021,12,2021-12,100,0,no_incendio_observado,0,0,0,0,0,1
LJ500_R178_C063,692750,9590250,2021,12,2021-12,100,0,no_incendio_observado,0,0,0,0,0,1
LJ500_R179_C046,684250,9590750,2021,12,2021-12,100,0,no_incendio_observado,0,0,0,0,0,1
LJ500_R180_C071,696750,9591250,2021,12,2021-12,100,0,no_incendio_observado,0,0,0,0,0,1
LJ500_R183_C039,680750,9592750,2021,12,2021-12,100,0,no_incendio_observado,0,0,0,0,0,1
LJ500_R184_C039,680750,9593250,2021,12,2021-12,,,indeterminado_sin_soporte,,,,,,0
LJ500_R184_C066,694250,9593250,2021,12,2021-12,100,0,no_incendio_observado,0,0,0,0,0,1
LJ500_R006_C075,698750,9504250,2022,1,2022-01,100,0,no_incendio_observado,0,0,0,0,0,1
LJ500_R011_C068,695250,9506750,2022,1,2022-01,100,0,no_incendio_observado,0,0,0,0,0,1
LJ500_R012_C055,688750,9507250,2022,1,2022-01,100,0,no_incendio_observado,0,0,0,0,0,1
LJ500_R020_C061,691750,9511250,2022,1,2022-01,100,0,no_incendio_observado,0,0,0,0,0,1
LJ500_R033_C056,689250,9517750,2022,1,2022-01,100,0,no_incendio_observado,0,0,0,0,0,1
LJ500_R035_C085,703750,9518750,2022,1,2022-01,100,0,no_incendio_observado,0,0,0,0,0,1
LJ500_R039_C072,697250,9520750,2022,1,2022-01,100,0,no_incendio_observado,0,0,0,0,0,1
LJ500_R040_C060,691250,9521250,2022,1,2022-01,100,0,no_incendio_observado,0,0,0,0,0,1
LJ500_R041_C061,691750,9521750,2022,1,2022-01,100,0,no_incendio_observado,0,0,0,0,0,1
LJ500_R043_C058,690250,9522750,2022,1,2022-01,100,0,no_incendio_observado,0,0,0,0,0,1
LJ500_R045_C083,702750,9523750,2022,1,2022-01,100,0,no_incendio_observado,0,0,0,0,0,1
LJ500_R046_C064,693250,9524250,2022,1,2022-01,100,0,no_incendio_observado,0,0,0,0,0,1
LJ500_R048_C071,696750,9525250,2022,1,2022-01,100,0,no_incendio_observado,0,0,0,0,0,1
LJ500_R050_C095,708750,9526250,2022,1,2022-01,100,0,no_incendio_observado,0,0,0,0,0,1
LJ500_R056_C049,685750,9529250,2022,1,2022-01,100,0,no_incendio_observado,0,0,0,0,0,1
LJ500_R058_C079,700750,9530250,2022,1,2022-01,100,0,no_incendio_observado,0,0,0,0,0,1
LJ500_R063_C060,691250,9532750,2022,1,2022-01,100,0,no_incendio_observado,0,0,0,0,0,1
LJ500_R064_C084,703250,9533250,2022,1,2022-01,100,0,no_incendio_observado,0,0,0,0,0,1
LJ500_R069_C057,689750,9535750,2022,1,2022-01,100,0,no_incendio_observado,0,0,0,0,0,1
LJ500_R072_C062,692250,9537250,2022,1,2022-01,100,0,no_incendio_observado,0,0,0,0,0,1
LJ500_R072_C095,708750,9537250,2022,1,2022-01,100,0,no_incendio_observado,0,0,0,0,0,1
LJ500_R074_C074,698250,9538250,2022,1,2022-01,100,0,no_incendio_observado,0,0,0,0,0,1
LJ500_R078_C076,699250,9540250,2022,1,2022-01,100,0,no_incendio_observado,0,0,0,0,0,1
LJ500_R079_C076,699250,9540750,2022,1,2022-01,100,0,no_incendio_observado,0,0,0,0,0,1
LJ500_R093_C071,696750,9547750,2022,1,2022-01,100,0,no_incendio_observado,0,0,0,0,0,1
LJ500_R093_C073,697750,9547750,2022,1,2022-01,100,0,no_incendio_observado,0,0,0,0,0,1
LJ500_R096_C074,698250,9549250,2022,1,2022-01,100,0,no_incendio_observado,0,0,0,0,0,1
LJ500_R098_C085,703750,9550250,2022,1,2022-01,100,0,no_incendio_observado,0,0,0,0,0,1
LJ500_R101_C091,706750,9551750,2022,1,2022-01,100,0,no_incendio_observado,0,0,0,0,0,1
LJ500_R106_C080,701250,9554250,2022,1,2022-01,100,0,no_incendio_observado,0,0,0,0,0,1
LJ500_R108_C065,693750,9555250,2022,1,2022-01,,,indeterminado_sin_soporte,,,,,,0
LJ500_R109_C088,705250,9555750,2022,1,2022-01,100,0,no_incendio_observado,0,0,0,0,0,1
LJ500_R119_C079,700750,9560750,2022,1,2022-01,100,0,no_incendio_observado,0,0,0,0,0,1
LJ500_R122_C070,696250,9562250,2022,1,2022-01,100,0,no_incendio_observado,0,0,0,0,0,1
LJ500_R125_C065,693750,9563750,2022,1,2022-01,100,0,no_incendio_observado,0,0,0,0,0,1
LJ500_R131_C053,687750,9566750,2022,1,2022-01,100,0,no_incendio_observado,0,0,0,0,0,1
LJ500_R132_C080,701250,9567250,2022,1,2022-01,100,0,no_incendio_observado,0,0,0,0,0,1
LJ500_R138_C087,704750,9570250,2022,1,2022-01,100,0,no_incendio_observado,0,0,0,0,0,1
LJ500_R142_C071,696750,9572250,2022,1,2022-01,100,0,no_incendio_observado,0,0,0,0,0,1
LJ500_R145_C054,688250,9573750,2022,1,2022-01,100,0,no_incendio_observado,0,0,0,0,0,1
LJ500_R147_C083,702750,9574750,2022,1,2022-01,100,0,no_incendio_observado,0,0,0,0,0,1
LJ500_R156_C028,675250,9579250,2022,1,2022-01,100,0,no_incendio_observado,0,0,0,0,0,1
LJ500_R156_C067,694750,9579250,2022,1,2022-01,100,0,no_incendio_observado,0,0,0,0,0,1
LJ500_R156_C079,700750,9579250,2022,1,2022-01,100,0,no_incendio_observado,0,0,0,0,0,1
LJ500_R157_C009,665750,9579750,2022,1,2022-01,100,0,no_incendio_observado,0,0,0,0,0,1
LJ500_R158_C065,693750,9580250,2022,1,2022-01,100,0,no_incendio_observado,0,0,0,0,0,1
LJ500_R160_C074,698250,9581250,2022,1,2022-01,100,0,no_incendio_observado,0,0,0,0,0,1
LJ500_R161_C066,694250,9581750,2022,1,2022-01,100,0,no_incendio_observado,0,0,0,0,0,1
LJ500_R164_C043,682750,9583250,2022,1,2022-01,100,0,no_incendio_observado,0,0,0,0,0,1
LJ500_R164_C059,690750,9583250,2022,1,2022-01,100,0,no_incendio_observado,0,0,0,0,0,1
LJ500_R166_C072,697250,9584250,2022,1,2022-01,100,0,no_incendio_observado,0,0,0,0,0,1
LJ500_R167_C067,694750,9584750,2022,1,2022-01,100,0,no_incendio_observado,0,0,0,0,0,1
LJ500_R168_C045,683750,9585250,2022,1,2022-01,100,0,no_incendio_observado,0,0,0,0,0,1
LJ500_R173_C033,677750,9587750,2022,1,2022-01,100,0,no_incendio_observado,0,0,0,0,0,1
LJ500_R178_C063,692750,9590250,2022,1,2022-01,100,0,no_incendio_observado,0,0,0,0,0,1
LJ500_R179_C046,684250,9590750,2022,1,2022-01,100,0,no_incendio_observado,0,0,0,0,0,1
LJ500_R180_C071,696750,9591250,2022,1,2022-01,100,0,no_incendio_observado,0,0,0,0,0,1
LJ500_R183_C039,680750,9592750,2022,1,2022-01,100,0,no_incendio_observado,0,0,0,0,0,1
LJ500_R184_C039,680750,9593250,2022,1,2022-01,,,indeterminado_sin_soporte,,,,,,0
LJ500_R184_C066,694250,9593250,2022,1,2022-01,100,0,no_incendio_observado,0,0,0,0,0,1
LJ500_R006_C075,698750,9504250,2022,2,2022-02,100,0,no_incendio_observado,0,0,0,0,0,1
LJ500_R011_C068,695250,9506750,2022,2,2022-02,100,0,no_incendio_observado,0,0,0,0,0,1
LJ500_R012_C055,688750,9507250,2022,2,2022-02,100,0,no_incendio_observado,0,0,0,0,0,1
LJ500_R020_C061,691750,9511250,2022,2,2022-02,100,0,no_incendio_observado,0,0,0,0,0,1
LJ500_R033_C056,689250,9517750,2022,2,2022-02,100,0,no_incendio_observado,0,0,0,0,0,1
LJ500_R035_C085,703750,9518750,2022,2,2022-02,100,0,no_incendio_observado,0,0,0,0,0,1
LJ500_R039_C072,697250,9520750,2022,2,2022-02,100,0,no_incendio_observado,0,0,0,0,0,1
LJ500_R040_C060,691250,9521250,2022,2,2022-02,100,0,no_incendio_observado,0,0,0,0,0,1
LJ500_R041_C061,691750,9521750,2022,2,2022-02,100,0,no_incendio_observado,0,0,0,0,0,1
LJ500_R043_C058,690250,9522750,2022,2,2022-02,100,0,no_incendio_observado,0,0,0,0,0,1
LJ500_R045_C083,702750,9523750,2022,2,2022-02,100,0,no_incendio_observado,0,0,0,0,0,1
LJ500_R046_C064,693250,9524250,2022,2,2022-02,100,0,no_incendio_observado,0,0,0,0,0,1
LJ500_R048_C071,696750,9525250,2022,2,2022-02,100,0,no_incendio_observado,0,0,0,0,0,1
LJ500_R050_C095,708750,9526250,2022,2,2022-02,100,0,no_incendio_observado,0,0,0,0,0,1
LJ500_R056_C049,685750,9529250,2022,2,2022-02,100,0,no_incendio_observado,0,0,0,0,0,1
LJ500_R058_C079,700750,9530250,2022,2,2022-02,100,0,no_incendio_observado,0,0,0,0,0,1
LJ500_R063_C060,691250,9532750,2022,2,2022-02,100,0,no_incendio_observado,0,0,0,0,0,1
LJ500_R064_C084,703250,9533250,2022,2,2022-02,100,0,no_incendio_observado,0,0,0,0,0,1
LJ500_R069_C057,689750,9535750,2022,2,2022-02,100,0,no_incendio_observado,0,0,0,0,0,1
LJ500_R072_C062,692250,9537250,2022,2,2022-02,100,0,no_incendio_observado,0,0,0,0,0,1
LJ500_R072_C095,708750,9537250,2022,2,2022-02,100,0,no_incendio_observado,0,0,0,0,0,1
LJ500_R074_C074,698250,9538250,2022,2,2022-02,100,0,no_incendio_observado,0,0,0,0,0,1
LJ500_R078_C076,699250,9540250,2022,2,2022-02,100,0,no_incendio_observado,0,0,0,0,0,1
LJ500_R079_C076,699250,9540750,2022,2,2022-02,100,0,no_incendio_observado,0,0,0,0,0,1
LJ500_R093_C071,696750,9547750,2022,2,2022-02,100,0,no_incendio_observado,0,0,0,0,0,1
LJ500_R093_C073,697750,9547750,2022,2,2022-02,100,0,no_incendio_observado,0,0,0,0,0,1
LJ500_R096_C074,698250,9549250,2022,2,2022-02,100,0,no_incendio_observado,0,0,0,0,0,1
LJ500_R098_C085,703750,9550250,2022,2,2022-02,100,0,no_incendio_observado,0,0,0,0,0,1
LJ500_R101_C091,706750,9551750,2022,2,2022-02,100,0,no_incendio_observado,0,0,0,0,0,1
LJ500_R106_C080,701250,9554250,2022,2,2022-02,100,0,no_incendio_observado,0,0,0,0,0,1
LJ500_R108_C065,693750,9555250,2022,2,2022-02,,,indeterminado_sin_soporte,,,,,,0
LJ500_R109_C088,705250,9555750,2022,2,2022-02,100,0,no_incendio_observado,0,0,0,0,0,1
LJ500_R119_C079,700750,9560750,2022,2,2022-02,100,0,no_incendio_observado,0,0,0,0,0,1
LJ500_R122_C070,696250,9562250,2022,2,2022-02,100,0,no_incendio_observado,0,0,0,0,0,1
LJ500_R125_C065,693750,9563750,2022,2,2022-02,100,0,no_incendio_observado,0,0,0,0,0,1
LJ500_R131_C053,687750,9566750,2022,2,2022-02,100,0,no_incendio_observado,0,0,0,0,0,1
LJ500_R132_C080,701250,9567250,2022,2,2022-02,100,0,no_incendio_observado,0,0,0,0,0,1
LJ500_R138_C087,704750,9570250,2022,2,2022-02,100,0,no_incendio_observado,0,0,0,0,0,1
LJ500_R142_C071,696750,9572250,2022,2,2022-02,100,0,no_incendio_observado,0,0,0,0,0,1
LJ500_R145_C054,688250,9573750,2022,2,2022-02,100,0,no_incendio_observado,0,0,0,0,0,1
LJ500_R147_C083,702750,9574750,2022,2,2022-02,100,0,no_incendio_observado,0,0,0,0,0,1
LJ500_R156_C028,675250,9579250,2022,2,2022-02,100,0,no_incendio_observado,0,0,0,0,0,1
LJ500_R156_C067,694750,9579250,2022,2,2022-02,100,0,no_incendio_observado,0,0,0,0,0,1
LJ500_R156_C079,700750,9579250,2022,2,2022-02,100,0,no_incendio_observado,0,0,0,0,0,1
LJ500_R157_C009,665750,9579750,2022,2,2022-02,100,0,no_incendio_observado,0,0,0,0,0,1
LJ500_R158_C065,693750,9580250,2022,2,2022-02,100,0,no_incendio_observado,0,0,0,0,0,1
LJ500_R160_C074,698250,9581250,2022,2,2022-02,100,0,no_incendio_observado,0,0,0,0,0,1
LJ500_R161_C066,694250,9581750,2022,2,2022-02,100,0,no_incendio_observado,0,0,0,0,0,1
LJ500_R164_C043,682750,9583250,2022,2,2022-02,100,0,no_incendio_observado,0,0,0,0,0,1
LJ500_R164_C059,690750,9583250,2022,2,2022-02,100,0,no_incendio_observado,0,0,0,0,0,1
LJ500_R166_C072,697250,9584250,2022,2,2022-02,100,0,no_incendio_observado,0,0,0,0,0,1
LJ500_R167_C067,694750,9584750,2022,2,2022-02,100,0,no_incendio_observado,0,0,0,0,0,1
LJ500_R168_C045,683750,9585250,2022,2,2022-02,100,0,no_incendio_observado,0,0,0,0,0,1
LJ500_R173_C033,677750,9587750,2022,2,2022-02,100,0,no_incendio_observado,0,0,0,0,0,1
LJ500_R178_C063,692750,9590250,2022,2,2022-02,100,0,no_incendio_observado,0,0,0,0,0,1
LJ500_R179_C046,684250,9590750,2022,2,2022-02,100,0,no_incendio_observado,0,0,0,0,0,1
LJ500_R180_C071,696750,9591250,2022,2,2022-02,100,0,no_incendio_observado,0,0,0,0,0,1
LJ500_R183_C039,680750,9592750,2022,2,2022-02,100,0,no_incendio_observado,0,0,0,0,0,1
LJ500_R184_C039,680750,9593250,2022,2,2022-02,,,indeterminado_sin_soporte,,,,,,0
LJ500_R184_C066,694250,9593250,2022,2,2022-02,100,0,no_incendio_observado,0,0,0,0,0,1
LJ500_R006_C075,698750,9504250,2022,3,2022-03,100,0,no_incendio_observado,0,0,0,0,0,1
LJ500_R011_C068,695250,9506750,2022,3,2022-03,100,0,no_incendio_observado,0,0,0,0,0,1
LJ500_R012_C055,688750,9507250,2022,3,2022-03,100,0,no_incendio_observado,0,0,0,0,0,1
LJ500_R020_C061,691750,9511250,2022,3,2022-03,100,0,no_incendio_observado,0,0,0,0,0,1
LJ500_R033_C056,689250,9517750,2022,3,2022-03,100,0,no_incendio_observado,0,0,0,0,0,1
LJ500_R035_C085,703750,9518750,2022,3,2022-03,100,0,no_incendio_observado,0,0,0,0,0,1
LJ500_R039_C072,697250,9520750,2022,3,2022-03,100,0,no_incendio_observado,0,0,0,0,0,1
LJ500_R040_C060,691250,9521250,2022,3,2022-03,100,0,no_incendio_observado,0,0,0,0,0,1
LJ500_R041_C061,691750,9521750,2022,3,2022-03,100,0,no_incendio_observado,0,0,0,0,0,1
LJ500_R043_C058,690250,9522750,2022,3,2022-03,100,0,no_incendio_observado,0,0,0,0,0,1
LJ500_R045_C083,702750,9523750,2022,3,2022-03,100,0,no_incendio_observado,0,0,0,0,0,1
LJ500_R046_C064,693250,9524250,2022,3,2022-03,100,0,no_incendio_observado,0,0,0,0,0,1
LJ500_R048_C071,696750,9525250,2022,3,2022-03,100,0,no_incendio_observado,0,0,0,0,0,1
LJ500_R050_C095,708750,9526250,2022,3,2022-03,100,0,no_incendio_observado,0,0,0,0,0,1
LJ500_R056_C049,685750,9529250,2022,3,2022-03,100,0,no_incendio_observado,0,0,0,0,0,1
LJ500_R058_C079,700750,9530250,2022,3,2022-03,100,0,no_incendio_observado,0,0,0,0,0,1
LJ500_R063_C060,691250,9532750,2022,3,2022-03,100,0,no_incendio_observado,0,0,0,0,0,1
LJ500_R064_C084,703250,9533250,2022,3,2022-03,100,0,no_incendio_observado,0,0,0,0,0,1
LJ500_R069_C057,689750,9535750,2022,3,2022-03,100,0,no_incendio_observado,0,0,0,0,0,1
LJ500_R072_C062,692250,9537250,2022,3,2022-03,100,0,no_incendio_observado,0,0,0,0,0,1
LJ500_R072_C095,708750,9537250,2022,3,2022-03,100,0,no_incendio_observado,0,0,0,0,0,1
LJ500_R074_C074,698250,9538250,2022,3,2022-03,100,0,no_incendio_observado,0,0,0,0,0,1
LJ500_R078_C076,699250,9540250,2022,3,2022-03,100,0,no_incendio_observado,0,0,0,0,0,1
LJ500_R079_C076,699250,9540750,2022,3,2022-03,100,0,no_incendio_observado,0,0,0,0,0,1
LJ500_R093_C071,696750,9547750,2022,3,2022-03,100,0,no_incendio_observado,0,0,0,0,0,1
LJ500_R093_C073,697750,9547750,2022,3,2022-03,100,0,no_incendio_observado,0,0,0,0,0,1
LJ500_R096_C074,698250,9549250,2022,3,2022-03,100,0,no_incendio_observado,0,0,0,0,0,1
LJ500_R098_C085,703750,9550250,2022,3,2022-03,100,0,no_incendio_observado,0,0,0,0,0,1
LJ500_R101_C091,706750,9551750,2022,3,2022-03,100,0,no_incendio_observado,0,0,0,0,0,1
LJ500_R106_C080,701250,9554250,2022,3,2022-03,100,0,no_incendio_observado,0,0,0,0,0,1
LJ500_R108_C065,693750,9555250,2022,3,2022-03,,,indeterminado_sin_soporte,,,,,,0
LJ500_R109_C088,705250,9555750,2022,3,2022-03,100,0,no_incendio_observado,0,0,0,0,0,1
LJ500_R119_C079,700750,9560750,2022,3,2022-03,100,0,no_incendio_observado,0,0,0,0,0,1
LJ500_R122_C070,696250,9562250,2022,3,2022-03,100,0,no_incendio_observado,0,0,0,0,0,1
LJ500_R125_C065,693750,9563750,2022,3,2022-03,100,0,no_incendio_observado,0,0,0,0,0,1
LJ500_R131_C053,687750,9566750,2022,3,2022-03,100,0,no_incendio_observado,0,0,0,0,0,1
LJ500_R132_C080,701250,9567250,2022,3,2022-03,100,0,no_incendio_observado,0,0,0,0,0,1
LJ500_R138_C087,704750,9570250,2022,3,2022-03,100,0,no_incendio_observado,0,0,0,0,0,1
LJ500_R142_C071,696750,9572250,2022,3,2022-03,100,0,no_incendio_observado,0,0,0,0,0,1
LJ500_R145_C054,688250,9573750,2022,3,2022-03,100,0,no_incendio_observado,0,0,0,0,0,1
LJ500_R147_C083,702750,9574750,2022,3,2022-03,100,0,no_incendio_observado,0,0,0,0,0,1
LJ500_R156_C028,675250,9579250,2022,3,2022-03,100,0,no_incendio_observado,0,0,0,0,0,1
LJ500_R156_C067,694750,9579250,2022,3,2022-03,100,0,no_incendio_observado,0,0,0,0,0,1
LJ500_R156_C079,700750,9579250,2022,3,2022-03,100,0,no_incendio_observado,0,0,0,0,0,1
LJ500_R157_C009,665750,9579750,2022,3,2022-03,100,0,no_incendio_observado,0,0,0,0,0,1
LJ500_R158_C065,693750,9580250,2022,3,2022-03,100,0,no_incendio_observado,0,0,0,0,0,1
LJ500_R160_C074,698250,9581250,2022,3,2022-03,100,0,no_incendio_observado,0,0,0,0,0,1
LJ500_R161_C066,694250,9581750,2022,3,2022-03,100,0,no_incendio_observado,0,0,0,0,0,1
LJ500_R164_C043,682750,9583250,2022,3,2022-03,100,0,no_incendio_observado,0,0,0,0,0,1
LJ500_R164_C059,690750,9583250,2022,3,2022-03,100,0,no_incendio_observado,0,0,0,0,0,1
LJ500_R166_C072,697250,9584250,2022,3,2022-03,100,0,no_incendio_observado,0,0,0,0,0,1
LJ500_R167_C067,694750,9584750,2022,3,2022-03,100,0,no_incendio_observado,0,0,0,0,0,1
LJ500_R168_C045,683750,9585250,2022,3,2022-03,100,0,no_incendio_observado,0,0,0,0,0,1
LJ500_R173_C033,677750,9587750,2022,3,2022-03,100,0,no_incendio_observado,0,0,0,0,0,1
LJ500_R178_C063,692750,9590250,2022,3,2022-03,100,0,no_incendio_observado,0,0,0,0,0,1
LJ500_R179_C046,684250,9590750,2022,3,2022-03,100,0,no_incendio_observado,0,0,0,0,0,1
LJ500_R180_C071,696750,9591250,2022,3,2022-03,100,0,no_incendio_observado,0,0,0,0,0,1
LJ500_R183_C039,680750,9592750,2022,3,2022-03,100,0,no_incendio_observado,0,0,0,0,0,1
LJ500_R184_C039,680750,9593250,2022,3,2022-03,,,indeterminado_sin_soporte,,,,,,0
LJ500_R184_C066,694250,9593250,2022,3,2022-03,100,0,no_incendio_observado,0,0,0,0,0,1
LJ500_R006_C075,698750,9504250,2022,4,2022-04,100,0,no_incendio_observado,0,0,0,0,0,1
LJ500_R011_C068,695250,9506750,2022,4,2022-04,100,0,no_incendio_observado,0,0,0,0,0,1
LJ500_R012_C055,688750,9507250,2022,4,2022-04,100,0,no_incendio_observado,0,0,0,0,0,1
LJ500_R020_C061,691750,9511250,2022,4,2022-04,100,0,no_incendio_observado,0,0,0,0,0,1
LJ500_R033_C056,689250,9517750,2022,4,2022-04,100,0,no_incendio_observado,0,0,0,0,0,1
LJ500_R035_C085,703750,9518750,2022,4,2022-04,100,0,no_incendio_observado,0,0,0,0,0,1
LJ500_R039_C072,697250,9520750,2022,4,2022-04,100,0,no_incendio_observado,0,0,0,0,0,1
LJ500_R040_C060,691250,9521250,2022,4,2022-04,100,0,no_incendio_observado,0,0,0,0,0,1
LJ500_R041_C061,691750,9521750,2022,4,2022-04,100,0,no_incendio_observado,0,0,0,0,0,1
LJ500_R043_C058,690250,9522750,2022,4,2022-04,100,0,no_incendio_observado,0,0,0,0,0,1
LJ500_R045_C083,702750,9523750,2022,4,2022-04,100,0,no_incendio_observado,0,0,0,0,0,1
LJ500_R046_C064,693250,9524250,2022,4,2022-04,100,0,no_incendio_observado,0,0,0,0,0,1
LJ500_R048_C071,696750,9525250,2022,4,2022-04,100,0,no_incendio_observado,0,0,0,0,0,1
LJ500_R050_C095,708750,9526250,2022,4,2022-04,100,0,no_incendio_observado,0,0,0,0,0,1
LJ500_R056_C049,685750,9529250,2022,4,2022-04,100,0,no_incendio_observado,0,0,0,0,0,1
LJ500_R058_C079,700750,9530250,2022,4,2022-04,100,0,no_incendio_observado,0,0,0,0,0,1
LJ500_R063_C060,691250,9532750,2022,4,2022-04,100,0,no_incendio_observado,0,0,0,0,0,1
LJ500_R064_C084,703250,9533250,2022,4,2022-04,100,0,no_incendio_observado,0,0,0,0,0,1
LJ500_R069_C057,689750,9535750,2022,4,2022-04,100,0,no_incendio_observado,0,0,0,0,0,1
LJ500_R072_C062,692250,9537250,2022,4,2022-04,100,0,no_incendio_observado,0,0,0,0,0,1
LJ500_R072_C095,708750,9537250,2022,4,2022-04,100,0,no_incendio_observado,0,0,0,0,0,1
LJ500_R074_C074,698250,9538250,2022,4,2022-04,100,0,no_incendio_observado,0,0,0,0,0,1
LJ500_R078_C076,699250,9540250,2022,4,2022-04,100,0,no_incendio_observado,0,0,0,0,0,1
LJ500_R079_C076,699250,9540750,2022,4,2022-04,100,0,no_incendio_observado,0,0,0,0,0,1
LJ500_R093_C071,696750,9547750,2022,4,2022-04,100,0,no_incendio_observado,0,0,0,0,0,1
LJ500_R093_C073,697750,9547750,2022,4,2022-04,100,0,no_incendio_observado,0,0,0,0,0,1
LJ500_R096_C074,698250,9549250,2022,4,2022-04,100,0,no_incendio_observado,0,0,0,0,0,1
LJ500_R098_C085,703750,9550250,2022,4,2022-04,100,0,no_incendio_observado,0,0,0,0,0,1
LJ500_R101_C091,706750,9551750,2022,4,2022-04,100,0,no_incendio_observado,0,0,0,0,0,1
LJ500_R106_C080,701250,9554250,2022,4,2022-04,100,0,no_incendio_observado,0,0,0,0,0,1
LJ500_R108_C065,693750,9555250,2022,4,2022-04,,,indeterminado_sin_soporte,,,,,,0
LJ500_R109_C088,705250,9555750,2022,4,2022-04,100,0,no_incendio_observado,0,0,0,0,0,1
LJ500_R119_C079,700750,9560750,2022,4,2022-04,100,0,no_incendio_observado,0,0,0,0,0,1
LJ500_R122_C070,696250,9562250,2022,4,2022-04,100,0,no_incendio_observado,0,0,0,0,0,1
LJ500_R125_C065,693750,9563750,2022,4,2022-04,100,0,no_incendio_observado,0,0,0,0,0,1
LJ500_R131_C053,687750,9566750,2022,4,2022-04,100,0,no_incendio_observado,0,0,0,0,0,1
LJ500_R132_C080,701250,9567250,2022,4,2022-04,100,0,no_incendio_observado,0,0,0,0,0,1
LJ500_R138_C087,704750,9570250,2022,4,2022-04,100,0,no_incendio_observado,0,0,0,0,0,1
LJ500_R142_C071,696750,9572250,2022,4,2022-04,100,0,no_incendio_observado,0,0,0,0,0,1
LJ500_R145_C054,688250,9573750,2022,4,2022-04,100,0,no_incendio_observado,0,0,0,0,0,1
LJ500_R147_C083,702750,9574750,2022,4,2022-04,100,0,no_incendio_observado,0,0,0,0,0,1
LJ500_R156_C028,675250,9579250,2022,4,2022-04,100,0,no_incendio_observado,0,0,0,0,0,1
LJ500_R156_C067,694750,9579250,2022,4,2022-04,100,0,no_incendio_observado,0,0,0,0,0,1
LJ500_R156_C079,700750,9579250,2022,4,2022-04,100,0,no_incendio_observado,0,0,0,0,0,1
LJ500_R157_C009,665750,9579750,2022,4,2022-04,100,0,no_incendio_observado,0,0,0,0,0,1
LJ500_R158_C065,693750,9580250,2022,4,2022-04,100,0,no_incendio_observado,0,0,0,0,0,1
LJ500_R160_C074,698250,9581250,2022,4,2022-04,100,0,no_incendio_observado,0,0,0,0,0,1
LJ500_R161_C066,694250,9581750,2022,4,2022-04,100,0,no_incendio_observado,0,0,0,0,0,1
LJ500_R164_C043,682750,9583250,2022,4,2022-04,100,0,no_incendio_observado,0,0,0,0,0,1
LJ500_R164_C059,690750,9583250,2022,4,2022-04,100,0,no_incendio_observado,0,0,0,0,0,1
LJ500_R166_C072,697250,9584250,2022,4,2022-04,100,0,no_incendio_observado,0,0,0,0,0,1
LJ500_R167_C067,694750,9584750,2022,4,2022-04,100,0,no_incendio_observado,0,0,0,0,0,1
LJ500_R168_C045,683750,9585250,2022,4,2022-04,100,0,no_incendio_observado,0,0,0,0,0,1
LJ500_R173_C033,677750,9587750,2022,4,2022-04,100,0,no_incendio_observado,0,0,0,0,0,1
LJ500_R178_C063,692750,9590250,2022,4,2022-04,100,0,no_incendio_observado,0,0,0,0,0,1
LJ500_R179_C046,684250,9590750,2022,4,2022-04,100,0,no_incendio_observado,0,0,0,0,0,1
LJ500_R180_C071,696750,9591250,2022,4,2022-04,100,0,no_incendio_observado,0,0,0,0,0,1
LJ500_R183_C039,680750,9592750,2022,4,2022-04,100,0,no_incendio_observado,0,0,0,0,0,1
LJ500_R184_C039,680750,9593250,2022,4,2022-04,,,indeterminado_sin_soporte,,,,,,0
LJ500_R184_C066,694250,9593250,2022,4,2022-04,100,0,no_incendio_observado,0,0,0,0,0,1
LJ500_R006_C075,698750,9504250,2022,5,2022-05,100,0,no_incendio_observado,0,0,0,0,0,1
LJ500_R011_C068,695250,9506750,2022,5,2022-05,100,0,no_incendio_observado,0,0,0,0,0,1
LJ500_R012_C055,688750,9507250,2022,5,2022-05,100,0,no_incendio_observado,0,0,0,0,0,1
LJ500_R020_C061,691750,9511250,2022,5,2022-05,100,0,no_incendio_observado,0,0,0,0,0,1
LJ500_R033_C056,689250,9517750,2022,5,2022-05,100,0,no_incendio_observado,0,0,0,0,0,1
LJ500_R035_C085,703750,9518750,2022,5,2022-05,100,0,no_incendio_observado,0,0,0,0,0,1
LJ500_R039_C072,697250,9520750,2022,5,2022-05,100,0,no_incendio_observado,0,0,0,0,0,1
LJ500_R040_C060,691250,9521250,2022,5,2022-05,100,0,no_incendio_observado,0,0,0,0,0,1
LJ500_R041_C061,691750,9521750,2022,5,2022-05,100,0,no_incendio_observado,0,0,0,0,0,1
LJ500_R043_C058,690250,9522750,2022,5,2022-05,100,0,no_incendio_observado,0,0,0,0,0,1
LJ500_R045_C083,702750,9523750,2022,5,2022-05,100,0,no_incendio_observado,0,0,0,0,0,1
LJ500_R046_C064,693250,9524250,2022,5,2022-05,100,0,no_incendio_observado,0,0,0,0,0,1
LJ500_R048_C071,696750,9525250,2022,5,2022-05,100,0,no_incendio_observado,0,0,0,0,0,1
LJ500_R050_C095,708750,9526250,2022,5,2022-05,100,0,no_incendio_observado,0,0,0,0,0,1
LJ500_R056_C049,685750,9529250,2022,5,2022-05,100,0,no_incendio_observado,0,0,0,0,0,1
LJ500_R058_C079,700750,9530250,2022,5,2022-05,100,0,no_incendio_observado,0,0,0,0,0,1
LJ500_R063_C060,691250,9532750,2022,5,2022-05,100,0,no_incendio_observado,0,0,0,0,0,1
LJ500_R064_C084,703250,9533250,2022,5,2022-05,100,0,no_incendio_observado,0,0,0,0,0,1
LJ500_R069_C057,689750,9535750,2022,5,2022-05,100,0,no_incendio_observado,0,0,0,0,0,1
LJ500_R072_C062,692250,9537250,2022,5,2022-05,100,0,no_incendio_observado,0,0,0,0,0,1
LJ500_R072_C095,708750,9537250,2022,5,2022-05,100,0,no_incendio_observado,0,0,0,0,0,1
LJ500_R074_C074,698250,9538250,2022,5,2022-05,100,0,no_incendio_observado,0,0,0,0,0,1
LJ500_R078_C076,699250,9540250,2022,5,2022-05,100,0,no_incendio_observado,0,0,0,0,0,1
LJ500_R079_C076,699250,9540750,2022,5,2022-05,100,0,no_incendio_observado,0,0,0,0,0,1
LJ500_R093_C071,696750,9547750,2022,5,2022-05,100,0,no_incendio_observado,0,0,0,0,0,1
LJ500_R093_C073,697750,9547750,2022,5,2022-05,100,0,no_incendio_observado,0,0,0,0,0,1
LJ500_R096_C074,698250,9549250,2022,5,2022-05,100,0,no_incendio_observado,0,0,0,0,0,1
LJ500_R098_C085,703750,9550250,2022,5,2022-05,100,0,no_incendio_observado,0,0,0,0,0,1
LJ500_R101_C091,706750,9551750,2022,5,2022-05,100,0,no_incendio_observado,0,0,0,0,0,1
LJ500_R106_C080,701250,9554250,2022,5,2022-05,100,0,no_incendio_observado,0,0,0,0,0,1
LJ500_R108_C065,693750,9555250,2022,5,2022-05,,,indeterminado_sin_soporte,,,,,,0
LJ500_R109_C088,705250,9555750,2022,5,2022-05,100,0,no_incendio_observado,0,0,0,0,0,1
LJ500_R119_C079,700750,9560750,2022,5,2022-05,100,0,no_incendio_observado,0,0,0,0,0,1
LJ500_R122_C070,696250,9562250,2022,5,2022-05,100,0,no_incendio_observado,0,0,0,0,0,1
LJ500_R125_C065,693750,9563750,2022,5,2022-05,100,0,no_incendio_observado,0,0,0,0,0,1
LJ500_R131_C053,687750,9566750,2022,5,2022-05,100,0,no_incendio_observado,0,0,0,0,0,1
LJ500_R132_C080,701250,9567250,2022,5,2022-05,100,0,no_incendio_observado,0,0,0,0,0,1
LJ500_R138_C087,704750,9570250,2022,5,2022-05,100,0,no_incendio_observado,0,0,0,0,0,1
LJ500_R142_C071,696750,9572250,2022,5,2022-05,100,1,incendio_observado,1,1,1,1,1,1
LJ500_R145_C054,688250,9573750,2022,5,2022-05,100,0,no_incendio_observado,0,0,0,0,0,1
LJ500_R147_C083,702750,9574750,2022,5,2022-05,100,0,no_incendio_observado,0,0,0,0,0,1
LJ500_R156_C028,675250,9579250,2022,5,2022-05,100,0,no_incendio_observado,0,0,0,0,0,1
LJ500_R156_C067,694750,9579250,2022,5,2022-05,100,0,no_incendio_observado,0,0,0,0,0,1
LJ500_R156_C079,700750,9579250,2022,5,2022-05,100,0,no_incendio_observado,0,0,0,0,0,1
LJ500_R157_C009,665750,9579750,2022,5,2022-05,100,0,no_incendio_observado,0,0,0,0,0,1
LJ500_R158_C065,693750,9580250,2022,5,2022-05,100,0,no_incendio_observado,0,0,0,0,0,1
LJ500_R160_C074,698250,9581250,2022,5,2022-05,100,0,no_incendio_observado,0,0,0,0,0,1
LJ500_R161_C066,694250,9581750,2022,5,2022-05,100,0,no_incendio_observado,0,0,0,0,0,1
LJ500_R164_C043,682750,9583250,2022,5,2022-05,100,0,no_incendio_observado,0,0,0,0,0,1
LJ500_R164_C059,690750,9583250,2022,5,2022-05,100,0,no_incendio_observado,0,0,0,0,0,1
LJ500_R166_C072,697250,9584250,2022,5,2022-05,100,0,no_incendio_observado,0,0,0,0,0,1
LJ500_R167_C067,694750,9584750,2022,5,2022-05,100,0,no_incendio_observado,0,0,0,0,0,1
LJ500_R168_C045,683750,9585250,2022,5,2022-05,100,0,no_incendio_observado,0,0,0,0,0,1
LJ500_R173_C033,677750,9587750,2022,5,2022-05,100,0,no_incendio_observado,0,0,0,0,0,1
LJ500_R178_C063,692750,9590250,2022,5,2022-05,100,0,no_incendio_observado,0,0,0,0,0,1
LJ500_R179_C046,684250,9590750,2022,5,2022-05,100,0,no_incendio_observado,0,0,0,0,0,1
LJ500_R180_C071,696750,9591250,2022,5,2022-05,100,0,no_incendio_observado,0,0,0,0,0,1
LJ500_R183_C039,680750,9592750,2022,5,2022-05,100,0,no_incendio_observado,0,0,0,0,0,1
LJ500_R184_C039,680750,9593250,2022,5,2022-05,,,indeterminado_sin_soporte,,,,,,0
LJ500_R184_C066,694250,9593250,2022,5,2022-05,100,0,no_incendio_observado,0,0,0,0,0,1
LJ500_R006_C075,698750,9504250,2022,6,2022-06,100,0,no_incendio_observado,0,0,0,0,0,1
LJ500_R011_C068,695250,9506750,2022,6,2022-06,100,0,no_incendio_observado,0,0,0,0,0,1
LJ500_R012_C055,688750,9507250,2022,6,2022-06,100,0,no_incendio_observado,0,0,0,0,0,1
LJ500_R020_C061,691750,9511250,2022,6,2022-06,100,0,no_incendio_observado,0,0,0,0,0,1
LJ500_R033_C056,689250,9517750,2022,6,2022-06,100,0,no_incendio_observado,0,0,0,0,0,1
LJ500_R035_C085,703750,9518750,2022,6,2022-06,100,0,no_incendio_observado,0,0,0,0,0,1
LJ500_R039_C072,697250,9520750,2022,6,2022-06,100,0,no_incendio_observado,0,0,0,0,0,1
LJ500_R040_C060,691250,9521250,2022,6,2022-06,100,0,no_incendio_observado,0,0,0,0,0,1
LJ500_R041_C061,691750,9521750,2022,6,2022-06,100,0,no_incendio_observado,0,0,0,0,0,1
LJ500_R043_C058,690250,9522750,2022,6,2022-06,100,0,no_incendio_observado,0,0,0,0,0,1
LJ500_R045_C083,702750,9523750,2022,6,2022-06,100,0,no_incendio_observado,0,0,0,0,0,1
LJ500_R046_C064,693250,9524250,2022,6,2022-06,100,0,no_incendio_observado,0,0,0,0,0,1
LJ500_R048_C071,696750,9525250,2022,6,2022-06,100,0,no_incendio_observado,0,0,0,0,0,1
LJ500_R050_C095,708750,9526250,2022,6,2022-06,100,0,no_incendio_observado,0,0,0,0,0,1
LJ500_R056_C049,685750,9529250,2022,6,2022-06,100,0,no_incendio_observado,0,0,0,0,0,1
LJ500_R058_C079,700750,9530250,2022,6,2022-06,100,0,no_incendio_observado,0,0,0,0,0,1
LJ500_R063_C060,691250,9532750,2022,6,2022-06,100,0,no_incendio_observado,0,0,0,0,0,1
LJ500_R064_C084,703250,9533250,2022,6,2022-06,100,0,no_incendio_observado,0,0,0,0,0,1
LJ500_R069_C057,689750,9535750,2022,6,2022-06,100,0,no_incendio_observado,0,0,0,0,0,1
LJ500_R072_C062,692250,9537250,2022,6,2022-06,100,0,no_incendio_observado,0,0,0,0,0,1
LJ500_R072_C095,708750,9537250,2022,6,2022-06,100,0,no_incendio_observado,0,0,0,0,0,1
LJ500_R074_C074,698250,9538250,2022,6,2022-06,100,0,no_incendio_observado,0,0,0,0,0,1
LJ500_R078_C076,699250,9540250,2022,6,2022-06,100,0,no_incendio_observado,0,0,0,0,0,1
LJ500_R079_C076,699250,9540750,2022,6,2022-06,100,0,no_incendio_observado,0,0,0,0,0,1
LJ500_R093_C071,696750,9547750,2022,6,2022-06,100,0,no_incendio_observado,0,0,0,0,0,1
LJ500_R093_C073,697750,9547750,2022,6,2022-06,100,0,no_incendio_observado,0,0,0,0,0,1
LJ500_R096_C074,698250,9549250,2022,6,2022-06,100,0,no_incendio_observado,0,0,0,0,0,1
LJ500_R098_C085,703750,9550250,2022,6,2022-06,100,0,no_incendio_observado,0,0,0,0,0,1
LJ500_R101_C091,706750,9551750,2022,6,2022-06,100,0,no_incendio_observado,0,0,0,0,0,1
LJ500_R106_C080,701250,9554250,2022,6,2022-06,100,0,no_incendio_observado,0,0,0,0,0,1
LJ500_R108_C065,693750,9555250,2022,6,2022-06,,,indeterminado_sin_soporte,,,,,,0
LJ500_R109_C088,705250,9555750,2022,6,2022-06,100,0,no_incendio_observado,0,0,0,0,0,1
LJ500_R119_C079,700750,9560750,2022,6,2022-06,100,0,no_incendio_observado,0,0,0,0,0,1
LJ500_R122_C070,696250,9562250,2022,6,2022-06,100,0,no_incendio_observado,0,0,0,0,0,1
LJ500_R125_C065,693750,9563750,2022,6,2022-06,100,0,no_incendio_observado,0,0,0,0,0,1
LJ500_R131_C053,687750,9566750,2022,6,2022-06,100,0,no_incendio_observado,0,0,0,0,0,1
LJ500_R132_C080,701250,9567250,2022,6,2022-06,100,0,no_incendio_observado,0,0,0,0,0,1
LJ500_R138_C087,704750,9570250,2022,6,2022-06,100,0,no_incendio_observado,0,0,0,0,0,1
LJ500_R142_C071,696750,9572250,2022,6,2022-06,100,0,no_incendio_observado,0,0,0,0,0,1
LJ500_R145_C054,688250,9573750,2022,6,2022-06,100,0,no_incendio_observado,0,0,0,0,0,1
LJ500_R147_C083,702750,9574750,2022,6,2022-06,100,0,no_incendio_observado,0,0,0,0,0,1
LJ500_R156_C028,675250,9579250,2022,6,2022-06,100,0,no_incendio_observado,0,0,0,0,0,1
LJ500_R156_C067,694750,9579250,2022,6,2022-06,100,0,no_incendio_observado,0,0,0,0,0,1
LJ500_R156_C079,700750,9579250,2022,6,2022-06,100,0,no_incendio_observado,0,0,0,0,0,1
LJ500_R157_C009,665750,9579750,2022,6,2022-06,100,0,no_incendio_observado,0,0,0,0,0,1
LJ500_R158_C065,693750,9580250,2022,6,2022-06,100,0,no_incendio_observado,0,0,0,0,0,1
LJ500_R160_C074,698250,9581250,2022,6,2022-06,100,0,no_incendio_observado,0,0,0,0,0,1
LJ500_R161_C066,694250,9581750,2022,6,2022-06,100,0,no_incendio_observado,0,0,0,0,0,1
LJ500_R164_C043,682750,9583250,2022,6,2022-06,100,0,no_incendio_observado,0,0,0,0,0,1
LJ500_R164_C059,690750,9583250,2022,6,2022-06,100,0,no_incendio_observado,0,0,0,0,0,1
LJ500_R166_C072,697250,9584250,2022,6,2022-06,100,0,no_incendio_observado,0,0,0,0,0,1
LJ500_R167_C067,694750,9584750,2022,6,2022-06,100,0,no_incendio_observado,0,0,0,0,0,1
LJ500_R168_C045,683750,9585250,2022,6,2022-06,100,0,no_incendio_observado,0,0,0,0,0,1
LJ500_R173_C033,677750,9587750,2022,6,2022-06,100,0,no_incendio_observado,0,0,0,0,0,1
LJ500_R178_C063,692750,9590250,2022,6,2022-06,100,0,no_incendio_observado,0,0,0,0,0,1
LJ500_R179_C046,684250,9590750,2022,6,2022-06,100,0,no_incendio_observado,0,0,0,0,0,1
LJ500_R180_C071,696750,9591250,2022,6,2022-06,100,0,no_incendio_observado,0,0,0,0,0,1
LJ500_R183_C039,680750,9592750,2022,6,2022-06,100,0,no_incendio_observado,0,0,0,0,0,1
LJ500_R184_C039,680750,9593250,2022,6,2022-06,,,indeterminado_sin_soporte,,,,,,0
LJ500_R184_C066,694250,9593250,2022,6,2022-06,100,0,no_incendio_observado,0,0,0,0,0,1
LJ500_R006_C075,698750,9504250,2022,7,2022-07,83.87,0,indeterminado_baja_observabilidad,,,0,,,0
LJ500_R011_C068,695250,9506750,2022,7,2022-07,83.87,0,indeterminado_baja_observabilidad,,,0,,,0
LJ500_R012_C055,688750,9507250,2022,7,2022-07,83.87,0,indeterminado_baja_observabilidad,,,0,,,0
LJ500_R020_C061,691750,9511250,2022,7,2022-07,83.87,0,indeterminado_baja_observabilidad,,,0,,,0
LJ500_R033_C056,689250,9517750,2022,7,2022-07,83.87,0,indeterminado_baja_observabilidad,,,0,,,0
LJ500_R035_C085,703750,9518750,2022,7,2022-07,83.87,0,indeterminado_baja_observabilidad,,,0,,,0
LJ500_R039_C072,697250,9520750,2022,7,2022-07,83.87,0,indeterminado_baja_observabilidad,,,0,,,0
LJ500_R040_C060,691250,9521250,2022,7,2022-07,83.87,0,indeterminado_baja_observabilidad,,,0,,,0
LJ500_R041_C061,691750,9521750,2022,7,2022-07,83.87,0,indeterminado_baja_observabilidad,,,0,,,0
LJ500_R043_C058,690250,9522750,2022,7,2022-07,83.87,0,indeterminado_baja_observabilidad,,,0,,,0
LJ500_R045_C083,702750,9523750,2022,7,2022-07,83.87,0,indeterminado_baja_observabilidad,,,0,,,0
LJ500_R046_C064,693250,9524250,2022,7,2022-07,83.87,0,indeterminado_baja_observabilidad,,,0,,,0
LJ500_R048_C071,696750,9525250,2022,7,2022-07,83.87,0,indeterminado_baja_observabilidad,,,0,,,0
LJ500_R050_C095,708750,9526250,2022,7,2022-07,83.87,0,indeterminado_baja_observabilidad,,,0,,,0
LJ500_R056_C049,685750,9529250,2022,7,2022-07,83.87,0,indeterminado_baja_observabilidad,,,0,,,0
LJ500_R058_C079,700750,9530250,2022,7,2022-07,83.87,0,indeterminado_baja_observabilidad,,,0,,,0
LJ500_R063_C060,691250,9532750,2022,7,2022-07,83.87,0,indeterminado_baja_observabilidad,,,0,,,0
LJ500_R064_C084,703250,9533250,2022,7,2022-07,83.87,0,indeterminado_baja_observabilidad,,,0,,,0
LJ500_R069_C057,689750,9535750,2022,7,2022-07,83.87,0,indeterminado_baja_observabilidad,,,0,,,0
LJ500_R072_C062,692250,9537250,2022,7,2022-07,83.87,0,indeterminado_baja_observabilidad,,,0,,,0
LJ500_R072_C095,708750,9537250,2022,7,2022-07,83.87,0,indeterminado_baja_observabilidad,,,0,,,0
LJ500_R074_C074,698250,9538250,2022,7,2022-07,83.87,0,indeterminado_baja_observabilidad,,,0,,,0
LJ500_R078_C076,699250,9540250,2022,7,2022-07,83.87,0,indeterminado_baja_observabilidad,,,0,,,0
LJ500_R079_C076,699250,9540750,2022,7,2022-07,83.87,0,indeterminado_baja_observabilidad,,,0,,,0
LJ500_R093_C071,696750,9547750,2022,7,2022-07,83.87,0,indeterminado_baja_observabilidad,,,0,,,0
LJ500_R093_C073,697750,9547750,2022,7,2022-07,83.87,0,indeterminado_baja_observabilidad,,,0,,,0
LJ500_R096_C074,698250,9549250,2022,7,2022-07,83.87,0,indeterminado_baja_observabilidad,,,0,,,0
LJ500_R098_C085,703750,9550250,2022,7,2022-07,83.87,0,indeterminado_baja_observabilidad,,,0,,,0
LJ500_R101_C091,706750,9551750,2022,7,2022-07,83.87,0,indeterminado_baja_observabilidad,,,0,,,0
LJ500_R106_C080,701250,9554250,2022,7,2022-07,83.87,0,indeterminado_baja_observabilidad,,,0,,,0
LJ500_R108_C065,693750,9555250,2022,7,2022-07,,,indeterminado_sin_soporte,,,,,,0
LJ500_R109_C088,705250,9555750,2022,7,2022-07,83.87,0,indeterminado_baja_observabilidad,,,0,,,0
LJ500_R119_C079,700750,9560750,2022,7,2022-07,83.87,0,indeterminado_baja_observabilidad,,,0,,,0
LJ500_R122_C070,696250,9562250,2022,7,2022-07,83.87,0,indeterminado_baja_observabilidad,,,0,,,0
LJ500_R125_C065,693750,9563750,2022,7,2022-07,83.87,0,indeterminado_baja_observabilidad,,,0,,,0
LJ500_R131_C053,687750,9566750,2022,7,2022-07,83.87,0,indeterminado_baja_observabilidad,,,0,,,0
LJ500_R132_C080,701250,9567250,2022,7,2022-07,83.87,0,indeterminado_baja_observabilidad,,,0,,,0
LJ500_R138_C087,704750,9570250,2022,7,2022-07,83.87,0,indeterminado_baja_observabilidad,,,0,,,0
LJ500_R142_C071,696750,9572250,2022,7,2022-07,83.87,0,indeterminado_baja_observabilidad,,,0,,,0
LJ500_R145_C054,688250,9573750,2022,7,2022-07,83.87,0,indeterminado_baja_observabilidad,,,0,,,0
LJ500_R147_C083,702750,9574750,2022,7,2022-07,83.87,0,indeterminado_baja_observabilidad,,,0,,,0
LJ500_R156_C028,675250,9579250,2022,7,2022-07,83.87,0,indeterminado_baja_observabilidad,,,0,,,0
LJ500_R156_C067,694750,9579250,2022,7,2022-07,83.87,0,indeterminado_baja_observabilidad,,,0,,,0
LJ500_R156_C079,700750,9579250,2022,7,2022-07,83.87,0,indeterminado_baja_observabilidad,,,0,,,0
LJ500_R157_C009,665750,9579750,2022,7,2022-07,83.87,0,indeterminado_baja_observabilidad,,,0,,,0
LJ500_R158_C065,693750,9580250,2022,7,2022-07,83.87,0,indeterminado_baja_observabilidad,,,0,,,0
LJ500_R160_C074,698250,9581250,2022,7,2022-07,83.87,0,indeterminado_baja_observabilidad,,,0,,,0
LJ500_R161_C066,694250,9581750,2022,7,2022-07,83.87,0,indeterminado_baja_observabilidad,,,0,,,0
LJ500_R164_C043,682750,9583250,2022,7,2022-07,83.87,0,indeterminado_baja_observabilidad,,,0,,,0
LJ500_R164_C059,690750,9583250,2022,7,2022-07,83.87,0,indeterminado_baja_observabilidad,,,0,,,0
LJ500_R166_C072,697250,9584250,2022,7,2022-07,83.87,0,indeterminado_baja_observabilidad,,,0,,,0
LJ500_R167_C067,694750,9584750,2022,7,2022-07,83.87,0,indeterminado_baja_observabilidad,,,0,,,0
LJ500_R168_C045,683750,9585250,2022,7,2022-07,83.87,0,indeterminado_baja_observabilidad,,,0,,,0
LJ500_R173_C033,677750,9587750,2022,7,2022-07,83.87,0,indeterminado_baja_observabilidad,,,0,,,0
LJ500_R178_C063,692750,9590250,2022,7,2022-07,83.87,0,indeterminado_baja_observabilidad,,,0,,,0
LJ500_R179_C046,684250,9590750,2022,7,2022-07,83.87,0,indeterminado_baja_observabilidad,,,0,,,0
LJ500_R180_C071,696750,9591250,2022,7,2022-07,83.87,0,indeterminado_baja_observabilidad,,,0,,,0
LJ500_R183_C039,680750,9592750,2022,7,2022-07,83.87,0,indeterminado_baja_observabilidad,,,0,,,0
LJ500_R184_C039,680750,9593250,2022,7,2022-07,,,indeterminado_sin_soporte,,,,,,0
LJ500_R184_C066,694250,9593250,2022,7,2022-07,83.87,0,indeterminado_baja_observabilidad,,,0,,,0
LJ500_R006_C075,698750,9504250,2022,8,2022-08,67.74,0,indeterminado_baja_observabilidad,,,,,,0
LJ500_R011_C068,695250,9506750,2022,8,2022-08,67.74,0,indeterminado_baja_observabilidad,,,,,,0
LJ500_R012_C055,688750,9507250,2022,8,2022-08,67.74,0,indeterminado_baja_observabilidad,,,,,,0
LJ500_R020_C061,691750,9511250,2022,8,2022-08,67.74,0,indeterminado_baja_observabilidad,,,,,,0
LJ500_R033_C056,689250,9517750,2022,8,2022-08,67.74,0,indeterminado_baja_observabilidad,,,,,,0
LJ500_R035_C085,703750,9518750,2022,8,2022-08,67.74,0,indeterminado_baja_observabilidad,,,,,,0
LJ500_R039_C072,697250,9520750,2022,8,2022-08,67.74,0,indeterminado_baja_observabilidad,,,,,,0
LJ500_R040_C060,691250,9521250,2022,8,2022-08,67.74,0,indeterminado_baja_observabilidad,,,,,,0
LJ500_R041_C061,691750,9521750,2022,8,2022-08,67.74,0,indeterminado_baja_observabilidad,,,,,,0
LJ500_R043_C058,690250,9522750,2022,8,2022-08,67.74,0,indeterminado_baja_observabilidad,,,,,,0
LJ500_R045_C083,702750,9523750,2022,8,2022-08,67.74,0,indeterminado_baja_observabilidad,,,,,,0
LJ500_R046_C064,693250,9524250,2022,8,2022-08,67.74,0,indeterminado_baja_observabilidad,,,,,,0
LJ500_R048_C071,696750,9525250,2022,8,2022-08,67.74,0,indeterminado_baja_observabilidad,,,,,,0
LJ500_R050_C095,708750,9526250,2022,8,2022-08,67.74,0,indeterminado_baja_observabilidad,,,,,,0
LJ500_R056_C049,685750,9529250,2022,8,2022-08,67.74,0,indeterminado_baja_observabilidad,,,,,,0
LJ500_R058_C079,700750,9530250,2022,8,2022-08,67.74,0,indeterminado_baja_observabilidad,,,,,,0
LJ500_R063_C060,691250,9532750,2022,8,2022-08,67.74,0,indeterminado_baja_observabilidad,,,,,,0
LJ500_R064_C084,703250,9533250,2022,8,2022-08,67.74,0,indeterminado_baja_observabilidad,,,,,,0
LJ500_R069_C057,689750,9535750,2022,8,2022-08,67.74,0,indeterminado_baja_observabilidad,,,,,,0
LJ500_R072_C062,692250,9537250,2022,8,2022-08,67.74,0,indeterminado_baja_observabilidad,,,,,,0
LJ500_R072_C095,708750,9537250,2022,8,2022-08,67.74,0,indeterminado_baja_observabilidad,,,,,,0
LJ500_R074_C074,698250,9538250,2022,8,2022-08,67.74,0,indeterminado_baja_observabilidad,,,,,,0
LJ500_R078_C076,699250,9540250,2022,8,2022-08,67.74,0,indeterminado_baja_observabilidad,,,,,,0
LJ500_R079_C076,699250,9540750,2022,8,2022-08,67.74,0,indeterminado_baja_observabilidad,,,,,,0
LJ500_R093_C071,696750,9547750,2022,8,2022-08,67.74,0,indeterminado_baja_observabilidad,,,,,,0
LJ500_R093_C073,697750,9547750,2022,8,2022-08,67.74,0,indeterminado_baja_observabilidad,,,,,,0
LJ500_R096_C074,698250,9549250,2022,8,2022-08,67.74,0,indeterminado_baja_observabilidad,,,,,,0
LJ500_R098_C085,703750,9550250,2022,8,2022-08,67.74,0,indeterminado_baja_observabilidad,,,,,,0
LJ500_R101_C091,706750,9551750,2022,8,2022-08,67.74,0,indeterminado_baja_observabilidad,,,,,,0
LJ500_R106_C080,701250,9554250,2022,8,2022-08,67.74,0,indeterminado_baja_observabilidad,,,,,,0
LJ500_R108_C065,693750,9555250,2022,8,2022-08,,,indeterminado_sin_soporte,,,,,,0
LJ500_R109_C088,705250,9555750,2022,8,2022-08,67.74,0,indeterminado_baja_observabilidad,,,,,,0
LJ500_R119_C079,700750,9560750,2022,8,2022-08,67.74,0,indeterminado_baja_observabilidad,,,,,,0
LJ500_R122_C070,696250,9562250,2022,8,2022-08,67.74,0,indeterminado_baja_observabilidad,,,,,,0
LJ500_R125_C065,693750,9563750,2022,8,2022-08,67.74,0,indeterminado_baja_observabilidad,,,,,,0
LJ500_R131_C053,687750,9566750,2022,8,2022-08,67.74,0,indeterminado_baja_observabilidad,,,,,,0
LJ500_R132_C080,701250,9567250,2022,8,2022-08,67.74,0,indeterminado_baja_observabilidad,,,,,,0
LJ500_R138_C087,704750,9570250,2022,8,2022-08,67.74,0,indeterminado_baja_observabilidad,,,,,,0
LJ500_R142_C071,696750,9572250,2022,8,2022-08,67.74,0,indeterminado_baja_observabilidad,,,,,,0
LJ500_R145_C054,688250,9573750,2022,8,2022-08,67.74,0,indeterminado_baja_observabilidad,,,,,,0
LJ500_R147_C083,702750,9574750,2022,8,2022-08,67.74,0,indeterminado_baja_observabilidad,,,,,,0
LJ500_R156_C028,675250,9579250,2022,8,2022-08,67.74,0,indeterminado_baja_observabilidad,,,,,,0
LJ500_R156_C067,694750,9579250,2022,8,2022-08,67.74,0,indeterminado_baja_observabilidad,,,,,,0
LJ500_R156_C079,700750,9579250,2022,8,2022-08,67.74,0,indeterminado_baja_observabilidad,,,,,,0
LJ500_R157_C009,665750,9579750,2022,8,2022-08,67.74,0,indeterminado_baja_observabilidad,,,,,,0
LJ500_R158_C065,693750,9580250,2022,8,2022-08,67.74,0,indeterminado_baja_observabilidad,,,,,,0
LJ500_R160_C074,698250,9581250,2022,8,2022-08,67.74,0,indeterminado_baja_observabilidad,,,,,,0
LJ500_R161_C066,694250,9581750,2022,8,2022-08,67.74,0,indeterminado_baja_observabilidad,,,,,,0
LJ500_R164_C043,682750,9583250,2022,8,2022-08,67.74,0,indeterminado_baja_observabilidad,,,,,,0
LJ500_R164_C059,690750,9583250,2022,8,2022-08,67.74,0,indeterminado_baja_observabilidad,,,,,,0
LJ500_R166_C072,697250,9584250,2022,8,2022-08,67.74,0,indeterminado_baja_observabilidad,,,,,,0
LJ500_R167_C067,694750,9584750,2022,8,2022-08,67.74,0,indeterminado_baja_observabilidad,,,,,,0
LJ500_R168_C045,683750,9585250,2022,8,2022-08,67.74,0,indeterminado_baja_observabilidad,,,,,,0
LJ500_R173_C033,677750,9587750,2022,8,2022-08,67.74,0,indeterminado_baja_observabilidad,,,,,,0
LJ500_R178_C063,692750,9590250,2022,8,2022-08,67.74,0,indeterminado_baja_observabilidad,,,,,,0
LJ500_R179_C046,684250,9590750,2022,8,2022-08,67.74,0,indeterminado_baja_observabilidad,,,,,,0
LJ500_R180_C071,696750,9591250,2022,8,2022-08,67.74,0,indeterminado_baja_observabilidad,,,,,,0
LJ500_R183_C039,680750,9592750,2022,8,2022-08,67.74,0,indeterminado_baja_observabilidad,,,,,,0
LJ500_R184_C039,680750,9593250,2022,8,2022-08,,,indeterminado_sin_soporte,,,,,,0
LJ500_R184_C066,694250,9593250,2022,8,2022-08,67.74,0,indeterminado_baja_observabilidad,,,,,,0
LJ500_R006_C075,698750,9504250,2022,9,2022-09,100,0,no_incendio_observado,0,0,0,0,0,1
LJ500_R011_C068,695250,9506750,2022,9,2022-09,100,0,no_incendio_observado,0,0,0,0,0,1
LJ500_R012_C055,688750,9507250,2022,9,2022-09,100,0,no_incendio_observado,0,0,0,0,0,1
LJ500_R020_C061,691750,9511250,2022,9,2022-09,100,0,no_incendio_observado,0,0,0,0,0,1
LJ500_R033_C056,689250,9517750,2022,9,2022-09,100,0,no_incendio_observado,0,0,0,0,0,1
LJ500_R035_C085,703750,9518750,2022,9,2022-09,100,0,no_incendio_observado,0,0,0,0,0,1
LJ500_R039_C072,697250,9520750,2022,9,2022-09,100,0,no_incendio_observado,0,0,0,0,0,1
LJ500_R040_C060,691250,9521250,2022,9,2022-09,100,0,no_incendio_observado,0,0,0,0,0,1
LJ500_R041_C061,691750,9521750,2022,9,2022-09,100,0,no_incendio_observado,0,0,0,0,0,1
LJ500_R043_C058,690250,9522750,2022,9,2022-09,100,0,no_incendio_observado,0,0,0,0,0,1
LJ500_R045_C083,702750,9523750,2022,9,2022-09,100,0,no_incendio_observado,0,0,0,0,0,1
LJ500_R046_C064,693250,9524250,2022,9,2022-09,100,0,no_incendio_observado,0,0,0,0,0,1
LJ500_R048_C071,696750,9525250,2022,9,2022-09,100,0,no_incendio_observado,0,0,0,0,0,1
LJ500_R050_C095,708750,9526250,2022,9,2022-09,100,0,no_incendio_observado,0,0,0,0,0,1
LJ500_R056_C049,685750,9529250,2022,9,2022-09,100,0,no_incendio_observado,0,0,0,0,0,1
LJ500_R058_C079,700750,9530250,2022,9,2022-09,100,0,no_incendio_observado,0,0,0,0,0,1
LJ500_R063_C060,691250,9532750,2022,9,2022-09,100,0,no_incendio_observado,0,0,0,0,0,1
LJ500_R064_C084,703250,9533250,2022,9,2022-09,100,0,no_incendio_observado,0,0,0,0,0,1
LJ500_R069_C057,689750,9535750,2022,9,2022-09,100,0,no_incendio_observado,0,0,0,0,0,1
LJ500_R072_C062,692250,9537250,2022,9,2022-09,100,0,no_incendio_observado,0,0,0,0,0,1
LJ500_R072_C095,708750,9537250,2022,9,2022-09,100,0,no_incendio_observado,0,0,0,0,0,1
LJ500_R074_C074,698250,9538250,2022,9,2022-09,100,0,no_incendio_observado,0,0,0,0,0,1
LJ500_R078_C076,699250,9540250,2022,9,2022-09,100,0,no_incendio_observado,0,0,0,0,0,1
LJ500_R079_C076,699250,9540750,2022,9,2022-09,100,0,no_incendio_observado,0,0,0,0,0,1
LJ500_R093_C071,696750,9547750,2022,9,2022-09,100,0,no_incendio_observado,0,0,0,0,0,1
LJ500_R093_C073,697750,9547750,2022,9,2022-09,100,0,no_incendio_observado,0,0,0,0,0,1
LJ500_R096_C074,698250,9549250,2022,9,2022-09,100,0,no_incendio_observado,0,0,0,0,0,1
LJ500_R098_C085,703750,9550250,2022,9,2022-09,100,0,no_incendio_observado,0,0,0,0,0,1
LJ500_R101_C091,706750,9551750,2022,9,2022-09,100,0,no_incendio_observado,0,0,0,0,0,1
LJ500_R106_C080,701250,9554250,2022,9,2022-09,100,0,no_incendio_observado,0,0,0,0,0,1
LJ500_R108_C065,693750,9555250,2022,9,2022-09,,,indeterminado_sin_soporte,,,,,,0
LJ500_R109_C088,705250,9555750,2022,9,2022-09,100,0,no_incendio_observado,0,0,0,0,0,1
LJ500_R119_C079,700750,9560750,2022,9,2022-09,100,0,no_incendio_observado,0,0,0,0,0,1
LJ500_R122_C070,696250,9562250,2022,9,2022-09,100,0,no_incendio_observado,0,0,0,0,0,1
LJ500_R125_C065,693750,9563750,2022,9,2022-09,100,0,no_incendio_observado,0,0,0,0,0,1
LJ500_R131_C053,687750,9566750,2022,9,2022-09,100,0,no_incendio_observado,0,0,0,0,0,1
LJ500_R132_C080,701250,9567250,2022,9,2022-09,100,0,no_incendio_observado,0,0,0,0,0,1
LJ500_R138_C087,704750,9570250,2022,9,2022-09,100,0,no_incendio_observado,0,0,0,0,0,1
LJ500_R142_C071,696750,9572250,2022,9,2022-09,100,0,no_incendio_observado,0,0,0,0,0,1
LJ500_R145_C054,688250,9573750,2022,9,2022-09,100,0,no_incendio_observado,0,0,0,0,0,1
LJ500_R147_C083,702750,9574750,2022,9,2022-09,100,0,no_incendio_observado,0,0,0,0,0,1
LJ500_R156_C028,675250,9579250,2022,9,2022-09,100,0,no_incendio_observado,0,0,0,0,0,1
LJ500_R156_C067,694750,9579250,2022,9,2022-09,100,0,no_incendio_observado,0,0,0,0,0,1
LJ500_R156_C079,700750,9579250,2022,9,2022-09,100,0,no_incendio_observado,0,0,0,0,0,1
LJ500_R157_C009,665750,9579750,2022,9,2022-09,100,0,no_incendio_observado,0,0,0,0,0,1
LJ500_R158_C065,693750,9580250,2022,9,2022-09,100,0,no_incendio_observado,0,0,0,0,0,1
LJ500_R160_C074,698250,9581250,2022,9,2022-09,100,0,no_incendio_observado,0,0,0,0,0,1
LJ500_R161_C066,694250,9581750,2022,9,2022-09,100,0,no_incendio_observado,0,0,0,0,0,1
LJ500_R164_C043,682750,9583250,2022,9,2022-09,100,0,no_incendio_observado,0,0,0,0,0,1
LJ500_R164_C059,690750,9583250,2022,9,2022-09,100,0,no_incendio_observado,0,0,0,0,0,1
LJ500_R166_C072,697250,9584250,2022,9,2022-09,100,0,no_incendio_observado,0,0,0,0,0,1
LJ500_R167_C067,694750,9584750,2022,9,2022-09,100,0,no_incendio_observado,0,0,0,0,0,1
LJ500_R168_C045,683750,9585250,2022,9,2022-09,100,0,no_incendio_observado,0,0,0,0,0,1
LJ500_R173_C033,677750,9587750,2022,9,2022-09,100,0,no_incendio_observado,0,0,0,0,0,1
LJ500_R178_C063,692750,9590250,2022,9,2022-09,100,0,no_incendio_observado,0,0,0,0,0,1
LJ500_R179_C046,684250,9590750,2022,9,2022-09,100,0,no_incendio_observado,0,0,0,0,0,1
LJ500_R180_C071,696750,9591250,2022,9,2022-09,100,0,no_incendio_observado,0,0,0,0,0,1
LJ500_R183_C039,680750,9592750,2022,9,2022-09,100,0,no_incendio_observado,0,0,0,0,0,1
LJ500_R184_C039,680750,9593250,2022,9,2022-09,,,indeterminado_sin_soporte,,,,,,0
LJ500_R184_C066,694250,9593250,2022,9,2022-09,100,0,no_incendio_observado,0,0,0,0,0,1
LJ500_R006_C075,698750,9504250,2022,10,2022-10,100,0,no_incendio_observado,0,0,0,0,0,1
LJ500_R011_C068,695250,9506750,2022,10,2022-10,100,0,no_incendio_observado,0,0,0,0,0,1
LJ500_R012_C055,688750,9507250,2022,10,2022-10,100,0,no_incendio_observado,0,0,0,0,0,1
LJ500_R020_C061,691750,9511250,2022,10,2022-10,100,0,no_incendio_observado,0,0,0,0,0,1
LJ500_R033_C056,689250,9517750,2022,10,2022-10,100,0,no_incendio_observado,0,0,0,0,0,1
LJ500_R035_C085,703750,9518750,2022,10,2022-10,100,0,no_incendio_observado,0,0,0,0,0,1
LJ500_R039_C072,697250,9520750,2022,10,2022-10,100,0,no_incendio_observado,0,0,0,0,0,1
LJ500_R040_C060,691250,9521250,2022,10,2022-10,100,0,no_incendio_observado,0,0,0,0,0,1
LJ500_R041_C061,691750,9521750,2022,10,2022-10,100,0,no_incendio_observado,0,0,0,0,0,1
LJ500_R043_C058,690250,9522750,2022,10,2022-10,100,0,no_incendio_observado,0,0,0,0,0,1
LJ500_R045_C083,702750,9523750,2022,10,2022-10,100,0,no_incendio_observado,0,0,0,0,0,1
LJ500_R046_C064,693250,9524250,2022,10,2022-10,100,0,no_incendio_observado,0,0,0,0,0,1
LJ500_R048_C071,696750,9525250,2022,10,2022-10,100,0,no_incendio_observado,0,0,0,0,0,1
LJ500_R050_C095,708750,9526250,2022,10,2022-10,100,0,no_incendio_observado,0,0,0,0,0,1
LJ500_R056_C049,685750,9529250,2022,10,2022-10,100,0,no_incendio_observado,0,0,0,0,0,1
LJ500_R058_C079,700750,9530250,2022,10,2022-10,100,0,no_incendio_observado,0,0,0,0,0,1
LJ500_R063_C060,691250,9532750,2022,10,2022-10,100,0,no_incendio_observado,0,0,0,0,0,1
LJ500_R064_C084,703250,9533250,2022,10,2022-10,100,0,no_incendio_observado,0,0,0,0,0,1
LJ500_R069_C057,689750,9535750,2022,10,2022-10,100,0,no_incendio_observado,0,0,0,0,0,1
LJ500_R072_C062,692250,9537250,2022,10,2022-10,100,0,no_incendio_observado,0,0,0,0,0,1
LJ500_R072_C095,708750,9537250,2022,10,2022-10,100,0,no_incendio_observado,0,0,0,0,0,1
LJ500_R074_C074,698250,9538250,2022,10,2022-10,100,0,no_incendio_observado,0,0,0,0,0,1
LJ500_R078_C076,699250,9540250,2022,10,2022-10,100,0,no_incendio_observado,0,0,0,0,0,1
LJ500_R079_C076,699250,9540750,2022,10,2022-10,100,0,no_incendio_observado,0,0,0,0,0,1
LJ500_R093_C071,696750,9547750,2022,10,2022-10,100,0,no_incendio_observado,0,0,0,0,0,1
LJ500_R093_C073,697750,9547750,2022,10,2022-10,100,0,no_incendio_observado,0,0,0,0,0,1
LJ500_R096_C074,698250,9549250,2022,10,2022-10,100,0,no_incendio_observado,0,0,0,0,0,1
LJ500_R098_C085,703750,9550250,2022,10,2022-10,100,0,no_incendio_observado,0,0,0,0,0,1
LJ500_R101_C091,706750,9551750,2022,10,2022-10,100,0,no_incendio_observado,0,0,0,0,0,1
LJ500_R106_C080,701250,9554250,2022,10,2022-10,100,0,no_incendio_observado,0,0,0,0,0,1
LJ500_R108_C065,693750,9555250,2022,10,2022-10,,,indeterminado_sin_soporte,,,,,,0
LJ500_R109_C088,705250,9555750,2022,10,2022-10,100,0,no_incendio_observado,0,0,0,0,0,1
LJ500_R119_C079,700750,9560750,2022,10,2022-10,100,0,no_incendio_observado,0,0,0,0,0,1
LJ500_R122_C070,696250,9562250,2022,10,2022-10,100,0,no_incendio_observado,0,0,0,0,0,1
LJ500_R125_C065,693750,9563750,2022,10,2022-10,100,0,no_incendio_observado,0,0,0,0,0,1
LJ500_R131_C053,687750,9566750,2022,10,2022-10,100,0,no_incendio_observado,0,0,0,0,0,1
LJ500_R132_C080,701250,9567250,2022,10,2022-10,100,0,no_incendio_observado,0,0,0,0,0,1
LJ500_R138_C087,704750,9570250,2022,10,2022-10,100,0,no_incendio_observado,0,0,0,0,0,1
LJ500_R142_C071,696750,9572250,2022,10,2022-10,100,0,no_incendio_observado,0,0,0,0,0,1
LJ500_R145_C054,688250,9573750,2022,10,2022-10,100,0,no_incendio_observado,0,0,0,0,0,1
LJ500_R147_C083,702750,9574750,2022,10,2022-10,100,0,no_incendio_observado,0,0,0,0,0,1
LJ500_R156_C028,675250,9579250,2022,10,2022-10,100,0,no_incendio_observado,0,0,0,0,0,1
LJ500_R156_C067,694750,9579250,2022,10,2022-10,100,0,no_incendio_observado,0,0,0,0,0,1
LJ500_R156_C079,700750,9579250,2022,10,2022-10,100,0,no_incendio_observado,0,0,0,0,0,1
LJ500_R157_C009,665750,9579750,2022,10,2022-10,100,0,no_incendio_observado,0,0,0,0,0,1
LJ500_R158_C065,693750,9580250,2022,10,2022-10,100,0,no_incendio_observado,0,0,0,0,0,1
LJ500_R160_C074,698250,9581250,2022,10,2022-10,100,0,no_incendio_observado,0,0,0,0,0,1
LJ500_R161_C066,694250,9581750,2022,10,2022-10,100,0,no_incendio_observado,0,0,0,0,0,1
LJ500_R164_C043,682750,9583250,2022,10,2022-10,100,0,no_incendio_observado,0,0,0,0,0,1
LJ500_R164_C059,690750,9583250,2022,10,2022-10,100,0,no_incendio_observado,0,0,0,0,0,1
LJ500_R166_C072,697250,9584250,2022,10,2022-10,100,0,no_incendio_observado,0,0,0,0,0,1
LJ500_R167_C067,694750,9584750,2022,10,2022-10,100,0,no_incendio_observado,0,0,0,0,0,1
LJ500_R168_C045,683750,9585250,2022,10,2022-10,100,0,no_incendio_observado,0,0,0,0,0,1
LJ500_R173_C033,677750,9587750,2022,10,2022-10,100,0,no_incendio_observado,0,0,0,0,0,1
LJ500_R178_C063,692750,9590250,2022,10,2022-10,100,0,no_incendio_observado,0,0,0,0,0,1
LJ500_R179_C046,684250,9590750,2022,10,2022-10,100,0,no_incendio_observado,0,0,0,0,0,1
LJ500_R180_C071,696750,9591250,2022,10,2022-10,100,0,no_incendio_observado,0,0,0,0,0,1
LJ500_R183_C039,680750,9592750,2022,10,2022-10,100,0,no_incendio_observado,0,0,0,0,0,1
LJ500_R184_C039,680750,9593250,2022,10,2022-10,,,indeterminado_sin_soporte,,,,,,0
LJ500_R184_C066,694250,9593250,2022,10,2022-10,100,0,no_incendio_observado,0,0,0,0,0,1
LJ500_R006_C075,698750,9504250,2022,11,2022-11,100,0,no_incendio_observado,0,0,0,0,0,1
LJ500_R011_C068,695250,9506750,2022,11,2022-11,100,0,no_incendio_observado,0,0,0,0,0,1
LJ500_R012_C055,688750,9507250,2022,11,2022-11,100,0,no_incendio_observado,0,0,0,0,0,1
LJ500_R020_C061,691750,9511250,2022,11,2022-11,100,0,no_incendio_observado,0,0,0,0,0,1
LJ500_R033_C056,689250,9517750,2022,11,2022-11,100,0,no_incendio_observado,0,0,0,0,0,1
LJ500_R035_C085,703750,9518750,2022,11,2022-11,100,0,no_incendio_observado,0,0,0,0,0,1
LJ500_R039_C072,697250,9520750,2022,11,2022-11,100,0,no_incendio_observado,0,0,0,0,0,1
LJ500_R040_C060,691250,9521250,2022,11,2022-11,100,0,no_incendio_observado,0,0,0,0,0,1
LJ500_R041_C061,691750,9521750,2022,11,2022-11,100,0,no_incendio_observado,0,0,0,0,0,1
LJ500_R043_C058,690250,9522750,2022,11,2022-11,100,0,no_incendio_observado,0,0,0,0,0,1
LJ500_R045_C083,702750,9523750,2022,11,2022-11,100,0,no_incendio_observado,0,0,0,0,0,1
LJ500_R046_C064,693250,9524250,2022,11,2022-11,100,0,no_incendio_observado,0,0,0,0,0,1
LJ500_R048_C071,696750,9525250,2022,11,2022-11,100,0,no_incendio_observado,0,0,0,0,0,1
LJ500_R050_C095,708750,9526250,2022,11,2022-11,100,0,no_incendio_observado,0,0,0,0,0,1
LJ500_R056_C049,685750,9529250,2022,11,2022-11,100,0,no_incendio_observado,0,0,0,0,0,1
LJ500_R058_C079,700750,9530250,2022,11,2022-11,100,0,no_incendio_observado,0,0,0,0,0,1
LJ500_R063_C060,691250,9532750,2022,11,2022-11,100,0,no_incendio_observado,0,0,0,0,0,1
LJ500_R064_C084,703250,9533250,2022,11,2022-11,100,0,no_incendio_observado,0,0,0,0,0,1
LJ500_R069_C057,689750,9535750,2022,11,2022-11,100,0,no_incendio_observado,0,0,0,0,0,1
LJ500_R072_C062,692250,9537250,2022,11,2022-11,100,0,no_incendio_observado,0,0,0,0,0,1
LJ500_R072_C095,708750,9537250,2022,11,2022-11,100,0,no_incendio_observado,0,0,0,0,0,1
LJ500_R074_C074,698250,9538250,2022,11,2022-11,100,0,no_incendio_observado,0,0,0,0,0,1
LJ500_R078_C076,699250,9540250,2022,11,2022-11,100,0,no_incendio_observado,0,0,0,0,0,1
LJ500_R079_C076,699250,9540750,2022,11,2022-11,100,0,no_incendio_observado,0,0,0,0,0,1
LJ500_R093_C071,696750,9547750,2022,11,2022-11,100,0,no_incendio_observado,0,0,0,0,0,1
LJ500_R093_C073,697750,9547750,2022,11,2022-11,100,0,no_incendio_observado,0,0,0,0,0,1
LJ500_R096_C074,698250,9549250,2022,11,2022-11,100,0,no_incendio_observado,0,0,0,0,0,1
LJ500_R098_C085,703750,9550250,2022,11,2022-11,100,0,no_incendio_observado,0,0,0,0,0,1
LJ500_R101_C091,706750,9551750,2022,11,2022-11,100,0,no_incendio_observado,0,0,0,0,0,1
LJ500_R106_C080,701250,9554250,2022,11,2022-11,100,0,no_incendio_observado,0,0,0,0,0,1
LJ500_R108_C065,693750,9555250,2022,11,2022-11,,,indeterminado_sin_soporte,,,,,,0
LJ500_R109_C088,705250,9555750,2022,11,2022-11,100,0,no_incendio_observado,0,0,0,0,0,1
LJ500_R119_C079,700750,9560750,2022,11,2022-11,100,0,no_incendio_observado,0,0,0,0,0,1
LJ500_R122_C070,696250,9562250,2022,11,2022-11,100,0,no_incendio_observado,0,0,0,0,0,1
LJ500_R125_C065,693750,9563750,2022,11,2022-11,100,0,no_incendio_observado,0,0,0,0,0,1
LJ500_R131_C053,687750,9566750,2022,11,2022-11,100,0,no_incendio_observado,0,0,0,0,0,1
LJ500_R132_C080,701250,9567250,2022,11,2022-11,100,0,no_incendio_observado,0,0,0,0,0,1
LJ500_R138_C087,704750,9570250,2022,11,2022-11,100,0,no_incendio_observado,0,0,0,0,0,1
LJ500_R142_C071,696750,9572250,2022,11,2022-11,100,0,no_incendio_observado,0,0,0,0,0,1
LJ500_R145_C054,688250,9573750,2022,11,2022-11,100,0,no_incendio_observado,0,0,0,0,0,1
LJ500_R147_C083,702750,9574750,2022,11,2022-11,100,0,no_incendio_observado,0,0,0,0,0,1
LJ500_R156_C028,675250,9579250,2022,11,2022-11,100,0,no_incendio_observado,0,0,0,0,0,1
LJ500_R156_C067,694750,9579250,2022,11,2022-11,100,0,no_incendio_observado,0,0,0,0,0,1
LJ500_R156_C079,700750,9579250,2022,11,2022-11,100,0,no_incendio_observado,0,0,0,0,0,1
LJ500_R157_C009,665750,9579750,2022,11,2022-11,100,0,no_incendio_observado,0,0,0,0,0,1
LJ500_R158_C065,693750,9580250,2022,11,2022-11,100,0,no_incendio_observado,0,0,0,0,0,1
LJ500_R160_C074,698250,9581250,2022,11,2022-11,100,0,no_incendio_observado,0,0,0,0,0,1
LJ500_R161_C066,694250,9581750,2022,11,2022-11,100,0,no_incendio_observado,0,0,0,0,0,1
LJ500_R164_C043,682750,9583250,2022,11,2022-11,100,0,no_incendio_observado,0,0,0,0,0,1
LJ500_R164_C059,690750,9583250,2022,11,2022-11,100,0,no_incendio_observado,0,0,0,0,0,1
LJ500_R166_C072,697250,9584250,2022,11,2022-11,100,0,no_incendio_observado,0,0,0,0,0,1
LJ500_R167_C067,694750,9584750,2022,11,2022-11,100,0,no_incendio_observado,0,0,0,0,0,1
LJ500_R168_C045,683750,9585250,2022,11,2022-11,100,0,no_incendio_observado,0,0,0,0,0,1
LJ500_R173_C033,677750,9587750,2022,11,2022-11,100,0,no_incendio_observado,0,0,0,0,0,1
LJ500_R178_C063,692750,9590250,2022,11,2022-11,100,0,no_incendio_observado,0,0,0,0,0,1
LJ500_R179_C046,684250,9590750,2022,11,2022-11,100,0,no_incendio_observado,0,0,0,0,0,1
LJ500_R180_C071,696750,9591250,2022,11,2022-11,100,0,no_incendio_observado,0,0,0,0,0,1
LJ500_R183_C039,680750,9592750,2022,11,2022-11,100,0,no_incendio_observado,0,0,0,0,0,1
LJ500_R184_C039,680750,9593250,2022,11,2022-11,,,indeterminado_sin_soporte,,,,,,0
LJ500_R184_C066,694250,9593250,2022,11,2022-11,100,0,no_incendio_observado,0,0,0,0,0,1
LJ500_R006_C075,698750,9504250,2022,12,2022-12,100,0,no_incendio_observado,0,0,0,0,0,1
LJ500_R011_C068,695250,9506750,2022,12,2022-12,100,0,no_incendio_observado,0,0,0,0,0,1
LJ500_R012_C055,688750,9507250,2022,12,2022-12,100,0,no_incendio_observado,0,0,0,0,0,1
LJ500_R020_C061,691750,9511250,2022,12,2022-12,100,0,no_incendio_observado,0,0,0,0,0,1
LJ500_R033_C056,689250,9517750,2022,12,2022-12,100,0,no_incendio_observado,0,0,0,0,0,1
LJ500_R035_C085,703750,9518750,2022,12,2022-12,100,0,no_incendio_observado,0,0,0,0,0,1
LJ500_R039_C072,697250,9520750,2022,12,2022-12,100,0,no_incendio_observado,0,0,0,0,0,1
LJ500_R040_C060,691250,9521250,2022,12,2022-12,100,0,no_incendio_observado,0,0,0,0,0,1
LJ500_R041_C061,691750,9521750,2022,12,2022-12,100,0,no_incendio_observado,0,0,0,0,0,1
LJ500_R043_C058,690250,9522750,2022,12,2022-12,100,0,no_incendio_observado,0,0,0,0,0,1
LJ500_R045_C083,702750,9523750,2022,12,2022-12,100,0,no_incendio_observado,0,0,0,0,0,1
LJ500_R046_C064,693250,9524250,2022,12,2022-12,100,0,no_incendio_observado,0,0,0,0,0,1
LJ500_R048_C071,696750,9525250,2022,12,2022-12,100,0,no_incendio_observado,0,0,0,0,0,1
LJ500_R050_C095,708750,9526250,2022,12,2022-12,100,0,no_incendio_observado,0,0,0,0,0,1
LJ500_R056_C049,685750,9529250,2022,12,2022-12,100,0,no_incendio_observado,0,0,0,0,0,1
LJ500_R058_C079,700750,9530250,2022,12,2022-12,100,0,no_incendio_observado,0,0,0,0,0,1
LJ500_R063_C060,691250,9532750,2022,12,2022-12,100,0,no_incendio_observado,0,0,0,0,0,1
LJ500_R064_C084,703250,9533250,2022,12,2022-12,100,0,no_incendio_observado,0,0,0,0,0,1
LJ500_R069_C057,689750,9535750,2022,12,2022-12,100,0,no_incendio_observado,0,0,0,0,0,1
LJ500_R072_C062,692250,9537250,2022,12,2022-12,100,0,no_incendio_observado,0,0,0,0,0,1
LJ500_R072_C095,708750,9537250,2022,12,2022-12,100,0,no_incendio_observado,0,0,0,0,0,1
LJ500_R074_C074,698250,9538250,2022,12,2022-12,100,0,no_incendio_observado,0,0,0,0,0,1
LJ500_R078_C076,699250,9540250,2022,12,2022-12,100,0,no_incendio_observado,0,0,0,0,0,1
LJ500_R079_C076,699250,9540750,2022,12,2022-12,100,0,no_incendio_observado,0,0,0,0,0,1
LJ500_R093_C071,696750,9547750,2022,12,2022-12,100,0,no_incendio_observado,0,0,0,0,0,1
LJ500_R093_C073,697750,9547750,2022,12,2022-12,100,0,no_incendio_observado,0,0,0,0,0,1
LJ500_R096_C074,698250,9549250,2022,12,2022-12,100,0,no_incendio_observado,0,0,0,0,0,1
LJ500_R098_C085,703750,9550250,2022,12,2022-12,100,0,no_incendio_observado,0,0,0,0,0,1
LJ500_R101_C091,706750,9551750,2022,12,2022-12,100,0,no_incendio_observado,0,0,0,0,0,1
LJ500_R106_C080,701250,9554250,2022,12,2022-12,100,0,no_incendio_observado,0,0,0,0,0,1
LJ500_R108_C065,693750,9555250,2022,12,2022-12,,,indeterminado_sin_soporte,,,,,,0
LJ500_R109_C088,705250,9555750,2022,12,2022-12,100,0,no_incendio_observado,0,0,0,0,0,1
LJ500_R119_C079,700750,9560750,2022,12,2022-12,100,0,no_incendio_observado,0,0,0,0,0,1
LJ500_R122_C070,696250,9562250,2022,12,2022-12,100,0,no_incendio_observado,0,0,0,0,0,1
LJ500_R125_C065,693750,9563750,2022,12,2022-12,100,0,no_incendio_observado,0,0,0,0,0,1
LJ500_R131_C053,687750,9566750,2022,12,2022-12,100,0,no_incendio_observado,0,0,0,0,0,1
LJ500_R132_C080,701250,9567250,2022,12,2022-12,100,0,no_incendio_observado,0,0,0,0,0,1
LJ500_R138_C087,704750,9570250,2022,12,2022-12,100,0,no_incendio_observado,0,0,0,0,0,1
LJ500_R142_C071,696750,9572250,2022,12,2022-12,100,0,no_incendio_observado,0,0,0,0,0,1
LJ500_R145_C054,688250,9573750,2022,12,2022-12,100,0,no_incendio_observado,0,0,0,0,0,1
LJ500_R147_C083,702750,9574750,2022,12,2022-12,100,0,no_incendio_observado,0,0,0,0,0,1
LJ500_R156_C028,675250,9579250,2022,12,2022-12,100,0,no_incendio_observado,0,0,0,0,0,1
LJ500_R156_C067,694750,9579250,2022,12,2022-12,100,0,no_incendio_observado,0,0,0,0,0,1
LJ500_R156_C079,700750,9579250,2022,12,2022-12,100,0,no_incendio_observado,0,0,0,0,0,1
LJ500_R157_C009,665750,9579750,2022,12,2022-12,100,0,no_incendio_observado,0,0,0,0,0,1
LJ500_R158_C065,693750,9580250,2022,12,2022-12,100,0,no_incendio_observado,0,0,0,0,0,1
LJ500_R160_C074,698250,9581250,2022,12,2022-12,100,0,no_incendio_observado,0,0,0,0,0,1
LJ500_R161_C066,694250,9581750,2022,12,2022-12,100,0,no_incendio_observado,0,0,0,0,0,1
LJ500_R164_C043,682750,9583250,2022,12,2022-12,100,0,no_incendio_observado,0,0,0,0,0,1
LJ500_R164_C059,690750,9583250,2022,12,2022-12,100,0,no_incendio_observado,0,0,0,0,0,1
LJ500_R166_C072,697250,9584250,2022,12,2022-12,100,0,no_incendio_observado,0,0,0,0,0,1
LJ500_R167_C067,694750,9584750,2022,12,2022-12,100,0,no_incendio_observado,0,0,0,0,0,1
LJ500_R168_C045,683750,9585250,2022,12,2022-12,100,0,no_incendio_observado,0,0,0,0,0,1
LJ500_R173_C033,677750,9587750,2022,12,2022-12,100,0,no_incendio_observado,0,0,0,0,0,1
LJ500_R178_C063,692750,9590250,2022,12,2022-12,100,0,no_incendio_observado,0,0,0,0,0,1
LJ500_R179_C046,684250,9590750,2022,12,2022-12,100,0,no_incendio_observado,0,0,0,0,0,1
LJ500_R180_C071,696750,9591250,2022,12,2022-12,100,0,no_incendio_observado,0,0,0,0,0,1
LJ500_R183_C039,680750,9592750,2022,12,2022-12,100,0,no_incendio_observado,0,0,0,0,0,1
LJ500_R184_C039,680750,9593250,2022,12,2022-12,,,indeterminado_sin_soporte,,,,,,0
LJ500_R184_C066,694250,9593250,2022,12,2022-12,100,0,no_incendio_observado,0,0,0,0,0,1
LJ500_R006_C075,698750,9504250,2023,1,2023-01,100,0,no_incendio_observado,0,0,0,0,0,1
LJ500_R011_C068,695250,9506750,2023,1,2023-01,100,0,no_incendio_observado,0,0,0,0,0,1
LJ500_R012_C055,688750,9507250,2023,1,2023-01,100,0,no_incendio_observado,0,0,0,0,0,1
LJ500_R020_C061,691750,9511250,2023,1,2023-01,100,0,no_incendio_observado,0,0,0,0,0,1
LJ500_R033_C056,689250,9517750,2023,1,2023-01,100,0,no_incendio_observado,0,0,0,0,0,1
LJ500_R035_C085,703750,9518750,2023,1,2023-01,100,0,no_incendio_observado,0,0,0,0,0,1
LJ500_R039_C072,697250,9520750,2023,1,2023-01,100,0,no_incendio_observado,0,0,0,0,0,1
LJ500_R040_C060,691250,9521250,2023,1,2023-01,100,0,no_incendio_observado,0,0,0,0,0,1
LJ500_R041_C061,691750,9521750,2023,1,2023-01,100,0,no_incendio_observado,0,0,0,0,0,1
LJ500_R043_C058,690250,9522750,2023,1,2023-01,100,0,no_incendio_observado,0,0,0,0,0,1
LJ500_R045_C083,702750,9523750,2023,1,2023-01,100,0,no_incendio_observado,0,0,0,0,0,1
LJ500_R046_C064,693250,9524250,2023,1,2023-01,100,0,no_incendio_observado,0,0,0,0,0,1
LJ500_R048_C071,696750,9525250,2023,1,2023-01,100,0,no_incendio_observado,0,0,0,0,0,1
LJ500_R050_C095,708750,9526250,2023,1,2023-01,100,0,no_incendio_observado,0,0,0,0,0,1
LJ500_R056_C049,685750,9529250,2023,1,2023-01,100,1,incendio_observado,1,1,1,1,1,1
LJ500_R058_C079,700750,9530250,2023,1,2023-01,100,0,no_incendio_observado,0,0,0,0,0,1
LJ500_R063_C060,691250,9532750,2023,1,2023-01,100,0,no_incendio_observado,0,0,0,0,0,1
LJ500_R064_C084,703250,9533250,2023,1,2023-01,100,0,no_incendio_observado,0,0,0,0,0,1
LJ500_R069_C057,689750,9535750,2023,1,2023-01,100,0,no_incendio_observado,0,0,0,0,0,1
LJ500_R072_C062,692250,9537250,2023,1,2023-01,100,0,no_incendio_observado,0,0,0,0,0,1
LJ500_R072_C095,708750,9537250,2023,1,2023-01,100,0,no_incendio_observado,0,0,0,0,0,1
LJ500_R074_C074,698250,9538250,2023,1,2023-01,100,0,no_incendio_observado,0,0,0,0,0,1
LJ500_R078_C076,699250,9540250,2023,1,2023-01,100,0,no_incendio_observado,0,0,0,0,0,1
LJ500_R079_C076,699250,9540750,2023,1,2023-01,100,0,no_incendio_observado,0,0,0,0,0,1
LJ500_R093_C071,696750,9547750,2023,1,2023-01,100,0,no_incendio_observado,0,0,0,0,0,1
LJ500_R093_C073,697750,9547750,2023,1,2023-01,100,0,no_incendio_observado,0,0,0,0,0,1
LJ500_R096_C074,698250,9549250,2023,1,2023-01,100,0,no_incendio_observado,0,0,0,0,0,1
LJ500_R098_C085,703750,9550250,2023,1,2023-01,100,0,no_incendio_observado,0,0,0,0,0,1
LJ500_R101_C091,706750,9551750,2023,1,2023-01,100,0,no_incendio_observado,0,0,0,0,0,1
LJ500_R106_C080,701250,9554250,2023,1,2023-01,100,0,no_incendio_observado,0,0,0,0,0,1
LJ500_R108_C065,693750,9555250,2023,1,2023-01,,,indeterminado_sin_soporte,,,,,,0
LJ500_R109_C088,705250,9555750,2023,1,2023-01,100,0,no_incendio_observado,0,0,0,0,0,1
LJ500_R119_C079,700750,9560750,2023,1,2023-01,100,0,no_incendio_observado,0,0,0,0,0,1
LJ500_R122_C070,696250,9562250,2023,1,2023-01,100,0,no_incendio_observado,0,0,0,0,0,1
LJ500_R125_C065,693750,9563750,2023,1,2023-01,100,0,no_incendio_observado,0,0,0,0,0,1
LJ500_R131_C053,687750,9566750,2023,1,2023-01,100,0,no_incendio_observado,0,0,0,0,0,1
LJ500_R132_C080,701250,9567250,2023,1,2023-01,100,0,no_incendio_observado,0,0,0,0,0,1
LJ500_R138_C087,704750,9570250,2023,1,2023-01,100,0,no_incendio_observado,0,0,0,0,0,1
LJ500_R142_C071,696750,9572250,2023,1,2023-01,100,0,no_incendio_observado,0,0,0,0,0,1
LJ500_R145_C054,688250,9573750,2023,1,2023-01,100,0,no_incendio_observado,0,0,0,0,0,1
LJ500_R147_C083,702750,9574750,2023,1,2023-01,100,0,no_incendio_observado,0,0,0,0,0,1
LJ500_R156_C028,675250,9579250,2023,1,2023-01,100,0,no_incendio_observado,0,0,0,0,0,1
LJ500_R156_C067,694750,9579250,2023,1,2023-01,100,0,no_incendio_observado,0,0,0,0,0,1
LJ500_R156_C079,700750,9579250,2023,1,2023-01,100,0,no_incendio_observado,0,0,0,0,0,1
LJ500_R157_C009,665750,9579750,2023,1,2023-01,100,0,no_incendio_observado,0,0,0,0,0,1
LJ500_R158_C065,693750,9580250,2023,1,2023-01,100,0,no_incendio_observado,0,0,0,0,0,1
LJ500_R160_C074,698250,9581250,2023,1,2023-01,100,0,no_incendio_observado,0,0,0,0,0,1
LJ500_R161_C066,694250,9581750,2023,1,2023-01,100,0,no_incendio_observado,0,0,0,0,0,1
LJ500_R164_C043,682750,9583250,2023,1,2023-01,100,0,no_incendio_observado,0,0,0,0,0,1
LJ500_R164_C059,690750,9583250,2023,1,2023-01,100,0,no_incendio_observado,0,0,0,0,0,1
LJ500_R166_C072,697250,9584250,2023,1,2023-01,100,0,no_incendio_observado,0,0,0,0,0,1
LJ500_R167_C067,694750,9584750,2023,1,2023-01,100,0,no_incendio_observado,0,0,0,0,0,1
LJ500_R168_C045,683750,9585250,2023,1,2023-01,100,0,no_incendio_observado,0,0,0,0,0,1
LJ500_R173_C033,677750,9587750,2023,1,2023-01,100,0,no_incendio_observado,0,0,0,0,0,1
LJ500_R178_C063,692750,9590250,2023,1,2023-01,100,0,no_incendio_observado,0,0,0,0,0,1
LJ500_R179_C046,684250,9590750,2023,1,2023-01,100,0,no_incendio_observado,0,0,0,0,0,1
LJ500_R180_C071,696750,9591250,2023,1,2023-01,100,0,no_incendio_observado,0,0,0,0,0,1
LJ500_R183_C039,680750,9592750,2023,1,2023-01,100,0,no_incendio_observado,0,0,0,0,0,1
LJ500_R184_C039,680750,9593250,2023,1,2023-01,,,indeterminado_sin_soporte,,,,,,0
LJ500_R184_C066,694250,9593250,2023,1,2023-01,100,0,no_incendio_observado,0,0,0,0,0,1
LJ500_R006_C075,698750,9504250,2023,2,2023-02,100,0,no_incendio_observado,0,0,0,0,0,1
LJ500_R011_C068,695250,9506750,2023,2,2023-02,100,0,no_incendio_observado,0,0,0,0,0,1
LJ500_R012_C055,688750,9507250,2023,2,2023-02,100,0,no_incendio_observado,0,0,0,0,0,1
LJ500_R020_C061,691750,9511250,2023,2,2023-02,100,0,no_incendio_observado,0,0,0,0,0,1
LJ500_R033_C056,689250,9517750,2023,2,2023-02,100,0,no_incendio_observado,0,0,0,0,0,1
LJ500_R035_C085,703750,9518750,2023,2,2023-02,100,0,no_incendio_observado,0,0,0,0,0,1
LJ500_R039_C072,697250,9520750,2023,2,2023-02,100,0,no_incendio_observado,0,0,0,0,0,1
LJ500_R040_C060,691250,9521250,2023,2,2023-02,100,0,no_incendio_observado,0,0,0,0,0,1
LJ500_R041_C061,691750,9521750,2023,2,2023-02,100,0,no_incendio_observado,0,0,0,0,0,1
LJ500_R043_C058,690250,9522750,2023,2,2023-02,100,0,no_incendio_observado,0,0,0,0,0,1
LJ500_R045_C083,702750,9523750,2023,2,2023-02,100,0,no_incendio_observado,0,0,0,0,0,1
LJ500_R046_C064,693250,9524250,2023,2,2023-02,100,0,no_incendio_observado,0,0,0,0,0,1
LJ500_R048_C071,696750,9525250,2023,2,2023-02,100,0,no_incendio_observado,0,0,0,0,0,1
LJ500_R050_C095,708750,9526250,2023,2,2023-02,100,0,no_incendio_observado,0,0,0,0,0,1
LJ500_R056_C049,685750,9529250,2023,2,2023-02,100,0,no_incendio_observado,0,0,0,0,0,1
LJ500_R058_C079,700750,9530250,2023,2,2023-02,100,0,no_incendio_observado,0,0,0,0,0,1
LJ500_R063_C060,691250,9532750,2023,2,2023-02,100,0,no_incendio_observado,0,0,0,0,0,1
LJ500_R064_C084,703250,9533250,2023,2,2023-02,100,0,no_incendio_observado,0,0,0,0,0,1
LJ500_R069_C057,689750,9535750,2023,2,2023-02,100,0,no_incendio_observado,0,0,0,0,0,1
LJ500_R072_C062,692250,9537250,2023,2,2023-02,100,0,no_incendio_observado,0,0,0,0,0,1
LJ500_R072_C095,708750,9537250,2023,2,2023-02,100,0,no_incendio_observado,0,0,0,0,0,1
LJ500_R074_C074,698250,9538250,2023,2,2023-02,100,0,no_incendio_observado,0,0,0,0,0,1
LJ500_R078_C076,699250,9540250,2023,2,2023-02,100,0,no_incendio_observado,0,0,0,0,0,1
LJ500_R079_C076,699250,9540750,2023,2,2023-02,100,0,no_incendio_observado,0,0,0,0,0,1
LJ500_R093_C071,696750,9547750,2023,2,2023-02,100,0,no_incendio_observado,0,0,0,0,0,1
LJ500_R093_C073,697750,9547750,2023,2,2023-02,100,0,no_incendio_observado,0,0,0,0,0,1
LJ500_R096_C074,698250,9549250,2023,2,2023-02,100,0,no_incendio_observado,0,0,0,0,0,1
LJ500_R098_C085,703750,9550250,2023,2,2023-02,100,0,no_incendio_observado,0,0,0,0,0,1
LJ500_R101_C091,706750,9551750,2023,2,2023-02,100,0,no_incendio_observado,0,0,0,0,0,1
LJ500_R106_C080,701250,9554250,2023,2,2023-02,100,0,no_incendio_observado,0,0,0,0,0,1
LJ500_R108_C065,693750,9555250,2023,2,2023-02,,,indeterminado_sin_soporte,,,,,,0
LJ500_R109_C088,705250,9555750,2023,2,2023-02,100,0,no_incendio_observado,0,0,0,0,0,1
LJ500_R119_C079,700750,9560750,2023,2,2023-02,100,0,no_incendio_observado,0,0,0,0,0,1
LJ500_R122_C070,696250,9562250,2023,2,2023-02,100,0,no_incendio_observado,0,0,0,0,0,1
LJ500_R125_C065,693750,9563750,2023,2,2023-02,100,0,no_incendio_observado,0,0,0,0,0,1
LJ500_R131_C053,687750,9566750,2023,2,2023-02,100,0,no_incendio_observado,0,0,0,0,0,1
LJ500_R132_C080,701250,9567250,2023,2,2023-02,100,0,no_incendio_observado,0,0,0,0,0,1
LJ500_R138_C087,704750,9570250,2023,2,2023-02,100,0,no_incendio_observado,0,0,0,0,0,1
LJ500_R142_C071,696750,9572250,2023,2,2023-02,100,0,no_incendio_observado,0,0,0,0,0,1
LJ500_R145_C054,688250,9573750,2023,2,2023-02,100,0,no_incendio_observado,0,0,0,0,0,1
LJ500_R147_C083,702750,9574750,2023,2,2023-02,100,0,no_incendio_observado,0,0,0,0,0,1
LJ500_R156_C028,675250,9579250,2023,2,2023-02,100,0,no_incendio_observado,0,0,0,0,0,1
LJ500_R156_C067,694750,9579250,2023,2,2023-02,100,0,no_incendio_observado,0,0,0,0,0,1
LJ500_R156_C079,700750,9579250,2023,2,2023-02,100,0,no_incendio_observado,0,0,0,0,0,1
LJ500_R157_C009,665750,9579750,2023,2,2023-02,100,0,no_incendio_observado,0,0,0,0,0,1
LJ500_R158_C065,693750,9580250,2023,2,2023-02,100,0,no_incendio_observado,0,0,0,0,0,1
LJ500_R160_C074,698250,9581250,2023,2,2023-02,100,0,no_incendio_observado,0,0,0,0,0,1
LJ500_R161_C066,694250,9581750,2023,2,2023-02,100,0,no_incendio_observado,0,0,0,0,0,1
LJ500_R164_C043,682750,9583250,2023,2,2023-02,100,0,no_incendio_observado,0,0,0,0,0,1
LJ500_R164_C059,690750,9583250,2023,2,2023-02,100,0,no_incendio_observado,0,0,0,0,0,1
LJ500_R166_C072,697250,9584250,2023,2,2023-02,100,0,no_incendio_observado,0,0,0,0,0,1
LJ500_R167_C067,694750,9584750,2023,2,2023-02,100,0,no_incendio_observado,0,0,0,0,0,1
LJ500_R168_C045,683750,9585250,2023,2,2023-02,100,0,no_incendio_observado,0,0,0,0,0,1
LJ500_R173_C033,677750,9587750,2023,2,2023-02,100,0,no_incendio_observado,0,0,0,0,0,1
LJ500_R178_C063,692750,9590250,2023,2,2023-02,100,0,no_incendio_observado,0,0,0,0,0,1
LJ500_R179_C046,684250,9590750,2023,2,2023-02,100,0,no_incendio_observado,0,0,0,0,0,1
LJ500_R180_C071,696750,9591250,2023,2,2023-02,100,0,no_incendio_observado,0,0,0,0,0,1
LJ500_R183_C039,680750,9592750,2023,2,2023-02,100,0,no_incendio_observado,0,0,0,0,0,1
LJ500_R184_C039,680750,9593250,2023,2,2023-02,,,indeterminado_sin_soporte,,,,,,0
LJ500_R184_C066,694250,9593250,2023,2,2023-02,100,0,no_incendio_observado,0,0,0,0,0,1
LJ500_R006_C075,698750,9504250,2023,3,2023-03,100,0,no_incendio_observado,0,0,0,0,0,1
LJ500_R011_C068,695250,9506750,2023,3,2023-03,100,0,no_incendio_observado,0,0,0,0,0,1
LJ500_R012_C055,688750,9507250,2023,3,2023-03,100,0,no_incendio_observado,0,0,0,0,0,1
LJ500_R020_C061,691750,9511250,2023,3,2023-03,100,0,no_incendio_observado,0,0,0,0,0,1
LJ500_R033_C056,689250,9517750,2023,3,2023-03,100,0,no_incendio_observado,0,0,0,0,0,1
LJ500_R035_C085,703750,9518750,2023,3,2023-03,100,0,no_incendio_observado,0,0,0,0,0,1
LJ500_R039_C072,697250,9520750,2023,3,2023-03,100,0,no_incendio_observado,0,0,0,0,0,1
LJ500_R040_C060,691250,9521250,2023,3,2023-03,100,0,no_incendio_observado,0,0,0,0,0,1
LJ500_R041_C061,691750,9521750,2023,3,2023-03,100,0,no_incendio_observado,0,0,0,0,0,1
LJ500_R043_C058,690250,9522750,2023,3,2023-03,100,0,no_incendio_observado,0,0,0,0,0,1
LJ500_R045_C083,702750,9523750,2023,3,2023-03,100,0,no_incendio_observado,0,0,0,0,0,1
LJ500_R046_C064,693250,9524250,2023,3,2023-03,100,0,no_incendio_observado,0,0,0,0,0,1
LJ500_R048_C071,696750,9525250,2023,3,2023-03,100,0,no_incendio_observado,0,0,0,0,0,1
LJ500_R050_C095,708750,9526250,2023,3,2023-03,100,0,no_incendio_observado,0,0,0,0,0,1
LJ500_R056_C049,685750,9529250,2023,3,2023-03,100,0,no_incendio_observado,0,0,0,0,0,1
LJ500_R058_C079,700750,9530250,2023,3,2023-03,100,0,no_incendio_observado,0,0,0,0,0,1
LJ500_R063_C060,691250,9532750,2023,3,2023-03,100,0,no_incendio_observado,0,0,0,0,0,1
LJ500_R064_C084,703250,9533250,2023,3,2023-03,100,0,no_incendio_observado,0,0,0,0,0,1
LJ500_R069_C057,689750,9535750,2023,3,2023-03,100,0,no_incendio_observado,0,0,0,0,0,1
LJ500_R072_C062,692250,9537250,2023,3,2023-03,100,0,no_incendio_observado,0,0,0,0,0,1
LJ500_R072_C095,708750,9537250,2023,3,2023-03,100,0,no_incendio_observado,0,0,0,0,0,1
LJ500_R074_C074,698250,9538250,2023,3,2023-03,100,0,no_incendio_observado,0,0,0,0,0,1
LJ500_R078_C076,699250,9540250,2023,3,2023-03,100,0,no_incendio_observado,0,0,0,0,0,1
LJ500_R079_C076,699250,9540750,2023,3,2023-03,100,0,no_incendio_observado,0,0,0,0,0,1
LJ500_R093_C071,696750,9547750,2023,3,2023-03,100,0,no_incendio_observado,0,0,0,0,0,1
LJ500_R093_C073,697750,9547750,2023,3,2023-03,100,0,no_incendio_observado,0,0,0,0,0,1
LJ500_R096_C074,698250,9549250,2023,3,2023-03,100,0,no_incendio_observado,0,0,0,0,0,1
LJ500_R098_C085,703750,9550250,2023,3,2023-03,100,0,no_incendio_observado,0,0,0,0,0,1
LJ500_R101_C091,706750,9551750,2023,3,2023-03,100,0,no_incendio_observado,0,0,0,0,0,1
LJ500_R106_C080,701250,9554250,2023,3,2023-03,100,0,no_incendio_observado,0,0,0,0,0,1
LJ500_R108_C065,693750,9555250,2023,3,2023-03,,,indeterminado_sin_soporte,,,,,,0
LJ500_R109_C088,705250,9555750,2023,3,2023-03,100,0,no_incendio_observado,0,0,0,0,0,1
LJ500_R119_C079,700750,9560750,2023,3,2023-03,100,0,no_incendio_observado,0,0,0,0,0,1
LJ500_R122_C070,696250,9562250,2023,3,2023-03,100,0,no_incendio_observado,0,0,0,0,0,1
LJ500_R125_C065,693750,9563750,2023,3,2023-03,100,0,no_incendio_observado,0,0,0,0,0,1
LJ500_R131_C053,687750,9566750,2023,3,2023-03,100,0,no_incendio_observado,0,0,0,0,0,1
LJ500_R132_C080,701250,9567250,2023,3,2023-03,100,0,no_incendio_observado,0,0,0,0,0,1
LJ500_R138_C087,704750,9570250,2023,3,2023-03,100,0,no_incendio_observado,0,0,0,0,0,1
LJ500_R142_C071,696750,9572250,2023,3,2023-03,100,0,no_incendio_observado,0,0,0,0,0,1
LJ500_R145_C054,688250,9573750,2023,3,2023-03,100,0,no_incendio_observado,0,0,0,0,0,1
LJ500_R147_C083,702750,9574750,2023,3,2023-03,100,0,no_incendio_observado,0,0,0,0,0,1
LJ500_R156_C028,675250,9579250,2023,3,2023-03,100,0,no_incendio_observado,0,0,0,0,0,1
LJ500_R156_C067,694750,9579250,2023,3,2023-03,100,0,no_incendio_observado,0,0,0,0,0,1
LJ500_R156_C079,700750,9579250,2023,3,2023-03,100,0,no_incendio_observado,0,0,0,0,0,1
LJ500_R157_C009,665750,9579750,2023,3,2023-03,100,0,no_incendio_observado,0,0,0,0,0,1
LJ500_R158_C065,693750,9580250,2023,3,2023-03,100,0,no_incendio_observado,0,0,0,0,0,1
LJ500_R160_C074,698250,9581250,2023,3,2023-03,100,0,no_incendio_observado,0,0,0,0,0,1
LJ500_R161_C066,694250,9581750,2023,3,2023-03,100,0,no_incendio_observado,0,0,0,0,0,1
LJ500_R164_C043,682750,9583250,2023,3,2023-03,100,0,no_incendio_observado,0,0,0,0,0,1
LJ500_R164_C059,690750,9583250,2023,3,2023-03,100,0,no_incendio_observado,0,0,0,0,0,1
LJ500_R166_C072,697250,9584250,2023,3,2023-03,100,0,no_incendio_observado,0,0,0,0,0,1
LJ500_R167_C067,694750,9584750,2023,3,2023-03,100,0,no_incendio_observado,0,0,0,0,0,1
LJ500_R168_C045,683750,9585250,2023,3,2023-03,100,0,no_incendio_observado,0,0,0,0,0,1
LJ500_R173_C033,677750,9587750,2023,3,2023-03,100,0,no_incendio_observado,0,0,0,0,0,1
LJ500_R178_C063,692750,9590250,2023,3,2023-03,100,0,no_incendio_observado,0,0,0,0,0,1
LJ500_R179_C046,684250,9590750,2023,3,2023-03,100,0,no_incendio_observado,0,0,0,0,0,1
LJ500_R180_C071,696750,9591250,2023,3,2023-03,100,0,no_incendio_observado,0,0,0,0,0,1
LJ500_R183_C039,680750,9592750,2023,3,2023-03,100,0,no_incendio_observado,0,0,0,0,0,1
LJ500_R184_C039,680750,9593250,2023,3,2023-03,,,indeterminado_sin_soporte,,,,,,0
LJ500_R184_C066,694250,9593250,2023,3,2023-03,100,0,no_incendio_observado,0,0,0,0,0,1
LJ500_R006_C075,698750,9504250,2023,4,2023-04,100,0,no_incendio_observado,0,0,0,0,0,1
LJ500_R011_C068,695250,9506750,2023,4,2023-04,100,0,no_incendio_observado,0,0,0,0,0,1
LJ500_R012_C055,688750,9507250,2023,4,2023-04,100,0,no_incendio_observado,0,0,0,0,0,1
LJ500_R020_C061,691750,9511250,2023,4,2023-04,100,0,no_incendio_observado,0,0,0,0,0,1
LJ500_R033_C056,689250,9517750,2023,4,2023-04,100,0,no_incendio_observado,0,0,0,0,0,1
LJ500_R035_C085,703750,9518750,2023,4,2023-04,100,0,no_incendio_observado,0,0,0,0,0,1
LJ500_R039_C072,697250,9520750,2023,4,2023-04,100,0,no_incendio_observado,0,0,0,0,0,1
LJ500_R040_C060,691250,9521250,2023,4,2023-04,100,0,no_incendio_observado,0,0,0,0,0,1
LJ500_R041_C061,691750,9521750,2023,4,2023-04,100,0,no_incendio_observado,0,0,0,0,0,1
LJ500_R043_C058,690250,9522750,2023,4,2023-04,100,0,no_incendio_observado,0,0,0,0,0,1
LJ500_R045_C083,702750,9523750,2023,4,2023-04,100,0,no_incendio_observado,0,0,0,0,0,1
LJ500_R046_C064,693250,9524250,2023,4,2023-04,100,0,no_incendio_observado,0,0,0,0,0,1
LJ500_R048_C071,696750,9525250,2023,4,2023-04,100,0,no_incendio_observado,0,0,0,0,0,1
LJ500_R050_C095,708750,9526250,2023,4,2023-04,100,0,no_incendio_observado,0,0,0,0,0,1
LJ500_R056_C049,685750,9529250,2023,4,2023-04,100,0,no_incendio_observado,0,0,0,0,0,1
LJ500_R058_C079,700750,9530250,2023,4,2023-04,100,0,no_incendio_observado,0,0,0,0,0,1
LJ500_R063_C060,691250,9532750,2023,4,2023-04,100,0,no_incendio_observado,0,0,0,0,0,1
LJ500_R064_C084,703250,9533250,2023,4,2023-04,100,0,no_incendio_observado,0,0,0,0,0,1
LJ500_R069_C057,689750,9535750,2023,4,2023-04,100,0,no_incendio_observado,0,0,0,0,0,1
LJ500_R072_C062,692250,9537250,2023,4,2023-04,100,0,no_incendio_observado,0,0,0,0,0,1
LJ500_R072_C095,708750,9537250,2023,4,2023-04,100,0,no_incendio_observado,0,0,0,0,0,1
LJ500_R074_C074,698250,9538250,2023,4,2023-04,100,0,no_incendio_observado,0,0,0,0,0,1
LJ500_R078_C076,699250,9540250,2023,4,2023-04,100,0,no_incendio_observado,0,0,0,0,0,1
LJ500_R079_C076,699250,9540750,2023,4,2023-04,100,0,no_incendio_observado,0,0,0,0,0,1
LJ500_R093_C071,696750,9547750,2023,4,2023-04,100,0,no_incendio_observado,0,0,0,0,0,1
LJ500_R093_C073,697750,9547750,2023,4,2023-04,100,0,no_incendio_observado,0,0,0,0,0,1
LJ500_R096_C074,698250,9549250,2023,4,2023-04,100,0,no_incendio_observado,0,0,0,0,0,1
LJ500_R098_C085,703750,9550250,2023,4,2023-04,100,0,no_incendio_observado,0,0,0,0,0,1
LJ500_R101_C091,706750,9551750,2023,4,2023-04,100,0,no_incendio_observado,0,0,0,0,0,1
LJ500_R106_C080,701250,9554250,2023,4,2023-04,100,0,no_incendio_observado,0,0,0,0,0,1
LJ500_R108_C065,693750,9555250,2023,4,2023-04,,,indeterminado_sin_soporte,,,,,,0
LJ500_R109_C088,705250,9555750,2023,4,2023-04,100,0,no_incendio_observado,0,0,0,0,0,1
LJ500_R119_C079,700750,9560750,2023,4,2023-04,100,0,no_incendio_observado,0,0,0,0,0,1
LJ500_R122_C070,696250,9562250,2023,4,2023-04,100,0,no_incendio_observado,0,0,0,0,0,1
LJ500_R125_C065,693750,9563750,2023,4,2023-04,100,0,no_incendio_observado,0,0,0,0,0,1
LJ500_R131_C053,687750,9566750,2023,4,2023-04,100,0,no_incendio_observado,0,0,0,0,0,1
LJ500_R132_C080,701250,9567250,2023,4,2023-04,100,0,no_incendio_observado,0,0,0,0,0,1
LJ500_R138_C087,704750,9570250,2023,4,2023-04,100,0,no_incendio_observado,0,0,0,0,0,1
LJ500_R142_C071,696750,9572250,2023,4,2023-04,100,0,no_incendio_observado,0,0,0,0,0,1
LJ500_R145_C054,688250,9573750,2023,4,2023-04,100,0,no_incendio_observado,0,0,0,0,0,1
LJ500_R147_C083,702750,9574750,2023,4,2023-04,100,0,no_incendio_observado,0,0,0,0,0,1
LJ500_R156_C028,675250,9579250,2023,4,2023-04,100,0,no_incendio_observado,0,0,0,0,0,1
LJ500_R156_C067,694750,9579250,2023,4,2023-04,100,0,no_incendio_observado,0,0,0,0,0,1
LJ500_R156_C079,700750,9579250,2023,4,2023-04,100,0,no_incendio_observado,0,0,0,0,0,1
LJ500_R157_C009,665750,9579750,2023,4,2023-04,100,0,no_incendio_observado,0,0,0,0,0,1
LJ500_R158_C065,693750,9580250,2023,4,2023-04,100,0,no_incendio_observado,0,0,0,0,0,1
LJ500_R160_C074,698250,9581250,2023,4,2023-04,100,0,no_incendio_observado,0,0,0,0,0,1
LJ500_R161_C066,694250,9581750,2023,4,2023-04,100,0,no_incendio_observado,0,0,0,0,0,1
LJ500_R164_C043,682750,9583250,2023,4,2023-04,100,0,no_incendio_observado,0,0,0,0,0,1
LJ500_R164_C059,690750,9583250,2023,4,2023-04,100,0,no_incendio_observado,0,0,0,0,0,1
LJ500_R166_C072,697250,9584250,2023,4,2023-04,100,0,no_incendio_observado,0,0,0,0,0,1
LJ500_R167_C067,694750,9584750,2023,4,2023-04,100,0,no_incendio_observado,0,0,0,0,0,1
LJ500_R168_C045,683750,9585250,2023,4,2023-04,100,0,no_incendio_observado,0,0,0,0,0,1
LJ500_R173_C033,677750,9587750,2023,4,2023-04,100,0,no_incendio_observado,0,0,0,0,0,1
LJ500_R178_C063,692750,9590250,2023,4,2023-04,100,0,no_incendio_observado,0,0,0,0,0,1
LJ500_R179_C046,684250,9590750,2023,4,2023-04,100,0,no_incendio_observado,0,0,0,0,0,1
LJ500_R180_C071,696750,9591250,2023,4,2023-04,100,0,no_incendio_observado,0,0,0,0,0,1
LJ500_R183_C039,680750,9592750,2023,4,2023-04,100,0,no_incendio_observado,0,0,0,0,0,1
LJ500_R184_C039,680750,9593250,2023,4,2023-04,,,indeterminado_sin_soporte,,,,,,0
LJ500_R184_C066,694250,9593250,2023,4,2023-04,100,0,no_incendio_observado,0,0,0,0,0,1
LJ500_R006_C075,698750,9504250,2023,5,2023-05,100,0,no_incendio_observado,0,0,0,0,0,1
LJ500_R011_C068,695250,9506750,2023,5,2023-05,100,0,no_incendio_observado,0,0,0,0,0,1
LJ500_R012_C055,688750,9507250,2023,5,2023-05,100,0,no_incendio_observado,0,0,0,0,0,1
LJ500_R020_C061,691750,9511250,2023,5,2023-05,100,0,no_incendio_observado,0,0,0,0,0,1
LJ500_R033_C056,689250,9517750,2023,5,2023-05,100,0,no_incendio_observado,0,0,0,0,0,1
LJ500_R035_C085,703750,9518750,2023,5,2023-05,100,0,no_incendio_observado,0,0,0,0,0,1
LJ500_R039_C072,697250,9520750,2023,5,2023-05,100,0,no_incendio_observado,0,0,0,0,0,1
LJ500_R040_C060,691250,9521250,2023,5,2023-05,100,0,no_incendio_observado,0,0,0,0,0,1
LJ500_R041_C061,691750,9521750,2023,5,2023-05,100,0,no_incendio_observado,0,0,0,0,0,1
LJ500_R043_C058,690250,9522750,2023,5,2023-05,100,0,no_incendio_observado,0,0,0,0,0,1
LJ500_R045_C083,702750,9523750,2023,5,2023-05,100,0,no_incendio_observado,0,0,0,0,0,1
LJ500_R046_C064,693250,9524250,2023,5,2023-05,100,0,no_incendio_observado,0,0,0,0,0,1
LJ500_R048_C071,696750,9525250,2023,5,2023-05,100,0,no_incendio_observado,0,0,0,0,0,1
LJ500_R050_C095,708750,9526250,2023,5,2023-05,100,0,no_incendio_observado,0,0,0,0,0,1
LJ500_R056_C049,685750,9529250,2023,5,2023-05,100,0,no_incendio_observado,0,0,0,0,0,1
LJ500_R058_C079,700750,9530250,2023,5,2023-05,100,0,no_incendio_observado,0,0,0,0,0,1
LJ500_R063_C060,691250,9532750,2023,5,2023-05,100,0,no_incendio_observado,0,0,0,0,0,1
LJ500_R064_C084,703250,9533250,2023,5,2023-05,100,0,no_incendio_observado,0,0,0,0,0,1
LJ500_R069_C057,689750,9535750,2023,5,2023-05,100,0,no_incendio_observado,0,0,0,0,0,1
LJ500_R072_C062,692250,9537250,2023,5,2023-05,100,0,no_incendio_observado,0,0,0,0,0,1
LJ500_R072_C095,708750,9537250,2023,5,2023-05,100,0,no_incendio_observado,0,0,0,0,0,1
LJ500_R074_C074,698250,9538250,2023,5,2023-05,100,0,no_incendio_observado,0,0,0,0,0,1
LJ500_R078_C076,699250,9540250,2023,5,2023-05,100,0,no_incendio_observado,0,0,0,0,0,1
LJ500_R079_C076,699250,9540750,2023,5,2023-05,100,0,no_incendio_observado,0,0,0,0,0,1
LJ500_R093_C071,696750,9547750,2023,5,2023-05,100,0,no_incendio_observado,0,0,0,0,0,1
LJ500_R093_C073,697750,9547750,2023,5,2023-05,100,0,no_incendio_observado,0,0,0,0,0,1
LJ500_R096_C074,698250,9549250,2023,5,2023-05,100,0,no_incendio_observado,0,0,0,0,0,1
LJ500_R098_C085,703750,9550250,2023,5,2023-05,100,0,no_incendio_observado,0,0,0,0,0,1
LJ500_R101_C091,706750,9551750,2023,5,2023-05,100,0,no_incendio_observado,0,0,0,0,0,1
LJ500_R106_C080,701250,9554250,2023,5,2023-05,100,0,no_incendio_observado,0,0,0,0,0,1
LJ500_R108_C065,693750,9555250,2023,5,2023-05,,,indeterminado_sin_soporte,,,,,,0
LJ500_R109_C088,705250,9555750,2023,5,2023-05,100,0,no_incendio_observado,0,0,0,0,0,1
LJ500_R119_C079,700750,9560750,2023,5,2023-05,100,0,no_incendio_observado,0,0,0,0,0,1
LJ500_R122_C070,696250,9562250,2023,5,2023-05,100,0,no_incendio_observado,0,0,0,0,0,1
LJ500_R125_C065,693750,9563750,2023,5,2023-05,100,0,no_incendio_observado,0,0,0,0,0,1
LJ500_R131_C053,687750,9566750,2023,5,2023-05,100,0,no_incendio_observado,0,0,0,0,0,1
LJ500_R132_C080,701250,9567250,2023,5,2023-05,100,0,no_incendio_observado,0,0,0,0,0,1
LJ500_R138_C087,704750,9570250,2023,5,2023-05,100,0,no_incendio_observado,0,0,0,0,0,1
LJ500_R142_C071,696750,9572250,2023,5,2023-05,100,0,no_incendio_observado,0,0,0,0,0,1
LJ500_R145_C054,688250,9573750,2023,5,2023-05,100,0,no_incendio_observado,0,0,0,0,0,1
LJ500_R147_C083,702750,9574750,2023,5,2023-05,100,0,no_incendio_observado,0,0,0,0,0,1
LJ500_R156_C028,675250,9579250,2023,5,2023-05,100,0,no_incendio_observado,0,0,0,0,0,1
LJ500_R156_C067,694750,9579250,2023,5,2023-05,100,0,no_incendio_observado,0,0,0,0,0,1
LJ500_R156_C079,700750,9579250,2023,5,2023-05,100,0,no_incendio_observado,0,0,0,0,0,1
LJ500_R157_C009,665750,9579750,2023,5,2023-05,100,0,no_incendio_observado,0,0,0,0,0,1
LJ500_R158_C065,693750,9580250,2023,5,2023-05,100,0,no_incendio_observado,0,0,0,0,0,1
LJ500_R160_C074,698250,9581250,2023,5,2023-05,100,0,no_incendio_observado,0,0,0,0,0,1
LJ500_R161_C066,694250,9581750,2023,5,2023-05,100,0,no_incendio_observado,0,0,0,0,0,1
LJ500_R164_C043,682750,9583250,2023,5,2023-05,100,0,no_incendio_observado,0,0,0,0,0,1
LJ500_R164_C059,690750,9583250,2023,5,2023-05,100,0,no_incendio_observado,0,0,0,0,0,1
LJ500_R166_C072,697250,9584250,2023,5,2023-05,100,0,no_incendio_observado,0,0,0,0,0,1
LJ500_R167_C067,694750,9584750,2023,5,2023-05,100,0,no_incendio_observado,0,0,0,0,0,1
LJ500_R168_C045,683750,9585250,2023,5,2023-05,100,0,no_incendio_observado,0,0,0,0,0,1
LJ500_R173_C033,677750,9587750,2023,5,2023-05,100,0,no_incendio_observado,0,0,0,0,0,1
LJ500_R178_C063,692750,9590250,2023,5,2023-05,100,0,no_incendio_observado,0,0,0,0,0,1
LJ500_R179_C046,684250,9590750,2023,5,2023-05,100,0,no_incendio_observado,0,0,0,0,0,1
LJ500_R180_C071,696750,9591250,2023,5,2023-05,100,0,no_incendio_observado,0,0,0,0,0,1
LJ500_R183_C039,680750,9592750,2023,5,2023-05,100,0,no_incendio_observado,0,0,0,0,0,1
LJ500_R184_C039,680750,9593250,2023,5,2023-05,,,indeterminado_sin_soporte,,,,,,0
LJ500_R184_C066,694250,9593250,2023,5,2023-05,100,0,no_incendio_observado,0,0,0,0,0,1
LJ500_R006_C075,698750,9504250,2023,6,2023-06,100,0,no_incendio_observado,0,0,0,0,0,1
LJ500_R011_C068,695250,9506750,2023,6,2023-06,100,0,no_incendio_observado,0,0,0,0,0,1
LJ500_R012_C055,688750,9507250,2023,6,2023-06,100,0,no_incendio_observado,0,0,0,0,0,1
LJ500_R020_C061,691750,9511250,2023,6,2023-06,100,0,no_incendio_observado,0,0,0,0,0,1
LJ500_R033_C056,689250,9517750,2023,6,2023-06,100,0,no_incendio_observado,0,0,0,0,0,1
LJ500_R035_C085,703750,9518750,2023,6,2023-06,100,0,no_incendio_observado,0,0,0,0,0,1
LJ500_R039_C072,697250,9520750,2023,6,2023-06,100,0,no_incendio_observado,0,0,0,0,0,1
LJ500_R040_C060,691250,9521250,2023,6,2023-06,100,0,no_incendio_observado,0,0,0,0,0,1
LJ500_R041_C061,691750,9521750,2023,6,2023-06,100,0,no_incendio_observado,0,0,0,0,0,1
LJ500_R043_C058,690250,9522750,2023,6,2023-06,100,0,no_incendio_observado,0,0,0,0,0,1
LJ500_R045_C083,702750,9523750,2023,6,2023-06,100,0,no_incendio_observado,0,0,0,0,0,1
LJ500_R046_C064,693250,9524250,2023,6,2023-06,100,0,no_incendio_observado,0,0,0,0,0,1
LJ500_R048_C071,696750,9525250,2023,6,2023-06,100,0,no_incendio_observado,0,0,0,0,0,1
LJ500_R050_C095,708750,9526250,2023,6,2023-06,100,0,no_incendio_observado,0,0,0,0,0,1
LJ500_R056_C049,685750,9529250,2023,6,2023-06,100,0,no_incendio_observado,0,0,0,0,0,1
LJ500_R058_C079,700750,9530250,2023,6,2023-06,100,0,no_incendio_observado,0,0,0,0,0,1
LJ500_R063_C060,691250,9532750,2023,6,2023-06,100,0,no_incendio_observado,0,0,0,0,0,1
LJ500_R064_C084,703250,9533250,2023,6,2023-06,100,0,no_incendio_observado,0,0,0,0,0,1
LJ500_R069_C057,689750,9535750,2023,6,2023-06,100,0,no_incendio_observado,0,0,0,0,0,1
LJ500_R072_C062,692250,9537250,2023,6,2023-06,100,0,no_incendio_observado,0,0,0,0,0,1
LJ500_R072_C095,708750,9537250,2023,6,2023-06,100,0,no_incendio_observado,0,0,0,0,0,1
LJ500_R074_C074,698250,9538250,2023,6,2023-06,100,0,no_incendio_observado,0,0,0,0,0,1
LJ500_R078_C076,699250,9540250,2023,6,2023-06,100,0,no_incendio_observado,0,0,0,0,0,1
LJ500_R079_C076,699250,9540750,2023,6,2023-06,100,0,no_incendio_observado,0,0,0,0,0,1
LJ500_R093_C071,696750,9547750,2023,6,2023-06,100,0,no_incendio_observado,0,0,0,0,0,1
LJ500_R093_C073,697750,9547750,2023,6,2023-06,100,0,no_incendio_observado,0,0,0,0,0,1
LJ500_R096_C074,698250,9549250,2023,6,2023-06,100,0,no_incendio_observado,0,0,0,0,0,1
LJ500_R098_C085,703750,9550250,2023,6,2023-06,100,0,no_incendio_observado,0,0,0,0,0,1
LJ500_R101_C091,706750,9551750,2023,6,2023-06,100,0,no_incendio_observado,0,0,0,0,0,1
LJ500_R106_C080,701250,9554250,2023,6,2023-06,100,0,no_incendio_observado,0,0,0,0,0,1
LJ500_R108_C065,693750,9555250,2023,6,2023-06,,,indeterminado_sin_soporte,,,,,,0
LJ500_R109_C088,705250,9555750,2023,6,2023-06,100,0,no_incendio_observado,0,0,0,0,0,1
LJ500_R119_C079,700750,9560750,2023,6,2023-06,100,0,no_incendio_observado,0,0,0,0,0,1
LJ500_R122_C070,696250,9562250,2023,6,2023-06,100,0,no_incendio_observado,0,0,0,0,0,1
LJ500_R125_C065,693750,9563750,2023,6,2023-06,100,0,no_incendio_observado,0,0,0,0,0,1
LJ500_R131_C053,687750,9566750,2023,6,2023-06,100,0,no_incendio_observado,0,0,0,0,0,1
LJ500_R132_C080,701250,9567250,2023,6,2023-06,100,0,no_incendio_observado,0,0,0,0,0,1
LJ500_R138_C087,704750,9570250,2023,6,2023-06,100,0,no_incendio_observado,0,0,0,0,0,1
LJ500_R142_C071,696750,9572250,2023,6,2023-06,100,0,no_incendio_observado,0,0,0,0,0,1
LJ500_R145_C054,688250,9573750,2023,6,2023-06,100,0,no_incendio_observado,0,0,0,0,0,1
LJ500_R147_C083,702750,9574750,2023,6,2023-06,100,0,no_incendio_observado,0,0,0,0,0,1
LJ500_R156_C028,675250,9579250,2023,6,2023-06,100,0,no_incendio_observado,0,0,0,0,0,1
LJ500_R156_C067,694750,9579250,2023,6,2023-06,100,0,no_incendio_observado,0,0,0,0,0,1
LJ500_R156_C079,700750,9579250,2023,6,2023-06,100,0,no_incendio_observado,0,0,0,0,0,1
LJ500_R157_C009,665750,9579750,2023,6,2023-06,100,0,no_incendio_observado,0,0,0,0,0,1
LJ500_R158_C065,693750,9580250,2023,6,2023-06,100,0,no_incendio_observado,0,0,0,0,0,1
LJ500_R160_C074,698250,9581250,2023,6,2023-06,100,0,no_incendio_observado,0,0,0,0,0,1
LJ500_R161_C066,694250,9581750,2023,6,2023-06,100,0,no_incendio_observado,0,0,0,0,0,1
LJ500_R164_C043,682750,9583250,2023,6,2023-06,100,0,no_incendio_observado,0,0,0,0,0,1
LJ500_R164_C059,690750,9583250,2023,6,2023-06,100,0,no_incendio_observado,0,0,0,0,0,1
LJ500_R166_C072,697250,9584250,2023,6,2023-06,100,0,no_incendio_observado,0,0,0,0,0,1
LJ500_R167_C067,694750,9584750,2023,6,2023-06,100,0,no_incendio_observado,0,0,0,0,0,1
LJ500_R168_C045,683750,9585250,2023,6,2023-06,100,0,no_incendio_observado,0,0,0,0,0,1
LJ500_R173_C033,677750,9587750,2023,6,2023-06,100,0,no_incendio_observado,0,0,0,0,0,1
LJ500_R178_C063,692750,9590250,2023,6,2023-06,100,0,no_incendio_observado,0,0,0,0,0,1
LJ500_R179_C046,684250,9590750,2023,6,2023-06,100,0,no_incendio_observado,0,0,0,0,0,1
LJ500_R180_C071,696750,9591250,2023,6,2023-06,100,0,no_incendio_observado,0,0,0,0,0,1
LJ500_R183_C039,680750,9592750,2023,6,2023-06,100,0,no_incendio_observado,0,0,0,0,0,1
LJ500_R184_C039,680750,9593250,2023,6,2023-06,,,indeterminado_sin_soporte,,,,,,0
LJ500_R184_C066,694250,9593250,2023,6,2023-06,100,0,no_incendio_observado,0,0,0,0,0,1
LJ500_R006_C075,698750,9504250,2023,7,2023-07,93.55,0,no_incendio_observado,0,0,0,,,1
LJ500_R011_C068,695250,9506750,2023,7,2023-07,93.55,0,no_incendio_observado,0,0,0,,,1
LJ500_R012_C055,688750,9507250,2023,7,2023-07,93.55,0,no_incendio_observado,0,0,0,,,1
LJ500_R020_C061,691750,9511250,2023,7,2023-07,93.55,0,no_incendio_observado,0,0,0,,,1
LJ500_R033_C056,689250,9517750,2023,7,2023-07,93.55,0,no_incendio_observado,0,0,0,,,1
LJ500_R035_C085,703750,9518750,2023,7,2023-07,93.55,0,no_incendio_observado,0,0,0,,,1
LJ500_R039_C072,697250,9520750,2023,7,2023-07,93.55,0,no_incendio_observado,0,0,0,,,1
LJ500_R040_C060,691250,9521250,2023,7,2023-07,93.55,0,no_incendio_observado,0,0,0,,,1
LJ500_R041_C061,691750,9521750,2023,7,2023-07,93.55,0,no_incendio_observado,0,0,0,,,1
LJ500_R043_C058,690250,9522750,2023,7,2023-07,93.55,0,no_incendio_observado,0,0,0,,,1
LJ500_R045_C083,702750,9523750,2023,7,2023-07,93.55,0,no_incendio_observado,0,0,0,,,1
LJ500_R046_C064,693250,9524250,2023,7,2023-07,93.55,0,no_incendio_observado,0,0,0,,,1
LJ500_R048_C071,696750,9525250,2023,7,2023-07,93.55,0,no_incendio_observado,0,0,0,,,1
LJ500_R050_C095,708750,9526250,2023,7,2023-07,93.55,0,no_incendio_observado,0,0,0,,,1
LJ500_R056_C049,685750,9529250,2023,7,2023-07,93.55,0,no_incendio_observado,0,0,0,,,1
LJ500_R058_C079,700750,9530250,2023,7,2023-07,93.55,0,no_incendio_observado,0,0,0,,,1
LJ500_R063_C060,691250,9532750,2023,7,2023-07,93.55,0,no_incendio_observado,0,0,0,,,1
LJ500_R064_C084,703250,9533250,2023,7,2023-07,93.55,0,no_incendio_observado,0,0,0,,,1
LJ500_R069_C057,689750,9535750,2023,7,2023-07,93.55,0,no_incendio_observado,0,0,0,,,1
LJ500_R072_C062,692250,9537250,2023,7,2023-07,93.55,0,no_incendio_observado,0,0,0,,,1
LJ500_R072_C095,708750,9537250,2023,7,2023-07,93.55,0,no_incendio_observado,0,0,0,,,1
LJ500_R074_C074,698250,9538250,2023,7,2023-07,93.55,0,no_incendio_observado,0,0,0,,,1
LJ500_R078_C076,699250,9540250,2023,7,2023-07,93.55,0,no_incendio_observado,0,0,0,,,1
LJ500_R079_C076,699250,9540750,2023,7,2023-07,93.55,0,no_incendio_observado,0,0,0,,,1
LJ500_R093_C071,696750,9547750,2023,7,2023-07,93.55,0,no_incendio_observado,0,0,0,,,1
LJ500_R093_C073,697750,9547750,2023,7,2023-07,93.55,0,no_incendio_observado,0,0,0,,,1
LJ500_R096_C074,698250,9549250,2023,7,2023-07,93.55,0,no_incendio_observado,0,0,0,,,1
LJ500_R098_C085,703750,9550250,2023,7,2023-07,93.55,0,no_incendio_observado,0,0,0,,,1
LJ500_R101_C091,706750,9551750,2023,7,2023-07,93.55,0,no_incendio_observado,0,0,0,,,1
LJ500_R106_C080,701250,9554250,2023,7,2023-07,93.55,0,no_incendio_observado,0,0,0,,,1
LJ500_R108_C065,693750,9555250,2023,7,2023-07,,,indeterminado_sin_soporte,,,,,,0
LJ500_R109_C088,705250,9555750,2023,7,2023-07,93.55,0,no_incendio_observado,0,0,0,,,1
LJ500_R119_C079,700750,9560750,2023,7,2023-07,93.55,0,no_incendio_observado,0,0,0,,,1
LJ500_R122_C070,696250,9562250,2023,7,2023-07,93.55,0,no_incendio_observado,0,0,0,,,1
LJ500_R125_C065,693750,9563750,2023,7,2023-07,93.55,0,no_incendio_observado,0,0,0,,,1
LJ500_R131_C053,687750,9566750,2023,7,2023-07,93.55,0,no_incendio_observado,0,0,0,,,1
LJ500_R132_C080,701250,9567250,2023,7,2023-07,93.55,0,no_incendio_observado,0,0,0,,,1
LJ500_R138_C087,704750,9570250,2023,7,2023-07,93.55,0,no_incendio_observado,0,0,0,,,1
LJ500_R142_C071,696750,9572250,2023,7,2023-07,93.55,0,no_incendio_observado,0,0,0,,,1
LJ500_R145_C054,688250,9573750,2023,7,2023-07,93.55,0,no_incendio_observado,0,0,0,,,1
LJ500_R147_C083,702750,9574750,2023,7,2023-07,93.55,0,no_incendio_observado,0,0,0,,,1
LJ500_R156_C028,675250,9579250,2023,7,2023-07,93.55,0,no_incendio_observado,0,0,0,,,1
LJ500_R156_C067,694750,9579250,2023,7,2023-07,93.55,0,no_incendio_observado,0,0,0,,,1
LJ500_R156_C079,700750,9579250,2023,7,2023-07,93.55,0,no_incendio_observado,0,0,0,,,1
LJ500_R157_C009,665750,9579750,2023,7,2023-07,93.55,1,incendio_observado,1,1,1,1,1,1
LJ500_R158_C065,693750,9580250,2023,7,2023-07,93.55,0,no_incendio_observado,0,0,0,,,1
LJ500_R160_C074,698250,9581250,2023,7,2023-07,93.55,0,no_incendio_observado,0,0,0,,,1
LJ500_R161_C066,694250,9581750,2023,7,2023-07,93.55,0,no_incendio_observado,0,0,0,,,1
LJ500_R164_C043,682750,9583250,2023,7,2023-07,93.55,0,no_incendio_observado,0,0,0,,,1
LJ500_R164_C059,690750,9583250,2023,7,2023-07,93.55,0,no_incendio_observado,0,0,0,,,1
LJ500_R166_C072,697250,9584250,2023,7,2023-07,93.55,0,no_incendio_observado,0,0,0,,,1
LJ500_R167_C067,694750,9584750,2023,7,2023-07,93.55,0,no_incendio_observado,0,0,0,,,1
LJ500_R168_C045,683750,9585250,2023,7,2023-07,93.55,0,no_incendio_observado,0,0,0,,,1
LJ500_R173_C033,677750,9587750,2023,7,2023-07,93.55,0,no_incendio_observado,0,0,0,,,1
LJ500_R178_C063,692750,9590250,2023,7,2023-07,93.55,0,no_incendio_observado,0,0,0,,,1
LJ500_R179_C046,684250,9590750,2023,7,2023-07,93.55,0,no_incendio_observado,0,0,0,,,1
LJ500_R180_C071,696750,9591250,2023,7,2023-07,93.55,0,no_incendio_observado,0,0,0,,,1
LJ500_R183_C039,680750,9592750,2023,7,2023-07,93.55,0,no_incendio_observado,0,0,0,,,1
LJ500_R184_C039,680750,9593250,2023,7,2023-07,,,indeterminado_sin_soporte,,,,,,0
LJ500_R184_C066,694250,9593250,2023,7,2023-07,93.55,0,no_incendio_observado,0,0,0,,,1
LJ500_R006_C075,698750,9504250,2023,8,2023-08,100,0,no_incendio_observado,0,0,0,0,0,1
LJ500_R011_C068,695250,9506750,2023,8,2023-08,100,0,no_incendio_observado,0,0,0,0,0,1
LJ500_R012_C055,688750,9507250,2023,8,2023-08,100,0,no_incendio_observado,0,0,0,0,0,1
LJ500_R020_C061,691750,9511250,2023,8,2023-08,100,0,no_incendio_observado,0,0,0,0,0,1
LJ500_R033_C056,689250,9517750,2023,8,2023-08,100,0,no_incendio_observado,0,0,0,0,0,1
LJ500_R035_C085,703750,9518750,2023,8,2023-08,100,0,no_incendio_observado,0,0,0,0,0,1
LJ500_R039_C072,697250,9520750,2023,8,2023-08,100,0,no_incendio_observado,0,0,0,0,0,1
LJ500_R040_C060,691250,9521250,2023,8,2023-08,100,0,no_incendio_observado,0,0,0,0,0,1
LJ500_R041_C061,691750,9521750,2023,8,2023-08,100,0,no_incendio_observado,0,0,0,0,0,1
LJ500_R043_C058,690250,9522750,2023,8,2023-08,100,0,no_incendio_observado,0,0,0,0,0,1
LJ500_R045_C083,702750,9523750,2023,8,2023-08,100,0,no_incendio_observado,0,0,0,0,0,1
LJ500_R046_C064,693250,9524250,2023,8,2023-08,100,0,no_incendio_observado,0,0,0,0,0,1
LJ500_R048_C071,696750,9525250,2023,8,2023-08,100,0,no_incendio_observado,0,0,0,0,0,1
LJ500_R050_C095,708750,9526250,2023,8,2023-08,100,0,no_incendio_observado,0,0,0,0,0,1
LJ500_R056_C049,685750,9529250,2023,8,2023-08,100,0,no_incendio_observado,0,0,0,0,0,1
LJ500_R058_C079,700750,9530250,2023,8,2023-08,100,0,no_incendio_observado,0,0,0,0,0,1
LJ500_R063_C060,691250,9532750,2023,8,2023-08,100,0,no_incendio_observado,0,0,0,0,0,1
LJ500_R064_C084,703250,9533250,2023,8,2023-08,100,0,no_incendio_observado,0,0,0,0,0,1
LJ500_R069_C057,689750,9535750,2023,8,2023-08,100,0,no_incendio_observado,0,0,0,0,0,1
LJ500_R072_C062,692250,9537250,2023,8,2023-08,100,0,no_incendio_observado,0,0,0,0,0,1
LJ500_R072_C095,708750,9537250,2023,8,2023-08,100,0,no_incendio_observado,0,0,0,0,0,1
LJ500_R074_C074,698250,9538250,2023,8,2023-08,100,0,no_incendio_observado,0,0,0,0,0,1
LJ500_R078_C076,699250,9540250,2023,8,2023-08,100,0,no_incendio_observado,0,0,0,0,0,1
LJ500_R079_C076,699250,9540750,2023,8,2023-08,100,0,no_incendio_observado,0,0,0,0,0,1
LJ500_R093_C071,696750,9547750,2023,8,2023-08,100,0,no_incendio_observado,0,0,0,0,0,1
LJ500_R093_C073,697750,9547750,2023,8,2023-08,100,0,no_incendio_observado,0,0,0,0,0,1
LJ500_R096_C074,698250,9549250,2023,8,2023-08,100,0,no_incendio_observado,0,0,0,0,0,1
LJ500_R098_C085,703750,9550250,2023,8,2023-08,100,0,no_incendio_observado,0,0,0,0,0,1
LJ500_R101_C091,706750,9551750,2023,8,2023-08,100,0,no_incendio_observado,0,0,0,0,0,1
LJ500_R106_C080,701250,9554250,2023,8,2023-08,100,0,no_incendio_observado,0,0,0,0,0,1
LJ500_R108_C065,693750,9555250,2023,8,2023-08,,,indeterminado_sin_soporte,,,,,,0
LJ500_R109_C088,705250,9555750,2023,8,2023-08,100,0,no_incendio_observado,0,0,0,0,0,1
LJ500_R119_C079,700750,9560750,2023,8,2023-08,100,0,no_incendio_observado,0,0,0,0,0,1
LJ500_R122_C070,696250,9562250,2023,8,2023-08,100,0,no_incendio_observado,0,0,0,0,0,1
LJ500_R125_C065,693750,9563750,2023,8,2023-08,100,0,no_incendio_observado,0,0,0,0,0,1
LJ500_R131_C053,687750,9566750,2023,8,2023-08,100,1,incendio_observado,1,1,1,1,1,1
LJ500_R132_C080,701250,9567250,2023,8,2023-08,100,0,no_incendio_observado,0,0,0,0,0,1
LJ500_R138_C087,704750,9570250,2023,8,2023-08,100,0,no_incendio_observado,0,0,0,0,0,1
LJ500_R142_C071,696750,9572250,2023,8,2023-08,100,0,no_incendio_observado,0,0,0,0,0,1
LJ500_R145_C054,688250,9573750,2023,8,2023-08,100,0,no_incendio_observado,0,0,0,0,0,1
LJ500_R147_C083,702750,9574750,2023,8,2023-08,100,0,no_incendio_observado,0,0,0,0,0,1
LJ500_R156_C028,675250,9579250,2023,8,2023-08,100,0,no_incendio_observado,0,0,0,0,0,1
LJ500_R156_C067,694750,9579250,2023,8,2023-08,100,0,no_incendio_observado,0,0,0,0,0,1
LJ500_R156_C079,700750,9579250,2023,8,2023-08,100,0,no_incendio_observado,0,0,0,0,0,1
LJ500_R157_C009,665750,9579750,2023,8,2023-08,100,0,no_incendio_observado,0,0,0,0,0,1
LJ500_R158_C065,693750,9580250,2023,8,2023-08,100,0,no_incendio_observado,0,0,0,0,0,1
LJ500_R160_C074,698250,9581250,2023,8,2023-08,100,0,no_incendio_observado,0,0,0,0,0,1
LJ500_R161_C066,694250,9581750,2023,8,2023-08,100,0,no_incendio_observado,0,0,0,0,0,1
LJ500_R164_C043,682750,9583250,2023,8,2023-08,100,0,no_incendio_observado,0,0,0,0,0,1
LJ500_R164_C059,690750,9583250,2023,8,2023-08,100,0,no_incendio_observado,0,0,0,0,0,1
LJ500_R166_C072,697250,9584250,2023,8,2023-08,100,0,no_incendio_observado,0,0,0,0,0,1
LJ500_R167_C067,694750,9584750,2023,8,2023-08,100,0,no_incendio_observado,0,0,0,0,0,1
LJ500_R168_C045,683750,9585250,2023,8,2023-08,100,0,no_incendio_observado,0,0,0,0,0,1
LJ500_R173_C033,677750,9587750,2023,8,2023-08,100,0,no_incendio_observado,0,0,0,0,0,1
LJ500_R178_C063,692750,9590250,2023,8,2023-08,100,0,no_incendio_observado,0,0,0,0,0,1
LJ500_R179_C046,684250,9590750,2023,8,2023-08,100,0,no_incendio_observado,0,0,0,0,0,1
LJ500_R180_C071,696750,9591250,2023,8,2023-08,100,0,no_incendio_observado,0,0,0,0,0,1
LJ500_R183_C039,680750,9592750,2023,8,2023-08,100,0,no_incendio_observado,0,0,0,0,0,1
LJ500_R184_C039,680750,9593250,2023,8,2023-08,,,indeterminado_sin_soporte,,,,,,0
LJ500_R184_C066,694250,9593250,2023,8,2023-08,100,0,no_incendio_observado,0,0,0,0,0,1
LJ500_R006_C075,698750,9504250,2023,9,2023-09,100,0,no_incendio_observado,0,0,0,0,0,1
LJ500_R011_C068,695250,9506750,2023,9,2023-09,100,0,no_incendio_observado,0,0,0,0,0,1
LJ500_R012_C055,688750,9507250,2023,9,2023-09,100,0,no_incendio_observado,0,0,0,0,0,1
LJ500_R020_C061,691750,9511250,2023,9,2023-09,100,0,no_incendio_observado,0,0,0,0,0,1
LJ500_R033_C056,689250,9517750,2023,9,2023-09,100,0,no_incendio_observado,0,0,0,0,0,1
LJ500_R035_C085,703750,9518750,2023,9,2023-09,100,1,incendio_observado,1,1,1,1,1,1
LJ500_R039_C072,697250,9520750,2023,9,2023-09,100,0,no_incendio_observado,0,0,0,0,0,1
LJ500_R040_C060,691250,9521250,2023,9,2023-09,100,0,no_incendio_observado,0,0,0,0,0,1
LJ500_R041_C061,691750,9521750,2023,9,2023-09,100,0,no_incendio_observado,0,0,0,0,0,1
LJ500_R043_C058,690250,9522750,2023,9,2023-09,100,0,no_incendio_observado,0,0,0,0,0,1
LJ500_R045_C083,702750,9523750,2023,9,2023-09,100,0,no_incendio_observado,0,0,0,0,0,1
LJ500_R046_C064,693250,9524250,2023,9,2023-09,100,0,no_incendio_observado,0,0,0,0,0,1
LJ500_R048_C071,696750,9525250,2023,9,2023-09,100,0,no_incendio_observado,0,0,0,0,0,1
LJ500_R050_C095,708750,9526250,2023,9,2023-09,100,0,no_incendio_observado,0,0,0,0,0,1
LJ500_R056_C049,685750,9529250,2023,9,2023-09,100,0,no_incendio_observado,0,0,0,0,0,1
LJ500_R058_C079,700750,9530250,2023,9,2023-09,100,0,no_incendio_observado,0,0,0,0,0,1
LJ500_R063_C060,691250,9532750,2023,9,2023-09,100,0,no_incendio_observado,0,0,0,0,0,1
LJ500_R064_C084,703250,9533250,2023,9,2023-09,100,0,no_incendio_observado,0,0,0,0,0,1
LJ500_R069_C057,689750,9535750,2023,9,2023-09,100,0,no_incendio_observado,0,0,0,0,0,1
LJ500_R072_C062,692250,9537250,2023,9,2023-09,100,0,no_incendio_observado,0,0,0,0,0,1
LJ500_R072_C095,708750,9537250,2023,9,2023-09,100,0,no_incendio_observado,0,0,0,0,0,1
LJ500_R074_C074,698250,9538250,2023,9,2023-09,100,0,no_incendio_observado,0,0,0,0,0,1
LJ500_R078_C076,699250,9540250,2023,9,2023-09,100,0,no_incendio_observado,0,0,0,0,0,1
LJ500_R079_C076,699250,9540750,2023,9,2023-09,100,0,no_incendio_observado,0,0,0,0,0,1
LJ500_R093_C071,696750,9547750,2023,9,2023-09,100,0,no_incendio_observado,0,0,0,0,0,1
LJ500_R093_C073,697750,9547750,2023,9,2023-09,100,0,no_incendio_observado,0,0,0,0,0,1
LJ500_R096_C074,698250,9549250,2023,9,2023-09,100,0,no_incendio_observado,0,0,0,0,0,1
LJ500_R098_C085,703750,9550250,2023,9,2023-09,100,0,no_incendio_observado,0,0,0,0,0,1
LJ500_R101_C091,706750,9551750,2023,9,2023-09,100,0,no_incendio_observado,0,0,0,0,0,1
LJ500_R106_C080,701250,9554250,2023,9,2023-09,100,0,no_incendio_observado,0,0,0,0,0,1
LJ500_R108_C065,693750,9555250,2023,9,2023-09,,,indeterminado_sin_soporte,,,,,,0
LJ500_R109_C088,705250,9555750,2023,9,2023-09,100,0,no_incendio_observado,0,0,0,0,0,1
LJ500_R119_C079,700750,9560750,2023,9,2023-09,100,0,no_incendio_observado,0,0,0,0,0,1
LJ500_R122_C070,696250,9562250,2023,9,2023-09,100,0,no_incendio_observado,0,0,0,0,0,1
LJ500_R125_C065,693750,9563750,2023,9,2023-09,100,0,no_incendio_observado,0,0,0,0,0,1
LJ500_R131_C053,687750,9566750,2023,9,2023-09,100,0,no_incendio_observado,0,0,0,0,0,1
LJ500_R132_C080,701250,9567250,2023,9,2023-09,100,0,no_incendio_observado,0,0,0,0,0,1
LJ500_R138_C087,704750,9570250,2023,9,2023-09,100,0,no_incendio_observado,0,0,0,0,0,1
LJ500_R142_C071,696750,9572250,2023,9,2023-09,100,0,no_incendio_observado,0,0,0,0,0,1
LJ500_R145_C054,688250,9573750,2023,9,2023-09,100,0,no_incendio_observado,0,0,0,0,0,1
LJ500_R147_C083,702750,9574750,2023,9,2023-09,100,0,no_incendio_observado,0,0,0,0,0,1
LJ500_R156_C028,675250,9579250,2023,9,2023-09,100,0,no_incendio_observado,0,0,0,0,0,1
LJ500_R156_C067,694750,9579250,2023,9,2023-09,100,0,no_incendio_observado,0,0,0,0,0,1
LJ500_R156_C079,700750,9579250,2023,9,2023-09,100,0,no_incendio_observado,0,0,0,0,0,1
LJ500_R157_C009,665750,9579750,2023,9,2023-09,100,0,no_incendio_observado,0,0,0,0,0,1
LJ500_R158_C065,693750,9580250,2023,9,2023-09,100,0,no_incendio_observado,0,0,0,0,0,1
LJ500_R160_C074,698250,9581250,2023,9,2023-09,100,0,no_incendio_observado,0,0,0,0,0,1
LJ500_R161_C066,694250,9581750,2023,9,2023-09,100,0,no_incendio_observado,0,0,0,0,0,1
LJ500_R164_C043,682750,9583250,2023,9,2023-09,100,0,no_incendio_observado,0,0,0,0,0,1
LJ500_R164_C059,690750,9583250,2023,9,2023-09,100,0,no_incendio_observado,0,0,0,0,0,1
LJ500_R166_C072,697250,9584250,2023,9,2023-09,100,0,no_incendio_observado,0,0,0,0,0,1
LJ500_R167_C067,694750,9584750,2023,9,2023-09,100,0,no_incendio_observado,0,0,0,0,0,1
LJ500_R168_C045,683750,9585250,2023,9,2023-09,100,1,incendio_observado,1,1,1,1,1,1
LJ500_R173_C033,677750,9587750,2023,9,2023-09,100,0,no_incendio_observado,0,0,0,0,0,1
LJ500_R178_C063,692750,9590250,2023,9,2023-09,100,0,no_incendio_observado,0,0,0,0,0,1
LJ500_R179_C046,684250,9590750,2023,9,2023-09,100,0,no_incendio_observado,0,0,0,0,0,1
LJ500_R180_C071,696750,9591250,2023,9,2023-09,100,0,no_incendio_observado,0,0,0,0,0,1
LJ500_R183_C039,680750,9592750,2023,9,2023-09,100,0,no_incendio_observado,0,0,0,0,0,1
LJ500_R184_C039,680750,9593250,2023,9,2023-09,,,indeterminado_sin_soporte,,,,,,0
LJ500_R184_C066,694250,9593250,2023,9,2023-09,100,0,no_incendio_observado,0,0,0,0,0,1
LJ500_R006_C075,698750,9504250,2023,10,2023-10,100,0,no_incendio_observado,0,0,0,0,0,1
LJ500_R011_C068,695250,9506750,2023,10,2023-10,100,0,no_incendio_observado,0,0,0,0,0,1
LJ500_R012_C055,688750,9507250,2023,10,2023-10,100,0,no_incendio_observado,0,0,0,0,0,1
LJ500_R020_C061,691750,9511250,2023,10,2023-10,100,0,no_incendio_observado,0,0,0,0,0,1
LJ500_R033_C056,689250,9517750,2023,10,2023-10,100,0,no_incendio_observado,0,0,0,0,0,1
LJ500_R035_C085,703750,9518750,2023,10,2023-10,100,0,no_incendio_observado,0,0,0,0,0,1
LJ500_R039_C072,697250,9520750,2023,10,2023-10,100,0,no_incendio_observado,0,0,0,0,0,1
LJ500_R040_C060,691250,9521250,2023,10,2023-10,100,0,no_incendio_observado,0,0,0,0,0,1
LJ500_R041_C061,691750,9521750,2023,10,2023-10,100,0,no_incendio_observado,0,0,0,0,0,1
LJ500_R043_C058,690250,9522750,2023,10,2023-10,100,0,no_incendio_observado,0,0,0,0,0,1
LJ500_R045_C083,702750,9523750,2023,10,2023-10,100,0,no_incendio_observado,0,0,0,0,0,1
LJ500_R046_C064,693250,9524250,2023,10,2023-10,100,0,no_incendio_observado,0,0,0,0,0,1
LJ500_R048_C071,696750,9525250,2023,10,2023-10,100,0,no_incendio_observado,0,0,0,0,0,1
LJ500_R050_C095,708750,9526250,2023,10,2023-10,100,0,no_incendio_observado,0,0,0,0,0,1
LJ500_R056_C049,685750,9529250,2023,10,2023-10,100,0,no_incendio_observado,0,0,0,0,0,1
LJ500_R058_C079,700750,9530250,2023,10,2023-10,100,0,no_incendio_observado,0,0,0,0,0,1
LJ500_R063_C060,691250,9532750,2023,10,2023-10,100,0,no_incendio_observado,0,0,0,0,0,1
LJ500_R064_C084,703250,9533250,2023,10,2023-10,100,0,no_incendio_observado,0,0,0,0,0,1
LJ500_R069_C057,689750,9535750,2023,10,2023-10,100,0,no_incendio_observado,0,0,0,0,0,1
LJ500_R072_C062,692250,9537250,2023,10,2023-10,100,0,no_incendio_observado,0,0,0,0,0,1
LJ500_R072_C095,708750,9537250,2023,10,2023-10,100,0,no_incendio_observado,0,0,0,0,0,1
LJ500_R074_C074,698250,9538250,2023,10,2023-10,100,0,no_incendio_observado,0,0,0,0,0,1
LJ500_R078_C076,699250,9540250,2023,10,2023-10,100,0,no_incendio_observado,0,0,0,0,0,1
LJ500_R079_C076,699250,9540750,2023,10,2023-10,100,0,no_incendio_observado,0,0,0,0,0,1
LJ500_R093_C071,696750,9547750,2023,10,2023-10,100,0,no_incendio_observado,0,0,0,0,0,1
LJ500_R093_C073,697750,9547750,2023,10,2023-10,100,0,no_incendio_observado,0,0,0,0,0,1
LJ500_R096_C074,698250,9549250,2023,10,2023-10,100,0,no_incendio_observado,0,0,0,0,0,1
LJ500_R098_C085,703750,9550250,2023,10,2023-10,100,0,no_incendio_observado,0,0,0,0,0,1
LJ500_R101_C091,706750,9551750,2023,10,2023-10,100,0,no_incendio_observado,0,0,0,0,0,1
LJ500_R106_C080,701250,9554250,2023,10,2023-10,100,0,no_incendio_observado,0,0,0,0,0,1
LJ500_R108_C065,693750,9555250,2023,10,2023-10,,,indeterminado_sin_soporte,,,,,,0
LJ500_R109_C088,705250,9555750,2023,10,2023-10,100,0,no_incendio_observado,0,0,0,0,0,1
LJ500_R119_C079,700750,9560750,2023,10,2023-10,100,0,no_incendio_observado,0,0,0,0,0,1
LJ500_R122_C070,696250,9562250,2023,10,2023-10,100,0,no_incendio_observado,0,0,0,0,0,1
LJ500_R125_C065,693750,9563750,2023,10,2023-10,100,0,no_incendio_observado,0,0,0,0,0,1
LJ500_R131_C053,687750,9566750,2023,10,2023-10,100,0,no_incendio_observado,0,0,0,0,0,1
LJ500_R132_C080,701250,9567250,2023,10,2023-10,100,0,no_incendio_observado,0,0,0,0,0,1
LJ500_R138_C087,704750,9570250,2023,10,2023-10,100,0,no_incendio_observado,0,0,0,0,0,1
LJ500_R142_C071,696750,9572250,2023,10,2023-10,100,0,no_incendio_observado,0,0,0,0,0,1
LJ500_R145_C054,688250,9573750,2023,10,2023-10,100,0,no_incendio_observado,0,0,0,0,0,1
LJ500_R147_C083,702750,9574750,2023,10,2023-10,100,0,no_incendio_observado,0,0,0,0,0,1
LJ500_R156_C028,675250,9579250,2023,10,2023-10,100,0,no_incendio_observado,0,0,0,0,0,1
LJ500_R156_C067,694750,9579250,2023,10,2023-10,100,0,no_incendio_observado,0,0,0,0,0,1
LJ500_R156_C079,700750,9579250,2023,10,2023-10,100,0,no_incendio_observado,0,0,0,0,0,1
LJ500_R157_C009,665750,9579750,2023,10,2023-10,100,0,no_incendio_observado,0,0,0,0,0,1
LJ500_R158_C065,693750,9580250,2023,10,2023-10,100,0,no_incendio_observado,0,0,0,0,0,1
LJ500_R160_C074,698250,9581250,2023,10,2023-10,100,0,no_incendio_observado,0,0,0,0,0,1
LJ500_R161_C066,694250,9581750,2023,10,2023-10,100,0,no_incendio_observado,0,0,0,0,0,1
LJ500_R164_C043,682750,9583250,2023,10,2023-10,100,0,no_incendio_observado,0,0,0,0,0,1
LJ500_R164_C059,690750,9583250,2023,10,2023-10,100,0,no_incendio_observado,0,0,0,0,0,1
LJ500_R166_C072,697250,9584250,2023,10,2023-10,100,0,no_incendio_observado,0,0,0,0,0,1
LJ500_R167_C067,694750,9584750,2023,10,2023-10,100,0,no_incendio_observado,0,0,0,0,0,1
LJ500_R168_C045,683750,9585250,2023,10,2023-10,100,0,no_incendio_observado,0,0,0,0,0,1
LJ500_R173_C033,677750,9587750,2023,10,2023-10,100,0,no_incendio_observado,0,0,0,0,0,1
LJ500_R178_C063,692750,9590250,2023,10,2023-10,100,0,no_incendio_observado,0,0,0,0,0,1
LJ500_R179_C046,684250,9590750,2023,10,2023-10,100,0,no_incendio_observado,0,0,0,0,0,1
LJ500_R180_C071,696750,9591250,2023,10,2023-10,100,0,no_incendio_observado,0,0,0,0,0,1
LJ500_R183_C039,680750,9592750,2023,10,2023-10,100,0,no_incendio_observado,0,0,0,0,0,1
LJ500_R184_C039,680750,9593250,2023,10,2023-10,,,indeterminado_sin_soporte,,,,,,0
LJ500_R184_C066,694250,9593250,2023,10,2023-10,100,0,no_incendio_observado,0,0,0,0,0,1
LJ500_R006_C075,698750,9504250,2023,11,2023-11,100,0,no_incendio_observado,0,0,0,0,0,1
LJ500_R011_C068,695250,9506750,2023,11,2023-11,100,0,no_incendio_observado,0,0,0,0,0,1
LJ500_R012_C055,688750,9507250,2023,11,2023-11,100,0,no_incendio_observado,0,0,0,0,0,1
LJ500_R020_C061,691750,9511250,2023,11,2023-11,100,0,no_incendio_observado,0,0,0,0,0,1
LJ500_R033_C056,689250,9517750,2023,11,2023-11,100,0,no_incendio_observado,0,0,0,0,0,1
LJ500_R035_C085,703750,9518750,2023,11,2023-11,100,0,no_incendio_observado,0,0,0,0,0,1
LJ500_R039_C072,697250,9520750,2023,11,2023-11,100,0,no_incendio_observado,0,0,0,0,0,1
LJ500_R040_C060,691250,9521250,2023,11,2023-11,100,0,no_incendio_observado,0,0,0,0,0,1
LJ500_R041_C061,691750,9521750,2023,11,2023-11,100,0,no_incendio_observado,0,0,0,0,0,1
LJ500_R043_C058,690250,9522750,2023,11,2023-11,100,0,no_incendio_observado,0,0,0,0,0,1
LJ500_R045_C083,702750,9523750,2023,11,2023-11,100,0,no_incendio_observado,0,0,0,0,0,1
LJ500_R046_C064,693250,9524250,2023,11,2023-11,100,0,no_incendio_observado,0,0,0,0,0,1
LJ500_R048_C071,696750,9525250,2023,11,2023-11,100,0,no_incendio_observado,0,0,0,0,0,1
LJ500_R050_C095,708750,9526250,2023,11,2023-11,100,0,no_incendio_observado,0,0,0,0,0,1
LJ500_R056_C049,685750,9529250,2023,11,2023-11,100,0,no_incendio_observado,0,0,0,0,0,1
LJ500_R058_C079,700750,9530250,2023,11,2023-11,100,0,no_incendio_observado,0,0,0,0,0,1
LJ500_R063_C060,691250,9532750,2023,11,2023-11,100,0,no_incendio_observado,0,0,0,0,0,1
LJ500_R064_C084,703250,9533250,2023,11,2023-11,100,0,no_incendio_observado,0,0,0,0,0,1
LJ500_R069_C057,689750,9535750,2023,11,2023-11,100,0,no_incendio_observado,0,0,0,0,0,1
LJ500_R072_C062,692250,9537250,2023,11,2023-11,100,0,no_incendio_observado,0,0,0,0,0,1
LJ500_R072_C095,708750,9537250,2023,11,2023-11,100,0,no_incendio_observado,0,0,0,0,0,1
LJ500_R074_C074,698250,9538250,2023,11,2023-11,100,0,no_incendio_observado,0,0,0,0,0,1
LJ500_R078_C076,699250,9540250,2023,11,2023-11,100,0,no_incendio_observado,0,0,0,0,0,1
LJ500_R079_C076,699250,9540750,2023,11,2023-11,100,0,no_incendio_observado,0,0,0,0,0,1
LJ500_R093_C071,696750,9547750,2023,11,2023-11,100,0,no_incendio_observado,0,0,0,0,0,1
LJ500_R093_C073,697750,9547750,2023,11,2023-11,100,0,no_incendio_observado,0,0,0,0,0,1
LJ500_R096_C074,698250,9549250,2023,11,2023-11,100,0,no_incendio_observado,0,0,0,0,0,1
LJ500_R098_C085,703750,9550250,2023,11,2023-11,100,0,no_incendio_observado,0,0,0,0,0,1
LJ500_R101_C091,706750,9551750,2023,11,2023-11,100,0,no_incendio_observado,0,0,0,0,0,1
LJ500_R106_C080,701250,9554250,2023,11,2023-11,100,0,no_incendio_observado,0,0,0,0,0,1
LJ500_R108_C065,693750,9555250,2023,11,2023-11,,,indeterminado_sin_soporte,,,,,,0
LJ500_R109_C088,705250,9555750,2023,11,2023-11,100,0,no_incendio_observado,0,0,0,0,0,1
LJ500_R119_C079,700750,9560750,2023,11,2023-11,100,0,no_incendio_observado,0,0,0,0,0,1
LJ500_R122_C070,696250,9562250,2023,11,2023-11,100,0,no_incendio_observado,0,0,0,0,0,1
LJ500_R125_C065,693750,9563750,2023,11,2023-11,100,0,no_incendio_observado,0,0,0,0,0,1
LJ500_R131_C053,687750,9566750,2023,11,2023-11,100,0,no_incendio_observado,0,0,0,0,0,1
LJ500_R132_C080,701250,9567250,2023,11,2023-11,100,0,no_incendio_observado,0,0,0,0,0,1
LJ500_R138_C087,704750,9570250,2023,11,2023-11,100,0,no_incendio_observado,0,0,0,0,0,1
LJ500_R142_C071,696750,9572250,2023,11,2023-11,100,0,no_incendio_observado,0,0,0,0,0,1
LJ500_R145_C054,688250,9573750,2023,11,2023-11,100,0,no_incendio_observado,0,0,0,0,0,1
LJ500_R147_C083,702750,9574750,2023,11,2023-11,100,1,incendio_observado,1,1,1,1,1,1
LJ500_R156_C028,675250,9579250,2023,11,2023-11,100,0,no_incendio_observado,0,0,0,0,0,1
LJ500_R156_C067,694750,9579250,2023,11,2023-11,100,0,no_incendio_observado,0,0,0,0,0,1
LJ500_R156_C079,700750,9579250,2023,11,2023-11,100,0,no_incendio_observado,0,0,0,0,0,1
LJ500_R157_C009,665750,9579750,2023,11,2023-11,100,0,no_incendio_observado,0,0,0,0,0,1
LJ500_R158_C065,693750,9580250,2023,11,2023-11,100,0,no_incendio_observado,0,0,0,0,0,1
LJ500_R160_C074,698250,9581250,2023,11,2023-11,100,0,no_incendio_observado,0,0,0,0,0,1
LJ500_R161_C066,694250,9581750,2023,11,2023-11,100,0,no_incendio_observado,0,0,0,0,0,1
LJ500_R164_C043,682750,9583250,2023,11,2023-11,100,0,no_incendio_observado,0,0,0,0,0,1
LJ500_R164_C059,690750,9583250,2023,11,2023-11,100,0,no_incendio_observado,0,0,0,0,0,1
LJ500_R166_C072,697250,9584250,2023,11,2023-11,100,0,no_incendio_observado,0,0,0,0,0,1
LJ500_R167_C067,694750,9584750,2023,11,2023-11,100,0,no_incendio_observado,0,0,0,0,0,1
LJ500_R168_C045,683750,9585250,2023,11,2023-11,100,0,no_incendio_observado,0,0,0,0,0,1
LJ500_R173_C033,677750,9587750,2023,11,2023-11,100,0,no_incendio_observado,0,0,0,0,0,1
LJ500_R178_C063,692750,9590250,2023,11,2023-11,100,0,no_incendio_observado,0,0,0,0,0,1
LJ500_R179_C046,684250,9590750,2023,11,2023-11,100,0,no_incendio_observado,0,0,0,0,0,1
LJ500_R180_C071,696750,9591250,2023,11,2023-11,100,0,no_incendio_observado,0,0,0,0,0,1
LJ500_R183_C039,680750,9592750,2023,11,2023-11,100,0,no_incendio_observado,0,0,0,0,0,1
LJ500_R184_C039,680750,9593250,2023,11,2023-11,,,indeterminado_sin_soporte,,,,,,0
LJ500_R184_C066,694250,9593250,2023,11,2023-11,100,0,no_incendio_observado,0,0,0,0,0,1
LJ500_R006_C075,698750,9504250,2023,12,2023-12,100,0,no_incendio_observado,0,0,0,0,0,1
LJ500_R011_C068,695250,9506750,2023,12,2023-12,100,0,no_incendio_observado,0,0,0,0,0,1
LJ500_R012_C055,688750,9507250,2023,12,2023-12,100,0,no_incendio_observado,0,0,0,0,0,1
LJ500_R020_C061,691750,9511250,2023,12,2023-12,100,0,no_incendio_observado,0,0,0,0,0,1
LJ500_R033_C056,689250,9517750,2023,12,2023-12,100,0,no_incendio_observado,0,0,0,0,0,1
LJ500_R035_C085,703750,9518750,2023,12,2023-12,100,0,no_incendio_observado,0,0,0,0,0,1
LJ500_R039_C072,697250,9520750,2023,12,2023-12,100,0,no_incendio_observado,0,0,0,0,0,1
LJ500_R040_C060,691250,9521250,2023,12,2023-12,100,0,no_incendio_observado,0,0,0,0,0,1
LJ500_R041_C061,691750,9521750,2023,12,2023-12,100,0,no_incendio_observado,0,0,0,0,0,1
LJ500_R043_C058,690250,9522750,2023,12,2023-12,100,0,no_incendio_observado,0,0,0,0,0,1
LJ500_R045_C083,702750,9523750,2023,12,2023-12,100,0,no_incendio_observado,0,0,0,0,0,1
LJ500_R046_C064,693250,9524250,2023,12,2023-12,100,0,no_incendio_observado,0,0,0,0,0,1
LJ500_R048_C071,696750,9525250,2023,12,2023-12,100,0,no_incendio_observado,0,0,0,0,0,1
LJ500_R050_C095,708750,9526250,2023,12,2023-12,100,0,no_incendio_observado,0,0,0,0,0,1
LJ500_R056_C049,685750,9529250,2023,12,2023-12,100,0,no_incendio_observado,0,0,0,0,0,1
LJ500_R058_C079,700750,9530250,2023,12,2023-12,100,0,no_incendio_observado,0,0,0,0,0,1
LJ500_R063_C060,691250,9532750,2023,12,2023-12,100,0,no_incendio_observado,0,0,0,0,0,1
LJ500_R064_C084,703250,9533250,2023,12,2023-12,100,0,no_incendio_observado,0,0,0,0,0,1
LJ500_R069_C057,689750,9535750,2023,12,2023-12,100,0,no_incendio_observado,0,0,0,0,0,1
LJ500_R072_C062,692250,9537250,2023,12,2023-12,100,0,no_incendio_observado,0,0,0,0,0,1
LJ500_R072_C095,708750,9537250,2023,12,2023-12,100,0,no_incendio_observado,0,0,0,0,0,1
LJ500_R074_C074,698250,9538250,2023,12,2023-12,100,0,no_incendio_observado,0,0,0,0,0,1
LJ500_R078_C076,699250,9540250,2023,12,2023-12,100,0,no_incendio_observado,0,0,0,0,0,1
LJ500_R079_C076,699250,9540750,2023,12,2023-12,100,0,no_incendio_observado,0,0,0,0,0,1
LJ500_R093_C071,696750,9547750,2023,12,2023-12,100,0,no_incendio_observado,0,0,0,0,0,1
LJ500_R093_C073,697750,9547750,2023,12,2023-12,100,0,no_incendio_observado,0,0,0,0,0,1
LJ500_R096_C074,698250,9549250,2023,12,2023-12,100,0,no_incendio_observado,0,0,0,0,0,1
LJ500_R098_C085,703750,9550250,2023,12,2023-12,100,0,no_incendio_observado,0,0,0,0,0,1
LJ500_R101_C091,706750,9551750,2023,12,2023-12,100,0,no_incendio_observado,0,0,0,0,0,1
LJ500_R106_C080,701250,9554250,2023,12,2023-12,100,0,no_incendio_observado,0,0,0,0,0,1
LJ500_R108_C065,693750,9555250,2023,12,2023-12,,,indeterminado_sin_soporte,,,,,,0
LJ500_R109_C088,705250,9555750,2023,12,2023-12,100,0,no_incendio_observado,0,0,0,0,0,1
LJ500_R119_C079,700750,9560750,2023,12,2023-12,100,0,no_incendio_observado,0,0,0,0,0,1
LJ500_R122_C070,696250,9562250,2023,12,2023-12,100,0,no_incendio_observado,0,0,0,0,0,1
LJ500_R125_C065,693750,9563750,2023,12,2023-12,100,0,no_incendio_observado,0,0,0,0,0,1
LJ500_R131_C053,687750,9566750,2023,12,2023-12,100,0,no_incendio_observado,0,0,0,0,0,1
LJ500_R132_C080,701250,9567250,2023,12,2023-12,100,0,no_incendio_observado,0,0,0,0,0,1
LJ500_R138_C087,704750,9570250,2023,12,2023-12,100,0,no_incendio_observado,0,0,0,0,0,1
LJ500_R142_C071,696750,9572250,2023,12,2023-12,100,0,no_incendio_observado,0,0,0,0,0,1
LJ500_R145_C054,688250,9573750,2023,12,2023-12,100,0,no_incendio_observado,0,0,0,0,0,1
LJ500_R147_C083,702750,9574750,2023,12,2023-12,100,0,no_incendio_observado,0,0,0,0,0,1
LJ500_R156_C028,675250,9579250,2023,12,2023-12,100,0,no_incendio_observado,0,0,0,0,0,1
LJ500_R156_C067,694750,9579250,2023,12,2023-12,100,0,no_incendio_observado,0,0,0,0,0,1
LJ500_R156_C079,700750,9579250,2023,12,2023-12,100,0,no_incendio_observado,0,0,0,0,0,1
LJ500_R157_C009,665750,9579750,2023,12,2023-12,100,0,no_incendio_observado,0,0,0,0,0,1
LJ500_R158_C065,693750,9580250,2023,12,2023-12,100,0,no_incendio_observado,0,0,0,0,0,1
LJ500_R160_C074,698250,9581250,2023,12,2023-12,100,0,no_incendio_observado,0,0,0,0,0,1
LJ500_R161_C066,694250,9581750,2023,12,2023-12,100,0,no_incendio_observado,0,0,0,0,0,1
LJ500_R164_C043,682750,9583250,2023,12,2023-12,100,0,no_incendio_observado,0,0,0,0,0,1
LJ500_R164_C059,690750,9583250,2023,12,2023-12,100,0,no_incendio_observado,0,0,0,0,0,1
LJ500_R166_C072,697250,9584250,2023,12,2023-12,100,0,no_incendio_observado,0,0,0,0,0,1
LJ500_R167_C067,694750,9584750,2023,12,2023-12,100,0,no_incendio_observado,0,0,0,0,0,1
LJ500_R168_C045,683750,9585250,2023,12,2023-12,100,0,no_incendio_observado,0,0,0,0,0,1
LJ500_R173_C033,677750,9587750,2023,12,2023-12,100,0,no_incendio_observado,0,0,0,0,0,1
LJ500_R178_C063,692750,9590250,2023,12,2023-12,100,0,no_incendio_observado,0,0,0,0,0,1
LJ500_R179_C046,684250,9590750,2023,12,2023-12,100,0,no_incendio_observado,0,0,0,0,0,1
LJ500_R180_C071,696750,9591250,2023,12,2023-12,100,0,no_incendio_observado,0,0,0,0,0,1
LJ500_R183_C039,680750,9592750,2023,12,2023-12,100,0,no_incendio_observado,0,0,0,0,0,1
LJ500_R184_C039,680750,9593250,2023,12,2023-12,,,indeterminado_sin_soporte,,,,,,0
LJ500_R184_C066,694250,9593250,2023,12,2023-12,100,0,no_incendio_observado,0,0,0,0,0,1
LJ500_R006_C075,698750,9504250,2024,1,2024-01,100,0,no_incendio_observado,0,0,0,0,0,1
LJ500_R011_C068,695250,9506750,2024,1,2024-01,100,0,no_incendio_observado,0,0,0,0,0,1
LJ500_R012_C055,688750,9507250,2024,1,2024-01,100,0,no_incendio_observado,0,0,0,0,0,1
LJ500_R020_C061,691750,9511250,2024,1,2024-01,100,0,no_incendio_observado,0,0,0,0,0,1
LJ500_R033_C056,689250,9517750,2024,1,2024-01,100,0,no_incendio_observado,0,0,0,0,0,1
LJ500_R035_C085,703750,9518750,2024,1,2024-01,100,0,no_incendio_observado,0,0,0,0,0,1
LJ500_R039_C072,697250,9520750,2024,1,2024-01,100,0,no_incendio_observado,0,0,0,0,0,1
LJ500_R040_C060,691250,9521250,2024,1,2024-01,100,0,no_incendio_observado,0,0,0,0,0,1
LJ500_R041_C061,691750,9521750,2024,1,2024-01,100,0,no_incendio_observado,0,0,0,0,0,1
LJ500_R043_C058,690250,9522750,2024,1,2024-01,100,0,no_incendio_observado,0,0,0,0,0,1
LJ500_R045_C083,702750,9523750,2024,1,2024-01,100,0,no_incendio_observado,0,0,0,0,0,1
LJ500_R046_C064,693250,9524250,2024,1,2024-01,100,0,no_incendio_observado,0,0,0,0,0,1
LJ500_R048_C071,696750,9525250,2024,1,2024-01,100,0,no_incendio_observado,0,0,0,0,0,1
LJ500_R050_C095,708750,9526250,2024,1,2024-01,100,0,no_incendio_observado,0,0,0,0,0,1
LJ500_R056_C049,685750,9529250,2024,1,2024-01,100,0,no_incendio_observado,0,0,0,0,0,1
LJ500_R058_C079,700750,9530250,2024,1,2024-01,100,0,no_incendio_observado,0,0,0,0,0,1
LJ500_R063_C060,691250,9532750,2024,1,2024-01,100,0,no_incendio_observado,0,0,0,0,0,1
LJ500_R064_C084,703250,9533250,2024,1,2024-01,100,0,no_incendio_observado,0,0,0,0,0,1
LJ500_R069_C057,689750,9535750,2024,1,2024-01,100,0,no_incendio_observado,0,0,0,0,0,1
LJ500_R072_C062,692250,9537250,2024,1,2024-01,100,0,no_incendio_observado,0,0,0,0,0,1
LJ500_R072_C095,708750,9537250,2024,1,2024-01,100,0,no_incendio_observado,0,0,0,0,0,1
LJ500_R074_C074,698250,9538250,2024,1,2024-01,100,0,no_incendio_observado,0,0,0,0,0,1
LJ500_R078_C076,699250,9540250,2024,1,2024-01,100,0,no_incendio_observado,0,0,0,0,0,1
LJ500_R079_C076,699250,9540750,2024,1,2024-01,100,0,no_incendio_observado,0,0,0,0,0,1
LJ500_R093_C071,696750,9547750,2024,1,2024-01,100,0,no_incendio_observado,0,0,0,0,0,1
LJ500_R093_C073,697750,9547750,2024,1,2024-01,100,0,no_incendio_observado,0,0,0,0,0,1
LJ500_R096_C074,698250,9549250,2024,1,2024-01,100,0,no_incendio_observado,0,0,0,0,0,1
LJ500_R098_C085,703750,9550250,2024,1,2024-01,100,0,no_incendio_observado,0,0,0,0,0,1
LJ500_R101_C091,706750,9551750,2024,1,2024-01,100,0,no_incendio_observado,0,0,0,0,0,1
LJ500_R106_C080,701250,9554250,2024,1,2024-01,100,0,no_incendio_observado,0,0,0,0,0,1
LJ500_R108_C065,693750,9555250,2024,1,2024-01,,,indeterminado_sin_soporte,,,,,,0
LJ500_R109_C088,705250,9555750,2024,1,2024-01,100,0,no_incendio_observado,0,0,0,0,0,1
LJ500_R119_C079,700750,9560750,2024,1,2024-01,100,0,no_incendio_observado,0,0,0,0,0,1
LJ500_R122_C070,696250,9562250,2024,1,2024-01,100,0,no_incendio_observado,0,0,0,0,0,1
LJ500_R125_C065,693750,9563750,2024,1,2024-01,100,0,no_incendio_observado,0,0,0,0,0,1
LJ500_R131_C053,687750,9566750,2024,1,2024-01,100,0,no_incendio_observado,0,0,0,0,0,1
LJ500_R132_C080,701250,9567250,2024,1,2024-01,100,0,no_incendio_observado,0,0,0,0,0,1
LJ500_R138_C087,704750,9570250,2024,1,2024-01,100,0,no_incendio_observado,0,0,0,0,0,1
LJ500_R142_C071,696750,9572250,2024,1,2024-01,100,0,no_incendio_observado,0,0,0,0,0,1
LJ500_R145_C054,688250,9573750,2024,1,2024-01,100,0,no_incendio_observado,0,0,0,0,0,1
LJ500_R147_C083,702750,9574750,2024,1,2024-01,100,0,no_incendio_observado,0,0,0,0,0,1
LJ500_R156_C028,675250,9579250,2024,1,2024-01,100,0,no_incendio_observado,0,0,0,0,0,1
LJ500_R156_C067,694750,9579250,2024,1,2024-01,100,0,no_incendio_observado,0,0,0,0,0,1
LJ500_R156_C079,700750,9579250,2024,1,2024-01,100,0,no_incendio_observado,0,0,0,0,0,1
LJ500_R157_C009,665750,9579750,2024,1,2024-01,100,0,no_incendio_observado,0,0,0,0,0,1
LJ500_R158_C065,693750,9580250,2024,1,2024-01,100,0,no_incendio_observado,0,0,0,0,0,1
LJ500_R160_C074,698250,9581250,2024,1,2024-01,100,0,no_incendio_observado,0,0,0,0,0,1
LJ500_R161_C066,694250,9581750,2024,1,2024-01,100,0,no_incendio_observado,0,0,0,0,0,1
LJ500_R164_C043,682750,9583250,2024,1,2024-01,100,0,no_incendio_observado,0,0,0,0,0,1
LJ500_R164_C059,690750,9583250,2024,1,2024-01,100,0,no_incendio_observado,0,0,0,0,0,1
LJ500_R166_C072,697250,9584250,2024,1,2024-01,100,0,no_incendio_observado,0,0,0,0,0,1
LJ500_R167_C067,694750,9584750,2024,1,2024-01,100,0,no_incendio_observado,0,0,0,0,0,1
LJ500_R168_C045,683750,9585250,2024,1,2024-01,100,0,no_incendio_observado,0,0,0,0,0,1
LJ500_R173_C033,677750,9587750,2024,1,2024-01,100,0,no_incendio_observado,0,0,0,0,0,1
LJ500_R178_C063,692750,9590250,2024,1,2024-01,100,0,no_incendio_observado,0,0,0,0,0,1
LJ500_R179_C046,684250,9590750,2024,1,2024-01,100,0,no_incendio_observado,0,0,0,0,0,1
LJ500_R180_C071,696750,9591250,2024,1,2024-01,100,0,no_incendio_observado,0,0,0,0,0,1
LJ500_R183_C039,680750,9592750,2024,1,2024-01,100,0,no_incendio_observado,0,0,0,0,0,1
LJ500_R184_C039,680750,9593250,2024,1,2024-01,,,indeterminado_sin_soporte,,,,,,0
LJ500_R184_C066,694250,9593250,2024,1,2024-01,100,0,no_incendio_observado,0,0,0,0,0,1
LJ500_R006_C075,698750,9504250,2024,2,2024-02,100,0,no_incendio_observado,0,0,0,0,0,1
LJ500_R011_C068,695250,9506750,2024,2,2024-02,100,0,no_incendio_observado,0,0,0,0,0,1
LJ500_R012_C055,688750,9507250,2024,2,2024-02,100,0,no_incendio_observado,0,0,0,0,0,1
LJ500_R020_C061,691750,9511250,2024,2,2024-02,100,0,no_incendio_observado,0,0,0,0,0,1
LJ500_R033_C056,689250,9517750,2024,2,2024-02,100,0,no_incendio_observado,0,0,0,0,0,1
LJ500_R035_C085,703750,9518750,2024,2,2024-02,100,0,no_incendio_observado,0,0,0,0,0,1
LJ500_R039_C072,697250,9520750,2024,2,2024-02,100,0,no_incendio_observado,0,0,0,0,0,1
LJ500_R040_C060,691250,9521250,2024,2,2024-02,100,0,no_incendio_observado,0,0,0,0,0,1
LJ500_R041_C061,691750,9521750,2024,2,2024-02,100,0,no_incendio_observado,0,0,0,0,0,1
LJ500_R043_C058,690250,9522750,2024,2,2024-02,100,0,no_incendio_observado,0,0,0,0,0,1
LJ500_R045_C083,702750,9523750,2024,2,2024-02,100,0,no_incendio_observado,0,0,0,0,0,1
LJ500_R046_C064,693250,9524250,2024,2,2024-02,100,0,no_incendio_observado,0,0,0,0,0,1
LJ500_R048_C071,696750,9525250,2024,2,2024-02,100,0,no_incendio_observado,0,0,0,0,0,1
LJ500_R050_C095,708750,9526250,2024,2,2024-02,100,0,no_incendio_observado,0,0,0,0,0,1
LJ500_R056_C049,685750,9529250,2024,2,2024-02,100,0,no_incendio_observado,0,0,0,0,0,1
LJ500_R058_C079,700750,9530250,2024,2,2024-02,100,0,no_incendio_observado,0,0,0,0,0,1
LJ500_R063_C060,691250,9532750,2024,2,2024-02,100,0,no_incendio_observado,0,0,0,0,0,1
LJ500_R064_C084,703250,9533250,2024,2,2024-02,100,0,no_incendio_observado,0,0,0,0,0,1
LJ500_R069_C057,689750,9535750,2024,2,2024-02,100,0,no_incendio_observado,0,0,0,0,0,1
LJ500_R072_C062,692250,9537250,2024,2,2024-02,100,0,no_incendio_observado,0,0,0,0,0,1
LJ500_R072_C095,708750,9537250,2024,2,2024-02,100,0,no_incendio_observado,0,0,0,0,0,1
LJ500_R074_C074,698250,9538250,2024,2,2024-02,100,0,no_incendio_observado,0,0,0,0,0,1
LJ500_R078_C076,699250,9540250,2024,2,2024-02,100,0,no_incendio_observado,0,0,0,0,0,1
LJ500_R079_C076,699250,9540750,2024,2,2024-02,100,0,no_incendio_observado,0,0,0,0,0,1
LJ500_R093_C071,696750,9547750,2024,2,2024-02,100,0,no_incendio_observado,0,0,0,0,0,1
LJ500_R093_C073,697750,9547750,2024,2,2024-02,100,0,no_incendio_observado,0,0,0,0,0,1
LJ500_R096_C074,698250,9549250,2024,2,2024-02,100,0,no_incendio_observado,0,0,0,0,0,1
LJ500_R098_C085,703750,9550250,2024,2,2024-02,100,0,no_incendio_observado,0,0,0,0,0,1
LJ500_R101_C091,706750,9551750,2024,2,2024-02,100,0,no_incendio_observado,0,0,0,0,0,1
LJ500_R106_C080,701250,9554250,2024,2,2024-02,100,0,no_incendio_observado,0,0,0,0,0,1
LJ500_R108_C065,693750,9555250,2024,2,2024-02,,,indeterminado_sin_soporte,,,,,,0
LJ500_R109_C088,705250,9555750,2024,2,2024-02,100,0,no_incendio_observado,0,0,0,0,0,1
LJ500_R119_C079,700750,9560750,2024,2,2024-02,100,0,no_incendio_observado,0,0,0,0,0,1
LJ500_R122_C070,696250,9562250,2024,2,2024-02,100,0,no_incendio_observado,0,0,0,0,0,1
LJ500_R125_C065,693750,9563750,2024,2,2024-02,100,0,no_incendio_observado,0,0,0,0,0,1
LJ500_R131_C053,687750,9566750,2024,2,2024-02,100,0,no_incendio_observado,0,0,0,0,0,1
LJ500_R132_C080,701250,9567250,2024,2,2024-02,100,0,no_incendio_observado,0,0,0,0,0,1
LJ500_R138_C087,704750,9570250,2024,2,2024-02,100,0,no_incendio_observado,0,0,0,0,0,1
LJ500_R142_C071,696750,9572250,2024,2,2024-02,100,0,no_incendio_observado,0,0,0,0,0,1
LJ500_R145_C054,688250,9573750,2024,2,2024-02,100,0,no_incendio_observado,0,0,0,0,0,1
LJ500_R147_C083,702750,9574750,2024,2,2024-02,100,0,no_incendio_observado,0,0,0,0,0,1
LJ500_R156_C028,675250,9579250,2024,2,2024-02,100,0,no_incendio_observado,0,0,0,0,0,1
LJ500_R156_C067,694750,9579250,2024,2,2024-02,100,0,no_incendio_observado,0,0,0,0,0,1
LJ500_R156_C079,700750,9579250,2024,2,2024-02,100,0,no_incendio_observado,0,0,0,0,0,1
LJ500_R157_C009,665750,9579750,2024,2,2024-02,100,0,no_incendio_observado,0,0,0,0,0,1
LJ500_R158_C065,693750,9580250,2024,2,2024-02,100,0,no_incendio_observado,0,0,0,0,0,1
LJ500_R160_C074,698250,9581250,2024,2,2024-02,100,0,no_incendio_observado,0,0,0,0,0,1
LJ500_R161_C066,694250,9581750,2024,2,2024-02,100,0,no_incendio_observado,0,0,0,0,0,1
LJ500_R164_C043,682750,9583250,2024,2,2024-02,100,0,no_incendio_observado,0,0,0,0,0,1
LJ500_R164_C059,690750,9583250,2024,2,2024-02,100,0,no_incendio_observado,0,0,0,0,0,1
LJ500_R166_C072,697250,9584250,2024,2,2024-02,100,0,no_incendio_observado,0,0,0,0,0,1
LJ500_R167_C067,694750,9584750,2024,2,2024-02,100,0,no_incendio_observado,0,0,0,0,0,1
LJ500_R168_C045,683750,9585250,2024,2,2024-02,100,0,no_incendio_observado,0,0,0,0,0,1
LJ500_R173_C033,677750,9587750,2024,2,2024-02,100,0,no_incendio_observado,0,0,0,0,0,1
LJ500_R178_C063,692750,9590250,2024,2,2024-02,100,0,no_incendio_observado,0,0,0,0,0,1
LJ500_R179_C046,684250,9590750,2024,2,2024-02,100,0,no_incendio_observado,0,0,0,0,0,1
LJ500_R180_C071,696750,9591250,2024,2,2024-02,100,0,no_incendio_observado,0,0,0,0,0,1
LJ500_R183_C039,680750,9592750,2024,2,2024-02,100,0,no_incendio_observado,0,0,0,0,0,1
LJ500_R184_C039,680750,9593250,2024,2,2024-02,,,indeterminado_sin_soporte,,,,,,0
LJ500_R184_C066,694250,9593250,2024,2,2024-02,100,0,no_incendio_observado,0,0,0,0,0,1
LJ500_R006_C075,698750,9504250,2024,3,2024-03,100,0,no_incendio_observado,0,0,0,0,0,1
LJ500_R011_C068,695250,9506750,2024,3,2024-03,100,0,no_incendio_observado,0,0,0,0,0,1
LJ500_R012_C055,688750,9507250,2024,3,2024-03,100,0,no_incendio_observado,0,0,0,0,0,1
LJ500_R020_C061,691750,9511250,2024,3,2024-03,100,0,no_incendio_observado,0,0,0,0,0,1
LJ500_R033_C056,689250,9517750,2024,3,2024-03,100,0,no_incendio_observado,0,0,0,0,0,1
LJ500_R035_C085,703750,9518750,2024,3,2024-03,100,0,no_incendio_observado,0,0,0,0,0,1
LJ500_R039_C072,697250,9520750,2024,3,2024-03,100,0,no_incendio_observado,0,0,0,0,0,1
LJ500_R040_C060,691250,9521250,2024,3,2024-03,100,0,no_incendio_observado,0,0,0,0,0,1
LJ500_R041_C061,691750,9521750,2024,3,2024-03,100,0,no_incendio_observado,0,0,0,0,0,1
LJ500_R043_C058,690250,9522750,2024,3,2024-03,100,0,no_incendio_observado,0,0,0,0,0,1
LJ500_R045_C083,702750,9523750,2024,3,2024-03,100,0,no_incendio_observado,0,0,0,0,0,1
LJ500_R046_C064,693250,9524250,2024,3,2024-03,100,0,no_incendio_observado,0,0,0,0,0,1
LJ500_R048_C071,696750,9525250,2024,3,2024-03,100,0,no_incendio_observado,0,0,0,0,0,1
LJ500_R050_C095,708750,9526250,2024,3,2024-03,100,0,no_incendio_observado,0,0,0,0,0,1
LJ500_R056_C049,685750,9529250,2024,3,2024-03,100,0,no_incendio_observado,0,0,0,0,0,1
LJ500_R058_C079,700750,9530250,2024,3,2024-03,100,0,no_incendio_observado,0,0,0,0,0,1
LJ500_R063_C060,691250,9532750,2024,3,2024-03,100,0,no_incendio_observado,0,0,0,0,0,1
LJ500_R064_C084,703250,9533250,2024,3,2024-03,100,0,no_incendio_observado,0,0,0,0,0,1
LJ500_R069_C057,689750,9535750,2024,3,2024-03,100,0,no_incendio_observado,0,0,0,0,0,1
LJ500_R072_C062,692250,9537250,2024,3,2024-03,100,0,no_incendio_observado,0,0,0,0,0,1
LJ500_R072_C095,708750,9537250,2024,3,2024-03,100,0,no_incendio_observado,0,0,0,0,0,1
LJ500_R074_C074,698250,9538250,2024,3,2024-03,100,0,no_incendio_observado,0,0,0,0,0,1
LJ500_R078_C076,699250,9540250,2024,3,2024-03,100,0,no_incendio_observado,0,0,0,0,0,1
LJ500_R079_C076,699250,9540750,2024,3,2024-03,100,0,no_incendio_observado,0,0,0,0,0,1
LJ500_R093_C071,696750,9547750,2024,3,2024-03,100,0,no_incendio_observado,0,0,0,0,0,1
LJ500_R093_C073,697750,9547750,2024,3,2024-03,100,0,no_incendio_observado,0,0,0,0,0,1
LJ500_R096_C074,698250,9549250,2024,3,2024-03,100,0,no_incendio_observado,0,0,0,0,0,1
LJ500_R098_C085,703750,9550250,2024,3,2024-03,100,0,no_incendio_observado,0,0,0,0,0,1
LJ500_R101_C091,706750,9551750,2024,3,2024-03,100,0,no_incendio_observado,0,0,0,0,0,1
LJ500_R106_C080,701250,9554250,2024,3,2024-03,100,0,no_incendio_observado,0,0,0,0,0,1
LJ500_R108_C065,693750,9555250,2024,3,2024-03,,,indeterminado_sin_soporte,,,,,,0
LJ500_R109_C088,705250,9555750,2024,3,2024-03,100,0,no_incendio_observado,0,0,0,0,0,1
LJ500_R119_C079,700750,9560750,2024,3,2024-03,100,0,no_incendio_observado,0,0,0,0,0,1
LJ500_R122_C070,696250,9562250,2024,3,2024-03,100,0,no_incendio_observado,0,0,0,0,0,1
LJ500_R125_C065,693750,9563750,2024,3,2024-03,100,0,no_incendio_observado,0,0,0,0,0,1
LJ500_R131_C053,687750,9566750,2024,3,2024-03,100,0,no_incendio_observado,0,0,0,0,0,1
LJ500_R132_C080,701250,9567250,2024,3,2024-03,100,0,no_incendio_observado,0,0,0,0,0,1
LJ500_R138_C087,704750,9570250,2024,3,2024-03,100,0,no_incendio_observado,0,0,0,0,0,1
LJ500_R142_C071,696750,9572250,2024,3,2024-03,100,0,no_incendio_observado,0,0,0,0,0,1
LJ500_R145_C054,688250,9573750,2024,3,2024-03,100,0,no_incendio_observado,0,0,0,0,0,1
LJ500_R147_C083,702750,9574750,2024,3,2024-03,100,0,no_incendio_observado,0,0,0,0,0,1
LJ500_R156_C028,675250,9579250,2024,3,2024-03,100,0,no_incendio_observado,0,0,0,0,0,1
LJ500_R156_C067,694750,9579250,2024,3,2024-03,100,0,no_incendio_observado,0,0,0,0,0,1
LJ500_R156_C079,700750,9579250,2024,3,2024-03,100,0,no_incendio_observado,0,0,0,0,0,1
LJ500_R157_C009,665750,9579750,2024,3,2024-03,100,0,no_incendio_observado,0,0,0,0,0,1
LJ500_R158_C065,693750,9580250,2024,3,2024-03,100,0,no_incendio_observado,0,0,0,0,0,1
LJ500_R160_C074,698250,9581250,2024,3,2024-03,100,0,no_incendio_observado,0,0,0,0,0,1
LJ500_R161_C066,694250,9581750,2024,3,2024-03,100,0,no_incendio_observado,0,0,0,0,0,1
LJ500_R164_C043,682750,9583250,2024,3,2024-03,100,0,no_incendio_observado,0,0,0,0,0,1
LJ500_R164_C059,690750,9583250,2024,3,2024-03,100,0,no_incendio_observado,0,0,0,0,0,1
LJ500_R166_C072,697250,9584250,2024,3,2024-03,100,0,no_incendio_observado,0,0,0,0,0,1
LJ500_R167_C067,694750,9584750,2024,3,2024-03,100,0,no_incendio_observado,0,0,0,0,0,1
LJ500_R168_C045,683750,9585250,2024,3,2024-03,100,0,no_incendio_observado,0,0,0,0,0,1
LJ500_R173_C033,677750,9587750,2024,3,2024-03,100,0,no_incendio_observado,0,0,0,0,0,1
LJ500_R178_C063,692750,9590250,2024,3,2024-03,100,0,no_incendio_observado,0,0,0,0,0,1
LJ500_R179_C046,684250,9590750,2024,3,2024-03,100,0,no_incendio_observado,0,0,0,0,0,1
LJ500_R180_C071,696750,9591250,2024,3,2024-03,100,0,no_incendio_observado,0,0,0,0,0,1
LJ500_R183_C039,680750,9592750,2024,3,2024-03,100,0,no_incendio_observado,0,0,0,0,0,1
LJ500_R184_C039,680750,9593250,2024,3,2024-03,,,indeterminado_sin_soporte,,,,,,0
LJ500_R184_C066,694250,9593250,2024,3,2024-03,100,0,no_incendio_observado,0,0,0,0,0,1
LJ500_R006_C075,698750,9504250,2024,4,2024-04,100,0,no_incendio_observado,0,0,0,0,0,1
LJ500_R011_C068,695250,9506750,2024,4,2024-04,100,0,no_incendio_observado,0,0,0,0,0,1
LJ500_R012_C055,688750,9507250,2024,4,2024-04,100,0,no_incendio_observado,0,0,0,0,0,1
LJ500_R020_C061,691750,9511250,2024,4,2024-04,100,0,no_incendio_observado,0,0,0,0,0,1
LJ500_R033_C056,689250,9517750,2024,4,2024-04,100,0,no_incendio_observado,0,0,0,0,0,1
LJ500_R035_C085,703750,9518750,2024,4,2024-04,100,0,no_incendio_observado,0,0,0,0,0,1
LJ500_R039_C072,697250,9520750,2024,4,2024-04,100,0,no_incendio_observado,0,0,0,0,0,1
LJ500_R040_C060,691250,9521250,2024,4,2024-04,100,0,no_incendio_observado,0,0,0,0,0,1
LJ500_R041_C061,691750,9521750,2024,4,2024-04,100,0,no_incendio_observado,0,0,0,0,0,1
LJ500_R043_C058,690250,9522750,2024,4,2024-04,100,0,no_incendio_observado,0,0,0,0,0,1
LJ500_R045_C083,702750,9523750,2024,4,2024-04,100,0,no_incendio_observado,0,0,0,0,0,1
LJ500_R046_C064,693250,9524250,2024,4,2024-04,100,0,no_incendio_observado,0,0,0,0,0,1
LJ500_R048_C071,696750,9525250,2024,4,2024-04,100,0,no_incendio_observado,0,0,0,0,0,1
LJ500_R050_C095,708750,9526250,2024,4,2024-04,100,0,no_incendio_observado,0,0,0,0,0,1
LJ500_R056_C049,685750,9529250,2024,4,2024-04,100,0,no_incendio_observado,0,0,0,0,0,1
LJ500_R058_C079,700750,9530250,2024,4,2024-04,100,0,no_incendio_observado,0,0,0,0,0,1
LJ500_R063_C060,691250,9532750,2024,4,2024-04,100,0,no_incendio_observado,0,0,0,0,0,1
LJ500_R064_C084,703250,9533250,2024,4,2024-04,100,0,no_incendio_observado,0,0,0,0,0,1
LJ500_R069_C057,689750,9535750,2024,4,2024-04,100,0,no_incendio_observado,0,0,0,0,0,1
LJ500_R072_C062,692250,9537250,2024,4,2024-04,100,0,no_incendio_observado,0,0,0,0,0,1
LJ500_R072_C095,708750,9537250,2024,4,2024-04,100,0,no_incendio_observado,0,0,0,0,0,1
LJ500_R074_C074,698250,9538250,2024,4,2024-04,100,0,no_incendio_observado,0,0,0,0,0,1
LJ500_R078_C076,699250,9540250,2024,4,2024-04,100,0,no_incendio_observado,0,0,0,0,0,1
LJ500_R079_C076,699250,9540750,2024,4,2024-04,100,0,no_incendio_observado,0,0,0,0,0,1
LJ500_R093_C071,696750,9547750,2024,4,2024-04,100,0,no_incendio_observado,0,0,0,0,0,1
LJ500_R093_C073,697750,9547750,2024,4,2024-04,100,0,no_incendio_observado,0,0,0,0,0,1
LJ500_R096_C074,698250,9549250,2024,4,2024-04,100,0,no_incendio_observado,0,0,0,0,0,1
LJ500_R098_C085,703750,9550250,2024,4,2024-04,100,0,no_incendio_observado,0,0,0,0,0,1
LJ500_R101_C091,706750,9551750,2024,4,2024-04,100,0,no_incendio_observado,0,0,0,0,0,1
LJ500_R106_C080,701250,9554250,2024,4,2024-04,100,0,no_incendio_observado,0,0,0,0,0,1
LJ500_R108_C065,693750,9555250,2024,4,2024-04,,,indeterminado_sin_soporte,,,,,,0
LJ500_R109_C088,705250,9555750,2024,4,2024-04,100,0,no_incendio_observado,0,0,0,0,0,1
LJ500_R119_C079,700750,9560750,2024,4,2024-04,100,0,no_incendio_observado,0,0,0,0,0,1
LJ500_R122_C070,696250,9562250,2024,4,2024-04,100,0,no_incendio_observado,0,0,0,0,0,1
LJ500_R125_C065,693750,9563750,2024,4,2024-04,100,0,no_incendio_observado,0,0,0,0,0,1
LJ500_R131_C053,687750,9566750,2024,4,2024-04,100,0,no_incendio_observado,0,0,0,0,0,1
LJ500_R132_C080,701250,9567250,2024,4,2024-04,100,0,no_incendio_observado,0,0,0,0,0,1
LJ500_R138_C087,704750,9570250,2024,4,2024-04,100,0,no_incendio_observado,0,0,0,0,0,1
LJ500_R142_C071,696750,9572250,2024,4,2024-04,100,0,no_incendio_observado,0,0,0,0,0,1
LJ500_R145_C054,688250,9573750,2024,4,2024-04,100,0,no_incendio_observado,0,0,0,0,0,1
LJ500_R147_C083,702750,9574750,2024,4,2024-04,100,0,no_incendio_observado,0,0,0,0,0,1
LJ500_R156_C028,675250,9579250,2024,4,2024-04,100,0,no_incendio_observado,0,0,0,0,0,1
LJ500_R156_C067,694750,9579250,2024,4,2024-04,100,0,no_incendio_observado,0,0,0,0,0,1
LJ500_R156_C079,700750,9579250,2024,4,2024-04,100,0,no_incendio_observado,0,0,0,0,0,1
LJ500_R157_C009,665750,9579750,2024,4,2024-04,100,0,no_incendio_observado,0,0,0,0,0,1
LJ500_R158_C065,693750,9580250,2024,4,2024-04,100,0,no_incendio_observado,0,0,0,0,0,1
LJ500_R160_C074,698250,9581250,2024,4,2024-04,100,0,no_incendio_observado,0,0,0,0,0,1
LJ500_R161_C066,694250,9581750,2024,4,2024-04,100,0,no_incendio_observado,0,0,0,0,0,1
LJ500_R164_C043,682750,9583250,2024,4,2024-04,100,0,no_incendio_observado,0,0,0,0,0,1
LJ500_R164_C059,690750,9583250,2024,4,2024-04,100,0,no_incendio_observado,0,0,0,0,0,1
LJ500_R166_C072,697250,9584250,2024,4,2024-04,100,0,no_incendio_observado,0,0,0,0,0,1
LJ500_R167_C067,694750,9584750,2024,4,2024-04,100,0,no_incendio_observado,0,0,0,0,0,1
LJ500_R168_C045,683750,9585250,2024,4,2024-04,100,0,no_incendio_observado,0,0,0,0,0,1
LJ500_R173_C033,677750,9587750,2024,4,2024-04,100,0,no_incendio_observado,0,0,0,0,0,1
LJ500_R178_C063,692750,9590250,2024,4,2024-04,100,0,no_incendio_observado,0,0,0,0,0,1
LJ500_R179_C046,684250,9590750,2024,4,2024-04,100,0,no_incendio_observado,0,0,0,0,0,1
LJ500_R180_C071,696750,9591250,2024,4,2024-04,100,0,no_incendio_observado,0,0,0,0,0,1
LJ500_R183_C039,680750,9592750,2024,4,2024-04,100,0,no_incendio_observado,0,0,0,0,0,1
LJ500_R184_C039,680750,9593250,2024,4,2024-04,,,indeterminado_sin_soporte,,,,,,0
LJ500_R184_C066,694250,9593250,2024,4,2024-04,100,0,no_incendio_observado,0,0,0,0,0,1
LJ500_R006_C075,698750,9504250,2024,5,2024-05,93.55,0,no_incendio_observado,0,0,0,,,1
LJ500_R011_C068,695250,9506750,2024,5,2024-05,93.55,0,no_incendio_observado,0,0,0,,,1
LJ500_R012_C055,688750,9507250,2024,5,2024-05,93.55,0,no_incendio_observado,0,0,0,,,1
LJ500_R020_C061,691750,9511250,2024,5,2024-05,93.55,0,no_incendio_observado,0,0,0,,,1
LJ500_R033_C056,689250,9517750,2024,5,2024-05,93.55,0,no_incendio_observado,0,0,0,,,1
LJ500_R035_C085,703750,9518750,2024,5,2024-05,93.55,0,no_incendio_observado,0,0,0,,,1
LJ500_R039_C072,697250,9520750,2024,5,2024-05,93.55,0,no_incendio_observado,0,0,0,,,1
LJ500_R040_C060,691250,9521250,2024,5,2024-05,93.55,0,no_incendio_observado,0,0,0,,,1
LJ500_R041_C061,691750,9521750,2024,5,2024-05,93.55,0,no_incendio_observado,0,0,0,,,1
LJ500_R043_C058,690250,9522750,2024,5,2024-05,93.55,0,no_incendio_observado,0,0,0,,,1
LJ500_R045_C083,702750,9523750,2024,5,2024-05,93.55,0,no_incendio_observado,0,0,0,,,1
LJ500_R046_C064,693250,9524250,2024,5,2024-05,93.55,0,no_incendio_observado,0,0,0,,,1
LJ500_R048_C071,696750,9525250,2024,5,2024-05,93.55,0,no_incendio_observado,0,0,0,,,1
LJ500_R050_C095,708750,9526250,2024,5,2024-05,93.55,0,no_incendio_observado,0,0,0,,,1
LJ500_R056_C049,685750,9529250,2024,5,2024-05,93.55,0,no_incendio_observado,0,0,0,,,1
LJ500_R058_C079,700750,9530250,2024,5,2024-05,93.55,0,no_incendio_observado,0,0,0,,,1
LJ500_R063_C060,691250,9532750,2024,5,2024-05,93.55,0,no_incendio_observado,0,0,0,,,1
LJ500_R064_C084,703250,9533250,2024,5,2024-05,93.55,0,no_incendio_observado,0,0,0,,,1
LJ500_R069_C057,689750,9535750,2024,5,2024-05,93.55,0,no_incendio_observado,0,0,0,,,1
LJ500_R072_C062,692250,9537250,2024,5,2024-05,93.55,0,no_incendio_observado,0,0,0,,,1
LJ500_R072_C095,708750,9537250,2024,5,2024-05,93.55,0,no_incendio_observado,0,0,0,,,1
LJ500_R074_C074,698250,9538250,2024,5,2024-05,93.55,0,no_incendio_observado,0,0,0,,,1
LJ500_R078_C076,699250,9540250,2024,5,2024-05,93.55,0,no_incendio_observado,0,0,0,,,1
LJ500_R079_C076,699250,9540750,2024,5,2024-05,93.55,0,no_incendio_observado,0,0,0,,,1
LJ500_R093_C071,696750,9547750,2024,5,2024-05,93.55,0,no_incendio_observado,0,0,0,,,1
LJ500_R093_C073,697750,9547750,2024,5,2024-05,93.55,0,no_incendio_observado,0,0,0,,,1
LJ500_R096_C074,698250,9549250,2024,5,2024-05,93.55,0,no_incendio_observado,0,0,0,,,1
LJ500_R098_C085,703750,9550250,2024,5,2024-05,93.55,0,no_incendio_observado,0,0,0,,,1
LJ500_R101_C091,706750,9551750,2024,5,2024-05,93.55,0,no_incendio_observado,0,0,0,,,1
LJ500_R106_C080,701250,9554250,2024,5,2024-05,93.55,0,no_incendio_observado,0,0,0,,,1
LJ500_R108_C065,693750,9555250,2024,5,2024-05,,,indeterminado_sin_soporte,,,,,,0
LJ500_R109_C088,705250,9555750,2024,5,2024-05,93.55,0,no_incendio_observado,0,0,0,,,1
LJ500_R119_C079,700750,9560750,2024,5,2024-05,93.55,0,no_incendio_observado,0,0,0,,,1
LJ500_R122_C070,696250,9562250,2024,5,2024-05,93.55,0,no_incendio_observado,0,0,0,,,1
LJ500_R125_C065,693750,9563750,2024,5,2024-05,93.55,0,no_incendio_observado,0,0,0,,,1
LJ500_R131_C053,687750,9566750,2024,5,2024-05,93.55,0,no_incendio_observado,0,0,0,,,1
LJ500_R132_C080,701250,9567250,2024,5,2024-05,93.55,0,no_incendio_observado,0,0,0,,,1
LJ500_R138_C087,704750,9570250,2024,5,2024-05,93.55,0,no_incendio_observado,0,0,0,,,1
LJ500_R142_C071,696750,9572250,2024,5,2024-05,93.55,0,no_incendio_observado,0,0,0,,,1
LJ500_R145_C054,688250,9573750,2024,5,2024-05,93.55,0,no_incendio_observado,0,0,0,,,1
LJ500_R147_C083,702750,9574750,2024,5,2024-05,93.55,0,no_incendio_observado,0,0,0,,,1
LJ500_R156_C028,675250,9579250,2024,5,2024-05,93.55,0,no_incendio_observado,0,0,0,,,1
LJ500_R156_C067,694750,9579250,2024,5,2024-05,93.55,0,no_incendio_observado,0,0,0,,,1
LJ500_R156_C079,700750,9579250,2024,5,2024-05,93.55,0,no_incendio_observado,0,0,0,,,1
LJ500_R157_C009,665750,9579750,2024,5,2024-05,93.55,0,no_incendio_observado,0,0,0,,,1
LJ500_R158_C065,693750,9580250,2024,5,2024-05,93.55,0,no_incendio_observado,0,0,0,,,1
LJ500_R160_C074,698250,9581250,2024,5,2024-05,93.55,0,no_incendio_observado,0,0,0,,,1
LJ500_R161_C066,694250,9581750,2024,5,2024-05,93.55,0,no_incendio_observado,0,0,0,,,1
LJ500_R164_C043,682750,9583250,2024,5,2024-05,93.55,0,no_incendio_observado,0,0,0,,,1
LJ500_R164_C059,690750,9583250,2024,5,2024-05,93.55,0,no_incendio_observado,0,0,0,,,1
LJ500_R166_C072,697250,9584250,2024,5,2024-05,93.55,0,no_incendio_observado,0,0,0,,,1
LJ500_R167_C067,694750,9584750,2024,5,2024-05,93.55,0,no_incendio_observado,0,0,0,,,1
LJ500_R168_C045,683750,9585250,2024,5,2024-05,93.55,0,no_incendio_observado,0,0,0,,,1
LJ500_R173_C033,677750,9587750,2024,5,2024-05,93.55,0,no_incendio_observado,0,0,0,,,1
LJ500_R178_C063,692750,9590250,2024,5,2024-05,93.55,0,no_incendio_observado,0,0,0,,,1
LJ500_R179_C046,684250,9590750,2024,5,2024-05,93.55,0,no_incendio_observado,0,0,0,,,1
LJ500_R180_C071,696750,9591250,2024,5,2024-05,93.55,0,no_incendio_observado,0,0,0,,,1
LJ500_R183_C039,680750,9592750,2024,5,2024-05,93.55,0,no_incendio_observado,0,0,0,,,1
LJ500_R184_C039,680750,9593250,2024,5,2024-05,,,indeterminado_sin_soporte,,,,,,0
LJ500_R184_C066,694250,9593250,2024,5,2024-05,93.55,0,no_incendio_observado,0,0,0,,,1
LJ500_R006_C075,698750,9504250,2024,6,2024-06,90,0,no_incendio_observado,0,0,0,,,1
LJ500_R011_C068,695250,9506750,2024,6,2024-06,90,0,no_incendio_observado,0,0,0,,,1
LJ500_R012_C055,688750,9507250,2024,6,2024-06,90,0,no_incendio_observado,0,0,0,,,1
LJ500_R020_C061,691750,9511250,2024,6,2024-06,90,0,no_incendio_observado,0,0,0,,,1
LJ500_R033_C056,689250,9517750,2024,6,2024-06,90,0,no_incendio_observado,0,0,0,,,1
LJ500_R035_C085,703750,9518750,2024,6,2024-06,90,0,no_incendio_observado,0,0,0,,,1
LJ500_R039_C072,697250,9520750,2024,6,2024-06,90,0,no_incendio_observado,0,0,0,,,1
LJ500_R040_C060,691250,9521250,2024,6,2024-06,90,0,no_incendio_observado,0,0,0,,,1
LJ500_R041_C061,691750,9521750,2024,6,2024-06,90,0,no_incendio_observado,0,0,0,,,1
LJ500_R043_C058,690250,9522750,2024,6,2024-06,90,0,no_incendio_observado,0,0,0,,,1
LJ500_R045_C083,702750,9523750,2024,6,2024-06,90,0,no_incendio_observado,0,0,0,,,1
LJ500_R046_C064,693250,9524250,2024,6,2024-06,90,0,no_incendio_observado,0,0,0,,,1
LJ500_R048_C071,696750,9525250,2024,6,2024-06,90,0,no_incendio_observado,0,0,0,,,1
LJ500_R050_C095,708750,9526250,2024,6,2024-06,90,0,no_incendio_observado,0,0,0,,,1
LJ500_R056_C049,685750,9529250,2024,6,2024-06,90,0,no_incendio_observado,0,0,0,,,1
LJ500_R058_C079,700750,9530250,2024,6,2024-06,90,0,no_incendio_observado,0,0,0,,,1
LJ500_R063_C060,691250,9532750,2024,6,2024-06,90,0,no_incendio_observado,0,0,0,,,1
LJ500_R064_C084,703250,9533250,2024,6,2024-06,90,0,no_incendio_observado,0,0,0,,,1
LJ500_R069_C057,689750,9535750,2024,6,2024-06,90,0,no_incendio_observado,0,0,0,,,1
LJ500_R072_C062,692250,9537250,2024,6,2024-06,90,0,no_incendio_observado,0,0,0,,,1
LJ500_R072_C095,708750,9537250,2024,6,2024-06,90,0,no_incendio_observado,0,0,0,,,1
LJ500_R074_C074,698250,9538250,2024,6,2024-06,90,0,no_incendio_observado,0,0,0,,,1
LJ500_R078_C076,699250,9540250,2024,6,2024-06,90,0,no_incendio_observado,0,0,0,,,1
LJ500_R079_C076,699250,9540750,2024,6,2024-06,90,0,no_incendio_observado,0,0,0,,,1
LJ500_R093_C071,696750,9547750,2024,6,2024-06,90,0,no_incendio_observado,0,0,0,,,1
LJ500_R093_C073,697750,9547750,2024,6,2024-06,90,0,no_incendio_observado,0,0,0,,,1
LJ500_R096_C074,698250,9549250,2024,6,2024-06,90,0,no_incendio_observado,0,0,0,,,1
LJ500_R098_C085,703750,9550250,2024,6,2024-06,90,0,no_incendio_observado,0,0,0,,,1
LJ500_R101_C091,706750,9551750,2024,6,2024-06,90,0,no_incendio_observado,0,0,0,,,1
LJ500_R106_C080,701250,9554250,2024,6,2024-06,90,0,no_incendio_observado,0,0,0,,,1
LJ500_R108_C065,693750,9555250,2024,6,2024-06,,,indeterminado_sin_soporte,,,,,,0
LJ500_R109_C088,705250,9555750,2024,6,2024-06,90,0,no_incendio_observado,0,0,0,,,1
LJ500_R119_C079,700750,9560750,2024,6,2024-06,90,0,no_incendio_observado,0,0,0,,,1
LJ500_R122_C070,696250,9562250,2024,6,2024-06,90,0,no_incendio_observado,0,0,0,,,1
LJ500_R125_C065,693750,9563750,2024,6,2024-06,90,0,no_incendio_observado,0,0,0,,,1
LJ500_R131_C053,687750,9566750,2024,6,2024-06,90,0,no_incendio_observado,0,0,0,,,1
LJ500_R132_C080,701250,9567250,2024,6,2024-06,90,0,no_incendio_observado,0,0,0,,,1
LJ500_R138_C087,704750,9570250,2024,6,2024-06,90,0,no_incendio_observado,0,0,0,,,1
LJ500_R142_C071,696750,9572250,2024,6,2024-06,90,0,no_incendio_observado,0,0,0,,,1
LJ500_R145_C054,688250,9573750,2024,6,2024-06,90,0,no_incendio_observado,0,0,0,,,1
LJ500_R147_C083,702750,9574750,2024,6,2024-06,90,0,no_incendio_observado,0,0,0,,,1
LJ500_R156_C028,675250,9579250,2024,6,2024-06,90,0,no_incendio_observado,0,0,0,,,1
LJ500_R156_C067,694750,9579250,2024,6,2024-06,90,0,no_incendio_observado,0,0,0,,,1
LJ500_R156_C079,700750,9579250,2024,6,2024-06,90,0,no_incendio_observado,0,0,0,,,1
LJ500_R157_C009,665750,9579750,2024,6,2024-06,90,0,no_incendio_observado,0,0,0,,,1
LJ500_R158_C065,693750,9580250,2024,6,2024-06,90,0,no_incendio_observado,0,0,0,,,1
LJ500_R160_C074,698250,9581250,2024,6,2024-06,90,0,no_incendio_observado,0,0,0,,,1
LJ500_R161_C066,694250,9581750,2024,6,2024-06,90,0,no_incendio_observado,0,0,0,,,1
LJ500_R164_C043,682750,9583250,2024,6,2024-06,90,0,no_incendio_observado,0,0,0,,,1
LJ500_R164_C059,690750,9583250,2024,6,2024-06,90,0,no_incendio_observado,0,0,0,,,1
LJ500_R166_C072,697250,9584250,2024,6,2024-06,90,0,no_incendio_observado,0,0,0,,,1
LJ500_R167_C067,694750,9584750,2024,6,2024-06,90,0,no_incendio_observado,0,0,0,,,1
LJ500_R168_C045,683750,9585250,2024,6,2024-06,90,0,no_incendio_observado,0,0,0,,,1
LJ500_R173_C033,677750,9587750,2024,6,2024-06,90,0,no_incendio_observado,0,0,0,,,1
LJ500_R178_C063,692750,9590250,2024,6,2024-06,90,0,no_incendio_observado,0,0,0,,,1
LJ500_R179_C046,684250,9590750,2024,6,2024-06,90,0,no_incendio_observado,0,0,0,,,1
LJ500_R180_C071,696750,9591250,2024,6,2024-06,90,0,no_incendio_observado,0,0,0,,,1
LJ500_R183_C039,680750,9592750,2024,6,2024-06,90,0,no_incendio_observado,0,0,0,,,1
LJ500_R184_C039,680750,9593250,2024,6,2024-06,,,indeterminado_sin_soporte,,,,,,0
LJ500_R184_C066,694250,9593250,2024,6,2024-06,90,0,no_incendio_observado,0,0,0,,,1
LJ500_R006_C075,698750,9504250,2024,7,2024-07,67.74,0,indeterminado_baja_observabilidad,,,,,,0
LJ500_R011_C068,695250,9506750,2024,7,2024-07,67.74,0,indeterminado_baja_observabilidad,,,,,,0
LJ500_R012_C055,688750,9507250,2024,7,2024-07,67.74,0,indeterminado_baja_observabilidad,,,,,,0
LJ500_R020_C061,691750,9511250,2024,7,2024-07,67.74,0,indeterminado_baja_observabilidad,,,,,,0
LJ500_R033_C056,689250,9517750,2024,7,2024-07,67.74,0,indeterminado_baja_observabilidad,,,,,,0
LJ500_R035_C085,703750,9518750,2024,7,2024-07,67.74,0,indeterminado_baja_observabilidad,,,,,,0
LJ500_R039_C072,697250,9520750,2024,7,2024-07,67.74,0,indeterminado_baja_observabilidad,,,,,,0
LJ500_R040_C060,691250,9521250,2024,7,2024-07,67.74,0,indeterminado_baja_observabilidad,,,,,,0
LJ500_R041_C061,691750,9521750,2024,7,2024-07,67.74,0,indeterminado_baja_observabilidad,,,,,,0
LJ500_R043_C058,690250,9522750,2024,7,2024-07,67.74,0,indeterminado_baja_observabilidad,,,,,,0
LJ500_R045_C083,702750,9523750,2024,7,2024-07,67.74,0,indeterminado_baja_observabilidad,,,,,,0
LJ500_R046_C064,693250,9524250,2024,7,2024-07,67.74,0,indeterminado_baja_observabilidad,,,,,,0
LJ500_R048_C071,696750,9525250,2024,7,2024-07,67.74,0,indeterminado_baja_observabilidad,,,,,,0
LJ500_R050_C095,708750,9526250,2024,7,2024-07,67.74,0,indeterminado_baja_observabilidad,,,,,,0
LJ500_R056_C049,685750,9529250,2024,7,2024-07,67.74,0,indeterminado_baja_observabilidad,,,,,,0
LJ500_R058_C079,700750,9530250,2024,7,2024-07,67.74,0,indeterminado_baja_observabilidad,,,,,,0
LJ500_R063_C060,691250,9532750,2024,7,2024-07,67.74,0,indeterminado_baja_observabilidad,,,,,,0
LJ500_R064_C084,703250,9533250,2024,7,2024-07,67.74,0,indeterminado_baja_observabilidad,,,,,,0
LJ500_R069_C057,689750,9535750,2024,7,2024-07,67.74,0,indeterminado_baja_observabilidad,,,,,,0
LJ500_R072_C062,692250,9537250,2024,7,2024-07,67.74,0,indeterminado_baja_observabilidad,,,,,,0
LJ500_R072_C095,708750,9537250,2024,7,2024-07,67.74,0,indeterminado_baja_observabilidad,,,,,,0
LJ500_R074_C074,698250,9538250,2024,7,2024-07,67.74,0,indeterminado_baja_observabilidad,,,,,,0
LJ500_R078_C076,699250,9540250,2024,7,2024-07,67.74,0,indeterminado_baja_observabilidad,,,,,,0
LJ500_R079_C076,699250,9540750,2024,7,2024-07,67.74,0,indeterminado_baja_observabilidad,,,,,,0
LJ500_R093_C071,696750,9547750,2024,7,2024-07,67.74,0,indeterminado_baja_observabilidad,,,,,,0
LJ500_R093_C073,697750,9547750,2024,7,2024-07,67.74,0,indeterminado_baja_observabilidad,,,,,,0
LJ500_R096_C074,698250,9549250,2024,7,2024-07,67.74,0,indeterminado_baja_observabilidad,,,,,,0
LJ500_R098_C085,703750,9550250,2024,7,2024-07,67.74,0,indeterminado_baja_observabilidad,,,,,,0
LJ500_R101_C091,706750,9551750,2024,7,2024-07,67.74,0,indeterminado_baja_observabilidad,,,,,,0
LJ500_R106_C080,701250,9554250,2024,7,2024-07,67.74,0,indeterminado_baja_observabilidad,,,,,,0
LJ500_R108_C065,693750,9555250,2024,7,2024-07,,,indeterminado_sin_soporte,,,,,,0
LJ500_R109_C088,705250,9555750,2024,7,2024-07,67.74,0,indeterminado_baja_observabilidad,,,,,,0
LJ500_R119_C079,700750,9560750,2024,7,2024-07,67.74,0,indeterminado_baja_observabilidad,,,,,,0
LJ500_R122_C070,696250,9562250,2024,7,2024-07,67.74,0,indeterminado_baja_observabilidad,,,,,,0
LJ500_R125_C065,693750,9563750,2024,7,2024-07,67.74,0,indeterminado_baja_observabilidad,,,,,,0
LJ500_R131_C053,687750,9566750,2024,7,2024-07,67.74,0,indeterminado_baja_observabilidad,,,,,,0
LJ500_R132_C080,701250,9567250,2024,7,2024-07,67.74,0,indeterminado_baja_observabilidad,,,,,,0
LJ500_R138_C087,704750,9570250,2024,7,2024-07,67.74,0,indeterminado_baja_observabilidad,,,,,,0
LJ500_R142_C071,696750,9572250,2024,7,2024-07,67.74,0,indeterminado_baja_observabilidad,,,,,,0
LJ500_R145_C054,688250,9573750,2024,7,2024-07,67.74,0,indeterminado_baja_observabilidad,,,,,,0
LJ500_R147_C083,702750,9574750,2024,7,2024-07,67.74,0,indeterminado_baja_observabilidad,,,,,,0
LJ500_R156_C028,675250,9579250,2024,7,2024-07,67.74,0,indeterminado_baja_observabilidad,,,,,,0
LJ500_R156_C067,694750,9579250,2024,7,2024-07,67.74,0,indeterminado_baja_observabilidad,,,,,,0
LJ500_R156_C079,700750,9579250,2024,7,2024-07,67.74,0,indeterminado_baja_observabilidad,,,,,,0
LJ500_R157_C009,665750,9579750,2024,7,2024-07,67.74,0,indeterminado_baja_observabilidad,,,,,,0
LJ500_R158_C065,693750,9580250,2024,7,2024-07,67.74,0,indeterminado_baja_observabilidad,,,,,,0
LJ500_R160_C074,698250,9581250,2024,7,2024-07,67.74,0,indeterminado_baja_observabilidad,,,,,,0
LJ500_R161_C066,694250,9581750,2024,7,2024-07,67.74,0,indeterminado_baja_observabilidad,,,,,,0
LJ500_R164_C043,682750,9583250,2024,7,2024-07,67.74,0,indeterminado_baja_observabilidad,,,,,,0
LJ500_R164_C059,690750,9583250,2024,7,2024-07,67.74,0,indeterminado_baja_observabilidad,,,,,,0
LJ500_R166_C072,697250,9584250,2024,7,2024-07,67.74,0,indeterminado_baja_observabilidad,,,,,,0
LJ500_R167_C067,694750,9584750,2024,7,2024-07,67.74,0,indeterminado_baja_observabilidad,,,,,,0
LJ500_R168_C045,683750,9585250,2024,7,2024-07,67.74,0,indeterminado_baja_observabilidad,,,,,,0
LJ500_R173_C033,677750,9587750,2024,7,2024-07,67.74,0,indeterminado_baja_observabilidad,,,,,,0
LJ500_R178_C063,692750,9590250,2024,7,2024-07,67.74,0,indeterminado_baja_observabilidad,,,,,,0
LJ500_R179_C046,684250,9590750,2024,7,2024-07,67.74,0,indeterminado_baja_observabilidad,,,,,,0
LJ500_R180_C071,696750,9591250,2024,7,2024-07,67.74,0,indeterminado_baja_observabilidad,,,,,,0
LJ500_R183_C039,680750,9592750,2024,7,2024-07,67.74,0,indeterminado_baja_observabilidad,,,,,,0
LJ500_R184_C039,680750,9593250,2024,7,2024-07,,,indeterminado_sin_soporte,,,,,,0
LJ500_R184_C066,694250,9593250,2024,7,2024-07,67.74,0,indeterminado_baja_observabilidad,,,,,,0
LJ500_R006_C075,698750,9504250,2024,8,2024-08,100,0,no_incendio_observado,0,0,0,0,0,1
LJ500_R011_C068,695250,9506750,2024,8,2024-08,100,0,no_incendio_observado,0,0,0,0,0,1
LJ500_R012_C055,688750,9507250,2024,8,2024-08,100,0,no_incendio_observado,0,0,0,0,0,1
LJ500_R020_C061,691750,9511250,2024,8,2024-08,100,0,no_incendio_observado,0,0,0,0,0,1
LJ500_R033_C056,689250,9517750,2024,8,2024-08,100,0,no_incendio_observado,0,0,0,0,0,1
LJ500_R035_C085,703750,9518750,2024,8,2024-08,100,0,no_incendio_observado,0,0,0,0,0,1
LJ500_R039_C072,697250,9520750,2024,8,2024-08,100,1,incendio_observado,1,1,1,1,1,1
LJ500_R040_C060,691250,9521250,2024,8,2024-08,100,0,no_incendio_observado,0,0,0,0,0,1
LJ500_R041_C061,691750,9521750,2024,8,2024-08,100,0,no_incendio_observado,0,0,0,0,0,1
LJ500_R043_C058,690250,9522750,2024,8,2024-08,100,0,no_incendio_observado,0,0,0,0,0,1
LJ500_R045_C083,702750,9523750,2024,8,2024-08,100,0,no_incendio_observado,0,0,0,0,0,1
LJ500_R046_C064,693250,9524250,2024,8,2024-08,100,0,no_incendio_observado,0,0,0,0,0,1
LJ500_R048_C071,696750,9525250,2024,8,2024-08,100,0,no_incendio_observado,0,0,0,0,0,1
LJ500_R050_C095,708750,9526250,2024,8,2024-08,100,0,no_incendio_observado,0,0,0,0,0,1
LJ500_R056_C049,685750,9529250,2024,8,2024-08,100,0,no_incendio_observado,0,0,0,0,0,1
LJ500_R058_C079,700750,9530250,2024,8,2024-08,100,0,no_incendio_observado,0,0,0,0,0,1
LJ500_R063_C060,691250,9532750,2024,8,2024-08,100,0,no_incendio_observado,0,0,0,0,0,1
LJ500_R064_C084,703250,9533250,2024,8,2024-08,100,0,no_incendio_observado,0,0,0,0,0,1
LJ500_R069_C057,689750,9535750,2024,8,2024-08,100,0,no_incendio_observado,0,0,0,0,0,1
LJ500_R072_C062,692250,9537250,2024,8,2024-08,100,0,no_incendio_observado,0,0,0,0,0,1
LJ500_R072_C095,708750,9537250,2024,8,2024-08,100,0,no_incendio_observado,0,0,0,0,0,1
LJ500_R074_C074,698250,9538250,2024,8,2024-08,100,1,incendio_observado,1,1,1,1,1,1
LJ500_R078_C076,699250,9540250,2024,8,2024-08,100,0,no_incendio_observado,0,0,0,0,0,1
LJ500_R079_C076,699250,9540750,2024,8,2024-08,100,0,no_incendio_observado,0,0,0,0,0,1
LJ500_R093_C071,696750,9547750,2024,8,2024-08,100,0,no_incendio_observado,0,0,0,0,0,1
LJ500_R093_C073,697750,9547750,2024,8,2024-08,100,0,no_incendio_observado,0,0,0,0,0,1
LJ500_R096_C074,698250,9549250,2024,8,2024-08,100,0,no_incendio_observado,0,0,0,0,0,1
LJ500_R098_C085,703750,9550250,2024,8,2024-08,100,0,no_incendio_observado,0,0,0,0,0,1
LJ500_R101_C091,706750,9551750,2024,8,2024-08,100,0,no_incendio_observado,0,0,0,0,0,1
LJ500_R106_C080,701250,9554250,2024,8,2024-08,100,1,incendio_observado,1,1,1,1,1,1
LJ500_R108_C065,693750,9555250,2024,8,2024-08,,,indeterminado_sin_soporte,,,,,,0
LJ500_R109_C088,705250,9555750,2024,8,2024-08,100,0,no_incendio_observado,0,0,0,0,0,1
LJ500_R119_C079,700750,9560750,2024,8,2024-08,100,0,no_incendio_observado,0,0,0,0,0,1
LJ500_R122_C070,696250,9562250,2024,8,2024-08,100,0,no_incendio_observado,0,0,0,0,0,1
LJ500_R125_C065,693750,9563750,2024,8,2024-08,100,0,no_incendio_observado,0,0,0,0,0,1
LJ500_R131_C053,687750,9566750,2024,8,2024-08,100,0,no_incendio_observado,0,0,0,0,0,1
LJ500_R132_C080,701250,9567250,2024,8,2024-08,100,0,no_incendio_observado,0,0,0,0,0,1
LJ500_R138_C087,704750,9570250,2024,8,2024-08,100,0,no_incendio_observado,0,0,0,0,0,1
LJ500_R142_C071,696750,9572250,2024,8,2024-08,100,0,no_incendio_observado,0,0,0,0,0,1
LJ500_R145_C054,688250,9573750,2024,8,2024-08,100,0,no_incendio_observado,0,0,0,0,0,1
LJ500_R147_C083,702750,9574750,2024,8,2024-08,100,0,no_incendio_observado,0,0,0,0,0,1
LJ500_R156_C028,675250,9579250,2024,8,2024-08,100,0,no_incendio_observado,0,0,0,0,0,1
LJ500_R156_C067,694750,9579250,2024,8,2024-08,100,0,no_incendio_observado,0,0,0,0,0,1
LJ500_R156_C079,700750,9579250,2024,8,2024-08,100,0,no_incendio_observado,0,0,0,0,0,1
LJ500_R157_C009,665750,9579750,2024,8,2024-08,100,0,no_incendio_observado,0,0,0,0,0,1
LJ500_R158_C065,693750,9580250,2024,8,2024-08,100,0,no_incendio_observado,0,0,0,0,0,1
LJ500_R160_C074,698250,9581250,2024,8,2024-08,100,0,no_incendio_observado,0,0,0,0,0,1
LJ500_R161_C066,694250,9581750,2024,8,2024-08,100,0,no_incendio_observado,0,0,0,0,0,1
LJ500_R164_C043,682750,9583250,2024,8,2024-08,100,0,no_incendio_observado,0,0,0,0,0,1
LJ500_R164_C059,690750,9583250,2024,8,2024-08,100,0,no_incendio_observado,0,0,0,0,0,1
LJ500_R166_C072,697250,9584250,2024,8,2024-08,100,0,no_incendio_observado,0,0,0,0,0,1
LJ500_R167_C067,694750,9584750,2024,8,2024-08,100,0,no_incendio_observado,0,0,0,0,0,1
LJ500_R168_C045,683750,9585250,2024,8,2024-08,100,0,no_incendio_observado,0,0,0,0,0,1
LJ500_R173_C033,677750,9587750,2024,8,2024-08,100,0,no_incendio_observado,0,0,0,0,0,1
LJ500_R178_C063,692750,9590250,2024,8,2024-08,100,0,no_incendio_observado,0,0,0,0,0,1
LJ500_R179_C046,684250,9590750,2024,8,2024-08,100,0,no_incendio_observado,0,0,0,0,0,1
LJ500_R180_C071,696750,9591250,2024,8,2024-08,100,0,no_incendio_observado,0,0,0,0,0,1
LJ500_R183_C039,680750,9592750,2024,8,2024-08,100,0,no_incendio_observado,0,0,0,0,0,1
LJ500_R184_C039,680750,9593250,2024,8,2024-08,,,indeterminado_sin_soporte,,,,,,0
LJ500_R184_C066,694250,9593250,2024,8,2024-08,100,0,no_incendio_observado,0,0,0,0,0,1
LJ500_R006_C075,698750,9504250,2024,9,2024-09,96.67,0,no_incendio_observado,0,0,0,0,,1
LJ500_R011_C068,695250,9506750,2024,9,2024-09,96.67,0,no_incendio_observado,0,0,0,0,,1
LJ500_R012_C055,688750,9507250,2024,9,2024-09,96.67,0,no_incendio_observado,0,0,0,0,,1
LJ500_R020_C061,691750,9511250,2024,9,2024-09,96.67,0,no_incendio_observado,0,0,0,0,,1
LJ500_R033_C056,689250,9517750,2024,9,2024-09,96.67,1,incendio_observado,1,1,1,1,1,1
LJ500_R035_C085,703750,9518750,2024,9,2024-09,96.67,0,no_incendio_observado,0,0,0,0,,1
LJ500_R039_C072,697250,9520750,2024,9,2024-09,96.67,0,no_incendio_observado,0,0,0,0,,1
LJ500_R040_C060,691250,9521250,2024,9,2024-09,96.67,1,incendio_observado,1,1,1,1,1,1
LJ500_R041_C061,691750,9521750,2024,9,2024-09,96.67,1,incendio_observado,1,1,1,1,1,1
LJ500_R043_C058,690250,9522750,2024,9,2024-09,96.67,0,no_incendio_observado,0,0,0,0,,1
LJ500_R045_C083,702750,9523750,2024,9,2024-09,96.67,0,no_incendio_observado,0,0,0,0,,1
LJ500_R046_C064,693250,9524250,2024,9,2024-09,96.67,0,no_incendio_observado,0,0,0,0,,1
LJ500_R048_C071,696750,9525250,2024,9,2024-09,96.67,0,no_incendio_observado,0,0,0,0,,1
LJ500_R050_C095,708750,9526250,2024,9,2024-09,96.67,0,no_incendio_observado,0,0,0,0,,1
LJ500_R056_C049,685750,9529250,2024,9,2024-09,96.67,0,no_incendio_observado,0,0,0,0,,1
LJ500_R058_C079,700750,9530250,2024,9,2024-09,96.67,0,no_incendio_observado,0,0,0,0,,1
LJ500_R063_C060,691250,9532750,2024,9,2024-09,96.67,0,no_incendio_observado,0,0,0,0,,1
LJ500_R064_C084,703250,9533250,2024,9,2024-09,96.67,0,no_incendio_observado,0,0,0,0,,1
LJ500_R069_C057,689750,9535750,2024,9,2024-09,96.67,0,no_incendio_observado,0,0,0,0,,1
LJ500_R072_C062,692250,9537250,2024,9,2024-09,96.67,0,no_incendio_observado,0,0,0,0,,1
LJ500_R072_C095,708750,9537250,2024,9,2024-09,96.67,0,no_incendio_observado,0,0,0,0,,1
LJ500_R074_C074,698250,9538250,2024,9,2024-09,96.67,0,no_incendio_observado,0,0,0,0,,1
LJ500_R078_C076,699250,9540250,2024,9,2024-09,96.67,0,no_incendio_observado,0,0,0,0,,1
LJ500_R079_C076,699250,9540750,2024,9,2024-09,96.67,0,no_incendio_observado,0,0,0,0,,1
LJ500_R093_C071,696750,9547750,2024,9,2024-09,96.67,0,no_incendio_observado,0,0,0,0,,1
LJ500_R093_C073,697750,9547750,2024,9,2024-09,96.67,0,no_incendio_observado,0,0,0,0,,1
LJ500_R096_C074,698250,9549250,2024,9,2024-09,96.67,0,no_incendio_observado,0,0,0,0,,1
LJ500_R098_C085,703750,9550250,2024,9,2024-09,96.67,0,no_incendio_observado,0,0,0,0,,1
LJ500_R101_C091,706750,9551750,2024,9,2024-09,96.67,0,no_incendio_observado,0,0,0,0,,1
LJ500_R106_C080,701250,9554250,2024,9,2024-09,96.67,0,no_incendio_observado,0,0,0,0,,1
LJ500_R108_C065,693750,9555250,2024,9,2024-09,,,indeterminado_sin_soporte,,,,,,0
LJ500_R109_C088,705250,9555750,2024,9,2024-09,96.67,0,no_incendio_observado,0,0,0,0,,1
LJ500_R119_C079,700750,9560750,2024,9,2024-09,96.67,0,no_incendio_observado,0,0,0,0,,1
LJ500_R122_C070,696250,9562250,2024,9,2024-09,96.67,0,no_incendio_observado,0,0,0,0,,1
LJ500_R125_C065,693750,9563750,2024,9,2024-09,96.67,0,no_incendio_observado,0,0,0,0,,1
LJ500_R131_C053,687750,9566750,2024,9,2024-09,96.67,0,no_incendio_observado,0,0,0,0,,1
LJ500_R132_C080,701250,9567250,2024,9,2024-09,96.67,0,no_incendio_observado,0,0,0,0,,1
LJ500_R138_C087,704750,9570250,2024,9,2024-09,96.67,0,no_incendio_observado,0,0,0,0,,1
LJ500_R142_C071,696750,9572250,2024,9,2024-09,96.67,0,no_incendio_observado,0,0,0,0,,1
LJ500_R145_C054,688250,9573750,2024,9,2024-09,96.67,0,no_incendio_observado,0,0,0,0,,1
LJ500_R147_C083,702750,9574750,2024,9,2024-09,96.67,0,no_incendio_observado,0,0,0,0,,1
LJ500_R156_C028,675250,9579250,2024,9,2024-09,96.67,0,no_incendio_observado,0,0,0,0,,1
LJ500_R156_C067,694750,9579250,2024,9,2024-09,96.67,0,no_incendio_observado,0,0,0,0,,1
LJ500_R156_C079,700750,9579250,2024,9,2024-09,96.67,0,no_incendio_observado,0,0,0,0,,1
LJ500_R157_C009,665750,9579750,2024,9,2024-09,96.67,0,no_incendio_observado,0,0,0,0,,1
LJ500_R158_C065,693750,9580250,2024,9,2024-09,96.67,0,no_incendio_observado,0,0,0,0,,1
LJ500_R160_C074,698250,9581250,2024,9,2024-09,96.67,0,no_incendio_observado,0,0,0,0,,1
LJ500_R161_C066,694250,9581750,2024,9,2024-09,96.67,0,no_incendio_observado,0,0,0,0,,1
LJ500_R164_C043,682750,9583250,2024,9,2024-09,96.67,0,no_incendio_observado,0,0,0,0,,1
LJ500_R164_C059,690750,9583250,2024,9,2024-09,96.67,0,no_incendio_observado,0,0,0,0,,1
LJ500_R166_C072,697250,9584250,2024,9,2024-09,96.67,0,no_incendio_observado,0,0,0,0,,1
LJ500_R167_C067,694750,9584750,2024,9,2024-09,96.67,0,no_incendio_observado,0,0,0,0,,1
LJ500_R168_C045,683750,9585250,2024,9,2024-09,96.67,0,no_incendio_observado,0,0,0,0,,1
LJ500_R173_C033,677750,9587750,2024,9,2024-09,96.67,0,no_incendio_observado,0,0,0,0,,1
LJ500_R178_C063,692750,9590250,2024,9,2024-09,96.67,0,no_incendio_observado,0,0,0,0,,1
LJ500_R179_C046,684250,9590750,2024,9,2024-09,96.67,0,no_incendio_observado,0,0,0,0,,1
LJ500_R180_C071,696750,9591250,2024,9,2024-09,96.67,0,no_incendio_observado,0,0,0,0,,1
LJ500_R183_C039,680750,9592750,2024,9,2024-09,96.67,0,no_incendio_observado,0,0,0,0,,1
LJ500_R184_C039,680750,9593250,2024,9,2024-09,,,indeterminado_sin_soporte,,,,,,0
LJ500_R184_C066,694250,9593250,2024,9,2024-09,96.67,0,no_incendio_observado,0,0,0,0,,1
LJ500_R006_C075,698750,9504250,2024,10,2024-10,100,0,no_incendio_observado,0,0,0,0,0,1
LJ500_R011_C068,695250,9506750,2024,10,2024-10,100,0,no_incendio_observado,0,0,0,0,0,1
LJ500_R012_C055,688750,9507250,2024,10,2024-10,100,0,no_incendio_observado,0,0,0,0,0,1
LJ500_R020_C061,691750,9511250,2024,10,2024-10,100,0,no_incendio_observado,0,0,0,0,0,1
LJ500_R033_C056,689250,9517750,2024,10,2024-10,100,0,no_incendio_observado,0,0,0,0,0,1
LJ500_R035_C085,703750,9518750,2024,10,2024-10,100,0,no_incendio_observado,0,0,0,0,0,1
LJ500_R039_C072,697250,9520750,2024,10,2024-10,100,0,no_incendio_observado,0,0,0,0,0,1
LJ500_R040_C060,691250,9521250,2024,10,2024-10,100,0,no_incendio_observado,0,0,0,0,0,1
LJ500_R041_C061,691750,9521750,2024,10,2024-10,100,0,no_incendio_observado,0,0,0,0,0,1
LJ500_R043_C058,690250,9522750,2024,10,2024-10,100,0,no_incendio_observado,0,0,0,0,0,1
LJ500_R045_C083,702750,9523750,2024,10,2024-10,100,0,no_incendio_observado,0,0,0,0,0,1
LJ500_R046_C064,693250,9524250,2024,10,2024-10,100,0,no_incendio_observado,0,0,0,0,0,1
LJ500_R048_C071,696750,9525250,2024,10,2024-10,100,0,no_incendio_observado,0,0,0,0,0,1
LJ500_R050_C095,708750,9526250,2024,10,2024-10,100,0,no_incendio_observado,0,0,0,0,0,1
LJ500_R056_C049,685750,9529250,2024,10,2024-10,100,0,no_incendio_observado,0,0,0,0,0,1
LJ500_R058_C079,700750,9530250,2024,10,2024-10,100,0,no_incendio_observado,0,0,0,0,0,1
LJ500_R063_C060,691250,9532750,2024,10,2024-10,100,0,no_incendio_observado,0,0,0,0,0,1
LJ500_R064_C084,703250,9533250,2024,10,2024-10,100,0,no_incendio_observado,0,0,0,0,0,1
LJ500_R069_C057,689750,9535750,2024,10,2024-10,100,0,no_incendio_observado,0,0,0,0,0,1
LJ500_R072_C062,692250,9537250,2024,10,2024-10,100,0,no_incendio_observado,0,0,0,0,0,1
LJ500_R072_C095,708750,9537250,2024,10,2024-10,100,0,no_incendio_observado,0,0,0,0,0,1
LJ500_R074_C074,698250,9538250,2024,10,2024-10,100,0,no_incendio_observado,0,0,0,0,0,1
LJ500_R078_C076,699250,9540250,2024,10,2024-10,100,0,no_incendio_observado,0,0,0,0,0,1
LJ500_R079_C076,699250,9540750,2024,10,2024-10,100,0,no_incendio_observado,0,0,0,0,0,1
LJ500_R093_C071,696750,9547750,2024,10,2024-10,100,0,no_incendio_observado,0,0,0,0,0,1
LJ500_R093_C073,697750,9547750,2024,10,2024-10,100,0,no_incendio_observado,0,0,0,0,0,1
LJ500_R096_C074,698250,9549250,2024,10,2024-10,100,0,no_incendio_observado,0,0,0,0,0,1
LJ500_R098_C085,703750,9550250,2024,10,2024-10,100,0,no_incendio_observado,0,0,0,0,0,1
LJ500_R101_C091,706750,9551750,2024,10,2024-10,100,0,no_incendio_observado,0,0,0,0,0,1
LJ500_R106_C080,701250,9554250,2024,10,2024-10,100,1,incendio_observado,1,1,1,1,1,1
LJ500_R108_C065,693750,9555250,2024,10,2024-10,,,indeterminado_sin_soporte,,,,,,0
LJ500_R109_C088,705250,9555750,2024,10,2024-10,100,0,no_incendio_observado,0,0,0,0,0,1
LJ500_R119_C079,700750,9560750,2024,10,2024-10,100,0,no_incendio_observado,0,0,0,0,0,1
LJ500_R122_C070,696250,9562250,2024,10,2024-10,100,0,no_incendio_observado,0,0,0,0,0,1
LJ500_R125_C065,693750,9563750,2024,10,2024-10,100,0,no_incendio_observado,0,0,0,0,0,1
LJ500_R131_C053,687750,9566750,2024,10,2024-10,100,0,no_incendio_observado,0,0,0,0,0,1
LJ500_R132_C080,701250,9567250,2024,10,2024-10,100,0,no_incendio_observado,0,0,0,0,0,1
LJ500_R138_C087,704750,9570250,2024,10,2024-10,100,0,no_incendio_observado,0,0,0,0,0,1
LJ500_R142_C071,696750,9572250,2024,10,2024-10,100,0,no_incendio_observado,0,0,0,0,0,1
LJ500_R145_C054,688250,9573750,2024,10,2024-10,100,0,no_incendio_observado,0,0,0,0,0,1
LJ500_R147_C083,702750,9574750,2024,10,2024-10,100,0,no_incendio_observado,0,0,0,0,0,1
LJ500_R156_C028,675250,9579250,2024,10,2024-10,100,0,no_incendio_observado,0,0,0,0,0,1
LJ500_R156_C067,694750,9579250,2024,10,2024-10,100,0,no_incendio_observado,0,0,0,0,0,1
LJ500_R156_C079,700750,9579250,2024,10,2024-10,100,0,no_incendio_observado,0,0,0,0,0,1
LJ500_R157_C009,665750,9579750,2024,10,2024-10,100,0,no_incendio_observado,0,0,0,0,0,1
LJ500_R158_C065,693750,9580250,2024,10,2024-10,100,0,no_incendio_observado,0,0,0,0,0,1
LJ500_R160_C074,698250,9581250,2024,10,2024-10,100,0,no_incendio_observado,0,0,0,0,0,1
LJ500_R161_C066,694250,9581750,2024,10,2024-10,100,0,no_incendio_observado,0,0,0,0,0,1
LJ500_R164_C043,682750,9583250,2024,10,2024-10,100,0,no_incendio_observado,0,0,0,0,0,1
LJ500_R164_C059,690750,9583250,2024,10,2024-10,100,0,no_incendio_observado,0,0,0,0,0,1
LJ500_R166_C072,697250,9584250,2024,10,2024-10,100,0,no_incendio_observado,0,0,0,0,0,1
LJ500_R167_C067,694750,9584750,2024,10,2024-10,100,0,no_incendio_observado,0,0,0,0,0,1
LJ500_R168_C045,683750,9585250,2024,10,2024-10,100,0,no_incendio_observado,0,0,0,0,0,1
LJ500_R173_C033,677750,9587750,2024,10,2024-10,100,0,no_incendio_observado,0,0,0,0,0,1
LJ500_R178_C063,692750,9590250,2024,10,2024-10,100,0,no_incendio_observado,0,0,0,0,0,1
LJ500_R179_C046,684250,9590750,2024,10,2024-10,100,0,no_incendio_observado,0,0,0,0,0,1
LJ500_R180_C071,696750,9591250,2024,10,2024-10,100,0,no_incendio_observado,0,0,0,0,0,1
LJ500_R183_C039,680750,9592750,2024,10,2024-10,100,0,no_incendio_observado,0,0,0,0,0,1
LJ500_R184_C039,680750,9593250,2024,10,2024-10,,,indeterminado_sin_soporte,,,,,,0
LJ500_R184_C066,694250,9593250,2024,10,2024-10,100,0,no_incendio_observado,0,0,0,0,0,1
LJ500_R006_C075,698750,9504250,2024,11,2024-11,90,0,no_incendio_observado,0,0,0,,,1
LJ500_R011_C068,695250,9506750,2024,11,2024-11,90,0,no_incendio_observado,0,0,0,,,1
LJ500_R012_C055,688750,9507250,2024,11,2024-11,90,0,no_incendio_observado,0,0,0,,,1
LJ500_R020_C061,691750,9511250,2024,11,2024-11,90,0,no_incendio_observado,0,0,0,,,1
LJ500_R033_C056,689250,9517750,2024,11,2024-11,90,0,no_incendio_observado,0,0,0,,,1
LJ500_R035_C085,703750,9518750,2024,11,2024-11,90,0,no_incendio_observado,0,0,0,,,1
LJ500_R039_C072,697250,9520750,2024,11,2024-11,90,0,no_incendio_observado,0,0,0,,,1
LJ500_R040_C060,691250,9521250,2024,11,2024-11,90,0,no_incendio_observado,0,0,0,,,1
LJ500_R041_C061,691750,9521750,2024,11,2024-11,90,0,no_incendio_observado,0,0,0,,,1
LJ500_R043_C058,690250,9522750,2024,11,2024-11,90,0,no_incendio_observado,0,0,0,,,1
LJ500_R045_C083,702750,9523750,2024,11,2024-11,90,0,no_incendio_observado,0,0,0,,,1
LJ500_R046_C064,693250,9524250,2024,11,2024-11,90,0,no_incendio_observado,0,0,0,,,1
LJ500_R048_C071,696750,9525250,2024,11,2024-11,90,0,no_incendio_observado,0,0,0,,,1
LJ500_R050_C095,708750,9526250,2024,11,2024-11,90,0,no_incendio_observado,0,0,0,,,1
LJ500_R056_C049,685750,9529250,2024,11,2024-11,90,0,no_incendio_observado,0,0,0,,,1
LJ500_R058_C079,700750,9530250,2024,11,2024-11,90,0,no_incendio_observado,0,0,0,,,1
LJ500_R063_C060,691250,9532750,2024,11,2024-11,90,0,no_incendio_observado,0,0,0,,,1
LJ500_R064_C084,703250,9533250,2024,11,2024-11,90,0,no_incendio_observado,0,0,0,,,1
LJ500_R069_C057,689750,9535750,2024,11,2024-11,90,0,no_incendio_observado,0,0,0,,,1
LJ500_R072_C062,692250,9537250,2024,11,2024-11,90,0,no_incendio_observado,0,0,0,,,1
LJ500_R072_C095,708750,9537250,2024,11,2024-11,90,0,no_incendio_observado,0,0,0,,,1
LJ500_R074_C074,698250,9538250,2024,11,2024-11,90,0,no_incendio_observado,0,0,0,,,1
LJ500_R078_C076,699250,9540250,2024,11,2024-11,90,0,no_incendio_observado,0,0,0,,,1
LJ500_R079_C076,699250,9540750,2024,11,2024-11,90,0,no_incendio_observado,0,0,0,,,1
LJ500_R093_C071,696750,9547750,2024,11,2024-11,90,0,no_incendio_observado,0,0,0,,,1
LJ500_R093_C073,697750,9547750,2024,11,2024-11,90,0,no_incendio_observado,0,0,0,,,1
LJ500_R096_C074,698250,9549250,2024,11,2024-11,90,0,no_incendio_observado,0,0,0,,,1
LJ500_R098_C085,703750,9550250,2024,11,2024-11,90,0,no_incendio_observado,0,0,0,,,1
LJ500_R101_C091,706750,9551750,2024,11,2024-11,90,0,no_incendio_observado,0,0,0,,,1
LJ500_R106_C080,701250,9554250,2024,11,2024-11,90,0,no_incendio_observado,0,0,0,,,1
LJ500_R108_C065,693750,9555250,2024,11,2024-11,,,indeterminado_sin_soporte,,,,,,0
LJ500_R109_C088,705250,9555750,2024,11,2024-11,90,0,no_incendio_observado,0,0,0,,,1
LJ500_R119_C079,700750,9560750,2024,11,2024-11,90,0,no_incendio_observado,0,0,0,,,1
LJ500_R122_C070,696250,9562250,2024,11,2024-11,90,0,no_incendio_observado,0,0,0,,,1
LJ500_R125_C065,693750,9563750,2024,11,2024-11,90,0,no_incendio_observado,0,0,0,,,1
LJ500_R131_C053,687750,9566750,2024,11,2024-11,90,0,no_incendio_observado,0,0,0,,,1
LJ500_R132_C080,701250,9567250,2024,11,2024-11,90,1,incendio_observado,1,1,1,1,1,1
LJ500_R138_C087,704750,9570250,2024,11,2024-11,90,0,no_incendio_observado,0,0,0,,,1
LJ500_R142_C071,696750,9572250,2024,11,2024-11,90,0,no_incendio_observado,0,0,0,,,1
LJ500_R145_C054,688250,9573750,2024,11,2024-11,90,0,no_incendio_observado,0,0,0,,,1
LJ500_R147_C083,702750,9574750,2024,11,2024-11,90,0,no_incendio_observado,0,0,0,,,1
LJ500_R156_C028,675250,9579250,2024,11,2024-11,90,0,no_incendio_observado,0,0,0,,,1
LJ500_R156_C067,694750,9579250,2024,11,2024-11,90,0,no_incendio_observado,0,0,0,,,1
LJ500_R156_C079,700750,9579250,2024,11,2024-11,90,0,no_incendio_observado,0,0,0,,,1
LJ500_R157_C009,665750,9579750,2024,11,2024-11,90,0,no_incendio_observado,0,0,0,,,1
LJ500_R158_C065,693750,9580250,2024,11,2024-11,90,0,no_incendio_observado,0,0,0,,,1
LJ500_R160_C074,698250,9581250,2024,11,2024-11,90,1,incendio_observado,1,1,1,1,1,1
LJ500_R161_C066,694250,9581750,2024,11,2024-11,90,0,no_incendio_observado,0,0,0,,,1
LJ500_R164_C043,682750,9583250,2024,11,2024-11,90,0,no_incendio_observado,0,0,0,,,1
LJ500_R164_C059,690750,9583250,2024,11,2024-11,90,0,no_incendio_observado,0,0,0,,,1
LJ500_R166_C072,697250,9584250,2024,11,2024-11,90,1,incendio_observado,1,1,1,1,1,1
LJ500_R167_C067,694750,9584750,2024,11,2024-11,90,0,no_incendio_observado,0,0,0,,,1
LJ500_R168_C045,683750,9585250,2024,11,2024-11,90,1,incendio_observado,1,0,1,1,1,1
LJ500_R173_C033,677750,9587750,2024,11,2024-11,90,1,incendio_observado,1,1,1,1,1,1
LJ500_R178_C063,692750,9590250,2024,11,2024-11,90,0,no_incendio_observado,0,0,0,,,1
LJ500_R179_C046,684250,9590750,2024,11,2024-11,90,1,incendio_observado,1,1,1,1,1,1
LJ500_R180_C071,696750,9591250,2024,11,2024-11,90,0,no_incendio_observado,0,0,0,,,1
LJ500_R183_C039,680750,9592750,2024,11,2024-11,90,0,no_incendio_observado,0,0,0,,,1
LJ500_R184_C039,680750,9593250,2024,11,2024-11,,,indeterminado_sin_soporte,,,,,,0
LJ500_R184_C066,694250,9593250,2024,11,2024-11,90,0,no_incendio_observado,0,0,0,,,1
LJ500_R006_C075,698750,9504250,2024,12,2024-12,100,0,no_incendio_observado,0,0,0,0,0,1
LJ500_R011_C068,695250,9506750,2024,12,2024-12,100,0,no_incendio_observado,0,0,0,0,0,1
LJ500_R012_C055,688750,9507250,2024,12,2024-12,100,0,no_incendio_observado,0,0,0,0,0,1
LJ500_R020_C061,691750,9511250,2024,12,2024-12,100,0,no_incendio_observado,0,0,0,0,0,1
LJ500_R033_C056,689250,9517750,2024,12,2024-12,100,0,no_incendio_observado,0,0,0,0,0,1
LJ500_R035_C085,703750,9518750,2024,12,2024-12,100,0,no_incendio_observado,0,0,0,0,0,1
LJ500_R039_C072,697250,9520750,2024,12,2024-12,100,0,no_incendio_observado,0,0,0,0,0,1
LJ500_R040_C060,691250,9521250,2024,12,2024-12,100,0,no_incendio_observado,0,0,0,0,0,1
LJ500_R041_C061,691750,9521750,2024,12,2024-12,100,0,no_incendio_observado,0,0,0,0,0,1
LJ500_R043_C058,690250,9522750,2024,12,2024-12,100,0,no_incendio_observado,0,0,0,0,0,1
LJ500_R045_C083,702750,9523750,2024,12,2024-12,100,0,no_incendio_observado,0,0,0,0,0,1
LJ500_R046_C064,693250,9524250,2024,12,2024-12,100,0,no_incendio_observado,0,0,0,0,0,1
LJ500_R048_C071,696750,9525250,2024,12,2024-12,100,0,no_incendio_observado,0,0,0,0,0,1
LJ500_R050_C095,708750,9526250,2024,12,2024-12,100,0,no_incendio_observado,0,0,0,0,0,1
LJ500_R056_C049,685750,9529250,2024,12,2024-12,100,0,no_incendio_observado,0,0,0,0,0,1
LJ500_R058_C079,700750,9530250,2024,12,2024-12,100,0,no_incendio_observado,0,0,0,0,0,1
LJ500_R063_C060,691250,9532750,2024,12,2024-12,100,0,no_incendio_observado,0,0,0,0,0,1
LJ500_R064_C084,703250,9533250,2024,12,2024-12,100,0,no_incendio_observado,0,0,0,0,0,1
LJ500_R069_C057,689750,9535750,2024,12,2024-12,100,0,no_incendio_observado,0,0,0,0,0,1
LJ500_R072_C062,692250,9537250,2024,12,2024-12,100,0,no_incendio_observado,0,0,0,0,0,1
LJ500_R072_C095,708750,9537250,2024,12,2024-12,100,0,no_incendio_observado,0,0,0,0,0,1
LJ500_R074_C074,698250,9538250,2024,12,2024-12,100,0,no_incendio_observado,0,0,0,0,0,1
LJ500_R078_C076,699250,9540250,2024,12,2024-12,100,0,no_incendio_observado,0,0,0,0,0,1
LJ500_R079_C076,699250,9540750,2024,12,2024-12,100,0,no_incendio_observado,0,0,0,0,0,1
LJ500_R093_C071,696750,9547750,2024,12,2024-12,100,0,no_incendio_observado,0,0,0,0,0,1
LJ500_R093_C073,697750,9547750,2024,12,2024-12,100,0,no_incendio_observado,0,0,0,0,0,1
LJ500_R096_C074,698250,9549250,2024,12,2024-12,100,0,no_incendio_observado,0,0,0,0,0,1
LJ500_R098_C085,703750,9550250,2024,12,2024-12,100,0,no_incendio_observado,0,0,0,0,0,1
LJ500_R101_C091,706750,9551750,2024,12,2024-12,100,0,no_incendio_observado,0,0,0,0,0,1
LJ500_R106_C080,701250,9554250,2024,12,2024-12,100,0,no_incendio_observado,0,0,0,0,0,1
LJ500_R108_C065,693750,9555250,2024,12,2024-12,,,indeterminado_sin_soporte,,,,,,0
LJ500_R109_C088,705250,9555750,2024,12,2024-12,100,0,no_incendio_observado,0,0,0,0,0,1
LJ500_R119_C079,700750,9560750,2024,12,2024-12,100,0,no_incendio_observado,0,0,0,0,0,1
LJ500_R122_C070,696250,9562250,2024,12,2024-12,100,0,no_incendio_observado,0,0,0,0,0,1
LJ500_R125_C065,693750,9563750,2024,12,2024-12,100,0,no_incendio_observado,0,0,0,0,0,1
LJ500_R131_C053,687750,9566750,2024,12,2024-12,100,0,no_incendio_observado,0,0,0,0,0,1
LJ500_R132_C080,701250,9567250,2024,12,2024-12,100,0,no_incendio_observado,0,0,0,0,0,1
LJ500_R138_C087,704750,9570250,2024,12,2024-12,100,0,no_incendio_observado,0,0,0,0,0,1
LJ500_R142_C071,696750,9572250,2024,12,2024-12,100,0,no_incendio_observado,0,0,0,0,0,1
LJ500_R145_C054,688250,9573750,2024,12,2024-12,100,0,no_incendio_observado,0,0,0,0,0,1
LJ500_R147_C083,702750,9574750,2024,12,2024-12,100,0,no_incendio_observado,0,0,0,0,0,1
LJ500_R156_C028,675250,9579250,2024,12,2024-12,100,0,no_incendio_observado,0,0,0,0,0,1
LJ500_R156_C067,694750,9579250,2024,12,2024-12,100,0,no_incendio_observado,0,0,0,0,0,1
LJ500_R156_C079,700750,9579250,2024,12,2024-12,100,0,no_incendio_observado,0,0,0,0,0,1
LJ500_R157_C009,665750,9579750,2024,12,2024-12,100,0,no_incendio_observado,0,0,0,0,0,1
LJ500_R158_C065,693750,9580250,2024,12,2024-12,100,0,no_incendio_observado,0,0,0,0,0,1
LJ500_R160_C074,698250,9581250,2024,12,2024-12,100,0,no_incendio_observado,0,0,0,0,0,1
LJ500_R161_C066,694250,9581750,2024,12,2024-12,100,0,no_incendio_observado,0,0,0,0,0,1
LJ500_R164_C043,682750,9583250,2024,12,2024-12,100,0,no_incendio_observado,0,0,0,0,0,1
LJ500_R164_C059,690750,9583250,2024,12,2024-12,100,0,no_incendio_observado,0,0,0,0,0,1
LJ500_R166_C072,697250,9584250,2024,12,2024-12,100,0,no_incendio_observado,0,0,0,0,0,1
LJ500_R167_C067,694750,9584750,2024,12,2024-12,100,0,no_incendio_observado,0,0,0,0,0,1
LJ500_R168_C045,683750,9585250,2024,12,2024-12,100,0,no_incendio_observado,0,0,0,0,0,1
LJ500_R173_C033,677750,9587750,2024,12,2024-12,100,0,no_incendio_observado,0,0,0,0,0,1
LJ500_R178_C063,692750,9590250,2024,12,2024-12,100,0,no_incendio_observado,0,0,0,0,0,1
LJ500_R179_C046,684250,9590750,2024,12,2024-12,100,0,no_incendio_observado,0,0,0,0,0,1
LJ500_R180_C071,696750,9591250,2024,12,2024-12,100,0,no_incendio_observado,0,0,0,0,0,1
LJ500_R183_C039,680750,9592750,2024,12,2024-12,100,0,no_incendio_observado,0,0,0,0,0,1
LJ500_R184_C039,680750,9593250,2024,12,2024-12,,,indeterminado_sin_soporte,,,,,,0
LJ500_R184_C066,694250,9593250,2024,12,2024-12,100,0,no_incendio_observado,0,0,0,0,0,1
