cell_id,centro_x_m,centro_y_m,anio,mes,anio_mes,chirps_precipitacion_acumulada_t1_mm,chirps_precipitacion_acumulada_prev2m_mm,chirps_precipitacion_acumulada_prev3m_mm,chirps_precipitacion_maxima_diaria_t1_mm,chirps_dias_secos_t1,chirps_dias_humedos_t1,chirps_dias_validos_t1,chirps_disponibilidad_t1_pct,chirps_historia_3m_completa,chelsa_sfcwind_media_t1_ms,chelsa_sfcwind_maxima_t1_ms,chelsa_disponibilidad_t1_pct
LJ500_R006_C075,698750,9504250,2019,1,2019-01,97.86,162.02,235.33,47.41,25,6,31,100,1,0.9231,1.5907,100
LJ500_R011_C068,695250,9506750,2019,1,2019-01,97.86,162.02,235.33,47.41,25,6,31,100,1,0.7162,1.8626,100
LJ500_R012_C055,688750,9507250,2019,1,2019-01,84.41,148.35,227.28,35.66,24.25,6.746,31,100,1,0.9741,2.2951,100
LJ500_R020_C061,691750,9511250,2019,1,2019-01,91.69,159.75,240.96,51.14,25,6,31,100,1,0.9155,1.37,100
LJ500_R033_C056,689250,9517750,2019,1,2019-01,93.13,166.35,243.54,15.34,21,10,31,100,1,0.7903,1.72,100
LJ500_R035_C085,703750,9518750,2019,1,2019-01,107.56,192.8,270.77,17.66,20.5,10.5,31,100,1,0.4107,0.6687,100
LJ500_R039_C072,697250,9520750,2019,1,2019-01,90.24,160.91,231.77,45.61,25,6,31,100,1,0.3665,0.5812,100
LJ500_R040_C060,691250,9521250,2019,1,2019-01,81.62,150.84,226.34,15.18,22,9,31,100,1,0.385,0.6116,100
LJ500_R041_C061,691750,9521750,2019,1,2019-01,81.62,150.84,226.34,15.18,22,9,31,100,1,0.3811,0.62,100
LJ500_R043_C058,690250,9522750,2019,1,2019-01,81.62,150.84,226.34,15.18,22,9,31,100,1,0.3678,0.5908,100
LJ500_R045_C083,702750,9523750,2019,1,2019-01,101.98,178.99,252.7,35.64,24,7,31,100,1,0.3511,0.571,100
LJ500_R046_C064,693250,9524250,2019,1,2019-01,81.63,150.86,226.23,15.27,22.03,8.9665,31,100,1,0.3195,0.5348,100
LJ500_R048_C071,696750,9525250,2019,1,2019-01,88.86,157.44,219.67,31.74,24,7,31,100,1,0.3427,0.5796,100
LJ500_R050_C095,708750,9526250,2019,1,2019-01,103.29,185.69,271.8,54.75,25,6,31,100,1,0.4926,1.4483,100
LJ500_R056_C049,685750,9529250,2019,1,2019-01,84.98,150.03,203.54,42.13,25,6,31,100,1,0.3138,0.5499,100
LJ500_R058_C079,700750,9530250,2019,1,2019-01,81.85,145.4,208.19,27.89,24.01,6.9924,31,100,1,0.2651,0.49,100
LJ500_R063_C060,691250,9532750,2019,1,2019-01,76.86,141.72,199.56,38.03,25,6,31,100,1,0.2336,0.4393,100
LJ500_R064_C084,703250,9533250,2019,1,2019-01,81.72,145.23,207.98,27.73,24,7,31,100,1,0.4548,1.3453,100
LJ500_R069_C057,689750,9535750,2019,1,2019-01,77.79,142.7,194.33,38.56,25,6,31,100,1,0.1821,0.3809,100
LJ500_R072_C062,692250,9537250,2019,1,2019-01,77.92,142.83,193.65,38.63,25,6,31,100,1,0.184,0.3817,100
LJ500_R072_C095,708750,9537250,2019,1,2019-01,91.51,166.99,247.22,50.13,25,6,31,100,1,0.9155,2.2349,100
LJ500_R074_C074,698250,9538250,2019,1,2019-01,69.21,125.57,164.84,34.95,25,6,31,100,1,0.2784,0.5435,100
LJ500_R078_C076,699250,9540250,2019,1,2019-01,69.21,125.57,164.84,34.95,25,6,31,100,1,0.2486,0.5097,100
LJ500_R079_C076,699250,9540750,2019,1,2019-01,69.21,125.57,164.84,34.95,25,6,31,100,1,0.2526,0.52,100
LJ500_R093_C071,696750,9547750,2019,1,2019-01,70.14,124.87,181.27,12.64,23,8,31,100,1,0.3118,0.6803,100
LJ500_R093_C073,697750,9547750,2019,1,2019-01,70.14,124.87,181.27,12.64,23,8,31,100,1,0.2831,0.7902,100
LJ500_R096_C074,698250,9549250,2019,1,2019-01,70.14,124.87,181.27,12.64,23,8,31,100,1,0.2303,0.8956,100
LJ500_R098_C085,703750,9550250,2019,1,2019-01,82.31,139.14,209.2,12.95,22,9,31,100,1,0.266,0.594,100
LJ500_R101_C091,706750,9551750,2019,1,2019-01,89.05,156.91,238.03,14.78,22,9,31,100,1,0.2635,0.62,100
LJ500_R106_C080,701250,9554250,2019,1,2019-01,91.6,149.38,234.52,52.01,25,6,31,100,1,0.1665,0.37,100
LJ500_R006_C075,698750,9504250,2019,2,2019-02,162.03,259.88,324.04,54.35,26,5,31,100,1,0.8885,1.944,100
LJ500_R011_C068,695250,9506750,2019,2,2019-02,162.03,259.88,324.04,54.35,26,5,31,100,1,0.6998,2.0807,100
LJ500_R012_C055,688750,9507250,2019,2,2019-02,82.87,167.29,231.23,32.3,25.75,5.254,31,100,1,0.7686,2.2144,100
LJ500_R020_C061,691750,9511250,2019,2,2019-02,77.71,169.41,237.46,29.21,25,6,31,100,1,0.849,1.64,100
LJ500_R033_C056,689250,9517750,2019,2,2019-02,107.33,200.46,273.68,48.85,26,5,31,100,1,0.8106,2.06,100
LJ500_R035_C085,703750,9518750,2019,2,2019-02,186.96,294.52,379.76,79.76,26,5,31,100,1,0.3703,0.7603,100
LJ500_R039_C072,697250,9520750,2019,2,2019-02,148.3,238.53,309.21,64.48,27,4,31,100,1,0.353,0.6912,100
LJ500_R040_C060,691250,9521250,2019,2,2019-02,74.99,156.61,225.83,31.01,26,5,31,100,1,0.3796,0.7267,100
LJ500_R041_C061,691750,9521750,2019,2,2019-02,74.99,156.61,225.83,31.01,26,5,31,100,1,0.3722,0.7214,100
LJ500_R043_C058,690250,9522750,2019,2,2019-02,74.99,156.61,225.83,31.01,26,5,31,100,1,0.3712,0.7181,100
LJ500_R045_C083,702750,9523750,2019,2,2019-02,161.39,263.36,340.37,60.58,26,5,31,100,1,0.3283,0.6587,100
LJ500_R046_C064,693250,9524250,2019,2,2019-02,75.41,157.03,226.26,31.26,26.02,4.9832,31,100,1,0.3259,0.6293,100
LJ500_R048_C071,696750,9525250,2019,2,2019-02,160.83,249.7,318.27,45.03,24,7,31,100,1,0.3383,0.6495,100
LJ500_R050_C095,708750,9526250,2019,2,2019-02,96.67,199.95,282.35,29.17,26,5,31,100,1,0.5408,1.8896,100
LJ500_R056_C049,685750,9529250,2019,2,2019-02,123.53,208.51,273.57,52.07,27,4,31,100,1,0.3347,0.7053,100
LJ500_R058_C079,700750,9530250,2019,2,2019-02,122.1,203.95,267.5,31.98,24.01,6.9924,31,100,1,0.2668,0.52,100
LJ500_R063_C060,691250,9532750,2019,2,2019-02,112.9,189.75,254.61,32.65,25,6,31,100,1,0.2655,0.5244,100
LJ500_R064_C084,703250,9533250,2019,2,2019-02,121.89,203.61,267.12,31.91,24,7,31,100,1,0.5226,1.7584,100
LJ500_R069_C057,689750,9535750,2019,2,2019-02,143.95,221.74,286.65,44.52,25,6,31,100,1,0.2247,0.522,100
LJ500_R072_C062,692250,9537250,2019,2,2019-02,148.03,225.95,290.86,46.08,25,6,31,100,1,0.2185,0.4697,100
LJ500_R072_C095,708750,9537250,2019,2,2019-02,80.62,172.13,247.61,30.34,27,4,31,100,1,0.8207,2.3687,100
LJ500_R074_C074,698250,9538250,2019,2,2019-02,129.06,198.26,254.62,42.45,26,5,31,100,1,0.2759,0.6596,100
LJ500_R078_C076,699250,9540250,2019,2,2019-02,129.06,198.26,254.62,42.45,26,5,31,100,1,0.2464,0.6341,100
LJ500_R079_C076,699250,9540750,2019,2,2019-02,129.06,198.26,254.62,42.45,26,5,31,100,1,0.2516,0.66,100
LJ500_R093_C071,696750,9547750,2019,2,2019-02,100.76,170.91,225.63,40.67,27,4,31,100,1,0.3557,1.0504,100
LJ500_R093_C073,697750,9547750,2019,2,2019-02,100.76,170.91,225.63,40.67,27,4,31,100,1,0.3752,1.2456,100
LJ500_R096_C074,698250,9549250,2019,2,2019-02,100.76,170.91,225.63,40.67,27,4,31,100,1,0.3763,1.3825,100
LJ500_R098_C085,703750,9550250,2019,2,2019-02,102.64,184.95,241.78,36.57,27,4,31,100,1,0.3085,1.0661,100
LJ500_R101_C091,706750,9551750,2019,2,2019-02,69.74,158.79,226.65,32.84,28,3,31,100,1,0.2874,1.03,100
LJ500_R106_C080,701250,9554250,2019,2,2019-02,121.99,213.58,271.37,54.39,27,4,31,100,1,0.1319,0.41,100
LJ500_R006_C075,698750,9504250,2019,3,2019-03,140.36,302.39,400.25,77.72,26,2,28,100,1,0.6429,1.8411,100
LJ500_R011_C068,695250,9506750,2019,3,2019-03,140.36,302.39,400.25,77.72,26,2,28,100,1,0.5321,1.9813,100
LJ500_R012_C055,688750,9507250,2019,3,2019-03,144.97,227.85,312.26,64.52,24,4,28,100,1,0.6993,2.4196,100
LJ500_R020_C061,691750,9511250,2019,3,2019-03,139.91,217.62,309.32,62.64,24,4,28,100,1,0.64,1.55,100
LJ500_R033_C056,689250,9517750,2019,3,2019-03,149.75,257.08,350.21,57.05,23,5,28,100,1,0.6764,2.04,100
LJ500_R035_C085,703750,9518750,2019,3,2019-03,144.96,331.92,439.48,72.07,25,3,28,100,1,0.2926,0.6919,100
LJ500_R039_C072,697250,9520750,2019,3,2019-03,145.21,293.51,383.75,67.43,24,4,28,100,1,0.2557,0.5912,100
LJ500_R040_C060,691250,9521250,2019,3,2019-03,151.71,226.71,308.32,40.69,22,6,28,100,1,0.2688,0.6384,100
LJ500_R041_C061,691750,9521750,2019,3,2019-03,151.71,226.71,308.32,40.69,22,6,28,100,1,0.2672,0.6357,100
LJ500_R043_C058,690250,9522750,2019,3,2019-03,151.71,226.71,308.32,40.69,22,6,28,100,1,0.2629,0.6424,100
LJ500_R045_C083,702750,9523750,2019,3,2019-03,144.43,305.82,407.79,68.31,25,3,28,100,1,0.2343,0.5518,100
LJ500_R046_C064,693250,9524250,2019,3,2019-03,151.61,227.01,308.64,40.55,22,6,28,100,1,0.2331,0.5393,100
LJ500_R048_C071,696750,9525250,2019,3,2019-03,137.43,298.27,387.13,71.84,25,3,28,100,1,0.2332,0.5674,100
LJ500_R050_C095,708750,9526250,2019,3,2019-03,132.34,229.01,332.3,59.32,25,3,28,100,1,0.4216,1.6835,100
LJ500_R056_C049,685750,9529250,2019,3,2019-03,166.73,290.26,375.24,36.24,21,7,28,100,1,0.2532,0.7797,100
LJ500_R058_C079,700750,9530250,2019,3,2019-03,120.79,242.89,324.74,60.09,24.99,3.0076,28,100,1,0.1919,0.46,100
LJ500_R063_C060,691250,9532750,2019,3,2019-03,130.48,243.38,320.23,29.57,22,6,28,100,1,0.1955,0.5915,100
LJ500_R064_C084,703250,9533250,2019,3,2019-03,120.68,242.57,324.29,60.07,25,3,28,100,1,0.4458,1.7253,100
LJ500_R069_C057,689750,9535750,2019,3,2019-03,124.55,268.5,346.3,24.03,20.23,7.7676,28,100,1,0.167,0.5727,100
LJ500_R072_C062,692250,9537250,2019,3,2019-03,123.77,271.81,349.72,23.3,20,8,28,100,1,0.1656,0.57,100
LJ500_R072_C095,708750,9537250,2019,3,2019-03,119.19,199.8,291.32,57.04,25,3,28,100,1,0.6793,2.0373,100
LJ500_R074_C074,698250,9538250,2019,3,2019-03,108.37,237.42,306.63,21.9,21,7,28,100,1,0.2344,0.635,100
LJ500_R078_C076,699250,9540250,2019,3,2019-03,108.37,237.42,306.63,21.9,21,7,28,100,1,0.2338,0.6341,100
LJ500_R079_C076,699250,9540750,2019,3,2019-03,108.37,237.42,306.63,21.9,21,7,28,100,1,0.24,0.66,100
LJ500_R093_C071,696750,9547750,2019,3,2019-03,125.88,226.64,296.78,27.99,22,6,28,100,1,0.3712,1.1204,100
LJ500_R093_C073,697750,9547750,2019,3,2019-03,125.88,226.64,296.78,27.99,22,6,28,100,1,0.3858,1.257,100
LJ500_R096_C074,698250,9549250,2019,3,2019-03,125.88,226.64,296.78,27.99,22,6,28,100,1,0.3506,1.2539,100
LJ500_R098_C085,703750,9550250,2019,3,2019-03,129.19,231.83,314.14,26.15,22,6,28,100,1,0.3616,1.1056,100
LJ500_R101_C091,706750,9551750,2019,3,2019-03,126.55,196.29,285.34,35.92,23,5,28,100,1,0.3543,1.05,100
LJ500_R106_C080,701250,9554250,2019,3,2019-03,134.4,256.39,347.98,36.03,23,5,28,100,1,0.1711,0.5,100
LJ500_R006_C075,698750,9504250,2019,4,2019-04,269.05,409.41,571.43,62.06,23,8,31,100,1,0.655,1.2111,100
LJ500_R011_C068,695250,9506750,2019,4,2019-04,269.05,409.41,571.43,62.06,23,8,31,100,1,0.5203,1.667,100
LJ500_R012_C055,688750,9507250,2019,4,2019-04,240.12,385.09,467.97,43.03,22.25,8.746,31,100,1,0.6456,2.2028,100
LJ500_R020_C061,691750,9511250,2019,4,2019-04,243.63,383.54,461.25,52.63,24,7,31,100,1,0.6874,1.1,100
LJ500_R033_C056,689250,9517750,2019,4,2019-04,243.96,393.71,501.04,54.17,23,8,31,100,1,0.7432,1.55,100
LJ500_R035_C085,703750,9518750,2019,4,2019-04,255.06,400.03,586.99,63.3,23,8,31,100,1,0.3028,0.5494,100
LJ500_R039_C072,697250,9520750,2019,4,2019-04,245.26,390.47,538.77,64.02,24,7,31,100,1,0.2713,0.4956,100
LJ500_R040_C060,691250,9521250,2019,4,2019-04,224.87,376.58,451.58,59.03,24,7,31,100,1,0.2898,0.5435,100
LJ500_R041_C061,691750,9521750,2019,4,2019-04,224.87,376.58,451.58,59.03,24,7,31,100,1,0.2883,0.5328,100
LJ500_R043_C058,690250,9522750,2019,4,2019-04,224.87,376.58,451.58,59.03,24,7,31,100,1,0.2754,0.547,100
LJ500_R045_C083,702750,9523750,2019,4,2019-04,243.8,388.23,549.61,54.21,23,8,31,100,1,0.2553,0.4905,100
LJ500_R046_C064,693250,9524250,2019,4,2019-04,224.77,376.38,451.78,58.98,23.95,7.0503,31,100,1,0.2422,0.4847,100
LJ500_R048_C071,696750,9525250,2019,4,2019-04,227.24,364.67,525.5,55.19,23,8,31,100,1,0.2523,0.5192,100
LJ500_R050_C095,708750,9526250,2019,4,2019-04,238.29,370.64,467.31,45.21,21,10,31,100,1,0.3779,1.2514,100
LJ500_R056_C049,685750,9529250,2019,4,2019-04,246.44,413.17,536.7,69.82,24,7,31,100,1,0.239,0.5463,100
LJ500_R058_C079,700750,9530250,2019,4,2019-04,203.69,324.48,446.58,47.91,22.98,8.0151,31,100,1,0.1937,0.4338,100
LJ500_R063_C060,691250,9532750,2019,4,2019-04,216.08,346.56,459.45,53.28,22,9,31,100,1,0.1854,0.4687,100
LJ500_R064_C084,703250,9533250,2019,4,2019-04,203.57,324.25,446.14,47.93,23,8,31,100,1,0.4576,1.05,100
LJ500_R069_C057,689750,9535750,2019,4,2019-04,207.48,332.03,475.98,51.74,23.77,7.2324,31,100,1,0.1541,0.4135,100
LJ500_R072_C062,692250,9537250,2019,4,2019-04,206.35,330.12,478.15,51.54,24,7,31,100,1,0.1537,0.423,100
LJ500_R072_C095,708750,9537250,2019,4,2019-04,212.21,331.39,412.01,32.8,20,11,31,100,1,0.6971,2.0321,100
LJ500_R074_C074,698250,9538250,2019,4,2019-04,185.29,293.66,422.71,43.24,23,8,31,100,1,0.2369,0.5335,100
LJ500_R078_C076,699250,9540250,2019,4,2019-04,185.29,293.66,422.71,43.24,23,8,31,100,1,0.2249,0.5197,100
LJ500_R079_C076,699250,9540750,2019,4,2019-04,185.29,293.66,422.71,43.24,23,8,31,100,1,0.23,0.53,100
LJ500_R093_C071,696750,9547750,2019,4,2019-04,162.85,288.73,389.49,37.98,24,7,31,100,1,0.3598,0.7201,100
LJ500_R093_C073,697750,9547750,2019,4,2019-04,162.85,288.73,389.49,37.98,24,7,31,100,1,0.3759,0.7206,100
LJ500_R096_C074,698250,9549250,2019,4,2019-04,162.85,288.73,389.49,37.98,24,7,31,100,1,0.3481,0.8812,100
LJ500_R098_C085,703750,9550250,2019,4,2019-04,168.77,297.96,400.6,24.4,22,9,31,100,1,0.3291,0.654,100
LJ500_R101_C091,706750,9551750,2019,4,2019-04,171.73,298.28,368.02,27.01,22,9,31,100,1,0.3161,0.66,100
LJ500_R106_C080,701250,9554250,2019,4,2019-04,160.59,294.99,416.98,21.6,22,9,31,100,1,0.1484,0.4,100
LJ500_R006_C075,698750,9504250,2019,5,2019-05,120.25,389.3,529.66,47.93,21,9,30,100,1,0.691,1.4939,100
LJ500_R011_C068,695250,9506750,2019,5,2019-05,120.25,389.3,529.66,47.93,21,9,30,100,1,0.6728,1.4075,100
LJ500_R012_C055,688750,9507250,2019,5,2019-05,99.81,339.93,484.9,31.06,21,9,30,100,1,0.6869,1.6299,100
LJ500_R020_C061,691750,9511250,2019,5,2019-05,108.67,352.3,492.21,39.09,22,8,30,100,1,0.647,1.29,100
LJ500_R033_C056,689250,9517750,2019,5,2019-05,125.14,369.1,518.85,55.88,21,9,30,100,1,0.7243,1.51,100
LJ500_R035_C085,703750,9518750,2019,5,2019-05,143.2,398.26,543.22,49.37,20.13,9.8747,30,100,1,0.283,0.6025,100
LJ500_R039_C072,697250,9520750,2019,5,2019-05,122.41,367.67,512.88,36.5,20,10,30,100,1,0.2804,0.5656,100
LJ500_R040_C060,691250,9521250,2019,5,2019-05,102.39,327.26,478.98,38.86,21,9,30,100,1,0.3086,0.5984,100
LJ500_R041_C061,691750,9521750,2019,5,2019-05,102.39,327.26,478.98,38.86,21,9,30,100,1,0.3049,0.5957,100
LJ500_R043_C058,690250,9522750,2019,5,2019-05,102.39,327.26,478.98,38.86,21,9,30,100,1,0.2966,0.5826,100
LJ500_R045_C083,702750,9523750,2019,5,2019-05,131.61,375.41,519.84,50.19,21,9,30,100,1,0.2539,0.5405,100
LJ500_R046_C064,693250,9524250,2019,5,2019-05,102.34,327.1,478.71,38.88,21,9,30,100,1,0.2615,0.5245,100
LJ500_R048_C071,696750,9525250,2019,5,2019-05,119.48,346.72,484.15,45.09,21,9,30,100,1,0.2696,0.5596,100
LJ500_R050_C095,708750,9526250,2019,5,2019-05,108.9,347.19,479.54,42.95,22,8,30,100,1,0.419,1.0178,100
LJ500_R056_C049,685750,9529250,2019,5,2019-05,114.05,360.49,527.22,47.64,21,9,30,100,1,0.2553,0.5199,100
LJ500_R058_C079,700750,9530250,2019,5,2019-05,103.95,307.63,428.43,33.16,21.01,8.9924,30,100,1,0.2093,0.4538,100
LJ500_R063_C060,691250,9532750,2019,5,2019-05,99.97,316.05,446.53,40.67,21,9,30,100,1,0.2099,0.4304,100
LJ500_R064_C084,703250,9533250,2019,5,2019-05,103.83,307.4,428.08,33.08,21,9,30,100,1,0.4612,1.0658,100
LJ500_R069_C057,689750,9535750,2019,5,2019-05,100.13,307.61,432.16,32.86,20.12,9.8838,30,100,1,0.1754,0.371,100
LJ500_R072_C062,692250,9537250,2019,5,2019-05,100.15,306.5,430.27,31.83,20,10,30,100,1,0.1727,0.36,100
LJ500_R072_C095,708750,9537250,2019,5,2019-05,93.93,306.14,425.32,29.06,20,10,30,100,1,0.5057,1.4535,100
LJ500_R074_C074,698250,9538250,2019,5,2019-05,94.98,280.27,388.64,38.03,22,8,30,100,1,0.2079,0.4988,100
LJ500_R078_C076,699250,9540250,2019,5,2019-05,94.98,280.27,388.64,38.03,22,8,30,100,1,0.1805,0.4697,100
LJ500_R079_C076,699250,9540750,2019,5,2019-05,94.98,280.27,388.64,38.03,22,8,30,100,1,0.1833,0.48,100
LJ500_R093_C071,696750,9547750,2019,5,2019-05,77.32,240.17,366.05,33,21,9,30,100,1,0.2978,0.6203,100
LJ500_R093_C073,697750,9547750,2019,5,2019-05,77.32,240.17,366.05,33,21,9,30,100,1,0.3251,0.6815,100
LJ500_R096_C074,698250,9549250,2019,5,2019-05,77.32,240.17,366.05,33,21,9,30,100,1,0.3218,0.8647,100
LJ500_R098_C085,703750,9550250,2019,5,2019-05,80.47,249.24,378.43,27.8,22,8,30,100,1,0.2491,0.5683,100
LJ500_R101_C091,706750,9551750,2019,5,2019-05,72.38,244.11,370.66,39.5,23,7,30,100,1,0.2227,0.54,100
LJ500_R106_C080,701250,9554250,2019,5,2019-05,78.91,239.5,373.9,41.96,22,8,30,100,1,0.1167,0.27,100
LJ500_R006_C075,698750,9504250,2019,6,2019-06,50.4,170.65,439.7,50.4,30,1,31,100,1,0.7749,2.0124,100
LJ500_R011_C068,695250,9506750,2019,6,2019-06,50.4,170.65,439.7,50.4,30,1,31,100,1,0.8191,2.2805,100
LJ500_R012_C055,688750,9507250,2019,6,2019-06,37.46,137.27,377.39,12.34,26.76,4.2381,31,100,1,1.0486,2.3635,100
LJ500_R020_C061,691750,9511250,2019,6,2019-06,35.88,144.55,388.18,8.8533,26,5,31,100,1,0.7668,1.69,100
LJ500_R033_C056,689250,9517750,2019,6,2019-06,36.62,161.76,405.71,9.2324,26,5,31,100,1,0.8616,2.18,100
LJ500_R035_C085,703750,9518750,2019,6,2019-06,53.97,197.17,452.23,35.12,28.87,2.1253,31,100,1,0.3521,0.6687,100
LJ500_R039_C072,697250,9520750,2019,6,2019-06,30.39,152.8,398.06,30.39,30,1,31,100,1,0.3297,0.6656,100
LJ500_R040_C060,691250,9521250,2019,6,2019-06,22.5,124.89,349.77,14.9,29,2,31,100,1,0.3711,0.7602,100
LJ500_R041_C061,691750,9521750,2019,6,2019-06,22.5,124.89,349.77,14.9,29,2,31,100,1,0.3702,0.7328,100
LJ500_R043_C058,690250,9522750,2019,6,2019-06,22.5,124.89,349.77,14.9,29,2,31,100,1,0.3604,0.7524,100
LJ500_R045_C083,702750,9523750,2019,6,2019-06,43.62,175.23,419.03,22.2,28,3,31,100,1,0.3225,0.6084,100
LJ500_R046_C064,693250,9524250,2019,6,2019-06,22.46,124.8,349.56,14.77,28.98,2.0168,31,100,1,0.31,0.6244,100
LJ500_R048_C071,696750,9525250,2019,6,2019-06,28.83,148.31,375.55,28.83,30,1,31,100,1,0.3357,0.6695,100
LJ500_R050_C095,708750,9526250,2019,6,2019-06,31.23,140.13,378.42,31.23,30,1,31,100,1,0.475,1.463,100
LJ500_R056_C049,685750,9529250,2019,6,2019-06,19.07,133.12,379.56,7.2538,28,3,31,100,1,0.3261,0.716,100
LJ500_R058_C079,700750,9530250,2019,6,2019-06,22.37,126.31,330,13.16,29.01,1.9924,31,100,1,0.2617,0.5138,100
LJ500_R063_C060,691250,9532750,2019,6,2019-06,18.05,118.02,334.1,7.3186,28,3,31,100,1,0.2693,0.5514,100
LJ500_R064_C084,703250,9533250,2019,6,2019-06,22.28,126.11,329.68,13,29,2,31,100,1,0.4763,1.3995,100
LJ500_R069_C057,689750,9535750,2019,6,2019-06,21.43,121.56,329.04,8.3842,28,3,31,100,1,0.2216,0.4279,100
LJ500_R072_C062,692250,9537250,2019,6,2019-06,21.87,122.03,328.37,8.5243,28,3,31,100,1,0.2285,0.453,100
LJ500_R072_C095,708750,9537250,2019,6,2019-06,27.53,121.46,333.67,8.2461,27,4,31,100,1,0.7359,2.3295,100
LJ500_R074_C074,698250,9538250,2019,6,2019-06,13.33,108.31,293.6,6.761,29,2,31,100,1,0.282,0.5719,100
LJ500_R078_C076,699250,9540250,2019,6,2019-06,13.33,108.31,293.6,6.761,29,2,31,100,1,0.2529,0.5597,100
LJ500_R079_C076,699250,9540750,2019,6,2019-06,13.33,108.31,293.6,6.761,29,2,31,100,1,0.2561,0.57,100
LJ500_R093_C071,696750,9547750,2019,6,2019-06,18.58,95.9,258.75,7.2851,28,3,31,100,1,0.3376,0.8301,100
LJ500_R093_C073,697750,9547750,2019,6,2019-06,18.58,95.9,258.75,7.2851,28,3,31,100,1,0.347,0.8555,100
LJ500_R096_C074,698250,9549250,2019,6,2019-06,18.58,95.9,258.75,7.2851,28,3,31,100,1,0.332,0.9125,100
LJ500_R098_C085,703750,9550250,2019,6,2019-06,24.84,105.31,274.08,7.4531,27,4,31,100,1,0.2555,0.7478,100
LJ500_R101_C091,706750,9551750,2019,6,2019-06,26.16,98.54,270.27,7.5815,27,4,31,100,1,0.2329,0.71,100
LJ500_R106_C080,701250,9554250,2019,6,2019-06,29.93,108.84,269.43,29.93,30,1,31,100,1,0.1297,0.35,100
LJ500_R006_C075,698750,9504250,2019,7,2019-07,34.89,85.3,205.55,9.8897,25,5,30,100,1,1.5013,2.6994,100
LJ500_R011_C068,695250,9506750,2019,7,2019-07,34.89,85.3,205.55,9.8897,25,5,30,100,1,1.7658,3.9437,100
LJ500_R012_C055,688750,9507250,2019,7,2019-07,24.4,61.86,161.67,8.4489,25,5,30,100,1,1.9243,4.6707,100
LJ500_R020_C061,691750,9511250,2019,7,2019-07,22.59,58.47,167.14,8.0476,25,5,30,100,1,1.2767,2.34,100
LJ500_R033_C056,689250,9517750,2019,7,2019-07,24.31,60.93,186.07,15.92,26,4,30,100,1,1.8273,4.02,100
LJ500_R035_C085,703750,9518750,2019,7,2019-07,37.29,91.26,234.46,10.27,25.13,4.8747,30,100,1,0.5012,0.875,100
LJ500_R039_C072,697250,9520750,2019,7,2019-07,19.48,49.87,172.28,11.46,26,4,30,100,1,0.5516,0.9912,100
LJ500_R040_C060,691250,9521250,2019,7,2019-07,12.83,35.34,137.73,8.9513,27,3,30,100,1,0.5881,1.1435,100
LJ500_R041_C061,691750,9521750,2019,7,2019-07,12.83,35.34,137.73,8.9513,27,3,30,100,1,0.579,1.1328,100
LJ500_R043_C058,690250,9522750,2019,7,2019-07,12.83,35.34,137.73,8.9513,27,3,30,100,1,0.569,1.1604,100
LJ500_R045_C083,702750,9523750,2019,7,2019-07,28.23,71.85,203.46,8.8891,26,4,30,100,1,0.5186,0.927,100
LJ500_R046_C064,693250,9524250,2019,7,2019-07,12.78,35.24,137.58,8.8878,27.02,2.9832,30,100,1,0.5199,0.9642,100
LJ500_R048_C071,696750,9525250,2019,7,2019-07,18.07,46.9,166.38,7.6226,27,3,30,100,1,0.5427,1.0113,100
LJ500_R050_C095,708750,9526250,2019,7,2019-07,26.9,58.13,167.03,7.4373,24,6,30,100,1,1.1658,2.8588,100
LJ500_R056_C049,685750,9529250,2019,7,2019-07,8.4872,27.55,141.6,4.7226,28,2,30,100,1,0.4921,1.2311,100
LJ500_R058_C079,700750,9530250,2019,7,2019-07,16.03,38.4,142.35,9.2666,25.99,4.0076,30,100,1,0.4375,0.8238,100
LJ500_R063_C060,691250,9532750,2019,7,2019-07,11.36,29.41,129.38,5.9839,28,2,30,100,1,0.4263,0.9057,100
LJ500_R064_C084,703250,9533250,2019,7,2019-07,15.99,38.27,142.1,9.2571,26,4,30,100,1,1.1004,2.4148,100
LJ500_R069_C057,689750,9535750,2019,7,2019-07,16.68,38.11,138.24,6.887,27.12,2.8838,30,100,1,0.364,0.79,100
LJ500_R072_C062,692250,9537250,2019,7,2019-07,17.38,39.25,139.4,7.0057,27,3,30,100,1,0.3619,0.783,100
LJ500_R072_C095,708750,9537250,2019,7,2019-07,26.05,53.58,147.51,9.361,26,4,30,100,1,1.184,3.3337,100
LJ500_R074_C074,698250,9538250,2019,7,2019-07,10.23,23.55,118.53,4.9362,26,4,30,100,1,0.381,0.9154,100
LJ500_R078_C076,699250,9540250,2019,7,2019-07,10.23,23.55,118.53,4.9362,26,4,30,100,1,0.3175,0.8419,100
LJ500_R079_C076,699250,9540750,2019,7,2019-07,10.23,23.55,118.53,4.9362,26,4,30,100,1,0.3227,0.86,100
LJ500_R093_C071,696750,9547750,2019,7,2019-07,16.77,35.35,112.67,7.5757,27,3,30,100,1,0.45,1.2506,100
LJ500_R093_C073,697750,9547750,2019,7,2019-07,16.77,35.35,112.67,7.5757,27,3,30,100,1,0.5241,1.4373,100
LJ500_R096_C074,698250,9549250,2019,7,2019-07,16.77,35.35,112.67,7.5757,27,3,30,100,1,0.5527,1.4698,100
LJ500_R098_C085,703750,9550250,2019,7,2019-07,24.92,49.76,130.23,9.3977,26,4,30,100,1,0.3649,1.037,100
LJ500_R101_C091,706750,9551750,2019,7,2019-07,30.57,56.73,129.11,15.31,25,5,30,100,1,0.3387,0.91,100
LJ500_R106_C080,701250,9554250,2019,7,2019-07,39.73,69.66,148.57,12.75,25,5,30,100,1,0.1823,0.45,100
LJ500_R006_C075,698750,9504250,2019,8,2019-08,28.59,63.48,113.89,10.35,27,4,31,100,1,1.5356,2.4951,100
LJ500_R011_C068,695250,9506750,2019,8,2019-08,28.59,63.48,113.89,10.35,27,4,31,100,1,1.5709,3.0905,100
LJ500_R012_C055,688750,9507250,2019,8,2019-08,23.04,47.44,84.9,8.8823,27.25,3.746,31,100,1,1.5603,3.2499,100
LJ500_R020_C061,691750,9511250,2019,8,2019-08,22.83,45.42,81.3,8.4657,27,4,31,100,1,1.3419,2.16,100
LJ500_R033_C056,689250,9517750,2019,8,2019-08,19.96,44.27,80.89,9.3445,28,3,31,100,1,1.6265,2.96,100
LJ500_R035_C085,703750,9518750,2019,8,2019-08,29.42,66.72,120.69,11.26,27.13,3.8747,31,100,1,0.5864,0.945,100
LJ500_R039_C072,697250,9520750,2019,8,2019-08,14.95,34.43,64.82,6.9812,28,3,31,100,1,0.6004,0.98,100
LJ500_R040_C060,691250,9521250,2019,8,2019-08,9.4629,22.3,44.8,6.0422,29,2,31,100,1,0.6267,1.1151,100
LJ500_R041_C061,691750,9521750,2019,8,2019-08,9.4629,22.3,44.8,6.0422,29,2,31,100,1,0.621,1.1071,100
LJ500_R043_C058,690250,9522750,2019,8,2019-08,9.4629,22.3,44.8,6.0422,29,2,31,100,1,0.6093,1.1105,100
LJ500_R045_C083,702750,9523750,2019,8,2019-08,20.77,49,92.63,9.8612,28,3,31,100,1,0.5743,0.9303,100
LJ500_R046_C064,693250,9524250,2019,8,2019-08,9.3043,22.09,44.55,5.9409,29.03,1.9665,31,100,1,0.5641,0.9645,100
LJ500_R048_C071,696750,9525250,2019,8,2019-08,11.74,29.81,58.65,7.5353,29,2,31,100,1,0.5925,1.0113,100
LJ500_R050_C095,708750,9526250,2019,8,2019-08,22.68,49.58,80.81,10.97,28,3,31,100,1,1.0825,2.3743,100
LJ500_R056_C049,685750,9529250,2019,8,2019-08,0,8.4872,27.55,0,31,0,31,100,1,0.5349,1.1117,100
LJ500_R058_C079,700750,9530250,2019,8,2019-08,8.6774,24.71,47.08,5.6467,28.99,2.0076,31,100,1,0.4879,0.8438,100
LJ500_R063_C060,691250,9532750,2019,8,2019-08,0,11.36,29.41,0,31,0,31,100,1,0.4692,0.8841,100
LJ500_R064_C084,703250,9533250,2019,8,2019-08,8.6216,24.61,46.89,5.632,29,2,31,100,1,1.0192,2.2695,100
LJ500_R069_C057,689750,9535750,2019,8,2019-08,6.294,22.97,44.4,4.07,29.23,1.7676,31,100,1,0.3979,0.7971,100
LJ500_R072_C062,692250,9537250,2019,8,2019-08,7.1214,24.5,46.37,4.6051,29,2,31,100,1,0.4025,0.7864,100
LJ500_R072_C095,708750,9537250,2019,8,2019-08,19,45.05,72.58,10.01,28,3,31,100,1,1.0026,2.969,100
LJ500_R074_C074,698250,9538250,2019,8,2019-08,0,10.23,23.55,0,31,0,31,100,1,0.4454,0.9881,100
LJ500_R078_C076,699250,9540250,2019,8,2019-08,0,10.23,23.55,0,31,0,31,100,1,0.3728,0.9419,100
LJ500_R079_C076,699250,9540750,2019,8,2019-08,0,10.23,23.55,0,31,0,31,100,1,0.3752,0.96,100
LJ500_R093_C071,696750,9547750,2019,8,2019-08,12.45,29.22,47.8,8.7248,29,2,31,100,1,0.4781,1.3306,100
LJ500_R093_C073,697750,9547750,2019,8,2019-08,12.45,29.22,47.8,8.7248,29,2,31,100,1,0.5255,1.5115,100
LJ500_R096_C074,698250,9549250,2019,8,2019-08,12.45,29.22,47.8,8.7248,29,2,31,100,1,0.5268,1.502,100
LJ500_R098_C085,703750,9550250,2019,8,2019-08,20.34,45.26,70.1,11.09,28,3,31,100,1,0.3667,1.2018,100
LJ500_R101_C091,706750,9551750,2019,8,2019-08,23.38,53.95,80.11,9.7539,27,4,31,100,1,0.3148,1.1,100
LJ500_R106_C080,701250,9554250,2019,8,2019-08,33.59,73.33,103.26,12.15,26,5,31,100,1,0.149,0.52,100
LJ500_R006_C075,698750,9504250,2019,9,2019-09,19.73,48.32,83.21,7.5646,28,3,31,100,1,1.8208,2.5631,100
LJ500_R011_C068,695250,9506750,2019,9,2019-09,19.73,48.32,83.21,7.5646,28,3,31,100,1,1.9717,3.5212,100
LJ500_R012_C055,688750,9507250,2019,9,2019-09,15.88,38.92,63.33,5.7502,28,3,31,100,1,1.9008,3.7766,100
LJ500_R020_C061,691750,9511250,2019,9,2019-09,15.72,38.54,61.13,5.4821,28,3,31,100,1,1.599,2.13,100
LJ500_R033_C056,689250,9517750,2019,9,2019-09,16.77,36.73,61.04,6.1233,28,3,31,100,1,2.0884,3.59,100
LJ500_R035_C085,703750,9518750,2019,9,2019-09,22.43,51.85,89.14,6.3291,27.13,3.8747,31,100,1,0.6345,0.854,100
LJ500_R039_C072,697250,9520750,2019,9,2019-09,12.81,27.77,47.24,4.7763,28,3,31,100,1,0.715,0.9156,100
LJ500_R040_C060,691250,9521250,2019,9,2019-09,9.9698,19.43,32.27,5.3626,29,2,31,100,1,0.7644,1.0567,100
LJ500_R041_C061,691750,9521750,2019,9,2019-09,9.9698,19.43,32.27,5.3626,29,2,31,100,1,0.7508,1.0514,100
LJ500_R043_C058,690250,9522750,2019,9,2019-09,9.9698,19.43,32.27,5.3626,29,2,31,100,1,0.745,1.0434,100
LJ500_R045_C083,702750,9523750,2019,9,2019-09,18.02,38.79,67.02,6.7029,28,3,31,100,1,0.68,0.8491,100
LJ500_R046_C064,693250,9524250,2019,9,2019-09,9.9502,19.25,32.04,5.353,29,2,31,100,1,0.683,0.9148,100
LJ500_R048_C071,696750,9525250,2019,9,2019-09,13.38,25.12,43.19,4.9699,28,3,31,100,1,0.7092,0.9212,100
LJ500_R050_C095,708750,9526250,2019,9,2019-09,20.19,42.87,69.77,7.8431,28,3,31,100,1,1.1848,2.9801,100
LJ500_R056_C049,685750,9529250,2019,9,2019-09,7.7085,7.7085,16.2,4.2151,29,2,31,100,1,0.6503,1.005,100
LJ500_R058_C079,700750,9530250,2019,9,2019-09,11.93,20.61,36.64,6.5465,28.99,2.0076,31,100,1,0.5763,0.7338,100
LJ500_R063_C060,691250,9532750,2019,9,2019-09,9.3018,9.3018,20.66,5.1376,29,2,31,100,1,0.5662,0.7955,100
LJ500_R064_C084,703250,9533250,2019,9,2019-09,11.91,20.53,36.52,6.5526,29,2,31,100,1,1.1538,2.6621,100
LJ500_R069_C057,689750,9535750,2019,9,2019-09,13.61,19.9,36.58,5.2776,28.12,2.8838,31,100,1,0.4865,0.7471,100
LJ500_R072_C062,692250,9537250,2019,9,2019-09,14.18,21.3,38.68,5.296,28,3,31,100,1,0.4778,0.6967,100
LJ500_R072_C095,708750,9537250,2019,9,2019-09,20.99,39.99,66.04,8.2112,28,3,31,100,1,1.0308,3.1369,100
LJ500_R074_C074,698250,9538250,2019,9,2019-09,8.5162,8.5162,18.74,4.7049,29,2,31,100,1,0.4602,0.8065,100
LJ500_R078_C076,699250,9540250,2019,9,2019-09,8.5162,8.5162,18.74,4.7049,29,2,31,100,1,0.3453,0.7519,100
LJ500_R079_C076,699250,9540750,2019,9,2019-09,8.5162,8.5162,18.74,4.7049,29,2,31,100,1,0.3426,0.77,100
LJ500_R093_C071,696750,9547750,2019,9,2019-09,18.02,30.47,47.24,6.8585,28,3,31,100,1,0.3614,1.2907,100
LJ500_R093_C073,697750,9547750,2019,9,2019-09,18.02,30.47,47.24,6.8585,28,3,31,100,1,0.4139,1.6314,100
LJ500_R096_C074,698250,9549250,2019,9,2019-09,18.02,30.47,47.24,6.8585,28,3,31,100,1,0.4611,1.9059,100
LJ500_R098_C085,703750,9550250,2019,9,2019-09,25.22,45.56,70.48,7.5169,27,4,31,100,1,0.2485,1.0811,100
LJ500_R101_C091,706750,9551750,2019,9,2019-09,29.04,52.42,82.98,8.7545,27,4,31,100,1,0.2287,0.93,100
LJ500_R106_C080,701250,9554250,2019,9,2019-09,38.44,72.03,111.76,9.3393,26,5,31,100,1,0.109,0.32,100
LJ500_R006_C075,698750,9504250,2019,10,2019-10,24.26,43.99,72.58,12.23,28,2,30,100,1,1.1675,2.0952,100
LJ500_R011_C068,695250,9506750,2019,10,2019-10,24.26,43.99,72.58,12.23,28,2,30,100,1,1.0707,2.5147,100
LJ500_R012_C055,688750,9507250,2019,10,2019-10,30.23,46.11,69.15,11.29,26,4,30,100,1,0.9845,3.3216,100
LJ500_R020_C061,691750,9511250,2019,10,2019-10,31.29,47.01,69.83,11.67,26,4,30,100,1,1.0307,1.69,100
LJ500_R033_C056,689250,9517750,2019,10,2019-10,32.36,49.13,69.09,10.72,25,5,30,100,1,1.192,2.53,100
LJ500_R035_C085,703750,9518750,2019,10,2019-10,34.24,56.67,86.09,17.12,27.75,2.2506,30,100,1,0.4987,0.7872,100
LJ500_R039_C072,697250,9520750,2019,10,2019-10,23.79,36.6,51.55,8.8595,26,4,30,100,1,0.4956,0.78,100
LJ500_R040_C060,691250,9521250,2019,10,2019-10,30.38,40.35,49.82,11.12,25,5,30,100,1,0.4898,0.8367,100
LJ500_R041_C061,691750,9521750,2019,10,2019-10,30.38,40.35,49.82,11.12,25,5,30,100,1,0.4885,0.8371,100
LJ500_R043_C058,690250,9522750,2019,10,2019-10,30.38,40.35,49.82,11.12,25,5,30,100,1,0.4632,0.8252,100
LJ500_R045_C083,702750,9523750,2019,10,2019-10,32.41,50.43,71.2,13.91,26,4,30,100,1,0.4927,0.7397,100
LJ500_R046_C064,693250,9524250,2019,10,2019-10,30.32,40.27,49.58,11.15,25.03,4.9665,30,100,1,0.4525,0.754,100
LJ500_R048_C071,696750,9525250,2019,10,2019-10,21.56,34.94,46.68,11.49,27,3,30,100,1,0.4864,0.7891,100
LJ500_R050_C095,708750,9526250,2019,10,2019-10,42.05,62.25,84.93,22.29,27,3,30,100,1,0.6707,2.0209,100
LJ500_R056_C049,685750,9529250,2019,10,2019-10,22.96,30.67,30.67,7.4179,25,5,30,100,1,0.3473,0.7499,100
LJ500_R058_C079,700750,9530250,2019,10,2019-10,24.14,36.07,44.74,12.29,26.01,3.9924,30,100,1,0.4107,0.67,100
LJ500_R063_C060,691250,9532750,2019,10,2019-10,21.82,31.12,31.12,7.061,25,5,30,100,1,0.3499,0.6415,100
LJ500_R064_C084,703250,9533250,2019,10,2019-10,24.09,35.99,44.61,12.26,26,4,30,100,1,0.6934,1.7774,100
LJ500_R069_C057,689750,9535750,2019,10,2019-10,19.52,33.13,39.42,7.2396,25.88,4.1162,30,100,1,0.2878,0.5744,100
LJ500_R072_C062,692250,9537250,2019,10,2019-10,19.22,33.39,40.52,7.2631,26,4,30,100,1,0.2915,0.5669,100
LJ500_R072_C095,708750,9537250,2019,10,2019-10,36.62,57.61,76.61,13.92,25,5,30,100,1,0.7463,2.4337,100
LJ500_R074_C074,698250,9538250,2019,10,2019-10,14.44,22.96,22.96,5.6573,26,4,30,100,1,0.3301,0.7331,100
LJ500_R078_C076,699250,9540250,2019,10,2019-10,14.44,22.96,22.96,5.6573,26,4,30,100,1,0.2625,0.6797,100
LJ500_R079_C076,699250,9540750,2019,10,2019-10,14.44,22.96,22.96,5.6573,26,4,30,100,1,0.2617,0.69,100
LJ500_R093_C071,696750,9547750,2019,10,2019-10,23.93,41.96,54.4,10.38,26,4,30,100,1,0.2753,0.9704,100
LJ500_R093_C073,697750,9547750,2019,10,2019-10,23.93,41.96,54.4,10.38,26,4,30,100,1,0.3015,1.064,100
LJ500_R096_C074,698250,9549250,2019,10,2019-10,23.93,41.96,54.4,10.38,26,4,30,100,1,0.2821,0.9731,100
LJ500_R098_C085,703750,9550250,2019,10,2019-10,32.31,57.53,77.87,17.5,27,3,30,100,1,0.2079,0.8769,100
LJ500_R101_C091,706750,9551750,2019,10,2019-10,40.65,69.69,93.07,20.94,26,4,30,100,1,0.2023,0.79,100
LJ500_R106_C080,701250,9554250,2019,10,2019-10,37.47,75.91,109.5,13.39,25,5,30,100,1,0.1327,0.43,100
LJ500_R006_C075,698750,9504250,2019,11,2019-11,106.01,130.28,150,24.62,23,8,31,100,1,0.7515,1.4064,100
LJ500_R011_C068,695250,9506750,2019,11,2019-11,106.01,130.28,150,24.62,23,8,31,100,1,0.6937,1.921,100
LJ500_R012_C055,688750,9507250,2019,11,2019-11,112.38,142.6,158.49,27.02,21.25,9.746,31,100,1,0.8238,2.4684,100
LJ500_R020_C061,691750,9511250,2019,11,2019-11,119.97,151.27,166.98,26.11,21,10,31,100,1,0.7342,1.28,100
LJ500_R033_C056,689250,9517750,2019,11,2019-11,115.99,148.35,165.12,27.77,22,9,31,100,1,0.8681,1.79,100
LJ500_R035_C085,703750,9518750,2019,11,2019-11,114.49,148.73,171.16,24.25,23.13,7.8747,31,100,1,0.3947,0.6225,100
LJ500_R039_C072,697250,9520750,2019,11,2019-11,106.07,129.86,142.67,21.67,22,9,31,100,1,0.3348,0.5756,100
LJ500_R040_C060,691250,9521250,2019,11,2019-11,114.82,145.2,155.17,28.17,23,8,31,100,1,0.3232,0.5533,100
LJ500_R041_C061,691750,9521750,2019,11,2019-11,114.82,145.2,155.17,28.17,23,8,31,100,1,0.3311,0.57,100
LJ500_R043_C058,690250,9522750,2019,11,2019-11,114.82,145.2,155.17,28.17,23,8,31,100,1,0.3019,0.5598,100
LJ500_R045_C083,702750,9523750,2019,11,2019-11,112.72,145.13,163.15,27,24,7,31,100,1,0.345,0.5524,100
LJ500_R046_C064,693250,9524250,2019,11,2019-11,114.68,145,154.95,28.15,22.98,8.0168,31,100,1,0.2989,0.5353,100
LJ500_R048_C071,696750,9525250,2019,11,2019-11,92.04,113.6,126.98,14.69,22,9,31,100,1,0.3267,0.5399,100
LJ500_R050_C095,708750,9526250,2019,11,2019-11,128.06,170.11,190.31,28.04,23,8,31,100,1,0.4668,1.2857,100
LJ500_R056_C049,685750,9529250,2019,11,2019-11,80.14,103.1,110.8,18.38,22,9,31,100,1,0.2321,0.602,100
LJ500_R058_C079,700750,9530250,2019,11,2019-11,95.33,119.47,131.39,19.45,22.01,8.9924,31,100,1,0.2829,0.49,100
LJ500_R063_C060,691250,9532750,2019,11,2019-11,82.29,104.11,113.42,21.11,22,9,31,100,1,0.2305,0.4428,100
LJ500_R064_C084,703250,9533250,2019,11,2019-11,95.29,119.37,131.28,19.42,22,9,31,100,1,0.5595,1.3495,100
LJ500_R069_C057,689750,9535750,2019,11,2019-11,83.66,103.18,116.79,22.45,22.88,8.1162,31,100,1,0.2,0.4407,100
LJ500_R072_C062,692250,9537250,2019,11,2019-11,83.84,103.06,117.24,22.63,23,8,31,100,1,0.2024,0.424,100
LJ500_R072_C095,708750,9537250,2019,11,2019-11,134.32,170.94,191.93,26.86,22,9,31,100,1,0.6197,1.601,100
LJ500_R074_C074,698250,9538250,2019,11,2019-11,65.11,79.55,88.06,15.89,22,9,31,100,1,0.2793,0.59,100
LJ500_R078_C076,699250,9540250,2019,11,2019-11,65.11,79.55,88.06,15.89,22,9,31,100,1,0.2385,0.5745,100
LJ500_R079_C076,699250,9540750,2019,11,2019-11,65.11,79.55,88.06,15.89,22,9,31,100,1,0.2413,0.59,100
LJ500_R093_C071,696750,9547750,2019,11,2019-11,85.33,109.26,127.28,19.93,22,9,31,100,1,0.3612,0.9101,100
LJ500_R093_C073,697750,9547750,2019,11,2019-11,85.33,109.26,127.28,19.93,22,9,31,100,1,0.4037,0.9967,100
LJ500_R096_C074,698250,9549250,2019,11,2019-11,85.33,109.26,127.28,19.93,22,9,31,100,1,0.4045,0.9492,100
LJ500_R098_C085,703750,9550250,2019,11,2019-11,105.37,137.68,162.9,28.88,23,8,31,100,1,0.2885,0.8616,100
LJ500_R101_C091,706750,9551750,2019,11,2019-11,133.56,174.21,203.25,33.6,22,9,31,100,1,0.2455,0.8,100
LJ500_R106_C080,701250,9554250,2019,11,2019-11,129.53,167,205.44,33.8,23,8,31,100,1,0.1348,0.43,100
LJ500_R006_C075,698750,9504250,2019,12,2019-12,47.32,153.33,177.59,11.8,22,8,30,100,1,0.5462,1.3174,100
LJ500_R011_C068,695250,9506750,2019,12,2019-12,47.32,153.33,177.59,11.8,22,8,30,100,1,0.4765,1.1978,100
LJ500_R012_C055,688750,9507250,2019,12,2019-12,48.66,161.04,191.27,12.9,22.25,7.746,30,100,1,0.6972,1.7461,100
LJ500_R020_C061,691750,9511250,2019,12,2019-12,49.78,169.76,201.05,16.02,23,7,30,100,1,0.519,1.32,100
LJ500_R033_C056,689250,9517750,2019,12,2019-12,56.74,172.73,205.09,19.26,24,6,30,100,1,0.5367,1.11,100
LJ500_R035_C085,703750,9518750,2019,12,2019-12,60.79,175.28,209.52,18.32,22,8,30,100,1,0.2838,0.8172,100
LJ500_R039_C072,697250,9520750,2019,12,2019-12,55.63,161.7,185.49,19.81,24,6,30,100,1,0.2514,0.69,100
LJ500_R040_C060,691250,9521250,2019,12,2019-12,55.36,170.19,200.57,19.27,24,6,30,100,1,0.2556,0.6967,100
LJ500_R041_C061,691750,9521750,2019,12,2019-12,55.36,170.19,200.57,19.27,24,6,30,100,1,0.2561,0.6914,100
LJ500_R043_C058,690250,9522750,2019,12,2019-12,55.36,170.19,200.57,19.27,24,6,30,100,1,0.241,0.6799,100
LJ500_R045_C083,702750,9523750,2019,12,2019-12,58.53,171.25,203.66,15.14,22,8,30,100,1,0.2542,0.7005,100
LJ500_R046_C064,693250,9524250,2019,12,2019-12,55.42,170.1,200.42,19.27,23.98,6.0168,30,100,1,0.2255,0.6489,100
LJ500_R048_C071,696750,9525250,2019,12,2019-12,60.63,152.67,174.23,17.69,22,8,30,100,1,0.2457,0.7096,100
LJ500_R050_C095,708750,9526250,2019,12,2019-12,69.87,197.93,239.98,17.36,22,8,30,100,1,0.3306,0.8783,100
LJ500_R056_C049,685750,9529250,2019,12,2019-12,50.44,130.57,153.53,17.64,23,7,30,100,1,0.1842,0.6127,100
LJ500_R058_C079,700750,9530250,2019,12,2019-12,55.26,150.59,174.73,18.63,22.99,7.0076,30,100,1,0.202,0.62,100
LJ500_R063_C060,691250,9532750,2019,12,2019-12,53.16,135.46,157.28,14.99,22,8,30,100,1,0.1688,0.5793,100
LJ500_R064_C084,703250,9533250,2019,12,2019-12,55.21,150.5,174.58,18.63,23,7,30,100,1,0.3354,0.9263,100
LJ500_R069_C057,689750,9535750,2019,12,2019-12,55.66,139.32,158.84,16.03,22,8,30,100,1,0.1408,0.4824,100
LJ500_R072_C062,692250,9537250,2019,12,2019-12,55.99,139.83,159.05,16.17,22,8,30,100,1,0.143,0.5154,100
LJ500_R072_C095,708750,9537250,2019,12,2019-12,60.34,194.66,231.28,12.71,21,9,30,100,1,0.6118,1.8886,100
LJ500_R074_C074,698250,9538250,2019,12,2019-12,52.49,117.59,132.03,15.26,23,7,30,100,1,0.2054,0.6546,100
LJ500_R078_C076,699250,9540250,2019,12,2019-12,52.49,117.59,132.03,15.26,23,7,30,100,1,0.1855,0.6022,100
LJ500_R079_C076,699250,9540750,2019,12,2019-12,52.49,117.59,132.03,15.26,23,7,30,100,1,0.1887,0.61,100
LJ500_R093_C071,696750,9547750,2019,12,2019-12,42.69,128.01,151.95,9.5419,22,8,30,100,1,0.281,0.7403,100
LJ500_R093_C073,697750,9547750,2019,12,2019-12,42.69,128.01,151.95,9.5419,22,8,30,100,1,0.3115,0.7331,100
LJ500_R096_C074,698250,9549250,2019,12,2019-12,42.69,128.01,151.95,9.5419,22,8,30,100,1,0.3356,0.8517,100
LJ500_R098_C085,703750,9550250,2019,12,2019-12,47.4,152.77,185.08,10.66,23,7,30,100,1,0.2591,0.6484,100
LJ500_R101_C091,706750,9551750,2019,12,2019-12,54.94,188.5,229.15,12.62,22,8,30,100,1,0.246,0.68,100
LJ500_R106_C080,701250,9554250,2019,12,2019-12,45.94,175.47,212.95,10.24,23,7,30,100,1,0.1677,0.36,100
LJ500_R006_C075,698750,9504250,2020,1,2020-01,167.17,214.49,320.5,47.89,24,7,31,100,1,0.6105,1.2425,100
LJ500_R011_C068,695250,9506750,2020,1,2020-01,167.17,214.49,320.5,47.89,24,7,31,100,1,0.4595,1.5379,100
LJ500_R012_C055,688750,9507250,2020,1,2020-01,149.08,197.74,310.12,36.15,23.25,7.746,31,100,1,0.5808,1.6691,100
LJ500_R020_C061,691750,9511250,2020,1,2020-01,155.71,205.5,325.47,46.15,25,6,31,100,1,0.6339,1.11,100
LJ500_R033_C056,689250,9517750,2020,1,2020-01,160.27,217.01,332.99,38.7,24,7,31,100,1,0.6352,1.85,100
LJ500_R035_C085,703750,9518750,2020,1,2020-01,206.46,267.25,381.74,34.45,21,10,31,100,1,0.3256,0.6525,100
LJ500_R039_C072,697250,9520750,2020,1,2020-01,172.05,227.67,333.75,32.58,22,9,31,100,1,0.2682,0.52,100
LJ500_R040_C060,691250,9521250,2020,1,2020-01,150.78,206.15,320.97,30.52,23,8,31,100,1,0.279,0.55,100
LJ500_R041_C061,691750,9521750,2020,1,2020-01,150.78,206.15,320.97,30.52,23,8,31,100,1,0.2845,0.55,100
LJ500_R043_C058,690250,9522750,2020,1,2020-01,150.78,206.15,320.97,30.52,23,8,31,100,1,0.2692,0.5326,100
LJ500_R045_C083,702750,9523750,2020,1,2020-01,200.53,259.06,371.77,30.8,21,10,31,100,1,0.2652,0.5524,100
LJ500_R046_C064,693250,9524250,2020,1,2020-01,150.91,206.33,321.01,30.52,23,8,31,100,1,0.2392,0.479,100
LJ500_R048_C071,696750,9525250,2020,1,2020-01,168.61,229.24,321.28,26.26,22,9,31,100,1,0.26,0.5321,100
LJ500_R050_C095,708750,9526250,2020,1,2020-01,203.88,273.75,401.81,32.21,21,10,31,100,1,0.3674,1.4348,100
LJ500_R056_C049,685750,9529250,2020,1,2020-01,156.82,207.25,287.39,40.92,25,6,31,100,1,0.2472,0.4822,100
LJ500_R058_C079,700750,9530250,2020,1,2020-01,162.57,217.83,313.16,24.02,21.01,9.9924,31,100,1,0.2159,0.45,100
LJ500_R063_C060,691250,9532750,2020,1,2020-01,146.17,199.34,281.63,23.79,23,8,31,100,1,0.1974,0.4182,100
LJ500_R064_C084,703250,9533250,2020,1,2020-01,162.37,217.58,312.87,23.99,21,10,31,100,1,0.4325,1.5395,100
LJ500_R069_C057,689750,9535750,2020,1,2020-01,145.66,201.32,284.98,30.37,23.88,7.1162,31,100,1,0.1679,0.3417,100
LJ500_R072_C062,692250,9537250,2020,1,2020-01,145.59,201.58,285.42,31.24,24,7,31,100,1,0.174,0.3554,100
LJ500_R072_C095,708750,9537250,2020,1,2020-01,185.98,246.32,380.64,41.02,23,8,31,100,1,0.6753,2.0622,100
LJ500_R074_C074,698250,9538250,2020,1,2020-01,134.7,187.18,252.29,26.71,24,7,31,100,1,0.2759,0.6512,100
LJ500_R078_C076,699250,9540250,2020,1,2020-01,134.7,187.18,252.29,26.71,24,7,31,100,1,0.2703,0.6893,100
LJ500_R079_C076,699250,9540750,2020,1,2020-01,134.7,187.18,252.29,26.71,24,7,31,100,1,0.2768,0.71,100
LJ500_R093_C071,696750,9547750,2020,1,2020-01,131.68,174.36,259.69,27.49,25,6,31,100,1,0.4542,1.3201,100
LJ500_R093_C073,697750,9547750,2020,1,2020-01,131.68,174.36,259.69,27.49,25,6,31,100,1,0.4625,1.4962,100
LJ500_R096_C074,698250,9549250,2020,1,2020-01,131.68,174.36,259.69,27.49,25,6,31,100,1,0.436,1.6178,100
LJ500_R098_C085,703750,9550250,2020,1,2020-01,156.94,204.34,309.7,27.58,23,8,31,100,1,0.414,1.2703,100
LJ500_R101_C091,706750,9551750,2020,1,2020-01,170.62,225.56,359.12,27.77,22,9,31,100,1,0.3903,1.19,100
LJ500_R106_C080,701250,9554250,2020,1,2020-01,169.23,215.17,344.7,36.92,25,6,31,100,1,0.2232,0.74,100
LJ500_R006_C075,698750,9504250,2020,2,2020-02,137.03,304.2,351.51,40.61,24,7,31,100,1,1.1998,2.5522,100
LJ500_R011_C068,695250,9506750,2020,2,2020-02,137.03,304.2,351.51,40.61,24,7,31,100,1,0.9694,2.2955,100
LJ500_R012_C055,688750,9507250,2020,2,2020-02,66.35,215.42,264.09,21.88,25,6,31,100,1,0.8554,2.66,100
LJ500_R020_C061,691750,9511250,2020,2,2020-02,60.56,216.27,266.06,20.01,26,5,31,100,1,1.0806,2.32,100
LJ500_R033_C056,689250,9517750,2020,2,2020-02,84.41,244.68,301.42,32.74,26,5,31,100,1,1.0894,2.5,100
LJ500_R035_C085,703750,9518750,2020,2,2020-02,166.91,373.37,434.16,50.46,24,7,31,100,1,0.4894,0.9965,100
LJ500_R039_C072,697250,9520750,2020,2,2020-02,119.9,291.94,347.57,37.13,24,7,31,100,1,0.3914,0.6525,100
LJ500_R040_C060,691250,9521250,2020,2,2020-02,57.06,207.84,263.21,20.78,25,6,31,100,1,0.4222,0.8316,100
LJ500_R041_C061,691750,9521750,2020,2,2020-02,57.06,207.84,263.21,20.78,25,6,31,100,1,0.4249,0.8229,100
LJ500_R043_C058,690250,9522750,2020,2,2020-02,57.06,207.84,263.21,20.78,25,6,31,100,1,0.4031,0.8314,100
LJ500_R045_C083,702750,9523750,2020,2,2020-02,142.16,342.68,401.22,43.44,24,7,31,100,1,0.3562,0.6581,100
LJ500_R046_C064,693250,9524250,2020,2,2020-02,57.34,208.25,263.67,20.8,24.98,6.0168,31,100,1,0.3465,0.6562,100
LJ500_R048_C071,696750,9525250,2020,2,2020-02,121.32,289.93,350.56,30.78,23,8,31,100,1,0.3477,0.6013,100
LJ500_R050_C095,708750,9526250,2020,2,2020-02,87.64,291.52,361.39,25.26,23,8,31,100,1,0.5659,1.5521,100
LJ500_R056_C049,685750,9529250,2020,2,2020-02,92.72,249.53,299.97,25.79,25,6,31,100,1,0.3555,0.944,100
LJ500_R058_C079,700750,9530250,2020,2,2020-02,98.23,260.8,316.06,22.48,23,8,31,100,1,0.2565,0.4638,100
LJ500_R063_C060,691250,9532750,2020,2,2020-02,81.62,227.8,280.96,17.52,24,7,31,100,1,0.2338,0.5417,100
LJ500_R064_C084,703250,9533250,2020,2,2020-02,98.01,260.38,315.59,22.4,23,8,31,100,1,0.7224,1.8689,100
LJ500_R069_C057,689750,9535750,2020,2,2020-02,102.71,248.36,304.02,31.13,25.77,5.2324,31,100,1,0.2178,0.5986,100
LJ500_R072_C062,692250,9537250,2020,2,2020-02,105.48,251.07,307.05,32.92,26,5,31,100,1,0.172,0.4767,100
LJ500_R072_C095,708750,9537250,2020,2,2020-02,71.44,257.42,317.75,20.41,24,7,31,100,1,0.6838,2.1494,100
LJ500_R074_C074,698250,9538250,2020,2,2020-02,92.14,226.84,279.32,22.45,24,7,31,100,1,0.3212,0.7596,100
LJ500_R078_C076,699250,9540250,2020,2,2020-02,92.14,226.84,279.32,22.45,24,7,31,100,1,0.3127,0.7415,100
LJ500_R079_C076,699250,9540750,2020,2,2020-02,92.14,226.84,279.32,22.45,24,7,31,100,1,0.3235,0.77,100
LJ500_R093_C071,696750,9547750,2020,2,2020-02,69.78,201.46,244.14,23.29,27,4,31,100,1,0.5734,1.3506,100
LJ500_R093_C073,697750,9547750,2020,2,2020-02,69.78,201.46,244.14,23.29,27,4,31,100,1,0.5968,1.4353,100
LJ500_R096_C074,698250,9549250,2020,2,2020-02,69.78,201.46,244.14,23.29,27,4,31,100,1,0.5445,1.2864,100
LJ500_R098_C085,703750,9550250,2020,2,2020-02,76.07,233,280.4,25.66,26,5,31,100,1,0.4838,1.2149,100
LJ500_R101_C091,706750,9551750,2020,2,2020-02,56.91,227.53,282.47,17.38,26,5,31,100,1,0.4306,1.09,100
LJ500_R106_C080,701250,9554250,2020,2,2020-02,87.27,256.5,302.44,21.77,25,6,31,100,1,0.2052,0.47,100
LJ500_R006_C075,698750,9504250,2020,3,2020-03,151.22,288.25,455.42,39.49,22,7,29,100,1,0.863,1.7933,100
LJ500_R011_C068,695250,9506750,2020,3,2020-03,151.22,288.25,455.42,39.49,22,7,29,100,1,0.5413,1.082,100
LJ500_R012_C055,688750,9507250,2020,3,2020-03,156.01,222.36,371.44,39.94,21.25,7.746,29,100,1,0.4924,1.6498,100
LJ500_R020_C061,691750,9511250,2020,3,2020-03,159.49,220.05,375.76,51.81,23,6,29,100,1,0.8966,1.76,100
LJ500_R033_C056,689250,9517750,2020,3,2020-03,159.54,243.95,404.22,36.86,21,8,29,100,1,0.8083,1.46,100
LJ500_R035_C085,703750,9518750,2020,3,2020-03,166.23,333.15,539.61,65.55,23.87,5.1253,29,100,1,0.3829,0.7703,100
LJ500_R039_C072,697250,9520750,2020,3,2020-03,162.54,282.44,454.49,39.51,22,7,29,100,1,0.2479,0.57,100
LJ500_R040_C060,691250,9521250,2020,3,2020-03,161.51,218.57,369.35,48.56,22,7,29,100,1,0.3313,0.6214,100
LJ500_R041_C061,691750,9521750,2020,3,2020-03,161.51,218.57,369.35,48.56,22,7,29,100,1,0.3426,0.6515,100
LJ500_R043_C058,690250,9522750,2020,3,2020-03,161.51,218.57,369.35,48.56,22,7,29,100,1,0.3189,0.6064,100
LJ500_R045_C083,702750,9523750,2020,3,2020-03,162.69,304.85,505.38,54.31,23,6,29,100,1,0.2253,0.5256,100
LJ500_R046_C064,693250,9524250,2020,3,2020-03,161.32,218.66,369.57,48.52,22,7,29,100,1,0.2266,0.549,100
LJ500_R048_C071,696750,9525250,2020,3,2020-03,148.22,269.54,438.15,51.81,24,5,29,100,1,0.2361,0.57,100
LJ500_R050_C095,708750,9526250,2020,3,2020-03,154.35,241.99,445.87,53.04,24,5,29,100,1,0.2884,1.171,100
LJ500_R056_C049,685750,9529250,2020,3,2020-03,166.16,258.88,415.7,51.62,23,6,29,100,1,0.3128,0.693,100
LJ500_R058_C079,700750,9530250,2020,3,2020-03,133.15,231.38,393.94,50.47,23.01,5.9924,29,100,1,0.1522,0.5138,100
LJ500_R063_C060,691250,9532750,2020,3,2020-03,136.67,218.3,364.47,46.38,22,7,29,100,1,0.1727,0.4866,100
LJ500_R064_C084,703250,9533250,2020,3,2020-03,133.03,231.04,393.41,50.43,23,6,29,100,1,0.515,1.121,100
LJ500_R069_C057,689750,9535750,2020,3,2020-03,132.6,235.3,380.96,50.65,22.88,6.1162,29,100,1,0.162,0.4675,100
LJ500_R072_C062,692250,9537250,2020,3,2020-03,132.06,237.54,383.13,51.21,23,6,29,100,1,0.1363,0.4576,100
LJ500_R072_C095,708750,9537250,2020,3,2020-03,136.82,208.26,394.24,25.68,22,7,29,100,1,0.7212,2.269,100
LJ500_R074_C074,698250,9538250,2020,3,2020-03,118.09,210.23,344.92,22.35,21,8,29,100,1,0.2813,0.5881,100
LJ500_R078_C076,699250,9540250,2020,3,2020-03,118.09,210.23,344.92,22.35,21,8,29,100,1,0.275,0.5619,100
LJ500_R079_C076,699250,9540750,2020,3,2020-03,118.09,210.23,344.92,22.35,21,8,29,100,1,0.2866,0.58,100
LJ500_R093_C071,696750,9547750,2020,3,2020-03,136.51,206.29,337.97,18.04,20,9,29,100,1,0.5498,1.0103,100
LJ500_R093_C073,697750,9547750,2020,3,2020-03,136.51,206.29,337.97,18.04,20,9,29,100,1,0.5611,1.0682,100
LJ500_R096_C074,698250,9549250,2020,3,2020-03,136.51,206.29,337.97,18.04,20,9,29,100,1,0.4754,0.9614,100
LJ500_R098_C085,703750,9550250,2020,3,2020-03,143.07,219.14,376.07,27.57,20,9,29,100,1,0.425,0.8361,100
LJ500_R101_C091,706750,9551750,2020,3,2020-03,148.47,205.38,376,25.63,18,11,29,100,1,0.35,0.7,100
LJ500_R106_C080,701250,9554250,2020,3,2020-03,152.44,239.71,408.94,30.31,21,8,29,100,1,0.1217,0.35,100
LJ500_R006_C075,698750,9504250,2020,4,2020-04,166.9,318.12,455.15,44.2,25,6,31,100,1,0.8767,1.7362,100
LJ500_R011_C068,695250,9506750,2020,4,2020-04,166.9,318.12,455.15,44.2,25,6,31,100,1,0.8057,1.4995,100
LJ500_R012_C055,688750,9507250,2020,4,2020-04,145.78,301.8,368.14,40.3,23,8,31,100,1,0.7846,1.7543,100
LJ500_R020_C061,691750,9511250,2020,4,2020-04,160.25,319.74,380.3,37.02,24,7,31,100,1,0.8061,1.33,100
LJ500_R033_C056,689250,9517750,2020,4,2020-04,164.26,323.8,408.21,34.39,24,7,31,100,1,0.9819,1.72,100
LJ500_R035_C085,703750,9518750,2020,4,2020-04,173.74,339.97,506.88,46.47,25,6,31,100,1,0.3002,0.605,100
LJ500_R039_C072,697250,9520750,2020,4,2020-04,164.83,327.37,447.27,45.18,25,6,31,100,1,0.2547,0.6625,100
LJ500_R040_C060,691250,9521250,2020,4,2020-04,148.49,310,367.06,39.49,25,6,31,100,1,0.2684,0.5653,100
LJ500_R041_C061,691750,9521750,2020,4,2020-04,148.49,310,367.06,39.49,25,6,31,100,1,0.2651,0.5185,100
LJ500_R043_C058,690250,9522750,2020,4,2020-04,148.49,310,367.06,39.49,25,6,31,100,1,0.2521,0.5474,100
LJ500_R045_C083,702750,9523750,2020,4,2020-04,161.6,324.3,466.45,44.11,25,6,31,100,1,0.2022,0.4719,100
LJ500_R046_C064,693250,9524250,2020,4,2020-04,148.28,309.61,366.95,39.44,25,6,31,100,1,0.2258,0.6302,100
LJ500_R048_C071,696750,9525250,2020,4,2020-04,143.37,291.59,412.91,38.6,25,6,31,100,1,0.2016,0.4979,100
LJ500_R050_C095,708750,9526250,2020,4,2020-04,144.2,298.55,386.19,32.65,23,8,31,100,1,0.5651,1.4026,100
LJ500_R056_C049,685750,9529250,2020,4,2020-04,157.96,324.12,416.84,43.39,25,6,31,100,1,0.227,0.4661,100
LJ500_R058_C079,700750,9530250,2020,4,2020-04,138.51,271.66,369.89,29.94,25,6,31,100,1,0.1743,0.4738,100
LJ500_R063_C060,691250,9532750,2020,4,2020-04,141.78,278.46,360.08,39.41,24,7,31,100,1,0.1677,0.4351,100
LJ500_R064_C084,703250,9533250,2020,4,2020-04,138.47,271.5,369.51,29.93,25,6,31,100,1,0.6639,1.5537,100
LJ500_R069_C057,689750,9535750,2020,4,2020-04,152.72,285.32,388.03,41.29,24,7,31,100,1,0.1589,0.4409,100
LJ500_R072_C062,692250,9537250,2020,4,2020-04,154.16,286.23,391.7,41.54,24,7,31,100,1,0.1485,0.3859,100
LJ500_R072_C095,708750,9537250,2020,4,2020-04,135.34,272.16,343.6,35.64,24,7,31,100,1,0.589,1.7679,100
LJ500_R074_C074,698250,9538250,2020,4,2020-04,130.18,248.27,340.41,34.34,24,7,31,100,1,0.2011,0.5931,100
LJ500_R078_C076,699250,9540250,2020,4,2020-04,130.18,248.27,340.41,34.34,24,7,31,100,1,0.1872,0.5641,100
LJ500_R079_C076,699250,9540750,2020,4,2020-04,130.18,248.27,340.41,34.34,24,7,31,100,1,0.1958,0.59,100
LJ500_R093_C071,696750,9547750,2020,4,2020-04,124.28,260.8,330.58,34.9,26,5,31,100,1,0.4666,1.3603,100
LJ500_R093_C073,697750,9547750,2020,4,2020-04,124.28,260.8,330.58,34.9,26,5,31,100,1,0.5556,1.57,100
LJ500_R096_C074,698250,9549250,2020,4,2020-04,124.28,260.8,330.58,34.9,26,5,31,100,1,0.6055,1.6708,100
LJ500_R098_C085,703750,9550250,2020,4,2020-04,126.83,269.9,345.97,47.26,27,4,31,100,1,0.3947,1.1788,100
LJ500_R101_C091,706750,9551750,2020,4,2020-04,115.69,264.16,321.07,34.69,24,7,31,100,1,0.3284,1,100
LJ500_R106_C080,701250,9554250,2020,4,2020-04,115.79,268.22,355.5,48.33,27,4,31,100,1,0.1416,0.37,100
LJ500_R006_C075,698750,9504250,2020,5,2020-05,100.45,267.35,418.57,23.58,24,6,30,100,1,1.049,1.7981,100
LJ500_R011_C068,695250,9506750,2020,5,2020-05,100.45,267.35,418.57,23.58,24,6,30,100,1,1.1674,2.2593,100
LJ500_R012_C055,688750,9507250,2020,5,2020-05,84.32,230.1,386.11,20.1,25,5,30,100,1,1.3072,2.7253,100
LJ500_R020_C061,691750,9511250,2020,5,2020-05,93.64,253.89,413.37,24.72,25,5,30,100,1,0.9653,1.55,100
LJ500_R033_C056,689250,9517750,2020,5,2020-05,105.21,269.47,429.01,25.87,25,5,30,100,1,1.2687,2.26,100
LJ500_R035_C085,703750,9518750,2020,5,2020-05,121.34,295.08,461.31,26.63,24,6,30,100,1,0.3496,0.6356,100
LJ500_R039_C072,697250,9520750,2020,5,2020-05,103.76,268.59,431.14,23.31,23,7,30,100,1,0.3318,0.54,100
LJ500_R040_C060,691250,9521250,2020,5,2020-05,87.71,236.2,397.71,18.45,22,8,30,100,1,0.425,0.6616,100
LJ500_R041_C061,691750,9521750,2020,5,2020-05,87.71,236.2,397.71,18.45,22,8,30,100,1,0.4208,0.6586,100
LJ500_R043_C058,690250,9522750,2020,5,2020-05,87.71,236.2,397.71,18.45,22,8,30,100,1,0.4038,0.641,100
LJ500_R045_C083,702750,9523750,2020,5,2020-05,115.29,276.89,439.58,25.53,24,6,30,100,1,0.3033,0.5523,100
LJ500_R046_C064,693250,9524250,2020,5,2020-05,87.8,236.08,397.4,18.45,22.02,7.9832,30,100,1,0.3194,0.5242,100
LJ500_R048_C071,696750,9525250,2020,5,2020-05,108.79,252.16,400.38,22.27,23,7,30,100,1,0.3328,0.5696,100
LJ500_R050_C095,708750,9526250,2020,5,2020-05,105.79,249.99,404.34,23.56,23,7,30,100,1,0.7222,1.9414,100
LJ500_R056_C049,685750,9529250,2020,5,2020-05,109.47,267.42,433.59,17.94,22,8,30,100,1,0.3445,0.6056,100
LJ500_R058_C079,700750,9530250,2020,5,2020-05,105.53,244.04,377.19,26.54,23.99,6.0076,30,100,1,0.2226,0.41,100
LJ500_R063_C060,691250,9532750,2020,5,2020-05,96.05,237.84,374.51,18.39,23,7,30,100,1,0.2493,0.4066,100
LJ500_R064_C084,703250,9533250,2020,5,2020-05,105.47,243.95,376.98,26.56,24,6,30,100,1,0.7212,1.4853,100
LJ500_R069_C057,689750,9535750,2020,5,2020-05,102.54,255.26,387.86,19.99,23,7,30,100,1,0.22,0.3837,100
LJ500_R072_C062,692250,9537250,2020,5,2020-05,103.39,257.55,389.61,20.2,23,7,30,100,1,0.1903,0.3345,100
LJ500_R072_C095,708750,9537250,2020,5,2020-05,107.87,243.21,380.03,21.29,22,8,30,100,1,0.7759,2.6539,100
LJ500_R074_C074,698250,9538250,2020,5,2020-05,99.95,230.13,348.22,20.33,23,7,30,100,1,0.2076,0.4627,100
LJ500_R078_C076,699250,9540250,2020,5,2020-05,99.95,230.13,348.22,20.33,23,7,30,100,1,0.1683,0.3945,100
LJ500_R079_C076,699250,9540750,2020,5,2020-05,99.95,230.13,348.22,20.33,23,7,30,100,1,0.174,0.41,100
LJ500_R093_C071,696750,9547750,2020,5,2020-05,87.51,211.8,348.31,18.25,23,7,30,100,1,0.3375,0.8603,100
LJ500_R093_C073,697750,9547750,2020,5,2020-05,87.51,211.8,348.31,18.25,23,7,30,100,1,0.4327,1.0626,100
LJ500_R096_C074,698250,9549250,2020,5,2020-05,87.51,211.8,348.31,18.25,23,7,30,100,1,0.5008,1.1278,100
LJ500_R098_C085,703750,9550250,2020,5,2020-05,86.75,213.58,356.65,22.45,25,5,30,100,1,0.3204,0.7961,100
LJ500_R101_C091,706750,9551750,2020,5,2020-05,79.02,194.71,343.18,16.87,23,7,30,100,1,0.284,0.78,100
LJ500_R106_C080,701250,9554250,2020,5,2020-05,83.82,199.61,352.04,19.31,24,6,30,100,1,0.1423,0.4,100
LJ500_R006_C075,698750,9504250,2020,6,2020-06,65.7,166.15,333.05,52.1,26,5,31,100,1,1.3344,2.2553,100
LJ500_R011_C068,695250,9506750,2020,6,2020-06,65.7,166.15,333.05,52.1,26,5,31,100,1,1.4838,2.54,100
LJ500_R012_C055,688750,9507250,2020,6,2020-06,51.12,135.44,281.23,40.76,26,5,31,100,1,1.4274,2.9588,100
LJ500_R020_C061,691750,9511250,2020,6,2020-06,50.99,144.63,304.87,40.22,26,5,31,100,1,1.1274,1.93,100
LJ500_R033_C056,689250,9517750,2020,6,2020-06,52.59,157.8,322.06,41.85,26,5,31,100,1,1.5445,2.84,100
LJ500_R035_C085,703750,9518750,2020,6,2020-06,69.13,190.47,364.21,53.69,26,5,31,100,1,0.4202,0.6625,100
LJ500_R039_C072,697250,9520750,2020,6,2020-06,42.59,146.35,311.18,33.78,26,5,31,100,1,0.4593,0.72,100
LJ500_R040_C060,691250,9521250,2020,6,2020-06,33.77,121.48,269.97,26.99,27,4,31,100,1,0.5125,0.8886,100
LJ500_R041_C061,691750,9521750,2020,6,2020-06,33.77,121.48,269.97,26.99,27,4,31,100,1,0.4969,0.8528,100
LJ500_R043_C058,690250,9522750,2020,6,2020-06,33.77,121.48,269.97,26.99,27,4,31,100,1,0.4884,0.8678,100
LJ500_R045_C083,702750,9523750,2020,6,2020-06,55.58,170.86,332.47,43.36,26,5,31,100,1,0.4041,0.6859,100
LJ500_R046_C064,693250,9524250,2020,6,2020-06,33.69,121.48,269.76,26.92,27,4,31,100,1,0.422,0.6844,100
LJ500_R048_C071,696750,9525250,2020,6,2020-06,39.1,147.89,291.26,30.71,27,4,31,100,1,0.4298,0.7373,100
LJ500_R050_C095,708750,9526250,2020,6,2020-06,41.48,147.27,291.47,32.07,26,5,31,100,1,0.9324,1.8513,100
LJ500_R056_C049,685750,9529250,2020,6,2020-06,28.35,137.82,295.77,23.03,27,4,31,100,1,0.4156,0.7893,100
LJ500_R058_C079,700750,9530250,2020,6,2020-06,30.74,136.28,274.79,23.73,26.99,4.0076,31,100,1,0.3116,0.5538,100
LJ500_R063_C060,691250,9532750,2020,6,2020-06,28.87,124.93,266.71,14.99,28,3,31,100,1,0.3109,0.5491,100
LJ500_R064_C084,703250,9533250,2020,6,2020-06,30.63,136.1,274.57,23.72,27,4,31,100,1,0.934,1.7937,100
LJ500_R069_C057,689750,9535750,2020,6,2020-06,32.67,135.21,287.93,16.06,26.23,4.7676,31,100,1,0.2649,0.4835,100
LJ500_R072_C062,692250,9537250,2020,6,2020-06,33.17,136.56,290.72,16.2,26,5,31,100,1,0.2318,0.4376,100
LJ500_R072_C095,708750,9537250,2020,6,2020-06,37.99,145.86,281.2,16.47,26,5,31,100,1,0.7985,2.0763,100
LJ500_R074_C074,698250,9538250,2020,6,2020-06,19.17,119.12,249.3,9.2742,29,2,31,100,1,0.2517,0.5392,100
LJ500_R078_C076,699250,9540250,2020,6,2020-06,19.17,119.12,249.3,9.2742,29,2,31,100,1,0.1988,0.5241,100
LJ500_R079_C076,699250,9540750,2020,6,2020-06,19.17,119.12,249.3,9.2742,29,2,31,100,1,0.2045,0.55,100
LJ500_R093_C071,696750,9547750,2020,6,2020-06,25.89,113.4,237.69,11.58,27,4,31,100,1,0.3893,1.0304,100
LJ500_R093_C073,697750,9547750,2020,6,2020-06,25.89,113.4,237.69,11.58,27,4,31,100,1,0.4844,1.211,100
LJ500_R096_C074,698250,9549250,2020,6,2020-06,25.89,113.4,237.69,11.58,27,4,31,100,1,0.528,1.2878,100
LJ500_R098_C085,703750,9550250,2020,6,2020-06,34.11,120.86,247.7,14.82,26,5,31,100,1,0.3127,0.9849,100
LJ500_R101_C091,706750,9551750,2020,6,2020-06,35.74,114.76,230.45,15.16,26,5,31,100,1,0.2597,0.91,100
LJ500_R106_C080,701250,9554250,2020,6,2020-06,40.33,124.15,239.94,17.54,26,5,31,100,1,0.1403,0.42,100
LJ500_R006_C075,698750,9504250,2020,7,2020-07,41.37,107.07,207.52,14.3,22,8,30,100,1,1.5084,2.1841,100
LJ500_R011_C068,695250,9506750,2020,7,2020-07,41.37,107.07,207.52,14.3,22,8,30,100,1,1.3341,2.4996,100
LJ500_R012_C055,688750,9507250,2020,7,2020-07,26.11,77.24,161.55,8.7601,22,8,30,100,1,1.2076,3.0829,100
LJ500_R020_C061,691750,9511250,2020,7,2020-07,24.05,75.03,168.67,7.1244,23,7,30,100,1,1.3523,1.79,100
LJ500_R033_C056,689250,9517750,2020,7,2020-07,26.67,79.26,184.47,8.2938,23,7,30,100,1,1.5463,2.43,100
LJ500_R035_C085,703750,9518750,2020,7,2020-07,45.96,115.1,236.44,17.7,22,8,30,100,1,0.6254,0.945,100
LJ500_R039_C072,697250,9520750,2020,7,2020-07,24.16,66.75,170.52,6.5828,23,7,30,100,1,0.5702,0.8412,100
LJ500_R040_C060,691250,9521250,2020,7,2020-07,14.31,48.09,135.79,3.3081,23,7,30,100,1,0.6207,0.8319,100
LJ500_R041_C061,691750,9521750,2020,7,2020-07,14.31,48.09,135.79,3.3081,23,7,30,100,1,0.6187,0.8071,100
LJ500_R043_C058,690250,9522750,2020,7,2020-07,14.31,48.09,135.79,3.3081,23,7,30,100,1,0.5858,0.8082,100
LJ500_R045_C083,702750,9523750,2020,7,2020-07,35.22,90.8,206.09,12.06,22,8,30,100,1,0.5575,0.7225,100
LJ500_R046_C064,693250,9524250,2020,7,2020-07,14.27,47.96,135.75,3.3012,23.02,6.9832,30,100,1,0.5201,0.7939,100
LJ500_R048_C071,696750,9525250,2020,7,2020-07,21.46,60.56,169.35,6.3766,23,7,30,100,1,0.572,0.7295,100
LJ500_R050_C095,708750,9526250,2020,7,2020-07,33.27,74.75,180.55,8.9397,22,8,30,100,1,0.7413,1.9757,100
LJ500_R056_C049,685750,9529250,2020,7,2020-07,9.8725,38.23,147.69,2.4282,26,4,30,100,1,0.4644,0.7573,100
LJ500_R058_C079,700750,9530250,2020,7,2020-07,18.7,49.44,154.97,5.5327,23,7,30,100,1,0.433,0.5938,100
LJ500_R063_C060,691250,9532750,2020,7,2020-07,13,41.87,137.92,3.5455,24,6,30,100,1,0.3968,0.5883,100
LJ500_R064_C084,703250,9533250,2020,7,2020-07,18.62,49.24,154.72,5.5192,23,7,30,100,1,0.924,1.8132,100
LJ500_R069_C057,689750,9535750,2020,7,2020-07,18.89,51.56,154.1,5.6279,23.12,6.8838,30,100,1,0.313,0.5417,100
LJ500_R072_C062,692250,9537250,2020,7,2020-07,19.66,52.84,156.22,5.9017,23,7,30,100,1,0.3068,0.4738,100
LJ500_R072_C095,708750,9537250,2020,7,2020-07,32.86,70.85,178.72,9.7599,23,7,30,100,1,0.7539,1.9674,100
LJ500_R074_C074,698250,9538250,2020,7,2020-07,11.99,31.15,131.1,4.0118,26,4,30,100,1,0.3878,0.6862,100
LJ500_R078_C076,699250,9540250,2020,7,2020-07,11.99,31.15,131.1,4.0118,26,4,30,100,1,0.3128,0.6367,100
LJ500_R079_C076,699250,9540750,2020,7,2020-07,11.99,31.15,131.1,4.0118,26,4,30,100,1,0.316,0.66,100
LJ500_R093_C071,696750,9547750,2020,7,2020-07,19.95,45.84,133.35,6.0918,23,7,30,100,1,0.4817,1.1804,100
LJ500_R093_C073,697750,9547750,2020,7,2020-07,19.95,45.84,133.35,6.0918,23,7,30,100,1,0.5258,1.2725,100
LJ500_R096_C074,698250,9549250,2020,7,2020-07,19.95,45.84,133.35,6.0918,23,7,30,100,1,0.483,1.2092,100
LJ500_R098_C085,703750,9550250,2020,7,2020-07,28.25,62.36,149.12,10.05,23,7,30,100,1,0.3496,1.0748,100
LJ500_R101_C091,706750,9551750,2020,7,2020-07,36.39,72.13,151.15,12.08,23,7,30,100,1,0.2903,0.95,100
LJ500_R106_C080,701250,9554250,2020,7,2020-07,42.25,82.58,166.4,15.71,23,7,30,100,1,0.13,0.39,100
LJ500_R006_C075,698750,9504250,2020,8,2020-08,40.14,81.52,147.22,20.96,25,6,31,100,1,1.5836,2.3459,100
LJ500_R011_C068,695250,9506750,2020,8,2020-08,40.14,81.52,147.22,20.96,25,6,31,100,1,1.467,2.5989,100
LJ500_R012_C055,688750,9507250,2020,8,2020-08,31.22,57.33,108.45,9.2572,26.25,4.746,31,100,1,1.3832,3.1255,100
LJ500_R020_C061,691750,9511250,2020,8,2020-08,34.06,58.11,109.1,8.9805,26,5,31,100,1,1.4452,2.1,100
LJ500_R033_C056,689250,9517750,2020,8,2020-08,30.16,56.82,109.42,9.8934,27,4,31,100,1,1.6823,2.92,100
LJ500_R035_C085,703750,9518750,2020,8,2020-08,45.16,91.13,160.26,11.13,25.25,5.7494,31,100,1,0.6547,0.8178,100
LJ500_R039_C072,697250,9520750,2020,8,2020-08,23.44,47.6,90.19,7.6746,27,4,31,100,1,0.6462,0.9768,100
LJ500_R040_C060,691250,9521250,2020,8,2020-08,15.26,29.58,63.35,5.7341,28,3,31,100,1,0.6944,1.0037,100
LJ500_R041_C061,691750,9521750,2020,8,2020-08,15.26,29.58,63.35,5.7341,28,3,31,100,1,0.6889,0.9542,100
LJ500_R043_C058,690250,9522750,2020,8,2020-08,15.26,29.58,63.35,5.7341,28,3,31,100,1,0.6628,0.9926,100
LJ500_R045_C083,702750,9523750,2020,8,2020-08,32.73,67.95,123.53,10.62,27,4,31,100,1,0.6196,0.7889,100
LJ500_R046_C064,693250,9524250,2020,8,2020-08,15.12,29.39,63.08,5.6961,28.02,2.9832,31,100,1,0.6043,0.9757,100
LJ500_R048_C071,696750,9525250,2020,8,2020-08,19.65,41.12,80.21,7.3455,28,3,31,100,1,0.6482,0.8469,100
LJ500_R050_C095,708750,9526250,2020,8,2020-08,38.28,71.56,113.03,10.57,26,5,31,100,1,0.7816,2.2335,100
LJ500_R056_C049,685750,9529250,2020,8,2020-08,4.1518,14.02,42.38,2.3479,30,1,31,100,1,0.5396,0.9697,100
LJ500_R058_C079,700750,9530250,2020,8,2020-08,14.73,33.42,64.17,5.6976,27.99,3.0076,31,100,1,0.5035,0.6576,100
LJ500_R063_C060,691250,9532750,2020,8,2020-08,4.56,17.56,46.43,2.8505,30,1,31,100,1,0.477,0.7583,100
LJ500_R064_C084,703250,9533250,2020,8,2020-08,14.64,33.26,63.88,5.6756,28,3,31,100,1,0.9592,1.9542,100
LJ500_R069_C057,689750,9535750,2020,8,2020-08,12.03,30.91,63.59,5.0657,28.23,2.7676,31,100,1,0.394,0.7274,100
LJ500_R072_C062,692250,9537250,2020,8,2020-08,13.01,32.67,65.84,5.3569,28,3,31,100,1,0.3838,0.6129,100
LJ500_R072_C095,708750,9537250,2020,8,2020-08,32.94,65.8,103.79,11.12,27,4,31,100,1,0.683,2.3191,100
LJ500_R074_C074,698250,9538250,2020,8,2020-08,1.0808,13.07,32.23,0.3652,31,0,31,100,1,0.4298,0.6831,100
LJ500_R078_C076,699250,9540250,2020,8,2020-08,1.0808,13.07,32.23,0.3652,31,0,31,100,1,0.3311,0.5845,100
LJ500_R079_C076,699250,9540750,2020,8,2020-08,1.0808,13.07,32.23,0.3652,31,0,31,100,1,0.3326,0.6,100
LJ500_R093_C071,696750,9547750,2020,8,2020-08,23.35,43.3,69.2,12.95,26,5,31,100,1,0.4836,0.9404,100
LJ500_R093_C073,697750,9547750,2020,8,2020-08,23.35,43.3,69.2,12.95,26,5,31,100,1,0.5307,1.0424,100
LJ500_R096_C074,698250,9549250,2020,8,2020-08,23.35,43.3,69.2,12.95,26,5,31,100,1,0.4932,1.1142,100
LJ500_R098_C085,703750,9550250,2020,8,2020-08,39.17,67.42,101.54,10.66,26,5,31,100,1,0.3301,0.802,100
LJ500_R101_C091,706750,9551750,2020,8,2020-08,47.36,83.74,119.49,11.77,25,6,31,100,1,0.2594,0.71,100
LJ500_R106_C080,701250,9554250,2020,8,2020-08,69.29,111.54,151.87,14.21,23,8,31,100,1,0.1365,0.32,100
LJ500_R006_C075,698750,9504250,2020,9,2020-09,40.54,80.68,122.05,15.5,27,4,31,100,1,1.4258,2.3303,100
LJ500_R011_C068,695250,9506750,2020,9,2020-09,40.54,80.68,122.05,15.5,27,4,31,100,1,1.3508,2.7204,100
LJ500_R012_C055,688750,9507250,2020,9,2020-09,30.18,61.4,87.51,13.43,28,3,31,100,1,1.2411,3.0537,100
LJ500_R020_C061,691750,9511250,2020,9,2020-09,27.48,61.55,85.59,11.24,28,3,31,100,1,1.3148,2.19,100
LJ500_R033_C056,689250,9517750,2020,9,2020-09,28.09,58.24,84.91,11.15,28,3,31,100,1,1.6297,3.38,100
LJ500_R035_C085,703750,9518750,2020,9,2020-09,42.35,87.51,133.48,14.86,26.75,4.2506,31,100,1,0.6301,0.9062,100
LJ500_R039_C072,697250,9520750,2020,9,2020-09,22.53,45.97,70.13,6.0099,26,5,31,100,1,0.6361,1.0956,100
LJ500_R040_C060,691250,9521250,2020,9,2020-09,18.12,33.39,47.7,8.8257,27,4,31,100,1,0.6926,1.2702,100
LJ500_R041_C061,691750,9521750,2020,9,2020-09,18.12,33.39,47.7,8.8257,27,4,31,100,1,0.6928,1.2428,100
LJ500_R043_C058,690250,9522750,2020,9,2020-09,18.12,33.39,47.7,8.8257,27,4,31,100,1,0.6606,1.2505,100
LJ500_R045_C083,702750,9523750,2020,9,2020-09,34.74,67.47,102.69,11.98,25,6,31,100,1,0.639,0.9589,100
LJ500_R046_C064,693250,9524250,2020,9,2020-09,18.11,33.24,47.5,8.8242,27,4,31,100,1,0.6022,1.0895,100
LJ500_R048_C071,696750,9525250,2020,9,2020-09,25.23,44.88,66.34,11.22,27,4,31,100,1,0.6722,1.0962,100
LJ500_R050_C095,708750,9526250,2020,9,2020-09,42.01,80.29,113.56,14.43,26,5,31,100,1,0.763,1.9152,100
LJ500_R056_C049,685750,9529250,2020,9,2020-09,14.84,18.99,28.87,6.6141,27,4,31,100,1,0.5347,1.1837,100
LJ500_R058_C079,700750,9530250,2020,9,2020-09,25.59,40.32,59.01,11.54,26.98,4.0151,31,100,1,0.5372,0.8438,100
LJ500_R063_C060,691250,9532750,2020,9,2020-09,17.55,22.11,35.1,8.0599,27,4,31,100,1,0.4984,0.9248,100
LJ500_R064_C084,703250,9533250,2020,9,2020-09,25.55,40.19,58.81,11.54,27,4,31,100,1,0.9188,1.8195,100
LJ500_R069_C057,689750,9535750,2020,9,2020-09,24.93,36.96,55.85,9.8451,27,4,31,100,1,0.4108,0.8279,100
LJ500_R072_C062,692250,9537250,2020,9,2020-09,25.91,38.91,58.58,10.08,27,4,31,100,1,0.4192,0.7649,100
LJ500_R072_C095,708750,9537250,2020,9,2020-09,42.82,75.75,108.61,19.03,27,4,31,100,1,0.6925,1.8604,100
LJ500_R074_C074,698250,9538250,2020,9,2020-09,16.53,17.61,29.6,6.756,27,4,31,100,1,0.4542,0.7438,100
LJ500_R078_C076,699250,9540250,2020,9,2020-09,16.53,17.61,29.6,6.756,27,4,31,100,1,0.3516,0.6026,100
LJ500_R079_C076,699250,9540750,2020,9,2020-09,16.53,17.61,29.6,6.756,27,4,31,100,1,0.3487,0.6,100
LJ500_R093_C071,696750,9547750,2020,9,2020-09,34.72,58.07,78.02,13.1,27,4,31,100,1,0.4584,0.8201,100
LJ500_R093_C073,697750,9547750,2020,9,2020-09,34.72,58.07,78.02,13.1,27,4,31,100,1,0.5247,0.9048,100
LJ500_R096_C074,698250,9549250,2020,9,2020-09,34.72,58.07,78.02,13.1,27,4,31,100,1,0.5284,0.9169,100
LJ500_R098_C085,703750,9550250,2020,9,2020-09,50.79,89.96,118.21,20.82,28,3,31,100,1,0.3321,0.767,100
LJ500_R101_C091,706750,9551750,2020,9,2020-09,57.7,105.06,141.45,25.25,27,4,31,100,1,0.2832,0.71,100
LJ500_R106_C080,701250,9554250,2020,9,2020-09,78.06,147.35,189.6,29.37,28,3,31,100,1,0.1629,0.37,100
LJ500_R006_C075,698750,9504250,2020,10,2020-10,16.91,57.45,97.59,10.09,25,5,30,100,1,1.4632,2.0214,96.67
LJ500_R011_C068,695250,9506750,2020,10,2020-10,16.91,57.45,97.59,10.09,25,5,30,100,1,1.3731,2.136,96.67
LJ500_R012_C055,688750,9507250,2020,10,2020-10,20.25,50.42,81.64,11.79,25,5,30,100,1,1.2763,2.5887,96.67
LJ500_R020_C061,691750,9511250,2020,10,2020-10,20.93,48.41,82.48,12.67,25,5,30,100,1,1.3052,1.71,96.67
LJ500_R033_C056,689250,9517750,2020,10,2020-10,22.03,50.11,80.27,14.17,25,5,30,100,1,1.5424,2.22,96.67
LJ500_R035_C085,703750,9518750,2020,10,2020-10,24.41,66.76,111.92,13,25,5,30,100,1,0.6574,0.9756,96.67
LJ500_R039_C072,697250,9520750,2020,10,2020-10,17.99,40.52,63.96,5.0032,24,6,30,100,1,0.6542,0.8332,96.67
LJ500_R040_C060,691250,9521250,2020,10,2020-10,21.8,39.92,55.19,6.9121,24,6,30,100,1,0.6656,0.9235,96.67
LJ500_R041_C061,691750,9521750,2020,10,2020-10,21.8,39.92,55.19,6.9121,24,6,30,100,1,0.6675,0.9128,96.67
LJ500_R043_C058,690250,9522750,2020,10,2020-10,21.8,39.92,55.19,6.9121,24,6,30,100,1,0.6175,0.8906,96.67
LJ500_R045_C083,702750,9523750,2020,10,2020-10,25.55,60.29,93.02,13.74,25,5,30,100,1,0.6809,0.9178,96.67
LJ500_R046_C064,693250,9524250,2020,10,2020-10,21.75,39.87,54.99,6.9533,24,6,30,100,1,0.5892,0.7569,96.67
LJ500_R048_C071,696750,9525250,2020,10,2020-10,16.21,41.43,61.09,9.5548,25,5,30,100,1,0.6923,0.9381,96.67
LJ500_R050_C095,708750,9526250,2020,10,2020-10,34.66,76.67,114.95,12.92,24,6,30,100,1,0.8328,1.6196,96.67
LJ500_R056_C049,685750,9529250,2020,10,2020-10,16.34,31.18,35.33,9.8217,25,5,30,100,1,0.416,0.7519,96.67
LJ500_R058_C079,700750,9530250,2020,10,2020-10,18.64,44.23,58.95,7.3743,24,6,30,100,1,0.5809,0.81,96.67
LJ500_R063_C060,691250,9532750,2020,10,2020-10,15.5,33.04,37.6,11.22,27,3,30,100,1,0.4755,0.6448,96.67
LJ500_R064_C084,703250,9533250,2020,10,2020-10,18.61,44.16,58.79,7.36,24,6,30,100,1,0.9531,1.4358,96.67
LJ500_R069_C057,689750,9535750,2020,10,2020-10,15.13,40.07,52.09,8.6731,27,3,30,100,1,0.3689,0.5224,96.67
LJ500_R072_C062,692250,9537250,2020,10,2020-10,15.08,40.99,54,8.3379,27,3,30,100,1,0.4113,0.5639,96.67
LJ500_R072_C095,708750,9537250,2020,10,2020-10,27.32,70.14,103.08,10.59,25,5,30,100,1,0.6091,1.6527,96.67
LJ500_R074_C074,698250,9538250,2020,10,2020-10,10.62,27.15,28.23,4.169,27,3,30,100,1,0.4686,0.8354,96.67
LJ500_R078_C076,699250,9540250,2020,10,2020-10,10.62,27.15,28.23,4.169,27,3,30,100,1,0.3663,0.8471,96.67
LJ500_R079_C076,699250,9540750,2020,10,2020-10,10.62,27.15,28.23,4.169,27,3,30,100,1,0.3641,0.86,96.67
LJ500_R093_C071,696750,9547750,2020,10,2020-10,18.84,53.56,76.92,7.3104,25,5,30,100,1,0.4673,1.0701,96.67
LJ500_R093_C073,697750,9547750,2020,10,2020-10,18.84,53.56,76.92,7.3104,25,5,30,100,1,0.5289,1.0325,96.67
LJ500_R096_C074,698250,9549250,2020,10,2020-10,18.84,53.56,76.92,7.3104,25,5,30,100,1,0.5211,1.0147,96.67
LJ500_R098_C085,703750,9550250,2020,10,2020-10,26.18,76.96,116.14,12.87,25,5,30,100,1,0.3307,0.9037,96.67
LJ500_R101_C091,706750,9551750,2020,10,2020-10,32.34,90.04,137.4,15.99,25,5,30,100,1,0.2559,0.82,96.67
LJ500_R106_C080,701250,9554250,2020,10,2020-10,31.99,110.05,179.34,15.24,25,5,30,100,1,0.159,0.57,96.67
LJ500_R006_C075,698750,9504250,2020,11,2020-11,46.15,63.06,103.6,23.9,26,5,31,100,1,1.4219,2.2001,100
LJ500_R011_C068,695250,9506750,2020,11,2020-11,46.15,63.06,103.6,23.9,26,5,31,100,1,1.3295,2.2249,100
LJ500_R012_C055,688750,9507250,2020,11,2020-11,48.52,68.77,98.95,24.12,25.75,5.254,31,100,1,1.3066,2.6541,100
LJ500_R020_C061,691750,9511250,2020,11,2020-11,51.42,72.35,99.83,25.7,26,5,31,100,1,1.251,1.86,100
LJ500_R033_C056,689250,9517750,2020,11,2020-11,53.32,75.35,103.44,22.54,25,6,31,100,1,1.3861,2.25,100
LJ500_R035_C085,703750,9518750,2020,11,2020-11,49.48,73.89,116.24,23.22,25,6,31,100,1,0.596,0.8947,100
LJ500_R039_C072,697250,9520750,2020,11,2020-11,45.56,63.54,86.08,22.78,26,5,31,100,1,0.581,0.8119,100
LJ500_R040_C060,691250,9521250,2020,11,2020-11,50.34,72.14,90.26,22.3,26,5,31,100,1,0.612,0.9416,100
LJ500_R041_C061,691750,9521750,2020,11,2020-11,50.34,72.14,90.26,22.3,26,5,31,100,1,0.6141,0.9557,100
LJ500_R043_C058,690250,9522750,2020,11,2020-11,50.34,72.14,90.26,22.3,26,5,31,100,1,0.5722,0.9007,100
LJ500_R045_C083,702750,9523750,2020,11,2020-11,47.82,73.37,108.11,19.67,25,6,31,100,1,0.601,0.9447,100
LJ500_R046_C064,693250,9524250,2020,11,2020-11,50.3,72.05,90.17,22.34,26.02,4.9832,31,100,1,0.5277,0.7528,100
LJ500_R048_C071,696750,9525250,2020,11,2020-11,43.22,59.43,84.66,21.74,27,4,31,100,1,0.615,0.9382,100
LJ500_R050_C095,708750,9526250,2020,11,2020-11,56.32,90.97,132.98,22.31,24,7,31,100,1,0.808,1.7422,100
LJ500_R056_C049,685750,9529250,2020,11,2020-11,42.08,58.42,73.26,19.56,26,5,31,100,1,0.4052,0.7326,100
LJ500_R058_C079,700750,9530250,2020,11,2020-11,44.21,62.85,88.44,21,26,5,31,100,1,0.5008,0.84,100
LJ500_R063_C060,691250,9532750,2020,11,2020-11,42.2,57.69,75.24,22,27,4,31,100,1,0.4265,0.6885,100
LJ500_R064_C084,703250,9533250,2020,11,2020-11,44.19,62.8,88.34,21,26,5,31,100,1,0.8593,1.5005,100
LJ500_R069_C057,689750,9535750,2020,11,2020-11,44.23,59.36,84.3,20.82,26.12,4.8838,31,100,1,0.3466,0.5166,100
LJ500_R072_C062,692250,9537250,2020,11,2020-11,44.5,59.58,85.49,20.66,26,5,31,100,1,0.3731,0.595,100
LJ500_R072_C095,708750,9537250,2020,11,2020-11,62.1,89.42,132.24,28.1,26,5,31,100,1,0.6408,1.7533,100
LJ500_R074_C074,698250,9538250,2020,11,2020-11,33.29,43.91,60.44,17.16,27,4,31,100,1,0.4244,0.7,100
LJ500_R078_C076,699250,9540250,2020,11,2020-11,33.29,43.91,60.44,17.16,27,4,31,100,1,0.3336,0.5926,100
LJ500_R079_C076,699250,9540750,2020,11,2020-11,33.29,43.91,60.44,17.16,27,4,31,100,1,0.3313,0.59,100
LJ500_R093_C071,696750,9547750,2020,11,2020-11,44.11,62.95,97.67,21.85,26,5,31,100,1,0.4032,0.72,100
LJ500_R093_C073,697750,9547750,2020,11,2020-11,44.11,62.95,97.67,21.85,26,5,31,100,1,0.4565,0.8039,100
LJ500_R096_C074,698250,9549250,2020,11,2020-11,44.11,62.95,97.67,21.85,26,5,31,100,1,0.4686,0.8131,100
LJ500_R098_C085,703750,9550250,2020,11,2020-11,52.41,78.58,129.37,24.43,26,5,31,100,1,0.2807,0.5681,100
LJ500_R101_C091,706750,9551750,2020,11,2020-11,59.76,92.1,149.8,26.86,26,5,31,100,1,0.2261,0.51,100
LJ500_R106_C080,701250,9554250,2020,11,2020-11,60.27,92.26,170.32,27.05,26,5,31,100,1,0.1981,0.45,100
LJ500_R006_C075,698750,9504250,2020,12,2020-12,52.81,98.96,115.87,9.2255,21,9,30,100,1,0.6538,1.5008,100
LJ500_R011_C068,695250,9506750,2020,12,2020-12,52.81,98.96,115.87,9.2255,21,9,30,100,1,0.7226,1.7021,100
LJ500_R012_C055,688750,9507250,2020,12,2020-12,52.3,100.82,121.07,12.57,23,7,30,100,1,0.9057,2.376,100
LJ500_R020_C061,691750,9511250,2020,12,2020-12,52.49,103.91,124.84,12.35,22,8,30,100,1,0.5947,1.29,100
LJ500_R033_C056,689250,9517750,2020,12,2020-12,55.86,109.19,131.21,13.04,21,9,30,100,1,0.6857,1.68,100
LJ500_R035_C085,703750,9518750,2020,12,2020-12,65.02,114.5,138.92,13.7,20,10,30,100,1,0.2812,0.6638,100
LJ500_R039_C072,697250,9520750,2020,12,2020-12,59.44,105,122.99,11.88,20,10,30,100,1,0.3068,0.5988,100
LJ500_R040_C060,691250,9521250,2020,12,2020-12,54.56,104.89,126.69,14.38,21,9,30,100,1,0.3584,0.7367,100
LJ500_R041_C061,691750,9521750,2020,12,2020-12,54.56,104.89,126.69,14.38,21,9,30,100,1,0.3531,0.7314,100
LJ500_R043_C058,690250,9522750,2020,12,2020-12,54.56,104.89,126.69,14.38,21,9,30,100,1,0.3343,0.6753,100
LJ500_R045_C083,702750,9523750,2020,12,2020-12,63.57,111.39,136.93,10.7,20,10,30,100,1,0.326,0.7778,100
LJ500_R046_C064,693250,9524250,2020,12,2020-12,54.58,104.88,126.63,14.35,21,9,30,100,1,0.2848,0.5489,100
LJ500_R048_C071,696750,9525250,2020,12,2020-12,57.97,101.19,117.4,11.22,20,10,30,100,1,0.3529,0.7896,100
LJ500_R050_C095,708750,9526250,2020,12,2020-12,68.2,124.52,159.17,12.52,21,9,30,100,1,0.4065,1.1805,100
LJ500_R056_C049,685750,9529250,2020,12,2020-12,51.47,93.55,109.89,19.12,24,6,30,100,1,0.2343,0.5033,100
LJ500_R058_C079,700750,9530250,2020,12,2020-12,49.58,93.79,112.43,10.42,20.99,9.0076,30,100,1,0.2759,0.62,100
LJ500_R063_C060,691250,9532750,2020,12,2020-12,49.43,91.63,107.12,14.39,23,7,30,100,1,0.2486,0.543,100
LJ500_R064_C084,703250,9533250,2020,12,2020-12,49.51,93.7,112.3,10.42,21,9,30,100,1,0.3367,1.0368,100
LJ500_R069_C057,689750,9535750,2020,12,2020-12,48.73,92.96,108.09,11.8,24.77,5.2324,30,100,1,0.1823,0.3976,100
LJ500_R072_C062,692250,9537250,2020,12,2020-12,48.64,93.14,108.22,11.46,25,5,30,100,1,0.2239,0.544,100
LJ500_R072_C095,708750,9537250,2020,12,2020-12,57.33,119.42,146.75,9.6916,20,10,30,100,1,0.5209,1.7568,100
LJ500_R074_C074,698250,9538250,2020,12,2020-12,46.06,79.35,89.97,10.59,23,7,30,100,1,0.23,0.5681,100
LJ500_R078_C076,699250,9540250,2020,12,2020-12,46.06,79.35,89.97,10.59,23,7,30,100,1,0.1764,0.4752,100
LJ500_R079_C076,699250,9540750,2020,12,2020-12,46.06,79.35,89.97,10.59,23,7,30,100,1,0.17,0.47,100
LJ500_R093_C071,696750,9547750,2020,12,2020-12,39.65,83.76,102.6,9.7501,23,7,30,100,1,0.2,0.5297,100
LJ500_R093_C073,697750,9547750,2020,12,2020-12,39.65,83.76,102.6,9.7501,23,7,30,100,1,0.2421,0.6903,100
LJ500_R096_C074,698250,9549250,2020,12,2020-12,39.65,83.76,102.6,9.7501,23,7,30,100,1,0.2895,0.8508,100
LJ500_R098_C085,703750,9550250,2020,12,2020-12,43.55,95.96,122.14,12.51,24,6,30,100,1,0.2043,0.6334,100
LJ500_R101_C091,706750,9551750,2020,12,2020-12,53.4,113.16,145.5,10.19,23,7,30,100,1,0.2083,0.64,100
LJ500_R106_C080,701250,9554250,2020,12,2020-12,46.79,107.06,139.05,12.12,23,7,30,100,1,0.23,0.62,100
LJ500_R006_C075,698750,9504250,2021,1,2021-01,73.18,125.99,172.14,18.8,26,5,31,100,1,0.6648,1.655,100
LJ500_R011_C068,695250,9506750,2021,1,2021-01,73.18,125.99,172.14,18.8,26,5,31,100,1,0.4231,1.2706,100
LJ500_R012_C055,688750,9507250,2021,1,2021-01,66.02,118.31,166.84,12.85,21.49,9.5079,31,100,1,0.4783,1.3822,100
LJ500_R020_C061,691750,9511250,2021,1,2021-01,70.7,123.19,174.6,14.02,23,8,31,100,1,0.6568,1.29,100
LJ500_R033_C056,689250,9517750,2021,1,2021-01,72.32,128.18,181.5,12.63,23,8,31,100,1,0.6648,1.3,100
LJ500_R035_C085,703750,9518750,2021,1,2021-01,84.41,149.44,198.92,25.64,24.13,6.8747,31,100,1,0.3721,0.634,100
LJ500_R039_C072,697250,9520750,2021,1,2021-01,73.74,133.18,178.74,23.37,26,5,31,100,1,0.208,0.6568,100
LJ500_R040_C060,691250,9521250,2021,1,2021-01,66.68,121.23,171.57,20.97,26,5,31,100,1,0.2094,0.593,100
LJ500_R041_C061,691750,9521750,2021,1,2021-01,66.68,121.23,171.57,20.97,26,5,31,100,1,0.2262,0.6372,100
LJ500_R043_C058,690250,9522750,2021,1,2021-01,66.68,121.23,171.57,20.97,26,5,31,100,1,0.1886,0.5566,100
LJ500_R045_C083,702750,9523750,2021,1,2021-01,80.64,144.21,192.03,24.65,25,6,31,100,1,0.2151,0.5528,100
LJ500_R046_C064,693250,9524250,2021,1,2021-01,66.65,121.23,171.53,20.9,26,5,31,100,1,0.1775,0.5792,100
LJ500_R048_C071,696750,9525250,2021,1,2021-01,68.78,126.75,169.97,23.74,26,5,31,100,1,0.1848,0.5337,100
LJ500_R050_C095,708750,9526250,2021,1,2021-01,78.08,146.28,202.6,28.54,26,5,31,100,1,0.2969,1.1587,100
LJ500_R056_C049,685750,9529250,2021,1,2021-01,69.32,120.79,162.87,18.46,24,7,31,100,1,0.1385,0.4206,100
LJ500_R058_C079,700750,9530250,2021,1,2021-01,65.38,114.96,159.17,18.85,25.99,5.0076,31,100,1,0.1369,0.4338,100
LJ500_R063_C060,691250,9532750,2021,1,2021-01,64,113.43,155.63,27.63,27,4,31,100,1,0.1149,0.3651,100
LJ500_R064_C084,703250,9533250,2021,1,2021-01,65.32,114.83,159.02,18.83,26,5,31,100,1,0.517,1.0305,100
LJ500_R069_C057,689750,9535750,2021,1,2021-01,64.93,113.67,157.9,19.23,25.23,5.7676,31,100,1,0.1086,0.3782,100
LJ500_R072_C062,692250,9537250,2021,1,2021-01,65.06,113.7,158.2,18.13,25,6,31,100,1,0.0913,0.3166,100
LJ500_R072_C095,708750,9537250,2021,1,2021-01,74.94,132.26,194.36,14.73,23,8,31,100,1,0.5971,1.497,100
LJ500_R074_C074,698250,9538250,2021,1,2021-01,58.58,104.64,137.93,16.11,27,4,31,100,1,0.2605,0.5819,100
LJ500_R078_C076,699250,9540250,2021,1,2021-01,58.58,104.64,137.93,16.11,27,4,31,100,1,0.2652,0.5222,100
LJ500_R079_C076,699250,9540750,2021,1,2021-01,58.58,104.64,137.93,16.11,27,4,31,100,1,0.2745,0.53,100
LJ500_R093_C071,696750,9547750,2021,1,2021-01,54.56,94.21,138.32,16.56,26,5,31,100,1,0.5291,0.93,100
LJ500_R093_C073,697750,9547750,2021,1,2021-01,54.56,94.21,138.32,16.56,26,5,31,100,1,0.5922,1.0011,100
LJ500_R096_C074,698250,9549250,2021,1,2021-01,54.56,94.21,138.32,16.56,26,5,31,100,1,0.6132,1.0108,100
LJ500_R098_C085,703750,9550250,2021,1,2021-01,64.01,107.56,159.97,24.32,28,3,31,100,1,0.4441,0.8171,100
LJ500_R101_C091,706750,9551750,2021,1,2021-01,69.31,122.71,182.47,16.56,26,5,31,100,1,0.3806,0.73,100
LJ500_R106_C080,701250,9554250,2021,1,2021-01,72.18,118.97,179.24,20.82,26,5,31,100,1,0.2061,0.41,100
LJ500_R006_C075,698750,9504250,2021,2,2021-02,79.95,153.13,205.94,28.6,27,4,31,100,1,0.896,2.029,100
LJ500_R011_C068,695250,9506750,2021,2,2021-02,79.95,153.13,205.94,28.6,27,4,31,100,1,0.6354,1.4924,100
LJ500_R012_C055,688750,9507250,2021,2,2021-02,35.96,101.98,154.28,16.51,27.25,3.746,31,100,1,0.6417,1.4117,100
LJ500_R020_C061,691750,9511250,2021,2,2021-02,34.77,105.47,157.96,15.32,27,4,31,100,1,0.8981,1.92,100
LJ500_R033_C056,689250,9517750,2021,2,2021-02,47.95,120.27,176.13,19.69,27,4,31,100,1,0.9445,1.8,100
LJ500_R035_C085,703750,9518750,2021,2,2021-02,103.32,187.73,252.75,44.92,27.87,3.1253,31,100,1,0.398,0.725,100
LJ500_R039_C072,697250,9520750,2021,2,2021-02,71.92,145.65,205.1,23.68,27,4,31,100,1,0.2083,0.4756,100
LJ500_R040_C060,691250,9521250,2021,2,2021-02,31.35,98.03,152.58,9.977,27,4,31,100,1,0.2703,0.5849,100
LJ500_R041_C061,691750,9521750,2021,2,2021-02,31.35,98.03,152.58,9.977,27,4,31,100,1,0.289,0.5872,100
LJ500_R043_C058,690250,9522750,2021,2,2021-02,31.35,98.03,152.58,9.977,27,4,31,100,1,0.2528,0.5688,100
LJ500_R045_C083,702750,9523750,2021,2,2021-02,89.51,170.15,233.72,35.68,27,4,31,100,1,0.1948,0.3719,100
LJ500_R046_C064,693250,9524250,2021,2,2021-02,31.51,98.16,152.74,9.9767,26.98,4.0168,31,100,1,0.1842,0.4646,100
LJ500_R048_C071,696750,9525250,2021,2,2021-02,71.84,140.62,198.59,20.86,27,4,31,100,1,0.1881,0.3957,100
LJ500_R050_C095,708750,9526250,2021,2,2021-02,54.27,132.36,200.56,18.45,26,5,31,100,1,0.3573,1.1257,100
LJ500_R056_C049,685750,9529250,2021,2,2021-02,50.1,119.42,170.89,13.79,27,4,31,100,1,0.2419,0.6186,100
LJ500_R058_C079,700750,9530250,2021,2,2021-02,57.55,122.93,172.51,34.34,28.98,2.0227,31,100,1,0.1178,0.3238,100
LJ500_R063_C060,691250,9532750,2021,2,2021-02,46.33,110.33,159.76,12.66,27,4,31,100,1,0.1314,0.3466,100
LJ500_R064_C084,703250,9533250,2021,2,2021-02,57.38,122.7,172.21,34.43,29,2,31,100,1,0.632,1.201,100
LJ500_R069_C057,689750,9535750,2021,2,2021-02,53.38,118.32,167.05,14.08,27,4,31,100,1,0.1248,0.3355,100
LJ500_R072_C062,692250,9537250,2021,2,2021-02,54.31,119.37,168.01,14.26,27,4,31,100,1,0.1023,0.3294,100
LJ500_R072_C095,708750,9537250,2021,2,2021-02,40.71,115.65,172.97,20.35,29,2,31,100,1,0.7005,1.5598,100
LJ500_R074_C074,698250,9538250,2021,2,2021-02,49.61,108.19,154.25,17.37,28,3,31,100,1,0.2924,0.6073,100
LJ500_R078_C076,699250,9540250,2021,2,2021-02,49.61,108.19,154.25,17.37,28,3,31,100,1,0.3186,0.6493,100
LJ500_R079_C076,699250,9540750,2021,2,2021-02,49.61,108.19,154.25,17.37,28,3,31,100,1,0.3339,0.67,100
LJ500_R093_C071,696750,9547750,2021,2,2021-02,32.21,86.77,126.42,8.6425,27,4,31,100,1,0.6678,1.1901,100
LJ500_R093_C073,697750,9547750,2021,2,2021-02,32.21,86.77,126.42,8.6425,27,4,31,100,1,0.7061,1.2425,100
LJ500_R096_C074,698250,9549250,2021,2,2021-02,32.21,86.77,126.42,8.6425,27,4,31,100,1,0.6861,1.1639,100
LJ500_R098_C085,703750,9550250,2021,2,2021-02,36.44,100.45,144.01,8.4698,26,5,31,100,1,0.5662,1.0408,100
LJ500_R101_C091,706750,9551750,2021,2,2021-02,28.03,97.34,150.73,18.8,29,2,31,100,1,0.4894,0.92,100
LJ500_R106_C080,701250,9554250,2021,2,2021-02,40.52,112.7,159.49,9.4029,26,5,31,100,1,0.2103,0.45,100
LJ500_R006_C075,698750,9504250,2021,3,2021-03,87.23,167.18,240.36,38.83,25,3,28,100,1,0.8176,1.6273,100
LJ500_R011_C068,695250,9506750,2021,3,2021-03,87.23,167.18,240.36,38.83,25,3,28,100,1,0.6288,1.4402,100
LJ500_R012_C055,688750,9507250,2021,3,2021-03,91.28,127.24,193.26,36.64,24.25,3.746,28,100,1,0.7717,1.58,100
LJ500_R020_C061,691750,9511250,2021,3,2021-03,87.66,122.44,193.13,24.85,23,5,28,100,1,0.7618,1.57,100
LJ500_R033_C056,689250,9517750,2021,3,2021-03,88.83,136.78,209.1,44.6,25,3,28,100,1,0.7582,1.53,100
LJ500_R035_C085,703750,9518750,2021,3,2021-03,95.28,198.6,283.01,28.05,21.87,6.1253,28,100,1,0.31,0.6656,100
LJ500_R039_C072,697250,9520750,2021,3,2021-03,91.28,163.2,236.93,24.5,21,7,28,100,1,0.2516,0.8212,100
LJ500_R040_C060,691250,9521250,2021,3,2021-03,86.73,118.08,184.75,22.46,24,4,28,100,1,0.2688,0.6905,100
LJ500_R041_C061,691750,9521750,2021,3,2021-03,86.73,118.08,184.75,22.46,24,4,28,100,1,0.2686,0.6356,100
LJ500_R043_C058,690250,9522750,2021,3,2021-03,86.73,118.08,184.75,22.46,24,4,28,100,1,0.253,0.6819,100
LJ500_R045_C083,702750,9523750,2021,3,2021-03,95.52,185.03,265.67,22.61,21,7,28,100,1,0.2144,0.6208,100
LJ500_R046_C064,693250,9524250,2021,3,2021-03,86.67,118.18,184.83,22.68,24.02,3.9832,28,100,1,0.2238,0.7691,100
LJ500_R048_C071,696750,9525250,2021,3,2021-03,82.88,154.71,223.49,28.74,24,4,28,100,1,0.2226,0.696,100
LJ500_R050_C095,708750,9526250,2021,3,2021-03,87.27,141.54,219.63,20.95,22,6,28,100,1,0.3735,1.21,100
LJ500_R056_C049,685750,9529250,2021,3,2021-03,91.17,141.26,210.59,39.7,25,3,28,100,1,0.2162,0.574,100
LJ500_R058_C079,700750,9530250,2021,3,2021-03,75.85,133.4,198.78,25.56,23.98,4.0151,28,100,1,0.1672,0.6576,100
LJ500_R063_C060,691250,9532750,2021,3,2021-03,74.05,120.38,184.38,32.66,25,3,28,100,1,0.1563,0.6088,100
LJ500_R064_C084,703250,9533250,2021,3,2021-03,75.77,133.15,198.47,25.6,24,4,28,100,1,0.4801,1.0532,100
LJ500_R069_C057,689750,9535750,2021,3,2021-03,67.38,120.77,185.7,30.31,25,3,28,100,1,0.1415,0.5284,100
LJ500_R072_C062,692250,9537250,2021,3,2021-03,66.51,120.82,185.88,30,25,3,28,100,1,0.1252,0.5398,100
LJ500_R072_C095,708750,9537250,2021,3,2021-03,76.48,117.19,192.13,19.79,21,7,28,100,1,0.6115,1.8534,100
LJ500_R074_C074,698250,9538250,2021,3,2021-03,62.83,112.44,171.02,25.38,24,4,28,100,1,0.1983,0.5619,100
LJ500_R078_C076,699250,9540250,2021,3,2021-03,62.83,112.44,171.02,25.38,24,4,28,100,1,0.1919,0.5941,100
LJ500_R079_C076,699250,9540750,2021,3,2021-03,62.83,112.44,171.02,25.38,24,4,28,100,1,0.2011,0.62,100
LJ500_R093_C071,696750,9547750,2021,3,2021-03,68.04,100.25,154.81,32.53,25,3,28,100,1,0.439,1.0601,100
LJ500_R093_C073,697750,9547750,2021,3,2021-03,68.04,100.25,154.81,32.53,25,3,28,100,1,0.4883,1.0861,100
LJ500_R096_C074,698250,9549250,2021,3,2021-03,68.04,100.25,154.81,32.53,25,3,28,100,1,0.4802,0.9692,100
LJ500_R098_C085,703750,9550250,2021,3,2021-03,71.6,108.05,172.06,38.29,26,2,28,100,1,0.3503,0.912,100
LJ500_R101_C091,706750,9551750,2021,3,2021-03,74.79,102.82,172.13,21.7,24,4,28,100,1,0.2957,0.82,100
LJ500_R106_C080,701250,9554250,2021,3,2021-03,73.39,113.91,186.09,32.28,25,3,28,100,1,0.1261,0.41,100
LJ500_R006_C075,698750,9504250,2021,4,2021-04,237.78,325.01,404.96,33.21,16,15,31,100,1,0.6773,1.4655,100
LJ500_R011_C068,695250,9506750,2021,4,2021-04,237.78,325.01,404.96,33.21,16,15,31,100,1,0.5671,1.2005,100
LJ500_R012_C055,688750,9507250,2021,4,2021-04,212.82,304.1,340.06,26.92,18,13,31,100,1,0.5604,1.5699,100
LJ500_R020_C061,691750,9511250,2021,4,2021-04,231.8,319.46,354.24,33.11,18,13,31,100,1,0.5997,1.36,100
LJ500_R033_C056,689250,9517750,2021,4,2021-04,233.75,322.58,370.53,36.54,17,14,31,100,1,0.6268,1.25,100
LJ500_R035_C085,703750,9518750,2021,4,2021-04,237.39,332.67,435.99,33.82,17.13,13.87,31,100,1,0.2276,0.5609,100
LJ500_R039_C072,697250,9520750,2021,4,2021-04,231.3,322.57,394.49,30.94,19,12,31,100,1,0.2337,0.5868,100
LJ500_R040_C060,691250,9521250,2021,4,2021-04,210.35,297.08,328.43,27.74,20,11,31,100,1,0.2486,0.5884,100
LJ500_R041_C061,691750,9521750,2021,4,2021-04,210.35,297.08,328.43,27.74,20,11,31,100,1,0.2425,0.58,100
LJ500_R043_C058,690250,9522750,2021,4,2021-04,210.35,297.08,328.43,27.74,20,11,31,100,1,0.2442,0.5827,100
LJ500_R045_C083,702750,9523750,2021,4,2021-04,222.08,317.6,407.11,32.1,18,13,31,100,1,0.1947,0.4431,100
LJ500_R046_C064,693250,9524250,2021,4,2021-04,210.06,296.74,328.25,27.73,20.02,10.98,31,100,1,0.2225,0.5754,100
LJ500_R048_C071,696750,9525250,2021,4,2021-04,206.98,289.85,361.69,28.7,20,11,31,100,1,0.2199,0.4974,100
LJ500_R050_C095,708750,9526250,2021,4,2021-04,197.07,284.34,338.62,30.75,20,11,31,100,1,0.3831,0.9688,100
LJ500_R056_C049,685750,9529250,2021,4,2021-04,224.11,315.27,365.37,31.95,21,10,31,100,1,0.2259,0.5841,100
LJ500_R058_C079,700750,9530250,2021,4,2021-04,169.69,245.54,303.09,31.43,22.98,8.0151,31,100,1,0.1772,0.4138,100
LJ500_R063_C060,691250,9532750,2021,4,2021-04,183.01,257.07,303.4,32.3,23,8,31,100,1,0.1901,0.4633,100
LJ500_R064_C084,703250,9533250,2021,4,2021-04,169.49,245.26,302.64,31.42,23,8,31,100,1,0.4205,0.8779,100
LJ500_R069_C057,689750,9535750,2021,4,2021-04,168.69,236.07,289.45,23.15,20.35,10.65,31,100,1,0.1828,0.5073,100
LJ500_R072_C062,692250,9537250,2021,4,2021-04,166.8,233.31,287.62,21.95,20,11,31,100,1,0.1733,0.4244,100
LJ500_R072_C095,708750,9537250,2021,4,2021-04,161.63,238.11,278.82,27.37,16,15,31,100,1,0.4914,2.2606,100
LJ500_R074_C074,698250,9538250,2021,4,2021-04,151.37,214.2,263.81,26.16,20,11,31,100,1,0.1815,0.4854,100
LJ500_R078_C076,699250,9540250,2021,4,2021-04,151.37,214.2,263.81,26.16,20,11,31,100,1,0.1735,0.5345,100
LJ500_R079_C076,699250,9540750,2021,4,2021-04,151.37,214.2,263.81,26.16,20,11,31,100,1,0.1784,0.55,100
LJ500_R093_C071,696750,9547750,2021,4,2021-04,140.54,208.58,240.79,30.31,22,9,31,100,1,0.3355,0.9501,100
LJ500_R093_C073,697750,9547750,2021,4,2021-04,140.54,208.58,240.79,30.31,22,9,31,100,1,0.3733,1.0455,100
LJ500_R096_C074,698250,9549250,2021,4,2021-04,140.54,208.58,240.79,30.31,22,9,31,100,1,0.3831,1.0669,100
LJ500_R098_C085,703750,9550250,2021,4,2021-04,140.19,211.79,248.23,26.79,19,12,31,100,1,0.3048,0.8469,100
LJ500_R101_C091,706750,9551750,2021,4,2021-04,133.14,207.93,235.96,17.11,19,12,31,100,1,0.2668,0.74,100
LJ500_R106_C080,701250,9554250,2021,4,2021-04,132.68,206.08,246.6,24.44,17,14,31,100,1,0.1323,0.37,100
LJ500_R006_C075,698750,9504250,2021,5,2021-05,83.29,321.07,408.3,30.82,26,4,30,100,1,1.1044,2.099,100
LJ500_R011_C068,695250,9506750,2021,5,2021-05,83.29,321.07,408.3,30.82,26,4,30,100,1,0.9789,2.2616,100
LJ500_R012_C055,688750,9507250,2021,5,2021-05,69.93,282.75,374.03,26.12,26.75,3.254,30,100,1,0.8163,2.277,100
LJ500_R020_C061,691750,9511250,2021,5,2021-05,73.75,305.55,393.21,27.44,26,4,30,100,1,1.0187,1.73,100
LJ500_R033_C056,689250,9517750,2021,5,2021-05,82.42,316.17,405,29.42,26,4,30,100,1,1.1663,2.18,100
LJ500_R035_C085,703750,9518750,2021,5,2021-05,92.31,329.7,424.98,50.96,26.25,3.7517,30,100,1,0.4383,0.7065,100
LJ500_R039_C072,697250,9520750,2021,5,2021-05,82.62,313.92,405.2,34.06,27,3,30,100,1,0.3071,0.5556,100
LJ500_R040_C060,691250,9521250,2021,5,2021-05,68.82,279.18,365.9,27.24,25,5,30,100,1,0.3661,0.6637,100
LJ500_R041_C061,691750,9521750,2021,5,2021-05,68.82,279.18,365.9,27.24,25,5,30,100,1,0.3706,0.6085,100
LJ500_R043_C058,690250,9522750,2021,5,2021-05,68.82,279.18,365.9,27.24,25,5,30,100,1,0.3407,0.6397,100
LJ500_R045_C083,702750,9523750,2021,5,2021-05,81.84,303.92,399.44,11.93,21,9,30,100,1,0.302,0.5142,100
LJ500_R046_C064,693250,9524250,2021,5,2021-05,68.8,278.86,365.54,27.28,25.03,4.9665,30,100,1,0.2664,0.5144,100
LJ500_R048_C071,696750,9525250,2021,5,2021-05,76.8,283.77,366.65,31.94,27,3,30,100,1,0.2956,0.5452,100
LJ500_R050_C095,708750,9526250,2021,5,2021-05,72.86,269.94,357.21,30.71,26,4,30,100,1,0.5737,1.3343,100
LJ500_R056_C049,685750,9529250,2021,5,2021-05,77.02,301.13,392.29,28.81,26,4,30,100,1,0.2725,0.554,100
LJ500_R058_C079,700750,9530250,2021,5,2021-05,71.9,241.58,317.44,24.91,26.01,3.9924,30,100,1,0.1957,0.37,100
LJ500_R063_C060,691250,9532750,2021,5,2021-05,68.39,251.4,325.46,22.95,26,4,30,100,1,0.1761,0.3836,100
LJ500_R064_C084,703250,9533250,2021,5,2021-05,71.85,241.34,317.11,24.82,26,4,30,100,1,0.7953,1.4863,100
LJ500_R069_C057,689750,9535750,2021,5,2021-05,72.83,241.52,308.9,29.17,26.88,3.1162,30,100,1,0.1481,0.2871,100
LJ500_R072_C062,692250,9537250,2021,5,2021-05,73.42,240.22,306.73,29.99,27,3,30,100,1,0.12,0.2676,100
LJ500_R072_C095,708750,9537250,2021,5,2021-05,71.01,232.64,309.12,32.52,27,3,30,100,1,0.5609,1.514,100
LJ500_R074_C074,698250,9538250,2021,5,2021-05,71.25,222.63,285.45,30.92,27,3,30,100,1,0.2706,0.6089,100
LJ500_R078_C076,699250,9540250,2021,5,2021-05,71.25,222.63,285.45,30.92,27,3,30,100,1,0.25,0.6015,100
LJ500_R079_C076,699250,9540750,2021,5,2021-05,71.25,222.63,285.45,30.92,27,3,30,100,1,0.26,0.63,100
LJ500_R093_C071,696750,9547750,2021,5,2021-05,60.98,201.52,269.56,29.25,27,3,30,100,1,0.5152,1.1604,100
LJ500_R093_C073,697750,9547750,2021,5,2021-05,60.98,201.52,269.56,29.25,27,3,30,100,1,0.5975,1.2949,100
LJ500_R096_C074,698250,9549250,2021,5,2021-05,60.98,201.52,269.56,29.25,27,3,30,100,1,0.6157,1.2817,100
LJ500_R098_C085,703750,9550250,2021,5,2021-05,62.08,202.27,273.87,25.39,26,4,30,100,1,0.4306,1.0255,100
LJ500_R101_C091,706750,9551750,2021,5,2021-05,58.06,191.2,265.99,15.7,25,5,30,100,1,0.356,0.89,100
LJ500_R106_C080,701250,9554250,2021,5,2021-05,61.45,194.14,267.53,30.5,27,3,30,100,1,0.119,0.29,100
LJ500_R006_C075,698750,9504250,2021,6,2021-06,60.77,144.06,381.84,25.88,28,3,31,100,1,1.266,2.0795,100
LJ500_R011_C068,695250,9506750,2021,6,2021-06,60.77,144.06,381.84,25.88,28,3,31,100,1,1.4078,2.7969,100
LJ500_R012_C055,688750,9507250,2021,6,2021-06,45.44,115.37,328.19,18.03,27.51,3.4921,31,100,1,1.4502,3.3763,100
LJ500_R020_C061,691750,9511250,2021,6,2021-06,44.21,117.96,349.76,22.93,28,3,31,100,1,1.0819,1.81,100
LJ500_R033_C056,689250,9517750,2021,6,2021-06,44.03,126.45,360.2,23.33,28,3,31,100,1,1.4671,2.89,100
LJ500_R035_C085,703750,9518750,2021,6,2021-06,59.82,152.13,389.53,24.16,28,3,31,100,1,0.4462,0.744,100
LJ500_R039_C072,697250,9520750,2021,6,2021-06,34.87,117.49,348.79,17.76,28,3,31,100,1,0.4691,0.7912,100
LJ500_R040_C060,691250,9521250,2021,6,2021-06,28.31,97.13,307.48,10.56,27,4,31,100,1,0.4922,0.8486,100
LJ500_R041_C061,691750,9521750,2021,6,2021-06,28.31,97.13,307.48,10.56,27,4,31,100,1,0.481,0.8014,100
LJ500_R043_C058,690250,9522750,2021,6,2021-06,28.31,97.13,307.48,10.56,27,4,31,100,1,0.4638,0.8225,100
LJ500_R045_C083,702750,9523750,2021,6,2021-06,45.54,127.39,349.47,20.58,28,3,31,100,1,0.4232,0.6897,100
LJ500_R046_C064,693250,9524250,2021,6,2021-06,28.24,97.04,307.11,10.51,27,4,31,100,1,0.4333,0.7441,100
LJ500_R048_C071,696750,9525250,2021,6,2021-06,33.9,110.7,317.68,14.18,28,3,31,100,1,0.444,0.7174,100
LJ500_R050_C095,708750,9526250,2021,6,2021-06,36.53,109.4,306.47,15.83,27,4,31,100,1,0.9836,2.7574,100
LJ500_R056_C049,685750,9529250,2021,6,2021-06,25.37,102.39,326.5,16.89,28,3,31,100,1,0.3709,0.7516,100
LJ500_R058_C079,700750,9530250,2021,6,2021-06,25.42,97.32,267,9.2192,26.02,4.9773,31,100,1,0.3447,0.5738,100
LJ500_R063_C060,691250,9532750,2021,6,2021-06,22.14,90.52,273.54,7.8316,28,3,31,100,1,0.3243,0.5492,100
LJ500_R064_C084,703250,9533250,2021,6,2021-06,25.32,97.17,266.66,9.1304,26,5,31,100,1,0.9335,2.2021,100
LJ500_R069_C057,689750,9535750,2021,6,2021-06,24.15,96.99,265.67,12.79,28,3,31,100,1,0.2877,0.5026,100
LJ500_R072_C062,692250,9537250,2021,6,2021-06,24.42,97.84,264.64,13.44,28,3,31,100,1,0.2622,0.4473,100
LJ500_R072_C095,708750,9537250,2021,6,2021-06,32.04,103.06,264.68,10.44,26,5,31,100,1,0.9567,3.0363,100
LJ500_R074_C074,698250,9538250,2021,6,2021-06,14.95,86.2,237.57,11.79,29,2,31,100,1,0.2684,0.6058,100
LJ500_R078_C076,699250,9540250,2021,6,2021-06,14.95,86.2,237.57,11.79,29,2,31,100,1,0.2104,0.5497,100
LJ500_R079_C076,699250,9540750,2021,6,2021-06,14.95,86.2,237.57,11.79,29,2,31,100,1,0.2135,0.56,100
LJ500_R093_C071,696750,9547750,2021,6,2021-06,20.44,81.43,221.96,9.8049,28,3,31,100,1,0.3841,0.8604,100
LJ500_R093_C073,697750,9547750,2021,6,2021-06,20.44,81.43,221.96,9.8049,28,3,31,100,1,0.4944,1.1133,100
LJ500_R096_C074,698250,9549250,2021,6,2021-06,20.44,81.43,221.96,9.8049,28,3,31,100,1,0.5584,1.349,100
LJ500_R098_C085,703750,9550250,2021,6,2021-06,26.56,88.64,228.83,12.29,27,4,31,100,1,0.3412,0.9599,100
LJ500_R101_C091,706750,9551750,2021,6,2021-06,27.23,85.29,218.43,12.77,27,4,31,100,1,0.2942,0.96,100
LJ500_R106_C080,701250,9554250,2021,6,2021-06,31.84,93.29,225.97,12.14,27,4,31,100,1,0.1577,0.4,100
LJ500_R006_C075,698750,9504250,2021,7,2021-07,28.05,88.82,172.11,8.0767,26,4,30,100,1,1.4328,2.1987,100
LJ500_R011_C068,695250,9506750,2021,7,2021-07,28.05,88.82,172.11,8.0767,26,4,30,100,1,1.3293,2.895,100
LJ500_R012_C055,688750,9507250,2021,7,2021-07,19.62,65.06,134.99,7.0087,27,3,30,100,1,1.1424,3.1766,100
LJ500_R020_C061,691750,9511250,2021,7,2021-07,18.42,62.63,136.38,6.8617,27,3,30,100,1,1.2593,1.7,100
LJ500_R033_C056,689250,9517750,2021,7,2021-07,20.46,64.49,146.91,7.4295,27,3,30,100,1,1.497,2.76,100
LJ500_R035_C085,703750,9518750,2021,7,2021-07,33.14,92.96,185.27,19.44,28,2,30,100,1,0.5893,0.794,100
LJ500_R039_C072,697250,9520750,2021,7,2021-07,17.63,52.5,135.12,6.3887,27,3,30,100,1,0.5656,0.8112,100
LJ500_R040_C060,691250,9521250,2021,7,2021-07,10.27,38.58,107.4,5.1438,28,2,30,100,1,0.5969,0.8235,100
LJ500_R041_C061,691750,9521750,2021,7,2021-07,10.27,38.58,107.4,5.1438,28,2,30,100,1,0.5906,0.7957,100
LJ500_R043_C058,690250,9522750,2021,7,2021-07,10.27,38.58,107.4,5.1438,28,2,30,100,1,0.5647,0.7927,100
LJ500_R045_C083,702750,9523750,2021,7,2021-07,25.96,71.5,153.35,14.77,28,2,30,100,1,0.5384,0.7023,100
LJ500_R046_C064,693250,9524250,2021,7,2021-07,10.25,38.5,107.3,5.134,28,2,30,100,1,0.5185,0.7799,100
LJ500_R048_C071,696750,9525250,2021,7,2021-07,16.94,50.84,127.64,6.0817,27,3,30,100,1,0.5579,0.7474,100
LJ500_R050_C095,708750,9526250,2021,7,2021-07,25.17,61.7,134.57,25.17,29,1,30,100,1,0.7974,2.4109,100
LJ500_R056_C049,685750,9529250,2021,7,2021-07,7.7333,33.11,110.13,4.1065,28,2,30,100,1,0.4484,0.7097,100
LJ500_R058_C079,700750,9530250,2021,7,2021-07,14.65,40.07,111.96,5.5044,27,3,30,100,1,0.4333,0.6138,100
LJ500_R063_C060,691250,9532750,2021,7,2021-07,9.8087,31.94,100.33,5.138,28,2,30,100,1,0.3973,0.5981,100
LJ500_R064_C084,703250,9533250,2021,7,2021-07,14.59,39.91,111.76,5.4846,27,3,30,100,1,0.9112,2.0926,100
LJ500_R069_C057,689750,9535750,2021,7,2021-07,14.44,38.59,111.43,5.2341,27.12,2.8838,30,100,1,0.3278,0.571,100
LJ500_R072_C062,692250,9537250,2021,7,2021-07,15.05,39.47,112.88,5.2468,27,3,30,100,1,0.3143,0.4916,100
LJ500_R072_C095,708750,9537250,2021,7,2021-07,25.44,57.49,128.5,7.7461,26,4,30,100,1,0.7253,2.2325,100
LJ500_R074_C074,698250,9538250,2021,7,2021-07,9.6751,24.62,95.87,4.9044,28,2,30,100,1,0.3645,0.6362,100
LJ500_R078_C076,699250,9540250,2021,7,2021-07,9.6751,24.62,95.87,4.9044,28,2,30,100,1,0.2845,0.5848,100
LJ500_R079_C076,699250,9540750,2021,7,2021-07,9.6751,24.62,95.87,4.9044,28,2,30,100,1,0.287,0.59,100
LJ500_R093_C071,696750,9547750,2021,7,2021-07,14.93,35.37,96.35,5.5296,27,3,30,100,1,0.4444,0.7906,100
LJ500_R093_C073,697750,9547750,2021,7,2021-07,14.93,35.37,96.35,5.5296,27,3,30,100,1,0.5196,1.05,100
LJ500_R096_C074,698250,9549250,2021,7,2021-07,14.93,35.37,96.35,5.5296,27,3,30,100,1,0.51,1.2273,100
LJ500_R098_C085,703750,9550250,2021,7,2021-07,22.63,49.2,111.28,8.1926,27,3,30,100,1,0.3248,0.7364,100
LJ500_R101_C091,706750,9551750,2021,7,2021-07,27.86,55.1,113.16,8.6104,26,4,30,100,1,0.2533,0.66,100
LJ500_R106_C080,701250,9554250,2021,7,2021-07,33.1,64.94,126.4,19.51,28,2,30,100,1,0.1103,0.28,100
LJ500_R006_C075,698750,9504250,2021,8,2021-08,28.28,56.32,117.1,7.5732,27,4,31,100,1,1.8559,2.901,100
LJ500_R011_C068,695250,9506750,2021,8,2021-08,28.28,56.32,117.1,7.5732,27,4,31,100,1,1.9066,3.4733,100
LJ500_R012_C055,688750,9507250,2021,8,2021-08,22.74,42.37,87.8,6.4387,27.25,3.746,31,100,1,1.7959,3.6091,100
LJ500_R020_C061,691750,9511250,2021,8,2021-08,22.52,40.93,85.14,7.945,28,3,31,100,1,1.6297,2.33,100
LJ500_R033_C056,689250,9517750,2021,8,2021-08,19.61,40.07,84.1,6.721,28,3,31,100,1,2.0645,3.67,100
LJ500_R035_C085,703750,9518750,2021,8,2021-08,29.7,62.84,122.66,8.5065,27.13,3.8747,31,100,1,0.6681,0.8819,100
LJ500_R039_C072,697250,9520750,2021,8,2021-08,14.29,31.93,66.79,4.8897,28,3,31,100,1,0.7241,1.0025,100
LJ500_R040_C060,691250,9521250,2021,8,2021-08,9.2615,19.54,47.84,4.8559,29,2,31,100,1,0.8114,1.167,100
LJ500_R041_C061,691750,9521750,2021,8,2021-08,9.2615,19.54,47.84,4.8559,29,2,31,100,1,0.7956,1.1285,100
LJ500_R043_C058,690250,9522750,2021,8,2021-08,9.2615,19.54,47.84,4.8559,29,2,31,100,1,0.7807,1.1633,100
LJ500_R045_C083,702750,9523750,2021,8,2021-08,20.45,46.41,91.95,7.2314,28,3,31,100,1,0.687,0.8496,100
LJ500_R046_C064,693250,9524250,2021,8,2021-08,9.1062,19.36,47.6,4.7745,29.03,1.9665,31,100,1,0.6844,0.9854,100
LJ500_R048_C071,696750,9525250,2021,8,2021-08,11.18,28.12,62.03,5.6397,29,2,31,100,1,0.7329,0.9261,100
LJ500_R050_C095,708750,9526250,2021,8,2021-08,21.72,46.89,83.42,7.9643,28,3,31,100,1,1.114,2.8109,100
LJ500_R056_C049,685750,9529250,2021,8,2021-08,1.7548,9.4881,34.86,1.7548,30,1,31,100,1,0.6616,1.175,100
LJ500_R058_C079,700750,9530250,2021,8,2021-08,8.6573,23.3,48.72,4.4207,28.99,2.0076,31,100,1,0.5544,0.7238,100
LJ500_R063_C060,691250,9532750,2021,8,2021-08,0,9.8087,31.94,0,31,0,31,100,1,0.5442,0.8054,100
LJ500_R064_C084,703250,9533250,2021,8,2021-08,8.6068,23.2,48.52,4.4136,29,2,31,100,1,1.146,2.5711,100
LJ500_R069_C057,689750,9535750,2021,8,2021-08,6.4365,20.88,45.03,3.232,29.23,1.7676,31,100,1,0.4441,0.7686,100
LJ500_R072_C062,692250,9537250,2021,8,2021-08,7.2827,22.33,46.75,3.6569,29,2,31,100,1,0.4262,0.6501,100
LJ500_R072_C095,708750,9537250,2021,8,2021-08,18.36,43.81,75.85,6.8384,28,3,31,100,1,0.9141,2.5594,100
LJ500_R074_C074,698250,9538250,2021,8,2021-08,0,9.6751,24.62,0,31,0,31,100,1,0.4158,0.7412,100
LJ500_R078_C076,699250,9540250,2021,8,2021-08,0,9.6751,24.62,0,31,0,31,100,1,0.2964,0.6245,100
LJ500_R079_C076,699250,9540750,2021,8,2021-08,0,9.6751,24.62,0,31,0,31,100,1,0.2958,0.64,100
LJ500_R093_C071,696750,9547750,2021,8,2021-08,11.61,26.53,46.98,6.299,29,2,31,100,1,0.4075,1.0406,100
LJ500_R093_C073,697750,9547750,2021,8,2021-08,11.61,26.53,46.98,6.299,29,2,31,100,1,0.4601,1.2893,100
LJ500_R096_C074,698250,9549250,2021,8,2021-08,11.61,26.53,46.98,6.299,29,2,31,100,1,0.4222,1.4412,100
LJ500_R098_C085,703750,9550250,2021,8,2021-08,19.04,41.68,68.24,7.2786,28,3,31,100,1,0.3082,0.8964,100
LJ500_R101_C091,706750,9551750,2021,8,2021-08,22.65,50.51,77.74,8.7361,28,3,31,100,1,0.269,0.79,100
LJ500_R106_C080,701250,9554250,2021,8,2021-08,32.5,65.6,97.44,9.9064,27,4,31,100,1,0.1442,0.36,100
LJ500_R006_C075,698750,9504250,2021,9,2021-09,33.39,61.67,89.72,11.99,27,4,31,100,1,1.5627,2.5383,100
LJ500_R011_C068,695250,9506750,2021,9,2021-09,33.39,61.67,89.72,11.99,27,4,31,100,1,1.4448,3.2797,100
LJ500_R012_C055,688750,9507250,2021,9,2021-09,23.98,46.72,66.35,9.3475,28,3,31,100,1,1.3712,3.4094,100
LJ500_R020_C061,691750,9511250,2021,9,2021-09,23.92,46.44,64.85,10.64,27,4,31,100,1,1.3942,2.15,100
LJ500_R033_C056,689250,9517750,2021,9,2021-09,25.3,44.91,65.37,9.0877,27,4,31,100,1,1.6765,3.71,100
LJ500_R035_C085,703750,9518750,2021,9,2021-09,38.06,67.76,100.89,12.23,27.13,3.8747,31,100,1,0.64,0.9556,100
LJ500_R039_C072,697250,9520750,2021,9,2021-09,21.91,36.21,53.84,7.3317,28,3,31,100,1,0.6411,0.9468,100
LJ500_R040_C060,691250,9521250,2021,9,2021-09,15.84,25.11,35.38,5.8383,28,3,31,100,1,0.68,1.0637,100
LJ500_R041_C061,691750,9521750,2021,9,2021-09,15.84,25.11,35.38,5.8383,28,3,31,100,1,0.6742,1.0085,100
LJ500_R043_C058,690250,9522750,2021,9,2021-09,15.84,25.11,35.38,5.8383,28,3,31,100,1,0.6327,1.0507,100
LJ500_R045_C083,702750,9523750,2021,9,2021-09,31.41,51.86,77.82,10.62,28,3,31,100,1,0.6455,0.8136,100
LJ500_R046_C064,693250,9524250,2021,9,2021-09,15.82,24.92,35.17,5.8274,28,3,31,100,1,0.5785,0.9252,100
LJ500_R048_C071,696750,9525250,2021,9,2021-09,20.39,31.57,48.51,6.8881,28,3,31,100,1,0.6643,0.8375,100
LJ500_R050_C095,708750,9526250,2021,9,2021-09,33,54.72,79.89,11.88,28,3,31,100,1,0.7879,2.4031,100
LJ500_R056_C049,685750,9529250,2021,9,2021-09,12.21,13.97,21.7,4.855,28,3,31,100,1,0.4461,1.0464,100
LJ500_R058_C079,700750,9530250,2021,9,2021-09,20.05,28.71,43.35,13.34,28.01,2.9924,31,100,1,0.5207,0.7038,100
LJ500_R063_C060,691250,9532750,2021,9,2021-09,13.13,13.13,22.94,4.6123,28,3,31,100,1,0.4531,0.7127,100
LJ500_R064_C084,703250,9533250,2021,9,2021-09,20.02,28.62,43.21,13.31,28,3,31,100,1,0.8996,2.0969,100
LJ500_R069_C057,689750,9535750,2021,9,2021-09,18.78,25.21,39.65,6.4713,28,3,31,100,1,0.3388,0.7142,100
LJ500_R072_C062,692250,9537250,2021,9,2021-09,19.52,26.8,41.85,6.7157,28,3,31,100,1,0.3668,0.5673,100
LJ500_R072_C095,708750,9537250,2021,9,2021-09,33.79,52.16,77.6,11.81,28,3,31,100,1,0.6957,2.2669,100
LJ500_R074_C074,698250,9538250,2021,9,2021-09,13.18,13.18,22.86,4.7943,28,3,31,100,1,0.3649,0.7439,100
LJ500_R078_C076,699250,9540250,2021,9,2021-09,13.18,13.18,22.86,4.7943,28,3,31,100,1,0.2448,0.7071,100
LJ500_R079_C076,699250,9540750,2021,9,2021-09,13.18,13.18,22.86,4.7943,28,3,31,100,1,0.2416,0.72,100
LJ500_R093_C071,696750,9547750,2021,9,2021-09,27.66,39.27,54.2,10.42,28,3,31,100,1,0.3614,1.1104,100
LJ500_R093_C073,697750,9547750,2021,9,2021-09,27.66,39.27,54.2,10.42,28,3,31,100,1,0.4284,1.1821,100
LJ500_R096_C074,698250,9549250,2021,9,2021-09,27.66,39.27,54.2,10.42,28,3,31,100,1,0.4281,1.0453,100
LJ500_R098_C085,703750,9550250,2021,9,2021-09,38.18,57.23,79.86,10.37,27,4,31,100,1,0.2491,0.9018,100
LJ500_R101_C091,706750,9551750,2021,9,2021-09,44.36,67,94.87,15.22,28,3,31,100,1,0.2084,0.77,100
LJ500_R106_C080,701250,9554250,2021,9,2021-09,58.28,90.78,123.88,18.08,27,4,31,100,1,0.1426,0.41,100
LJ500_R006_C075,698750,9504250,2021,10,2021-10,19.62,53.01,81.29,3.8279,24,6,30,100,1,1.5837,2.3819,100
LJ500_R011_C068,695250,9506750,2021,10,2021-10,19.62,53.01,81.29,3.8279,24,6,30,100,1,1.4697,3.1687,100
LJ500_R012_C055,688750,9507250,2021,10,2021-10,23.56,47.54,70.28,7.1014,24,6,30,100,1,1.413,3.8863,100
LJ500_R020_C061,691750,9511250,2021,10,2021-10,24.79,48.71,71.23,12.44,27,3,30,100,1,1.407,2.06,100
LJ500_R033_C056,689250,9517750,2021,10,2021-10,23.55,48.85,68.46,8.5554,26,4,30,100,1,1.6423,3.37,100
LJ500_R035_C085,703750,9518750,2021,10,2021-10,27.28,65.34,95.03,10.88,27,3,30,100,1,0.6796,0.9962,100
LJ500_R039_C072,697250,9520750,2021,10,2021-10,17.55,39.47,53.76,17.55,29,1,30,100,1,0.6824,0.8844,100
LJ500_R040_C060,691250,9521250,2021,10,2021-10,22.1,37.94,47.21,9.2781,27,3,30,100,1,0.6869,0.9951,100
LJ500_R041_C061,691750,9521750,2021,10,2021-10,22.1,37.94,47.21,9.2781,27,3,30,100,1,0.6808,0.9871,100
LJ500_R043_C058,690250,9522750,2021,10,2021-10,22.1,37.94,47.21,9.2781,27,3,30,100,1,0.6355,0.9579,100
LJ500_R045_C083,702750,9523750,2021,10,2021-10,26.8,58.21,78.66,11.14,27,3,30,100,1,0.6879,0.9049,100
LJ500_R046_C064,693250,9524250,2021,10,2021-10,22.03,37.84,46.95,9.3164,27.02,2.9832,30,100,1,0.6092,0.8279,100
LJ500_R048_C071,696750,9525250,2021,10,2021-10,14.78,35.16,46.34,8.7605,28,2,30,100,1,0.6986,0.8975,100
LJ500_R050_C095,708750,9526250,2021,10,2021-10,33.76,66.76,88.48,13.26,26,4,30,100,1,0.9241,2.3883,100
LJ500_R056_C049,685750,9529250,2021,10,2021-10,15.62,27.83,29.58,15.62,29,1,30,100,1,0.4273,0.8335,100
LJ500_R058_C079,700750,9530250,2021,10,2021-10,18.33,38.38,47.04,9.7262,28,2,30,100,1,0.5723,0.7638,100
LJ500_R063_C060,691250,9532750,2021,10,2021-10,14.7,27.83,27.83,5.2283,26,4,30,100,1,0.4767,0.701,100
LJ500_R064_C084,703250,9533250,2021,10,2021-10,18.29,38.31,46.91,9.7023,28,2,30,100,1,0.9946,1.8563,100
LJ500_R069_C057,689750,9535750,2021,10,2021-10,14.73,33.5,39.94,6.9459,26.88,3.1162,30,100,1,0.3658,0.5932,100
LJ500_R072_C062,692250,9537250,2021,10,2021-10,14.73,34.25,41.53,7.1717,27,3,30,100,1,0.4022,0.6182,100
LJ500_R072_C095,708750,9537250,2021,10,2021-10,29.84,63.64,82,11.93,27,3,30,100,1,0.9153,2.9913,100
LJ500_R074_C074,698250,9538250,2021,10,2021-10,9.7003,22.88,22.88,4.1372,27,3,30,100,1,0.4298,0.7677,100
LJ500_R078_C076,699250,9540250,2021,10,2021-10,9.7003,22.88,22.88,4.1372,27,3,30,100,1,0.3261,0.7374,100
LJ500_R079_C076,699250,9540750,2021,10,2021-10,9.7003,22.88,22.88,4.1372,27,3,30,100,1,0.328,0.74,100
LJ500_R093_C071,696750,9547750,2021,10,2021-10,18.11,45.77,57.38,5.2173,25,5,30,100,1,0.4967,1.1203,100
LJ500_R093_C073,697750,9547750,2021,10,2021-10,18.11,45.77,57.38,5.2173,25,5,30,100,1,0.5664,1.2961,100
LJ500_R096_C074,698250,9549250,2021,10,2021-10,18.11,45.77,57.38,5.2173,25,5,30,100,1,0.5621,1.28,100
LJ500_R098_C085,703750,9550250,2021,10,2021-10,25.92,64.1,83.14,8.548,25,5,30,100,1,0.3706,0.9806,100
LJ500_R101_C091,706750,9551750,2021,10,2021-10,32.34,76.7,99.35,10.32,26,4,30,100,1,0.2977,0.85,100
LJ500_R106_C080,701250,9554250,2021,10,2021-10,31.04,89.32,121.82,10.89,25,5,30,100,1,0.1627,0.39,100
LJ500_R006_C075,698750,9504250,2021,11,2021-11,74.07,93.69,127.08,14.93,24,7,31,100,1,0.9002,1.7812,100
LJ500_R011_C068,695250,9506750,2021,11,2021-11,74.07,93.69,127.08,14.93,24,7,31,100,1,0.816,1.7241,100
LJ500_R012_C055,688750,9507250,2021,11,2021-11,78.2,101.76,125.74,17.78,24,7,31,100,1,0.7703,1.7168,100
LJ500_R020_C061,691750,9511250,2021,11,2021-11,85.12,109.91,133.83,18.15,24,7,31,100,1,0.8268,1.59,100
LJ500_R033_C056,689250,9517750,2021,11,2021-11,84.66,108.21,133.51,18.12,23,8,31,100,1,1.0026,1.73,100
LJ500_R035_C085,703750,9518750,2021,11,2021-11,86.06,113.34,151.4,17.22,23.13,7.8747,31,100,1,0.4631,0.8694,100
LJ500_R039_C072,697250,9520750,2021,11,2021-11,75.21,92.76,114.68,14.76,23,8,31,100,1,0.3725,0.77,100
LJ500_R040_C060,691250,9521250,2021,11,2021-11,83.94,106.03,121.88,17.65,24,7,31,100,1,0.3878,0.84,100
LJ500_R041_C061,691750,9521750,2021,11,2021-11,83.94,106.03,121.88,17.65,24,7,31,100,1,0.3994,0.8514,100
LJ500_R043_C058,690250,9522750,2021,11,2021-11,83.94,106.03,121.88,17.65,24,7,31,100,1,0.3568,0.8025,100
LJ500_R045_C083,702750,9523750,2021,11,2021-11,79.31,106.11,137.52,16.25,24,7,31,100,1,0.4058,0.8215,100
LJ500_R046_C064,693250,9524250,2021,11,2021-11,83.75,105.78,121.6,17.62,23.98,7.0168,31,100,1,0.3343,0.7288,100
LJ500_R048_C071,696750,9525250,2021,11,2021-11,65.55,80.33,100.71,13.95,24,7,31,100,1,0.3993,0.8791,100
LJ500_R050_C095,708750,9526250,2021,11,2021-11,83.45,117.21,150.21,16.6,24,7,31,100,1,0.4812,1.1874,100
LJ500_R056_C049,685750,9529250,2021,11,2021-11,66.73,82.35,94.56,14.46,21,10,31,100,1,0.2628,0.6268,100
LJ500_R058_C079,700750,9530250,2021,11,2021-11,63.9,82.23,102.28,12.15,23.01,7.9924,31,100,1,0.3323,0.7238,100
LJ500_R063_C060,691250,9532750,2021,11,2021-11,61.77,76.47,89.6,14.92,22,9,31,100,1,0.2754,0.6748,100
LJ500_R064_C084,703250,9533250,2021,11,2021-11,63.87,82.16,102.18,12.15,23,8,31,100,1,0.706,1.2484,100
LJ500_R069_C057,689750,9535750,2021,11,2021-11,64.15,78.88,97.65,13.18,21.12,9.8838,31,100,1,0.2316,0.5814,100
LJ500_R072_C062,692250,9537250,2021,11,2021-11,64.46,79.19,98.71,12.95,21,10,31,100,1,0.2508,0.616,100
LJ500_R072_C095,708750,9537250,2021,11,2021-11,88.52,118.36,152.16,19.38,23,8,31,100,1,0.5818,1.3252,100
LJ500_R074_C074,698250,9538250,2021,11,2021-11,45.8,55.51,68.69,9.5765,23,8,31,100,1,0.3608,0.7596,100
LJ500_R078_C076,699250,9540250,2021,11,2021-11,45.8,55.51,68.69,9.5765,23,8,31,100,1,0.3171,0.66,100
LJ500_R079_C076,699250,9540750,2021,11,2021-11,45.8,55.51,68.69,9.5765,23,8,31,100,1,0.3213,0.66,100
LJ500_R093_C071,696750,9547750,2021,11,2021-11,61.04,79.15,106.81,12.84,23,8,31,100,1,0.5444,0.9203,100
LJ500_R093_C073,697750,9547750,2021,11,2021-11,61.04,79.15,106.81,12.84,23,8,31,100,1,0.6333,0.9904,100
LJ500_R096_C074,698250,9549250,2021,11,2021-11,61.04,79.15,106.81,12.84,23,8,31,100,1,0.6735,0.9939,100
LJ500_R098_C085,703750,9550250,2021,11,2021-11,75.27,101.19,139.37,14.39,22,9,31,100,1,0.4444,0.7279,100
LJ500_R101_C091,706750,9551750,2021,11,2021-11,88.96,121.3,165.66,19.54,23,8,31,100,1,0.3623,0.71,100
LJ500_R106_C080,701250,9554250,2021,11,2021-11,87.82,118.86,177.14,18.56,23,8,31,100,1,0.2184,0.45,100
LJ500_R006_C075,698750,9504250,2021,12,2021-12,52.44,126.51,146.12,9.4173,20,10,30,100,1,0.626,1.3545,100
LJ500_R011_C068,695250,9506750,2021,12,2021-12,52.44,126.51,146.12,9.4173,20,10,30,100,1,0.5229,1.4804,100
LJ500_R012_C055,688750,9507250,2021,12,2021-12,52.79,131,154.56,9.5758,19.24,10.76,30,100,1,0.4889,1.5943,100
LJ500_R020_C061,691750,9511250,2021,12,2021-12,54.57,139.69,164.48,8.9408,19,11,30,100,1,0.515,1.17,100
LJ500_R033_C056,689250,9517750,2021,12,2021-12,61.84,146.5,170.04,16.08,21,9,30,100,1,0.6073,1.43,100
LJ500_R035_C085,703750,9518750,2021,12,2021-12,71.54,157.61,184.88,13.99,19,11,30,100,1,0.2666,0.6156,100
LJ500_R039_C072,697250,9520750,2021,12,2021-12,64.74,139.94,157.5,9.9697,18,12,30,100,1,0.1781,0.4912,100
LJ500_R040_C060,691250,9521250,2021,12,2021-12,59.17,143.11,165.21,11.07,19,11,30,100,1,0.17,0.51,100
LJ500_R041_C061,691750,9521750,2021,12,2021-12,59.17,143.11,165.21,11.07,19,11,30,100,1,0.1701,0.4986,100
LJ500_R043_C058,690250,9522750,2021,12,2021-12,59.17,143.11,165.21,11.07,19,11,30,100,1,0.1616,0.4982,100
LJ500_R045_C083,702750,9523750,2021,12,2021-12,75.65,154.96,181.76,15.93,19,11,30,100,1,0.165,0.4331,100
LJ500_R046_C064,693250,9524250,2021,12,2021-12,59.37,143.12,165.15,11.13,19,11,30,100,1,0.1567,0.4501,100
LJ500_R048_C071,696750,9525250,2021,12,2021-12,71.92,137.47,152.25,9.3751,17,13,30,100,1,0.1519,0.4199,100
LJ500_R050_C095,708750,9526250,2021,12,2021-12,81.98,165.43,199.19,13.28,18,12,30,100,1,0.4523,1.1152,100
LJ500_R056_C049,685750,9529250,2021,12,2021-12,60.92,127.66,143.27,20.28,23,7,30,100,1,0.1408,0.4756,100
LJ500_R058_C079,700750,9530250,2021,12,2021-12,65.96,129.86,148.19,14.86,18,12,30,100,1,0.13,0.35,100
LJ500_R063_C060,691250,9532750,2021,12,2021-12,64.37,126.14,140.84,14.37,21,9,30,100,1,0.1075,0.3066,100
LJ500_R064_C084,703250,9533250,2021,12,2021-12,65.93,129.8,148.09,14.87,18,12,30,100,1,0.5588,1.4274,100
LJ500_R069_C057,689750,9535750,2021,12,2021-12,61.99,126.14,140.87,16.45,21.88,8.1162,30,100,1,0.1074,0.2809,100
LJ500_R072_C062,692250,9537250,2021,12,2021-12,61.68,126.14,140.87,16.73,22,8,30,100,1,0.0952,0.296,100
LJ500_R072_C095,708750,9537250,2021,12,2021-12,76.97,165.5,195.34,16.58,19,11,30,100,1,0.5132,1.4293,100
LJ500_R074_C074,698250,9538250,2021,12,2021-12,59.42,105.23,114.93,9.2956,19,11,30,100,1,0.2026,0.5312,100
LJ500_R078_C076,699250,9540250,2021,12,2021-12,59.42,105.23,114.93,9.2956,19,11,30,100,1,0.2062,0.5219,100
LJ500_R079_C076,699250,9540750,2021,12,2021-12,59.42,105.23,114.93,9.2956,19,11,30,100,1,0.2127,0.54,100
LJ500_R093_C071,696750,9547750,2021,12,2021-12,48.53,109.57,127.68,12.91,20,10,30,100,1,0.443,1.1101,100
LJ500_R093_C073,697750,9547750,2021,12,2021-12,48.53,109.57,127.68,12.91,20,10,30,100,1,0.5532,1.3301,100
LJ500_R096_C074,698250,9549250,2021,12,2021-12,48.53,109.57,127.68,12.91,20,10,30,100,1,0.6521,1.4986,100
LJ500_R098_C085,703750,9550250,2021,12,2021-12,55.93,131.2,157.12,10.27,19,11,30,100,1,0.3877,1.0143,100
LJ500_R101_C091,706750,9551750,2021,12,2021-12,66.89,155.84,188.19,13.05,19,11,30,100,1,0.3297,0.89,100
LJ500_R106_C080,701250,9554250,2021,12,2021-12,54.36,142.17,173.21,12.93,20,10,30,100,1,0.185,0.4,100
LJ500_R006_C075,698750,9504250,2022,1,2022-01,75.46,127.89,201.96,38.03,26,5,31,100,1,0.7158,1.6041,100
LJ500_R011_C068,695250,9506750,2022,1,2022-01,75.46,127.89,201.96,38.03,26,5,31,100,1,0.5054,1.3087,100
LJ500_R012_C055,688750,9507250,2022,1,2022-01,64.45,117.25,195.45,21.73,24.75,6.254,31,100,1,0.6252,1.6299,100
LJ500_R020_C061,691750,9511250,2022,1,2022-01,69.55,124.12,209.24,20.74,24,7,31,100,1,0.6935,1.46,100
LJ500_R033_C056,689250,9517750,2022,1,2022-01,75.08,136.91,221.57,20.47,25,6,31,100,1,0.7087,1.42,100
LJ500_R035_C085,703750,9518750,2022,1,2022-01,96.57,168.12,254.18,35.55,26,5,31,100,1,0.4016,0.9534,100
LJ500_R039_C072,697250,9520750,2022,1,2022-01,79.94,144.68,219.89,24.82,25,6,31,100,1,0.2459,0.6768,100
LJ500_R040_C060,691250,9521250,2022,1,2022-01,68.44,127.61,211.54,16.23,24,7,31,100,1,0.247,0.6216,100
LJ500_R041_C061,691750,9521750,2022,1,2022-01,68.44,127.61,211.54,16.23,24,7,31,100,1,0.2611,0.6243,100
LJ500_R043_C058,690250,9522750,2022,1,2022-01,68.44,127.61,211.54,16.23,24,7,31,100,1,0.2296,0.6056,100
LJ500_R045_C083,702750,9523750,2022,1,2022-01,90.13,165.78,245.09,32.89,26,5,31,100,1,0.2418,0.5681,100
LJ500_R046_C064,693250,9524250,2022,1,2022-01,68.48,127.85,211.61,16.34,24.02,6.9832,31,100,1,0.2183,0.6652,100
LJ500_R048_C071,696750,9525250,2022,1,2022-01,78.61,150.53,216.08,29.04,25,6,31,100,1,0.2222,0.5599,100
LJ500_R050_C095,708750,9526250,2022,1,2022-01,94.68,176.66,260.11,37.01,26,5,31,100,1,0.3695,1.2291,100
LJ500_R056_C049,685750,9529250,2022,1,2022-01,69.8,130.73,197.46,15.62,24,7,31,100,1,0.1908,0.5502,100
LJ500_R058_C079,700750,9530250,2022,1,2022-01,75.9,141.86,205.76,26.15,25.01,5.9924,31,100,1,0.1777,0.5238,100
LJ500_R063_C060,691250,9532750,2022,1,2022-01,69.23,133.59,195.36,24.63,25,6,31,100,1,0.1532,0.5256,100
LJ500_R064_C084,703250,9533250,2022,1,2022-01,75.82,141.75,205.62,26.05,25,6,31,100,1,0.6378,1.4111,100
LJ500_R069_C057,689750,9535750,2022,1,2022-01,72.56,134.55,198.7,22.67,25.88,5.1162,31,100,1,0.1519,0.5341,100
LJ500_R072_C062,692250,9537250,2022,1,2022-01,73,134.68,199.14,22.41,26,5,31,100,1,0.1288,0.4778,100
LJ500_R072_C095,708750,9537250,2022,1,2022-01,86.34,163.31,251.84,21.68,25,6,31,100,1,0.5912,1.9343,100
LJ500_R074_C074,698250,9538250,2022,1,2022-01,65.85,125.28,171.08,19.48,25,6,31,100,1,0.3033,0.7769,100
LJ500_R078_C076,699250,9540250,2022,1,2022-01,65.85,125.28,171.08,19.48,25,6,31,100,1,0.3164,0.839,100
LJ500_R079_C076,699250,9540750,2022,1,2022-01,65.85,125.28,171.08,19.48,25,6,31,100,1,0.3281,0.87,100
LJ500_R093_C071,696750,9547750,2022,1,2022-01,60.09,108.62,169.66,18.55,26,5,31,100,1,0.593,1.4301,100
LJ500_R093_C073,697750,9547750,2022,1,2022-01,60.09,108.62,169.66,18.55,26,5,31,100,1,0.6824,1.5162,100
LJ500_R096_C074,698250,9549250,2022,1,2022-01,60.09,108.62,169.66,18.55,26,5,31,100,1,0.732,1.4192,100
LJ500_R098_C085,703750,9550250,2022,1,2022-01,74.06,129.99,205.26,24.57,25,6,31,100,1,0.5209,1.3703,100
LJ500_R101_C091,706750,9551750,2022,1,2022-01,81.86,148.75,237.71,25.93,24,7,31,100,1,0.4581,1.28,100
LJ500_R106_C080,701250,9554250,2022,1,2022-01,82.69,137.05,224.86,27.79,26,5,31,100,1,0.221,0.61,100
LJ500_R006_C075,698750,9504250,2022,2,2022-02,104.21,179.66,232.1,47.37,28,3,31,100,1,0.6751,1.5395,100
LJ500_R011_C068,695250,9506750,2022,2,2022-02,104.21,179.66,232.1,47.37,28,3,31,100,1,0.6241,1.4192,100
LJ500_R012_C055,688750,9507250,2022,2,2022-02,51.71,116.16,168.95,23.12,27,4,31,100,1,0.767,2.2448,100
LJ500_R020_C061,691750,9511250,2022,2,2022-02,47.72,117.27,171.85,23.9,27,4,31,100,1,0.6094,1.6,100
LJ500_R033_C056,689250,9517750,2022,2,2022-02,60.69,135.76,197.6,24.89,25,6,31,100,1,0.741,1.22,100
LJ500_R035_C085,703750,9518750,2022,2,2022-02,119.93,216.5,288.04,39.07,26,5,31,100,1,0.2547,0.7225,100
LJ500_R039_C072,697250,9520750,2022,2,2022-02,80.16,160.1,224.83,36.56,26,5,31,100,1,0.2168,0.5468,100
LJ500_R040_C060,691250,9521250,2022,2,2022-02,42.15,110.59,169.76,23.42,26,5,31,100,1,0.2103,0.513,100
LJ500_R041_C061,691750,9521750,2022,2,2022-02,42.15,110.59,169.76,23.42,26,5,31,100,1,0.2082,0.5515,100
LJ500_R043_C058,690250,9522750,2022,2,2022-02,42.15,110.59,169.76,23.42,26,5,31,100,1,0.1962,0.4963,100
LJ500_R045_C083,702750,9523750,2022,2,2022-02,98.38,188.51,264.16,32.56,26,5,31,100,1,0.1847,0.4653,100
LJ500_R046_C064,693250,9524250,2022,2,2022-02,42.3,110.78,170.15,23.5,26.02,4.9832,31,100,1,0.1886,0.4791,100
LJ500_R048_C071,696750,9525250,2022,2,2022-02,83.5,162.11,234.03,33.07,26,5,31,100,1,0.1786,0.4365,100
LJ500_R050_C095,708750,9526250,2022,2,2022-02,65.73,160.41,242.39,23.79,25,6,31,100,1,0.3573,0.9417,100
LJ500_R056_C049,685750,9529250,2022,2,2022-02,59.36,129.16,190.09,33.84,27,4,31,100,1,0.1566,0.4758,100
LJ500_R058_C079,700750,9530250,2022,2,2022-02,68.25,144.15,210.11,27.65,26,5,31,100,1,0.1343,0.44,100
LJ500_R063_C060,691250,9532750,2022,2,2022-02,51.42,120.65,185.01,22.09,27,4,31,100,1,0.1206,0.3239,100
LJ500_R064_C084,703250,9533250,2022,2,2022-02,68.09,143.91,209.84,27.58,26,5,31,100,1,0.4443,1.1216,100
LJ500_R069_C057,689750,9535750,2022,2,2022-02,61.25,133.81,195.8,25.1,27,4,31,100,1,0.1228,0.2907,100
LJ500_R072_C062,692250,9537250,2022,2,2022-02,62.54,135.54,197.22,25.5,27,4,31,100,1,0.0998,0.2741,100
LJ500_R072_C095,708750,9537250,2022,2,2022-02,47.63,133.97,210.94,15.71,25,6,31,100,1,0.5871,1.7626,100
LJ500_R074_C074,698250,9538250,2022,2,2022-02,54.78,120.64,180.06,21.35,26,5,31,100,1,0.1626,0.4869,100
LJ500_R078_C076,699250,9540250,2022,2,2022-02,54.78,120.64,180.06,21.35,26,5,31,100,1,0.1716,0.4771,100
LJ500_R079_C076,699250,9540750,2022,2,2022-02,54.78,120.64,180.06,21.35,26,5,31,100,1,0.179,0.49,100
LJ500_R093_C071,696750,9547750,2022,2,2022-02,43,103.08,151.61,20.75,27,4,31,100,1,0.4326,0.7801,100
LJ500_R093_C073,697750,9547750,2022,2,2022-02,43,103.08,151.61,20.75,27,4,31,100,1,0.5049,0.9709,100
LJ500_R096_C074,698250,9549250,2022,2,2022-02,43,103.08,151.61,20.75,27,4,31,100,1,0.5487,1.0947,100
LJ500_R098_C085,703750,9550250,2022,2,2022-02,46.49,120.55,176.48,22.23,27,4,31,100,1,0.3528,0.7566,100
LJ500_R101_C091,706750,9551750,2022,2,2022-02,36.21,118.08,184.96,18,26,5,31,100,1,0.2906,0.69,100
LJ500_R106_C080,701250,9554250,2022,2,2022-02,53.42,136.1,190.46,25.15,27,4,31,100,1,0.1571,0.48,100
LJ500_R006_C075,698750,9504250,2022,3,2022-03,108.56,212.77,288.23,37.1,21,7,28,100,1,0.584,1.3364,100
LJ500_R011_C068,695250,9506750,2022,3,2022-03,108.56,212.77,288.23,37.1,21,7,28,100,1,0.4875,1.0532,100
LJ500_R012_C055,688750,9507250,2022,3,2022-03,106,157.7,222.16,26.21,20,8,28,100,1,0.4566,1.1401,100
LJ500_R020_C061,691750,9511250,2022,3,2022-03,103.68,151.41,220.96,28.5,20,8,28,100,1,0.5482,1,100
LJ500_R033_C056,689250,9517750,2022,3,2022-03,104.55,165.24,240.31,34.06,21,7,28,100,1,0.7382,1.33,100
LJ500_R035_C085,703750,9518750,2022,3,2022-03,112.98,232.9,329.48,28.08,20,8,28,100,1,0.2118,0.3956,100
LJ500_R039_C072,697250,9520750,2022,3,2022-03,101.27,181.42,261.37,37.28,20,8,28,100,1,0.1615,0.4812,100
LJ500_R040_C060,691250,9521250,2022,3,2022-03,101.28,143.43,211.86,34.85,19,9,28,100,1,0.1599,0.4153,100
LJ500_R041_C061,691750,9521750,2022,3,2022-03,101.28,143.43,211.86,34.85,19,9,28,100,1,0.1612,0.3742,100
LJ500_R043_C058,690250,9522750,2022,3,2022-03,101.28,143.43,211.86,34.85,19,9,28,100,1,0.1511,0.4144,100
LJ500_R045_C083,702750,9523750,2022,3,2022-03,107.77,206.16,296.28,26.9,20,8,28,100,1,0.1451,0.3655,100
LJ500_R046_C064,693250,9524250,2022,3,2022-03,101.12,143.42,211.9,34.72,19.02,8.9832,28,100,1,0.1638,0.4599,100
LJ500_R048_C071,696750,9525250,2022,3,2022-03,91.83,175.33,253.94,30.85,20,8,28,100,1,0.1671,0.4362,100
LJ500_R050_C095,708750,9526250,2022,3,2022-03,101.42,167.16,261.84,25.22,21,7,28,100,1,0.3761,1.0461,100
LJ500_R056_C049,685750,9529250,2022,3,2022-03,103.77,163.13,232.93,30.03,18,10,28,100,1,0.1339,0.3602,100
LJ500_R058_C079,700750,9530250,2022,3,2022-03,85.19,153.43,229.33,27.2,21.99,6.0076,28,100,1,0.1575,0.4238,100
LJ500_R063_C060,691250,9532750,2022,3,2022-03,79.48,130.9,200.13,25.73,22,6,28,100,1,0.1425,0.4449,100
LJ500_R064_C084,703250,9533250,2022,3,2022-03,85.09,153.18,229,27.18,22,6,28,100,1,0.5582,1.1121,100
LJ500_R069_C057,689750,9535750,2022,3,2022-03,74.35,135.59,208.15,21.59,22,6,28,100,1,0.1317,0.3915,100
LJ500_R072_C062,692250,9537250,2022,3,2022-03,73.67,136.21,209.21,21.05,22,6,28,100,1,0.1368,0.4602,100
LJ500_R072_C095,708750,9537250,2022,3,2022-03,86.93,134.55,220.89,22.82,22,6,28,100,1,0.5098,1.4048,100
LJ500_R074_C074,698250,9538250,2022,3,2022-03,69.28,124.06,189.92,23.24,22,6,28,100,1,0.1899,0.5892,100
LJ500_R078_C076,699250,9540250,2022,3,2022-03,69.28,124.06,189.92,23.24,22,6,28,100,1,0.1788,0.4693,100
LJ500_R079_C076,699250,9540750,2022,3,2022-03,69.28,124.06,189.92,23.24,22,6,28,100,1,0.1889,0.49,100
LJ500_R093_C071,696750,9547750,2022,3,2022-03,80.03,123.02,183.11,19.34,21,7,28,100,1,0.5586,1.09,100
LJ500_R093_C073,697750,9547750,2022,3,2022-03,80.03,123.02,183.11,19.34,21,7,28,100,1,0.657,1.2325,100
LJ500_R096_C074,698250,9549250,2022,3,2022-03,80.03,123.02,183.11,19.34,21,7,28,100,1,0.7229,1.3408,100
LJ500_R098_C085,703750,9550250,2022,3,2022-03,79.11,125.6,199.67,26.36,21,7,28,100,1,0.4701,0.9403,100
LJ500_R101_C091,706750,9551750,2022,3,2022-03,83.61,119.82,201.68,20.25,22,6,28,100,1,0.395,0.82,100
LJ500_R106_C080,701250,9554250,2022,3,2022-03,82.17,135.59,218.28,19.19,22,6,28,100,1,0.1332,0.36,100
LJ500_R006_C075,698750,9504250,2022,4,2022-04,202.67,311.24,415.44,24.77,14,17,31,100,1,0.7927,1.5705,100
LJ500_R011_C068,695250,9506750,2022,4,2022-04,202.67,311.24,415.44,24.77,14,17,31,100,1,0.6812,1.9602,100
LJ500_R012_C055,688750,9507250,2022,4,2022-04,176.34,282.34,334.05,22.2,15,16,31,100,1,0.6516,2.4143,100
LJ500_R020_C061,691750,9511250,2022,4,2022-04,187.41,291.1,338.82,22.94,16,15,31,100,1,0.6948,1.28,100
LJ500_R033_C056,689250,9517750,2022,4,2022-04,195.59,300.15,360.83,21.31,14,17,31,100,1,0.8461,1.94,100
LJ500_R035_C085,703750,9518750,2022,4,2022-04,205.25,318.23,438.16,26.66,13,18,31,100,1,0.3145,0.764,100
LJ500_R039_C072,697250,9520750,2022,4,2022-04,195.35,296.62,376.78,30.64,13,18,31,100,1,0.225,0.6712,100
LJ500_R040_C060,691250,9521250,2022,4,2022-04,174.59,275.87,318.02,24.49,13,18,31,100,1,0.2317,0.6519,100
LJ500_R041_C061,691750,9521750,2022,4,2022-04,174.59,275.87,318.02,24.49,13,18,31,100,1,0.2379,0.6214,100
LJ500_R043_C058,690250,9522750,2022,4,2022-04,174.59,275.87,318.02,24.49,13,18,31,100,1,0.2192,0.6428,100
LJ500_R045_C083,702750,9523750,2022,4,2022-04,191.7,299.47,397.85,33.34,13,18,31,100,1,0.201,0.4954,100
LJ500_R046_C064,693250,9524250,2022,4,2022-04,174.36,275.48,317.78,24.5,13.02,17.98,31,100,1,0.2079,0.6699,100
LJ500_R048_C071,696750,9525250,2022,4,2022-04,177.69,269.52,353.03,28.23,14,17,31,100,1,0.2145,0.5752,100
LJ500_R050_C095,708750,9526250,2022,4,2022-04,170.88,272.31,338.04,28.92,15,16,31,100,1,0.4684,1.1987,100
LJ500_R056_C049,685750,9529250,2022,4,2022-04,184.4,288.18,347.53,27.33,15,16,31,100,1,0.1886,0.6318,100
LJ500_R058_C079,700750,9530250,2022,4,2022-04,158.01,243.19,311.44,28.92,17.98,13.02,31,100,1,0.1728,0.4776,100
LJ500_R063_C060,691250,9532750,2022,4,2022-04,159.36,238.84,290.26,27.62,17,14,31,100,1,0.1669,0.5528,100
LJ500_R064_C084,703250,9533250,2022,4,2022-04,157.93,243.02,311.11,28.94,18,13,31,100,1,0.6352,1.4679,100
LJ500_R069_C057,689750,9535750,2022,4,2022-04,147.05,221.39,282.64,31.6,20.54,10.46,31,100,1,0.1558,0.5609,100
LJ500_R072_C062,692250,9537250,2022,4,2022-04,145.43,219.1,281.64,32.13,21,10,31,100,1,0.1575,0.5032,100
LJ500_R072_C095,708750,9537250,2022,4,2022-04,159.93,246.85,294.48,30.3,17,14,31,100,1,0.5362,1.6026,100
LJ500_R074_C074,698250,9538250,2022,4,2022-04,142.35,211.63,266.41,29.25,21,10,31,100,1,0.249,0.5077,100
LJ500_R078_C076,699250,9540250,2022,4,2022-04,142.35,211.63,266.41,29.25,21,10,31,100,1,0.2637,0.5867,100
LJ500_R079_C076,699250,9540750,2022,4,2022-04,142.35,211.63,266.41,29.25,21,10,31,100,1,0.2748,0.61,100
LJ500_R093_C071,696750,9547750,2022,4,2022-04,123.75,203.77,246.77,20.15,16,15,31,100,1,0.5191,1.1503,100
LJ500_R093_C073,697750,9547750,2022,4,2022-04,123.75,203.77,246.77,20.15,16,15,31,100,1,0.5834,1.3774,100
LJ500_R096_C074,698250,9549250,2022,4,2022-04,123.75,203.77,246.77,20.15,16,15,31,100,1,0.6132,1.5386,100
LJ500_R098_C085,703750,9550250,2022,4,2022-04,131.98,211.09,257.58,23.67,19,12,31,100,1,0.4715,1.0574,100
LJ500_R101_C091,706750,9551750,2022,4,2022-04,141.21,224.81,261.03,25.71,19,12,31,100,1,0.4129,0.93,100
LJ500_R106_C080,701250,9554250,2022,4,2022-04,134.66,216.83,270.25,23.7,20,11,31,100,1,0.1735,0.58,100
LJ500_R006_C075,698750,9504250,2022,5,2022-05,145.81,348.48,457.04,35.18,22,8,30,100,1,1.1254,2.0821,100
LJ500_R011_C068,695250,9506750,2022,5,2022-05,145.81,348.48,457.04,35.18,22,8,30,100,1,1.075,2.6417,100
LJ500_R012_C055,688750,9507250,2022,5,2022-05,115.87,292.22,398.21,26.97,23,7,30,100,1,1.1692,3.3708,100
LJ500_R020_C061,691750,9511250,2022,5,2022-05,118.13,305.55,409.23,27.46,24,6,30,100,1,1.0107,1.84,100
LJ500_R033_C056,689250,9517750,2022,5,2022-05,120.78,316.37,420.92,32.89,24,6,30,100,1,1.232,2.86,100
LJ500_R035_C085,703750,9518750,2022,5,2022-05,138.96,344.21,457.18,31.92,24,6,30,100,1,0.4299,0.9065,100
LJ500_R039_C072,697250,9520750,2022,5,2022-05,114.28,309.64,410.9,26.87,24,6,30,100,1,0.3282,0.6656,100
LJ500_R040_C060,691250,9521250,2022,5,2022-05,90.8,265.39,366.66,24.11,24,6,30,100,1,0.3604,0.8221,100
LJ500_R041_C061,691750,9521750,2022,5,2022-05,90.8,265.39,366.66,24.11,24,6,30,100,1,0.363,0.7642,100
LJ500_R043_C058,690250,9522750,2022,5,2022-05,90.8,265.39,366.66,24.11,24,6,30,100,1,0.3347,0.7853,100
LJ500_R045_C083,702750,9523750,2022,5,2022-05,120.97,312.66,420.44,28.73,24,6,30,100,1,0.3057,0.5929,100
LJ500_R046_C064,693250,9524250,2022,5,2022-05,90.83,265.19,366.32,24.19,24.02,5.9832,30,100,1,0.2819,0.6342,100
LJ500_R048_C071,696750,9525250,2022,5,2022-05,111.12,288.81,380.64,23.21,24,6,30,100,1,0.3006,0.6626,100
LJ500_R050_C095,708750,9526250,2022,5,2022-05,100.57,271.45,372.88,24.52,23,7,30,100,1,0.7175,1.9035,100
LJ500_R056_C049,685750,9529250,2022,5,2022-05,102.08,286.49,390.26,22.82,23,7,30,100,1,0.2753,0.6817,100
LJ500_R058_C079,700750,9530250,2022,5,2022-05,98.59,256.6,341.79,20.93,22.01,7.9924,30,100,1,0.2058,0.4238,100
LJ500_R063_C060,691250,9532750,2022,5,2022-05,93.41,252.77,332.25,24.28,25,5,30,100,1,0.2009,0.4883,100
LJ500_R064_C084,703250,9533250,2022,5,2022-05,98.5,256.44,341.52,20.9,22,8,30,100,1,0.8092,1.5758,100
LJ500_R069_C057,689750,9535750,2022,5,2022-05,91.07,238.11,312.46,18.72,24.12,5.8838,30,100,1,0.1669,0.443,100
LJ500_R072_C062,692250,9537250,2022,5,2022-05,90.76,236.19,309.86,17.99,24,6,30,100,1,0.153,0.361,100
LJ500_R072_C095,708750,9537250,2022,5,2022-05,94.25,254.17,341.1,24.13,25,5,30,100,1,0.8283,2.6693,100
LJ500_R074_C074,698250,9538250,2022,5,2022-05,91.08,233.42,302.7,23.73,25,5,30,100,1,0.2712,0.6931,100
LJ500_R078_C076,699250,9540250,2022,5,2022-05,91.08,233.42,302.7,23.73,25,5,30,100,1,0.2485,0.7241,100
LJ500_R079_C076,699250,9540750,2022,5,2022-05,91.08,233.42,302.7,23.73,25,5,30,100,1,0.256,0.75,100
LJ500_R093_C071,696750,9547750,2022,5,2022-05,76.77,200.51,280.54,18.45,24,6,30,100,1,0.4729,1.2603,100
LJ500_R093_C073,697750,9547750,2022,5,2022-05,76.77,200.51,280.54,18.45,24,6,30,100,1,0.5625,1.3531,100
LJ500_R096_C074,698250,9549250,2022,5,2022-05,76.77,200.51,280.54,18.45,24,6,30,100,1,0.594,1.2825,100
LJ500_R098_C085,703750,9550250,2022,5,2022-05,76.99,208.96,288.08,15.06,22,8,30,100,1,0.4178,1.1212,100
LJ500_R101_C091,706750,9551750,2022,5,2022-05,67.91,209.12,292.73,13.12,22,8,30,100,1,0.3567,1.02,100
LJ500_R106_C080,701250,9554250,2022,5,2022-05,74.62,209.27,291.45,13.54,22,8,30,100,1,0.1867,0.46,100
LJ500_R006_C075,698750,9504250,2022,6,2022-06,55.34,201.14,403.82,27.67,29,2,31,100,1,1.3816,2.0671,100
LJ500_R011_C068,695250,9506750,2022,6,2022-06,55.34,201.14,403.82,27.67,29,2,31,100,1,1.3452,2.1601,100
LJ500_R012_C055,688750,9507250,2022,6,2022-06,42.52,158.39,334.74,19.59,28.75,2.254,31,100,1,1.2438,2.3645,100
LJ500_R020_C061,691750,9511250,2022,6,2022-06,42.73,160.86,348.28,21.37,28,3,31,100,1,1.2129,1.7,100
LJ500_R033_C056,689250,9517750,2022,6,2022-06,44.03,164.81,360.4,11.58,27,4,31,100,1,1.501,2.12,100
LJ500_R035_C085,703750,9518750,2022,6,2022-06,55.92,194.88,400.13,18.64,28,3,31,100,1,0.523,0.7572,100
LJ500_R039_C072,697250,9520750,2022,6,2022-06,32.25,146.53,341.88,32.25,30,1,31,100,1,0.4826,0.74,100
LJ500_R040_C060,691250,9521250,2022,6,2022-06,24.94,115.73,290.33,24.94,30,1,31,100,1,0.5165,0.787,100
LJ500_R041_C061,691750,9521750,2022,6,2022-06,24.94,115.73,290.33,24.94,30,1,31,100,1,0.5123,0.7485,100
LJ500_R043_C058,690250,9522750,2022,6,2022-06,24.94,115.73,290.33,24.94,30,1,31,100,1,0.487,0.7671,100
LJ500_R045_C083,702750,9523750,2022,6,2022-06,43.56,164.52,356.22,14.52,28,3,31,100,1,0.4491,0.6872,100
LJ500_R046_C064,693250,9524250,2022,6,2022-06,24.87,115.7,290.06,24.7,29.97,1.0335,31,100,1,0.4407,0.7042,100
LJ500_R048_C071,696750,9525250,2022,6,2022-06,28.21,139.33,317.02,28.21,30,1,31,100,1,0.459,0.7174,100
LJ500_R050_C095,708750,9526250,2022,6,2022-06,29.9,130.47,301.35,19.93,29,2,31,100,1,0.8433,1.5579,100
LJ500_R056_C049,685750,9529250,2022,6,2022-06,19.98,122.06,306.47,9.9897,29,2,31,100,1,0.3966,0.6506,100
LJ500_R058_C079,700750,9530250,2022,6,2022-06,21.83,120.42,278.43,10.92,28.99,2.0076,31,100,1,0.3478,0.57,100
LJ500_R063_C060,691250,9532750,2022,6,2022-06,19.57,112.97,272.33,9.7827,29,2,31,100,1,0.3305,0.561,100
LJ500_R064_C084,703250,9533250,2022,6,2022-06,21.74,120.24,278.18,10.87,29,2,31,100,1,0.9557,1.4516,100
LJ500_R069_C057,689750,9535750,2022,6,2022-06,21.82,112.88,259.93,20.68,29.88,1.1162,31,100,1,0.2875,0.4944,100
LJ500_R072_C062,692250,9537250,2022,6,2022-06,22.12,112.87,258.3,22.12,30,1,31,100,1,0.2607,0.4486,100
LJ500_R072_C095,708750,9537250,2022,6,2022-06,26.54,120.79,280.71,13.27,28,3,31,100,1,0.6757,1.545,100
LJ500_R074_C074,698250,9538250,2022,6,2022-06,12.7,103.77,246.12,8.4655,29,2,31,100,1,0.3226,0.725,100
LJ500_R078_C076,699250,9540250,2022,6,2022-06,12.7,103.77,246.12,8.4655,29,2,31,100,1,0.2628,0.7419,100
LJ500_R079_C076,699250,9540750,2022,6,2022-06,12.7,103.77,246.12,8.4655,29,2,31,100,1,0.2684,0.76,100
LJ500_R093_C071,696750,9547750,2022,6,2022-06,18.19,94.96,218.7,18.19,30,1,31,100,1,0.4878,1.2501,100
LJ500_R093_C073,697750,9547750,2022,6,2022-06,18.19,94.96,218.7,18.19,30,1,31,100,1,0.5876,1.3368,100
LJ500_R096_C074,698250,9549250,2022,6,2022-06,18.19,94.96,218.7,18.19,30,1,31,100,1,0.6127,1.3361,100
LJ500_R098_C085,703750,9550250,2022,6,2022-06,24.84,101.83,233.8,12.42,28,3,31,100,1,0.3894,1.0616,100
LJ500_R101_C091,706750,9551750,2022,6,2022-06,25.83,93.75,234.95,12.92,28,3,31,100,1,0.3171,0.93,100
LJ500_R106_C080,701250,9554250,2022,6,2022-06,28.09,102.7,237.36,18.73,29,2,31,100,1,0.1429,0.51,100
LJ500_R006_C075,698750,9504250,2022,7,2022-07,59.34,114.68,260.49,16.3,23,7,30,100,1,1.1929,2.2418,100
LJ500_R011_C068,695250,9506750,2022,7,2022-07,59.34,114.68,260.49,16.3,23,7,30,100,1,1.2787,2.8598,100
LJ500_R012_C055,688750,9507250,2022,7,2022-07,34.86,77.39,193.26,18.51,25,5,30,100,1,1.293,3.0179,100
LJ500_R020_C061,691750,9511250,2022,7,2022-07,31.99,74.72,192.86,13.04,26,4,30,100,1,1.0413,1.88,100
LJ500_R033_C056,689250,9517750,2022,7,2022-07,37.67,81.7,202.47,14.89,25,5,30,100,1,1.363,3.06,100
LJ500_R035_C085,703750,9518750,2022,7,2022-07,69.44,125.37,264.32,15.46,22.13,7.8747,30,100,1,0.4888,0.7225,100
LJ500_R039_C072,697250,9520750,2022,7,2022-07,34.33,66.58,180.86,9.4118,25,5,30,100,1,0.4789,0.8812,100
LJ500_R040_C060,691250,9521250,2022,7,2022-07,20.39,45.33,136.12,8.389,25,5,30,100,1,0.5118,0.9153,100
LJ500_R041_C061,691750,9521750,2022,7,2022-07,20.39,45.33,136.12,8.389,25,5,30,100,1,0.5073,0.8628,100
LJ500_R043_C058,690250,9522750,2022,7,2022-07,20.39,45.33,136.12,8.389,25,5,30,100,1,0.4836,0.8926,100
LJ500_R045_C083,702750,9523750,2022,7,2022-07,51.04,94.6,215.57,11.53,23,7,30,100,1,0.4688,0.7067,100
LJ500_R046_C064,693250,9524250,2022,7,2022-07,20.35,45.22,136.05,8.5,25.05,4.9497,30,100,1,0.45,0.8444,100
LJ500_R048_C071,696750,9525250,2022,7,2022-07,35.4,63.61,174.73,20.36,26,4,30,100,1,0.4915,0.7653,100
LJ500_R050_C095,708750,9526250,2022,7,2022-07,50.09,79.99,180.56,24.29,24,6,30,100,1,0.7569,2.5348,100
LJ500_R056_C049,685750,9529250,2022,7,2022-07,16.31,36.29,138.37,7.0754,28,2,30,100,1,0.3742,0.851,100
LJ500_R058_C079,700750,9530250,2022,7,2022-07,30.04,51.87,150.46,12.57,25.99,4.0076,30,100,1,0.3886,0.6338,100
LJ500_R063_C060,691250,9532750,2022,7,2022-07,19.33,38.89,132.3,10.95,27,3,30,100,1,0.3709,0.6488,100
LJ500_R064_C084,703250,9533250,2022,7,2022-07,29.94,51.67,150.18,12.53,26,4,30,100,1,0.7786,2.1969,100
LJ500_R069_C057,689750,9535750,2022,7,2022-07,26.64,48.46,139.53,11.62,25.23,4.7676,30,100,1,0.3132,0.6537,100
LJ500_R072_C062,692250,9537250,2022,7,2022-07,27.6,49.72,140.48,11.71,25,5,30,100,1,0.3159,0.5486,100
LJ500_R072_C095,708750,9537250,2022,7,2022-07,46.57,73.11,167.36,18.49,25,5,30,100,1,0.6587,2.4692,100
LJ500_R074_C074,698250,9538250,2022,7,2022-07,19.91,32.6,123.68,8.6605,27,3,30,100,1,0.3224,0.5973,100
LJ500_R078_C076,699250,9540250,2022,7,2022-07,19.91,32.6,123.68,8.6605,27,3,30,100,1,0.2477,0.5297,100
LJ500_R079_C076,699250,9540750,2022,7,2022-07,19.91,32.6,123.68,8.6605,27,3,30,100,1,0.248,0.54,100
LJ500_R093_C071,696750,9547750,2022,7,2022-07,30.93,49.12,125.88,13.19,25,5,30,100,1,0.4118,1.0801,100
LJ500_R093_C073,697750,9547750,2022,7,2022-07,30.93,49.12,125.88,13.19,25,5,30,100,1,0.4954,1.2964,100
LJ500_R096_C074,698250,9549250,2022,7,2022-07,30.93,49.12,125.88,13.19,25,5,30,100,1,0.5283,1.4347,100
LJ500_R098_C085,703750,9550250,2022,7,2022-07,47.46,72.3,149.28,16.26,25,5,30,100,1,0.343,0.941,100
LJ500_R101_C091,706750,9551750,2022,7,2022-07,56.26,82.1,150.01,28.43,25,5,30,100,1,0.2993,0.79,100
LJ500_R106_C080,701250,9554250,2022,7,2022-07,64.69,92.78,167.39,21.33,24,6,30,100,1,0.1227,0.44,100
LJ500_R006_C075,698750,9504250,2022,8,2022-08,31.65,90.99,146.33,9.1507,27,4,31,100,1,1.5032,2.2858,100
LJ500_R011_C068,695250,9506750,2022,8,2022-08,31.65,90.99,146.33,9.1507,27,4,31,100,1,1.5156,3.0341,100
LJ500_R012_C055,688750,9507250,2022,8,2022-08,25.88,60.74,103.27,11.19,28.25,2.746,31,100,1,1.5811,3.3276,100
LJ500_R020_C061,691750,9511250,2022,8,2022-08,25.75,57.74,100.48,7.5936,27,4,31,100,1,1.3432,1.89,100
LJ500_R033_C056,689250,9517750,2022,8,2022-08,21.96,59.63,103.66,7.5399,28,3,31,100,1,1.6681,2.79,100
LJ500_R035_C085,703750,9518750,2022,8,2022-08,33.92,103.36,159.29,7.7674,26.13,4.8747,31,100,1,0.6079,0.8287,100
LJ500_R039_C072,697250,9520750,2022,8,2022-08,16.9,51.23,83.48,6.0815,28,3,31,100,1,0.6096,0.8756,100
LJ500_R040_C060,691250,9521250,2022,8,2022-08,10.14,30.54,55.47,5.2611,29,2,31,100,1,0.6483,0.9253,100
LJ500_R041_C061,691750,9521750,2022,8,2022-08,10.14,30.54,55.47,5.2611,29,2,31,100,1,0.6417,0.8842,100
LJ500_R043_C058,690250,9522750,2022,8,2022-08,10.14,30.54,55.47,5.2611,29,2,31,100,1,0.6084,0.9053,100
LJ500_R045_C083,702750,9523750,2022,8,2022-08,25.06,76.1,119.65,7.1664,27,4,31,100,1,0.6033,0.8071,100
LJ500_R046_C064,693250,9524250,2022,8,2022-08,10.04,30.39,55.26,5.2376,29.02,1.9832,31,100,1,0.5655,0.8293,100
LJ500_R048_C071,696750,9525250,2022,8,2022-08,12.98,48.38,76.59,4.7741,28,3,31,100,1,0.6225,0.8178,100
LJ500_R050_C095,708750,9526250,2022,8,2022-08,28.24,78.33,108.23,7.8661,27,4,31,100,1,0.9048,2.5874,100
LJ500_R056_C049,685750,9529250,2022,8,2022-08,2.9962,19.31,39.29,1.8569,29,2,31,100,1,0.4525,0.8555,100
LJ500_R058_C079,700750,9530250,2022,8,2022-08,10.29,40.33,62.16,5.485,28.99,2.0076,31,100,1,0.489,0.71,100
LJ500_R063_C060,691250,9532750,2022,8,2022-08,2.9568,22.29,41.85,2.9568,30,1,31,100,1,0.4451,0.6421,100
LJ500_R064_C084,703250,9533250,2022,8,2022-08,10.22,40.16,61.9,5.4741,29,2,31,100,1,0.9766,2.0384,100
LJ500_R069_C057,689750,9535750,2022,8,2022-08,7.518,34.16,55.98,4.1814,29.12,1.8838,31,100,1,0.3649,0.6137,100
LJ500_R072_C062,692250,9537250,2022,8,2022-08,8.1176,35.72,57.84,4.3424,29,2,31,100,1,0.3648,0.5344,100
LJ500_R072_C095,708750,9537250,2022,8,2022-08,20.77,67.34,93.88,7.9257,28,3,31,100,1,0.8488,2.4345,100
LJ500_R074_C074,698250,9538250,2022,8,2022-08,0,19.91,32.6,0,31,0,31,100,1,0.3788,0.7069,100
LJ500_R078_C076,699250,9540250,2022,8,2022-08,0,19.91,32.6,0,31,0,31,100,1,0.281,0.6345,100
LJ500_R079_C076,699250,9540750,2022,8,2022-08,0,19.91,32.6,0,31,0,31,100,1,0.2823,0.65,100
LJ500_R093_C071,696750,9547750,2022,8,2022-08,12.52,43.44,61.63,4.5022,28,3,31,100,1,0.4278,1.1301,100
LJ500_R093_C073,697750,9547750,2022,8,2022-08,12.52,43.44,61.63,4.5022,28,3,31,100,1,0.5101,1.2742,100
LJ500_R096_C074,698250,9549250,2022,8,2022-08,12.52,43.44,61.63,4.5022,28,3,31,100,1,0.5137,1.2561,100
LJ500_R098_C085,703750,9550250,2022,8,2022-08,20.49,67.94,92.78,7.3196,28,3,31,100,1,0.3255,0.956,100
LJ500_R101_C091,706750,9551750,2022,8,2022-08,24.39,80.65,106.48,24.39,30,1,31,100,1,0.2684,0.82,100
LJ500_R106_C080,701250,9554250,2022,8,2022-08,36.7,101.39,129.48,8.1794,26,5,31,100,1,0.1403,0.37,100
LJ500_R006_C075,698750,9504250,2022,9,2022-09,20.05,51.7,111.04,20.05,30,1,31,100,1,1.576,2.3658,100
LJ500_R011_C068,695250,9506750,2022,9,2022-09,20.05,51.7,111.04,20.05,30,1,31,100,1,1.5124,3.2809,100
LJ500_R012_C055,688750,9507250,2022,9,2022-09,15.01,40.89,75.75,12.87,29.49,1.5079,31,100,1,1.4707,3.8906,100
LJ500_R020_C061,691750,9511250,2022,9,2022-09,15.22,40.97,72.96,6.2389,28,3,31,100,1,1.4074,1.84,100
LJ500_R033_C056,689250,9517750,2022,9,2022-09,16.4,38.37,76.04,6.543,28,3,31,100,1,1.6945,3.04,100
LJ500_R035_C085,703750,9518750,2022,9,2022-09,23.81,57.73,127.17,8.3941,27.13,3.8747,31,100,1,0.6501,0.8887,100
LJ500_R039_C072,697250,9520750,2022,9,2022-09,13.5,30.4,64.74,9.0339,29,2,31,100,1,0.638,0.93,100
LJ500_R040_C060,691250,9521250,2022,9,2022-09,9.9066,20.05,40.44,6.4504,29,2,31,100,1,0.6871,0.9602,100
LJ500_R041_C061,691750,9521750,2022,9,2022-09,9.9066,20.05,40.44,6.4504,29,2,31,100,1,0.6825,0.9157,100
LJ500_R043_C058,690250,9522750,2022,9,2022-09,9.9066,20.05,40.44,6.4504,29,2,31,100,1,0.6469,0.9099,100
LJ500_R045_C083,702750,9523750,2022,9,2022-09,18.54,43.6,94.64,7.9494,28,3,31,100,1,0.6418,0.8178,100
LJ500_R046_C064,693250,9524250,2022,9,2022-09,9.8913,19.93,40.28,6.4435,29,2,31,100,1,0.5907,0.864,100
LJ500_R048_C071,696750,9525250,2022,9,2022-09,13.52,26.5,61.9,8.9535,29,2,31,100,1,0.6654,0.8755,100
LJ500_R050_C095,708750,9526250,2022,9,2022-09,20.78,49.01,99.11,13.23,29,2,31,100,1,0.8292,2.5453,100
LJ500_R056_C049,685750,9529250,2022,9,2022-09,7.921,10.92,27.23,5.3911,29,2,31,100,1,0.4892,0.8142,100
LJ500_R058_C079,700750,9530250,2022,9,2022-09,11.73,22.02,52.06,11.69,29.99,1.0076,31,100,1,0.5269,0.7138,100
LJ500_R063_C060,691250,9532750,2022,9,2022-09,9.1804,12.14,31.47,5.3961,29,2,31,100,1,0.4768,0.6859,100
LJ500_R064_C084,703250,9533250,2022,9,2022-09,11.7,21.93,51.86,11.7,30,1,31,100,1,0.9274,1.8674,100
LJ500_R069_C057,689750,9535750,2022,9,2022-09,12.91,20.43,47.07,5.2338,28.12,2.8838,31,100,1,0.3789,0.619,100
LJ500_R072_C062,692250,9537250,2022,9,2022-09,13.4,21.52,49.12,5.2125,28,3,31,100,1,0.3926,0.5675,100
LJ500_R072_C095,708750,9537250,2022,9,2022-09,20.75,41.52,88.09,10.36,28,3,31,100,1,0.8196,2.6672,100
LJ500_R074_C074,698250,9538250,2022,9,2022-09,8.3026,8.3026,28.21,4.8306,29,2,31,100,1,0.4023,0.7281,100
LJ500_R078_C076,699250,9540250,2022,9,2022-09,8.3026,8.3026,28.21,4.8306,29,2,31,100,1,0.2926,0.7019,100
LJ500_R079_C076,699250,9540750,2022,9,2022-09,8.3026,8.3026,28.21,4.8306,29,2,31,100,1,0.2923,0.72,100
LJ500_R093_C071,696750,9547750,2022,9,2022-09,17.49,30.01,60.93,7.1035,28,3,31,100,1,0.4351,1.0503,100
LJ500_R093_C073,697750,9547750,2022,9,2022-09,17.49,30.01,60.93,7.1035,28,3,31,100,1,0.4964,1.1006,100
LJ500_R096_C074,698250,9549250,2022,9,2022-09,17.49,30.01,60.93,7.1035,28,3,31,100,1,0.4944,1.0817,100
LJ500_R098_C085,703750,9550250,2022,9,2022-09,23.49,43.98,91.44,8.1639,27,4,31,100,1,0.3227,0.8621,100
LJ500_R101_C091,706750,9551750,2022,9,2022-09,28.5,52.89,109.15,10.57,27,4,31,100,1,0.2777,0.76,100
LJ500_R106_C080,701250,9554250,2022,9,2022-09,37.07,73.77,138.46,10.17,26,5,31,100,1,0.1461,0.32,100
LJ500_R006_C075,698750,9504250,2022,10,2022-10,37.96,58.01,89.66,8.263,20,10,30,100,1,1.2773,2.1314,100
LJ500_R011_C068,695250,9506750,2022,10,2022-10,37.96,58.01,89.66,8.263,20,10,30,100,1,1.1292,2.1297,100
LJ500_R012_C055,688750,9507250,2022,10,2022-10,44.01,59.02,84.9,8.4824,20,10,30,100,1,1.0795,2.4291,100
LJ500_R020_C061,691750,9511250,2022,10,2022-10,47.05,62.27,88.02,8.0699,20,10,30,100,1,1.1737,2,100
LJ500_R033_C056,689250,9517750,2022,10,2022-10,50.08,66.49,88.45,10.16,21,9,30,100,1,1.342,2.46,100
LJ500_R035_C085,703750,9518750,2022,10,2022-10,53.75,77.56,111.48,10.16,19.87,10.13,30,100,1,0.6445,0.8709,100
LJ500_R039_C072,697250,9520750,2022,10,2022-10,38.8,52.31,69.21,8.1963,20,10,30,100,1,0.551,0.89,100
LJ500_R040_C060,691250,9521250,2022,10,2022-10,46.23,56.13,66.28,10.95,22,8,30,100,1,0.61,1.0986,100
LJ500_R041_C061,691750,9521750,2022,10,2022-10,46.23,56.13,66.28,10.95,22,8,30,100,1,0.6276,1.0685,100
LJ500_R043_C058,690250,9522750,2022,10,2022-10,46.23,56.13,66.28,10.95,22,8,30,100,1,0.5716,1.0778,100
LJ500_R045_C083,702750,9523750,2022,10,2022-10,56.46,75,100.06,9.7806,19,11,30,100,1,0.6145,0.8214,100
LJ500_R046_C064,693250,9524250,2022,10,2022-10,46.11,56,66.04,10.92,21.97,8.0335,30,100,1,0.5168,0.8891,100
LJ500_R048_C071,696750,9525250,2022,10,2022-10,34.47,47.99,60.96,7.6831,21,9,30,100,1,0.6387,0.9365,100
LJ500_R050_C095,708750,9526250,2022,10,2022-10,77.31,98.08,126.32,13.81,20,10,30,100,1,0.5768,1.357,100
LJ500_R056_C049,685750,9529250,2022,10,2022-10,31.86,39.78,42.78,4.7141,21,9,30,100,1,0.4179,0.9983,100
LJ500_R058_C079,700750,9530250,2022,10,2022-10,42.29,54.02,64.32,7.7678,20.01,9.9924,30,100,1,0.5219,0.7338,100
LJ500_R063_C060,691250,9532750,2022,10,2022-10,31.65,40.83,43.79,5.3949,20,10,30,100,1,0.4595,0.7874,100
LJ500_R064_C084,703250,9533250,2022,10,2022-10,42.21,53.92,64.14,7.7477,20,10,30,100,1,0.7946,1.3132,100
LJ500_R069_C057,689750,9535750,2022,10,2022-10,31.24,44.15,51.67,5.6419,20.88,9.1162,30,100,1,0.3563,0.6362,100
LJ500_R072_C062,692250,9537250,2022,10,2022-10,31.19,44.59,52.71,5.6744,21,9,30,100,1,0.409,0.6399,100
LJ500_R072_C095,708750,9537250,2022,10,2022-10,68.8,89.55,110.32,13.81,20,10,30,100,1,0.5392,1.7116,100
LJ500_R074_C074,698250,9538250,2022,10,2022-10,25.03,33.34,33.34,5.3156,20,10,30,100,1,0.488,0.7612,100
LJ500_R078_C076,699250,9540250,2022,10,2022-10,25.03,33.34,33.34,5.3156,20,10,30,100,1,0.3878,0.67,100
LJ500_R079_C076,699250,9540750,2022,10,2022-10,25.03,33.34,33.34,5.3156,20,10,30,100,1,0.3847,0.67,100
LJ500_R093_C071,696750,9547750,2022,10,2022-10,41.79,59.28,71.79,7.3069,21,9,30,100,1,0.5326,0.8803,100
LJ500_R093_C073,697750,9547750,2022,10,2022-10,41.79,59.28,71.79,7.3069,21,9,30,100,1,0.6013,0.95,100
LJ500_R096_C074,698250,9549250,2022,10,2022-10,41.79,59.28,71.79,7.3069,21,9,30,100,1,0.6056,0.9208,100
LJ500_R098_C085,703750,9550250,2022,10,2022-10,59.81,83.31,103.79,12.55,19,11,30,100,1,0.3673,0.6731,100
LJ500_R101_C091,706750,9551750,2022,10,2022-10,77.49,105.99,130.38,15.39,20,10,30,100,1,0.2797,0.55,100
LJ500_R106_C080,701250,9554250,2022,10,2022-10,68.86,105.92,142.63,12.82,18,12,30,100,1,0.228,0.5,100
LJ500_R006_C075,698750,9504250,2022,11,2022-11,80.43,118.39,138.44,17.49,21,10,31,100,1,0.9918,2.1639,100
LJ500_R011_C068,695250,9506750,2022,11,2022-11,80.43,118.39,138.44,17.49,21,10,31,100,1,0.8973,2.4699,100
LJ500_R012_C055,688750,9507250,2022,11,2022-11,80.18,124.19,139.2,16.27,20.51,10.49,31,100,1,0.8264,2.2871,100
LJ500_R020_C061,691750,9511250,2022,11,2022-11,88.01,135.06,150.28,17.74,20,11,31,100,1,0.8474,1.84,100
LJ500_R033_C056,689250,9517750,2022,11,2022-11,86.9,136.98,153.39,18.55,21,10,31,100,1,0.9697,2.5,100
LJ500_R035_C085,703750,9518750,2022,11,2022-11,86.95,140.7,164.51,17.26,18.25,12.75,31,100,1,0.3988,0.7794,100
LJ500_R039_C072,697250,9520750,2022,11,2022-11,72.22,111.02,124.52,12.95,21,10,31,100,1,0.3792,0.8856,100
LJ500_R040_C060,691250,9521250,2022,11,2022-11,76.94,123.16,133.07,16.07,23,8,31,100,1,0.3766,0.9386,100
LJ500_R041_C061,691750,9521750,2022,11,2022-11,76.94,123.16,133.07,16.07,23,8,31,100,1,0.3706,0.9142,100
LJ500_R043_C058,690250,9522750,2022,11,2022-11,76.94,123.16,133.07,16.07,23,8,31,100,1,0.3527,0.9225,100
LJ500_R045_C083,702750,9523750,2022,11,2022-11,80.35,136.81,155.35,12.33,20,11,31,100,1,0.3527,0.7759,100
LJ500_R046_C064,693250,9524250,2022,11,2022-11,76.81,122.92,132.81,16.02,22.98,8.0168,31,100,1,0.345,0.8593,100
LJ500_R048_C071,696750,9525250,2022,11,2022-11,63.61,98.08,111.6,11.24,22,9,31,100,1,0.3595,0.8469,100
LJ500_R050_C095,708750,9526250,2022,11,2022-11,92.75,170.06,190.83,16.96,21,10,31,100,1,0.5578,1.7883,100
LJ500_R056_C049,685750,9529250,2022,11,2022-11,59.71,91.57,99.49,12.14,22,9,31,100,1,0.2793,0.8378,100
LJ500_R058_C079,700750,9530250,2022,11,2022-11,68.25,110.54,122.27,12.92,20.99,10.01,31,100,1,0.2982,0.6838,100
LJ500_R063_C060,691250,9532750,2022,11,2022-11,61.62,93.27,102.45,11.64,22,9,31,100,1,0.2652,0.7172,100
LJ500_R064_C084,703250,9533250,2022,11,2022-11,68.23,110.44,122.15,12.93,21,10,31,100,1,0.619,1.5753,100
LJ500_R069_C057,689750,9535750,2022,11,2022-11,63.63,94.88,107.79,14.92,22,9,31,100,1,0.2336,0.6386,100
LJ500_R072_C062,692250,9537250,2022,11,2022-11,63.9,95.09,108.49,15.35,22,9,31,100,1,0.2312,0.6162,100
LJ500_R072_C095,708750,9537250,2022,11,2022-11,93.77,162.57,183.32,17.94,19,12,31,100,1,0.4984,1.617,100
LJ500_R074_C074,698250,9538250,2022,11,2022-11,50,75.04,83.34,9.953,21,10,31,100,1,0.2952,0.5977,100
LJ500_R078_C076,699250,9540250,2022,11,2022-11,50,75.04,83.34,9.953,21,10,31,100,1,0.2555,0.5222,100
LJ500_R079_C076,699250,9540750,2022,11,2022-11,50,75.04,83.34,9.953,21,10,31,100,1,0.2574,0.53,100
LJ500_R093_C071,696750,9547750,2022,11,2022-11,67.87,109.65,127.14,17.66,24,7,31,100,1,0.3963,0.9101,100
LJ500_R093_C073,697750,9547750,2022,11,2022-11,67.87,109.65,127.14,17.66,24,7,31,100,1,0.4527,1.0259,100
LJ500_R096_C074,698250,9549250,2022,11,2022-11,67.87,109.65,127.14,17.66,24,7,31,100,1,0.4826,1.0161,100
LJ500_R098_C085,703750,9550250,2022,11,2022-11,81.48,141.29,164.79,20.04,23,8,31,100,1,0.3267,0.786,100
LJ500_R101_C091,706750,9551750,2022,11,2022-11,98.23,175.72,204.21,22.09,20,11,31,100,1,0.2758,0.69,100
LJ500_R106_C080,701250,9554250,2022,11,2022-11,98.23,167.09,204.15,24.42,23,8,31,100,1,0.1845,0.42,100
LJ500_R006_C075,698750,9504250,2022,12,2022-12,32.32,112.75,150.71,11.56,26,4,30,100,1,0.7722,2.0256,100
LJ500_R011_C068,695250,9506750,2022,12,2022-12,32.32,112.75,150.71,11.56,26,4,30,100,1,0.7705,1.9563,100
LJ500_R012_C055,688750,9507250,2022,12,2022-12,30.84,111.02,155.03,16.79,27.25,2.746,30,100,1,0.9693,2.4674,100
LJ500_R020_C061,691750,9511250,2022,12,2022-12,33.19,121.21,168.26,10.15,26,4,30,100,1,0.7113,1.51,100
LJ500_R033_C056,689250,9517750,2022,12,2022-12,34.39,121.29,171.37,10.73,26,4,30,100,1,0.802,1.76,100
LJ500_R035_C085,703750,9518750,2022,12,2022-12,40.87,127.82,181.57,12.03,25.13,4.8747,30,100,1,0.3251,0.7278,100
LJ500_R039_C072,697250,9520750,2022,12,2022-12,35.55,107.76,146.57,11.21,26,4,30,100,1,0.3267,0.72,100
LJ500_R040_C060,691250,9521250,2022,12,2022-12,35.93,112.87,159.1,11.38,26,4,30,100,1,0.3637,0.7584,100
LJ500_R041_C061,691750,9521750,2022,12,2022-12,35.93,112.87,159.1,11.38,26,4,30,100,1,0.3665,0.7614,100
LJ500_R043_C058,690250,9522750,2022,12,2022-12,35.93,112.87,159.1,11.38,26,4,30,100,1,0.3403,0.7027,100
LJ500_R045_C083,702750,9523750,2022,12,2022-12,39.72,120.07,176.53,12.31,26,4,30,100,1,0.3373,0.6797,100
LJ500_R046_C064,693250,9524250,2022,12,2022-12,35.97,112.78,158.89,11.46,26.02,3.9832,30,100,1,0.297,0.6835,100
LJ500_R048_C071,696750,9525250,2022,12,2022-12,37.39,101,135.47,11.86,26,4,30,100,1,0.3595,0.7591,100
LJ500_R050_C095,708750,9526250,2022,12,2022-12,46.07,138.82,216.13,13.8,26,4,30,100,1,0.5128,1.0679,100
LJ500_R056_C049,685750,9529250,2022,12,2022-12,34.53,94.24,126.1,14.55,27,3,30,100,1,0.2387,0.5466,100
LJ500_R058_C079,700750,9530250,2022,12,2022-12,35.73,103.97,146.26,11.62,26,4,30,100,1,0.2841,0.63,100
LJ500_R063_C060,691250,9532750,2022,12,2022-12,35.65,97.27,128.92,10.74,26,4,30,100,1,0.2523,0.5872,100
LJ500_R064_C084,703250,9533250,2022,12,2022-12,35.69,103.92,146.13,11.61,26,4,30,100,1,0.4786,1.0511,100
LJ500_R069_C057,689750,9535750,2022,12,2022-12,35.34,98.97,130.22,13.88,26.88,3.1162,30,100,1,0.1894,0.5032,100
LJ500_R072_C062,692250,9537250,2022,12,2022-12,35.3,99.2,130.39,14.29,27,3,30,100,1,0.223,0.5489,100
LJ500_R072_C095,708750,9537250,2022,12,2022-12,42.39,136.16,204.96,11.59,25,5,30,100,1,0.5818,1.709,100
LJ500_R074_C074,698250,9538250,2022,12,2022-12,33.31,83.32,108.35,10.92,26,4,30,100,1,0.248,0.5515,100
LJ500_R078_C076,699250,9540250,2022,12,2022-12,33.31,83.32,108.35,10.92,26,4,30,100,1,0.1989,0.46,100
LJ500_R079_C076,699250,9540750,2022,12,2022-12,33.31,83.32,108.35,10.92,26,4,30,100,1,0.1983,0.46,100
LJ500_R093_C071,696750,9547750,2022,12,2022-12,28.54,96.4,138.19,11.2,27,3,30,100,1,0.3077,0.7101,100
LJ500_R093_C073,697750,9547750,2022,12,2022-12,28.54,96.4,138.19,11.2,27,3,30,100,1,0.3607,0.9072,100
LJ500_R096_C074,698250,9549250,2022,12,2022-12,28.54,96.4,138.19,11.2,27,3,30,100,1,0.3985,1.0986,100
LJ500_R098_C085,703750,9550250,2022,12,2022-12,31.98,113.47,173.28,12.23,27,3,30,100,1,0.3187,0.7528,100
LJ500_R101_C091,706750,9551750,2022,12,2022-12,38.35,136.57,214.06,14.32,27,3,30,100,1,0.2933,0.75,100
LJ500_R106_C080,701250,9554250,2022,12,2022-12,30.95,129.18,198.04,11.22,27,3,30,100,1,0.1757,0.47,100
LJ500_R006_C075,698750,9504250,2023,1,2023-01,63.35,95.67,176.1,12.07,22,9,31,100,1,0.7691,1.3128,100
LJ500_R011_C068,695250,9506750,2023,1,2023-01,63.35,95.67,176.1,12.07,22,9,31,100,1,0.6244,1.265,100
LJ500_R012_C055,688750,9507250,2023,1,2023-01,56.83,87.68,167.85,13.06,23,8,31,100,1,0.6965,2.0828,100
LJ500_R020_C061,691750,9511250,2023,1,2023-01,61.61,94.81,182.82,18.02,24,7,31,100,1,0.701,1.2,100
LJ500_R033_C056,689250,9517750,2023,1,2023-01,64.78,99.17,186.07,19.46,25,6,31,100,1,0.8484,1.35,100
LJ500_R035_C085,703750,9518750,2023,1,2023-01,74.25,115.12,202.07,18.07,23,8,31,100,1,0.3538,0.7462,100
LJ500_R039_C072,697250,9520750,2023,1,2023-01,65.41,100.96,173.18,15.49,22,9,31,100,1,0.2219,0.4588,100
LJ500_R040_C060,691250,9521250,2023,1,2023-01,58.97,94.9,171.84,12.2,23,8,31,100,1,0.2292,0.6047,100
LJ500_R041_C061,691750,9521750,2023,1,2023-01,58.97,94.9,171.84,12.2,23,8,31,100,1,0.2434,0.6572,100
LJ500_R043_C058,690250,9522750,2023,1,2023-01,58.97,94.9,171.84,12.2,23,8,31,100,1,0.2091,0.5663,100
LJ500_R045_C083,702750,9523750,2023,1,2023-01,72.58,112.29,192.65,18.68,23,8,31,100,1,0.2313,0.5779,100
LJ500_R046_C064,693250,9524250,2023,1,2023-01,58.98,94.94,171.76,12.29,23.03,7.9665,31,100,1,0.1865,0.429,100
LJ500_R048_C071,696750,9525250,2023,1,2023-01,62.73,100.12,163.73,14.47,25,6,31,100,1,0.2174,0.5913,100
LJ500_R050_C095,708750,9526250,2023,1,2023-01,69.64,115.71,208.46,24.5,26,5,31,100,1,0.3928,0.9861,100
LJ500_R056_C049,685750,9529250,2023,1,2023-01,61.44,95.97,155.68,18.42,25,6,31,100,1,0.1785,0.4281,100
LJ500_R058_C079,700750,9530250,2023,1,2023-01,58.85,94.57,162.82,16.67,25.99,5.0076,31,100,1,0.1676,0.44,100
LJ500_R063_C060,691250,9532750,2023,1,2023-01,56.38,92.02,153.64,21.8,27,4,31,100,1,0.1356,0.3779,100
LJ500_R064_C084,703250,9533250,2023,1,2023-01,58.78,94.47,162.7,16.66,26,5,31,100,1,0.6053,1.1211,100
LJ500_R069_C057,689750,9535750,2023,1,2023-01,57.59,92.93,156.56,17.01,26.12,4.8838,31,100,1,0.1203,0.32,100
LJ500_R072_C062,692250,9537250,2023,1,2023-01,57.75,93.05,156.95,16.38,26,5,31,100,1,0.1223,0.3568,100
LJ500_R072_C095,708750,9537250,2023,1,2023-01,65.93,108.32,202.09,15.66,25,6,31,100,1,0.589,1.4338,100
LJ500_R074_C074,698250,9538250,2023,1,2023-01,52.44,85.76,135.76,13.1,26,5,31,100,1,0.2801,0.5908,100
LJ500_R078_C076,699250,9540250,2023,1,2023-01,52.44,85.76,135.76,13.1,26,5,31,100,1,0.2829,0.5526,100
LJ500_R079_C076,699250,9540750,2023,1,2023-01,52.44,85.76,135.76,13.1,26,5,31,100,1,0.2916,0.55,100
LJ500_R093_C071,696750,9547750,2023,1,2023-01,48.43,76.96,144.83,13.96,26,5,31,100,1,0.5585,0.9601,100
LJ500_R093_C073,697750,9547750,2023,1,2023-01,48.43,76.96,144.83,13.96,26,5,31,100,1,0.6373,1.1366,100
LJ500_R096_C074,698250,9549250,2023,1,2023-01,48.43,76.96,144.83,13.96,26,5,31,100,1,0.6824,1.3225,100
LJ500_R098_C085,703750,9550250,2023,1,2023-01,58.13,90.11,171.59,17.09,26,5,31,100,1,0.4657,0.891,100
LJ500_R101_C091,706750,9551750,2023,1,2023-01,62.44,100.78,199.01,14.89,25,6,31,100,1,0.3916,0.84,100
LJ500_R106_C080,701250,9554250,2023,1,2023-01,67.16,98.11,196.34,18.5,25,6,31,100,1,0.2235,0.49,100
LJ500_R006_C075,698750,9504250,2023,2,2023-02,123.86,187.21,219.53,22.99,19,12,31,100,1,0.7014,1.6337,100
LJ500_R011_C068,695250,9506750,2023,2,2023-02,123.86,187.21,219.53,22.99,19,12,31,100,1,0.5257,1.4679,100
LJ500_R012_C055,688750,9507250,2023,2,2023-02,52.63,109.46,140.31,9.3654,19,12,31,100,1,0.6055,1.9306,100
LJ500_R020_C061,691750,9511250,2023,2,2023-02,53.03,114.64,147.83,10.04,18,13,31,100,1,0.67,1.53,100
LJ500_R033_C056,689250,9517750,2023,2,2023-02,72.86,137.64,172.03,14.14,18,13,31,100,1,0.7952,1.45,100
LJ500_R035_C085,703750,9518750,2023,2,2023-02,160.28,234.53,275.4,25.58,16.13,14.87,31,100,1,0.2842,0.785,100
LJ500_R039_C072,697250,9520750,2023,2,2023-02,111.55,176.96,212.51,16.46,16,15,31,100,1,0.1874,0.4612,100
LJ500_R040_C060,691250,9521250,2023,2,2023-02,43.89,102.86,138.79,7.1053,18,13,31,100,1,0.1977,0.523,100
LJ500_R041_C061,691750,9521750,2023,2,2023-02,43.89,102.86,138.79,7.1053,18,13,31,100,1,0.2045,0.5558,100
LJ500_R043_C058,690250,9522750,2023,2,2023-02,43.89,102.86,138.79,7.1053,18,13,31,100,1,0.1903,0.5162,100
LJ500_R045_C083,702750,9523750,2023,2,2023-02,136.35,208.93,248.64,21.37,17,14,31,100,1,0.1529,0.3819,100
LJ500_R046_C064,693250,9524250,2023,2,2023-02,44.08,103.06,139.03,7.2112,18.07,12.93,31,100,1,0.1708,0.4196,100
LJ500_R048_C071,696750,9525250,2023,2,2023-02,107.25,169.98,207.37,19.55,20,11,31,100,1,0.1624,0.394,100
LJ500_R050_C095,708750,9526250,2023,2,2023-02,78.02,147.66,193.73,17.21,19,12,31,100,1,0.4315,2.0439,100
LJ500_R056_C049,685750,9529250,2023,2,2023-02,69.15,130.59,165.12,16.23,23,8,31,100,1,0.1878,0.5987,100
LJ500_R058_C079,700750,9530250,2023,2,2023-02,84.8,143.65,179.37,18.05,19,12,31,100,1,0.1331,0.3438,100
LJ500_R063_C060,691250,9532750,2023,2,2023-02,63.55,119.93,155.57,15.01,23,8,31,100,1,0.138,0.3589,100
LJ500_R064_C084,703250,9533250,2023,2,2023-02,84.55,143.33,179.02,18,19,12,31,100,1,0.6368,1.7932,100
LJ500_R069_C057,689750,9535750,2023,2,2023-02,75.85,133.44,168.78,18.33,22.12,8.8838,31,100,1,0.1308,0.3822,100
LJ500_R072_C062,692250,9537250,2023,2,2023-02,77.47,135.22,170.52,18.76,22,9,31,100,1,0.1247,0.324,100
LJ500_R072_C095,708750,9537250,2023,2,2023-02,54.37,120.3,162.69,14.49,22,9,31,100,1,0.6179,2.5794,100
LJ500_R074_C074,698250,9538250,2023,2,2023-02,71.65,124.09,157.4,14.31,20,11,31,100,1,0.241,0.6154,100
LJ500_R078_C076,699250,9540250,2023,2,2023-02,71.65,124.09,157.4,14.31,20,11,31,100,1,0.2539,0.6664,100
LJ500_R079_C076,699250,9540750,2023,2,2023-02,71.65,124.09,157.4,14.31,20,11,31,100,1,0.2668,0.7,100
LJ500_R093_C071,696750,9547750,2023,2,2023-02,47.12,95.55,124.09,10.54,22,9,31,100,1,0.6368,1.2401,100
LJ500_R093_C073,697750,9547750,2023,2,2023-02,47.12,95.55,124.09,10.54,22,9,31,100,1,0.7283,1.3251,100
LJ500_R096_C074,698250,9549250,2023,2,2023-02,47.12,95.55,124.09,10.54,22,9,31,100,1,0.7763,1.6164,100
LJ500_R098_C085,703750,9550250,2023,2,2023-02,53.21,111.33,143.32,12.46,22,9,31,100,1,0.5421,1.1307,100
LJ500_R101_C091,706750,9551750,2023,2,2023-02,38.13,100.56,138.91,10.68,22,9,31,100,1,0.4626,1.06,100
LJ500_R106_C080,701250,9554250,2023,2,2023-02,65.49,132.65,163.6,15.42,20,11,31,100,1,0.1855,0.53,100
LJ500_R006_C075,698750,9504250,2023,3,2023-03,101.39,225.24,288.59,55.17,23,5,28,100,1,1.0685,1.7866,100
LJ500_R011_C068,695250,9506750,2023,3,2023-03,101.39,225.24,288.59,55.17,23,5,28,100,1,0.8377,1.514,100
LJ500_R012_C055,688750,9507250,2023,3,2023-03,102.88,155.51,212.34,38.86,22.75,5.254,28,100,1,0.7013,1.6023,100
LJ500_R020_C061,691750,9511250,2023,3,2023-03,102.48,155.51,217.13,40.35,22,6,28,100,1,1.0014,1.61,100
LJ500_R033_C056,689250,9517750,2023,3,2023-03,102.54,175.41,240.19,56.48,24,4,28,100,1,1.1682,1.69,100
LJ500_R035_C085,703750,9518750,2023,3,2023-03,108.54,268.81,343.06,57.29,22.75,5.2506,28,100,1,0.3779,0.8019,100
LJ500_R039_C072,697250,9520750,2023,3,2023-03,96.99,208.53,273.95,51.53,23,5,28,100,1,0.2164,0.4668,100
LJ500_R040_C060,691250,9521250,2023,3,2023-03,96.74,140.63,199.6,43.72,23,5,28,100,1,0.2526,0.583,100
LJ500_R041_C061,691750,9521750,2023,3,2023-03,96.74,140.63,199.6,43.72,23,5,28,100,1,0.2658,0.6158,100
LJ500_R043_C058,690250,9522750,2023,3,2023-03,96.74,140.63,199.6,43.72,23,5,28,100,1,0.2401,0.569,100
LJ500_R045_C083,702750,9523750,2023,3,2023-03,103.13,239.48,312.06,38.05,21,7,28,100,1,0.1756,0.4419,100
LJ500_R046_C064,693250,9524250,2023,3,2023-03,96.62,140.7,199.68,43.69,22.98,5.0168,28,100,1,0.181,0.4458,100
LJ500_R048_C071,696750,9525250,2023,3,2023-03,89.53,196.78,259.51,51.96,23,5,28,100,1,0.1608,0.4413,100
LJ500_R050_C095,708750,9526250,2023,3,2023-03,95.66,173.68,243.32,40.87,22,6,28,100,1,0.4226,0.9335,100
LJ500_R056_C049,685750,9529250,2023,3,2023-03,102.06,171.21,232.65,47.98,22,6,28,100,1,0.2759,0.6012,100
LJ500_R058_C079,700750,9530250,2023,3,2023-03,81.74,166.54,225.38,15.13,19.04,8.9622,28,100,1,0.1124,0.31,100
LJ500_R063_C060,691250,9532750,2023,3,2023-03,79.29,142.85,199.22,44.63,24,4,28,100,1,0.1148,0.3404,100
LJ500_R064_C084,703250,9533250,2023,3,2023-03,81.66,166.21,224.98,14.85,19,9,28,100,1,0.8016,1.2863,100
LJ500_R069_C057,689750,9535750,2023,3,2023-03,76.62,152.47,210.07,44.01,24,4,28,100,1,0.1182,0.3502,100
LJ500_R072_C062,692250,9537250,2023,3,2023-03,76.27,153.74,211.49,43.93,24,4,28,100,1,0.0903,0.2573,100
LJ500_R072_C095,708750,9537250,2023,3,2023-03,85.39,139.76,205.69,34.71,22,6,28,100,1,0.5978,1.6592,100
LJ500_R074_C074,698250,9538250,2023,3,2023-03,70.84,142.49,194.93,14.02,20,8,28,100,1,0.2764,0.6127,100
LJ500_R078_C076,699250,9540250,2023,3,2023-03,70.84,142.49,194.93,14.02,20,8,28,100,1,0.2837,0.6364,100
LJ500_R079_C076,699250,9540750,2023,3,2023-03,70.84,142.49,194.93,14.02,20,8,28,100,1,0.3011,0.67,100
LJ500_R093_C071,696750,9547750,2023,3,2023-03,83.49,130.61,179.04,49.15,25,3,28,100,1,0.7177,1.2901,100
LJ500_R093_C073,697750,9547750,2023,3,2023-03,83.49,130.61,179.04,49.15,25,3,28,100,1,0.787,1.3153,100
LJ500_R096_C074,698250,9549250,2023,3,2023-03,83.49,130.61,179.04,49.15,25,3,28,100,1,0.7832,1.1961,100
LJ500_R098_C085,703750,9550250,2023,3,2023-03,85.24,138.45,196.58,34.43,24,4,28,100,1,0.585,1.101,100
LJ500_R101_C091,706750,9551750,2023,3,2023-03,84.89,123.02,185.45,14.77,19,9,28,100,1,0.4911,0.97,100
LJ500_R106_C080,701250,9554250,2023,3,2023-03,90.18,155.67,222.83,74.86,26,2,28,100,1,0.1454,0.35,100
LJ500_R006_C075,698750,9504250,2023,4,2023-04,519.74,621.13,744.99,88.82,18,13,31,100,1,0.9245,1.63,100
LJ500_R011_C068,695250,9506750,2023,4,2023-04,519.74,621.13,744.99,88.82,18,13,31,100,1,0.9075,2.3786,100
LJ500_R012_C055,688750,9507250,2023,4,2023-04,464.76,567.64,620.27,92.09,21,10,31,100,1,0.9781,4.111,100
LJ500_R020_C061,691750,9511250,2023,4,2023-04,471.53,574.02,627.04,85.41,19,12,31,100,1,0.7687,1.42,100
LJ500_R033_C056,689250,9517750,2023,4,2023-04,446.97,549.52,622.38,75.8,19,12,31,100,1,0.8848,2.29,100
LJ500_R035_C085,703750,9518750,2023,4,2023-04,460.28,568.82,729.09,81.5,17.13,13.87,31,100,1,0.28,0.6003,100
LJ500_R039_C072,697250,9520750,2023,4,2023-04,451.32,548.3,659.85,110.89,19,12,31,100,1,0.3035,0.5125,100
LJ500_R040_C060,691250,9521250,2023,4,2023-04,417.98,514.72,558.61,82.32,16,15,31,100,1,0.3118,0.5735,100
LJ500_R041_C061,691750,9521750,2023,4,2023-04,417.98,514.72,558.61,82.32,16,15,31,100,1,0.2968,0.54,100
LJ500_R043_C058,690250,9522750,2023,4,2023-04,417.98,514.72,558.61,82.32,16,15,31,100,1,0.298,0.5699,100
LJ500_R045_C083,702750,9523750,2023,4,2023-04,429.27,532.4,668.75,105.35,18,13,31,100,1,0.2347,0.4017,100
LJ500_R046_C064,693250,9524250,2023,4,2023-04,417.62,514.24,558.32,81.99,16,15,31,100,1,0.2841,0.5003,100
LJ500_R048_C071,696750,9525250,2023,4,2023-04,423.73,513.26,620.52,80.56,19,12,31,100,1,0.2577,0.4273,100
LJ500_R050_C095,708750,9526250,2023,4,2023-04,393.82,489.48,567.5,108.08,19,12,31,100,1,0.5537,1.3687,100
LJ500_R056_C049,685750,9529250,2023,4,2023-04,447.78,549.84,618.99,88.71,18,13,31,100,1,0.2566,0.6277,100
LJ500_R058_C079,700750,9530250,2023,4,2023-04,343.55,425.29,510.09,75.77,18,13,31,100,1,0.1955,0.3538,100
LJ500_R063_C060,691250,9532750,2023,4,2023-04,387.51,466.8,530.36,70.66,17,14,31,100,1,0.2055,0.4244,100
LJ500_R064_C084,703250,9533250,2023,4,2023-04,343.18,424.84,509.39,75.57,18,13,31,100,1,0.55,1.3895,100
LJ500_R069_C057,689750,9535750,2023,4,2023-04,370.74,447.36,523.22,81.05,18.77,12.23,31,100,1,0.2021,0.4157,100
LJ500_R072_C062,692250,9537250,2023,4,2023-04,368.54,444.81,522.28,82.41,19,12,31,100,1,0.1728,0.3797,100
LJ500_R072_C095,708750,9537250,2023,4,2023-04,336.19,421.58,475.95,68.13,17,14,31,100,1,0.4794,1.5363,100
LJ500_R074_C074,698250,9538250,2023,4,2023-04,315.16,386,457.65,78.56,17,14,31,100,1,0.1841,0.4788,100
LJ500_R078_C076,699250,9540250,2023,4,2023-04,315.16,386,457.65,78.56,17,14,31,100,1,0.182,0.3719,100
LJ500_R079_C076,699250,9540750,2023,4,2023-04,315.16,386,457.65,78.56,17,14,31,100,1,0.1877,0.39,100
LJ500_R093_C071,696750,9547750,2023,4,2023-04,275.89,359.38,406.5,49.77,21,10,31,100,1,0.302,0.7503,100
LJ500_R093_C073,697750,9547750,2023,4,2023-04,275.89,359.38,406.5,49.77,21,10,31,100,1,0.3421,0.8843,100
LJ500_R096_C074,698250,9549250,2023,4,2023-04,275.89,359.38,406.5,49.77,21,10,31,100,1,0.3435,0.9208,100
LJ500_R098_C085,703750,9550250,2023,4,2023-04,270.39,355.63,408.84,42.42,19,12,31,100,1,0.2783,0.7436,100
LJ500_R101_C091,706750,9551750,2023,4,2023-04,264.89,349.78,387.9,39.02,18,13,31,100,1,0.2471,0.83,100
LJ500_R106_C080,701250,9554250,2023,4,2023-04,255.35,345.53,411.02,43.44,19,12,31,100,1,0.12,0.38,100
LJ500_R006_C075,698750,9504250,2023,5,2023-05,407,926.75,1028.13,79.47,18,12,30,100,1,0.7969,1.7314,100
LJ500_R011_C068,695250,9506750,2023,5,2023-05,407,926.75,1028.13,79.47,18,12,30,100,1,0.8852,2.513,100
LJ500_R012_C055,688750,9507250,2023,5,2023-05,371.73,836.5,939.37,68.93,17.75,12.25,30,100,1,1.078,3.0553,100
LJ500_R020_C061,691750,9511250,2023,5,2023-05,375.25,846.78,949.26,72.12,18,12,30,100,1,0.7453,1.41,100
LJ500_R033_C056,689250,9517750,2023,5,2023-05,417.85,864.83,967.37,96.34,18,12,30,100,1,0.99,2.56,100
LJ500_R035_C085,703750,9518750,2023,5,2023-05,387.95,848.23,956.77,82.41,17.13,12.87,30,100,1,0.3026,0.6025,100
LJ500_R039_C072,697250,9520750,2023,5,2023-05,363.35,814.67,911.66,77.16,17,13,30,100,1,0.2836,0.5512,100
LJ500_R040_C060,691250,9521250,2023,5,2023-05,339.69,757.66,854.4,69.14,17,13,30,100,1,0.3254,0.5735,100
LJ500_R041_C061,691750,9521750,2023,5,2023-05,339.69,757.66,854.4,69.14,17,13,30,100,1,0.3233,0.5571,100
LJ500_R043_C058,690250,9522750,2023,5,2023-05,339.69,757.66,854.4,69.14,17,13,30,100,1,0.2977,0.5624,100
LJ500_R045_C083,702750,9523750,2023,5,2023-05,351,780.26,883.4,73.9,18,12,30,100,1,0.2662,0.4811,100
LJ500_R046_C064,693250,9524250,2023,5,2023-05,339.52,757.14,853.76,68.92,17,13,30,100,1,0.2554,0.495,100
LJ500_R048_C071,696750,9525250,2023,5,2023-05,357.55,781.28,870.82,69.55,17,13,30,100,1,0.2739,0.4974,100
LJ500_R050_C095,708750,9526250,2023,5,2023-05,270.16,663.98,759.64,56.7,18,12,30,100,1,0.6095,1.4131,100
LJ500_R056_C049,685750,9529250,2023,5,2023-05,425.79,873.56,975.62,69.55,16,14,30,100,1,0.2103,0.6599,100
LJ500_R058_C079,700750,9530250,2023,5,2023-05,283.19,626.74,708.48,63.15,17.99,12.01,30,100,1,0.1893,0.39,100
LJ500_R063_C060,691250,9532750,2023,5,2023-05,321.74,709.25,788.54,58.24,16,14,30,100,1,0.1703,0.4775,100
LJ500_R064_C084,703250,9533250,2023,5,2023-05,282.89,626.08,707.73,63.15,18,12,30,100,1,0.6205,1.1958,100
LJ500_R069_C057,689750,9535750,2023,5,2023-05,408.2,778.94,855.56,65.07,16,14,30,100,1,0.1469,0.4649,100
LJ500_R072_C062,692250,9537250,2023,5,2023-05,419.56,788.1,864.37,65.97,16,14,30,100,1,0.1289,0.4182,100
LJ500_R072_C095,708750,9537250,2023,5,2023-05,256.49,592.69,678.08,41.83,16,14,30,100,1,0.7396,1.6968,100
LJ500_R074_C074,698250,9538250,2023,5,2023-05,325.07,640.23,711.07,56.28,16,14,30,100,1,0.1917,0.5185,100
LJ500_R078_C076,699250,9540250,2023,5,2023-05,325.07,640.23,711.07,56.28,16,14,30,100,1,0.1812,0.4793,100
LJ500_R079_C076,699250,9540750,2023,5,2023-05,325.07,640.23,711.07,56.28,16,14,30,100,1,0.186,0.5,100
LJ500_R093_C071,696750,9547750,2023,5,2023-05,282.93,558.83,642.31,38.2,17,13,30,100,1,0.3108,0.8901,100
LJ500_R093_C073,697750,9547750,2023,5,2023-05,282.93,558.83,642.31,38.2,17,13,30,100,1,0.3922,1.0177,100
LJ500_R096_C074,698250,9549250,2023,5,2023-05,282.93,558.83,642.31,38.2,17,13,30,100,1,0.4423,1.03,100
LJ500_R098_C085,703750,9550250,2023,5,2023-05,256.79,527.18,612.42,35.75,17,13,30,100,1,0.3248,0.8606,100
LJ500_R101_C091,706750,9551750,2023,5,2023-05,213.71,478.59,563.49,32.12,17,13,30,100,1,0.2987,0.77,100
LJ500_R106_C080,701250,9554250,2023,5,2023-05,265.65,521,611.18,46.01,20,10,30,100,1,0.149,0.34,100
LJ500_R006_C075,698750,9504250,2023,6,2023-06,58.65,465.65,985.4,42.02,29,2,31,100,1,1.1855,1.8957,100
LJ500_R011_C068,695250,9506750,2023,6,2023-06,58.65,465.65,985.4,42.02,29,2,31,100,1,1.0848,2.1896,100
LJ500_R012_C055,688750,9507250,2023,6,2023-06,45.84,417.57,882.34,33.01,29,2,31,100,1,0.9243,2.3501,100
LJ500_R020_C061,691750,9511250,2023,6,2023-06,45.51,420.76,892.29,33.02,29,2,31,100,1,1.0945,1.73,100
LJ500_R033_C056,689250,9517750,2023,6,2023-06,46.61,464.46,911.43,25.65,28,3,31,100,1,1.2681,2.27,100
LJ500_R035_C085,703750,9518750,2023,6,2023-06,58.3,446.25,906.53,41.49,29,2,31,100,1,0.4913,0.7603,100
LJ500_R039_C072,697250,9520750,2023,6,2023-06,32.61,395.96,847.28,21.19,29,2,31,100,1,0.4121,0.6456,100
LJ500_R040_C060,691250,9521250,2023,6,2023-06,26.83,366.52,784.49,18.12,29,2,31,100,1,0.4897,0.7451,100
LJ500_R041_C061,691750,9521750,2023,6,2023-06,26.83,366.52,784.49,18.12,29,2,31,100,1,0.4945,0.7314,100
LJ500_R043_C058,690250,9522750,2023,6,2023-06,26.83,366.52,784.49,18.12,29,2,31,100,1,0.4587,0.7326,100
LJ500_R045_C083,702750,9523750,2023,6,2023-06,44.71,395.7,824.97,30.22,29,2,31,100,1,0.411,0.6047,100
LJ500_R046_C064,693250,9524250,2023,6,2023-06,26.75,366.28,783.9,18.03,28.98,2.0168,31,100,1,0.3725,0.6357,100
LJ500_R048_C071,696750,9525250,2023,6,2023-06,29.69,387.25,810.98,20.48,29,2,31,100,1,0.4243,0.667,100
LJ500_R050_C095,708750,9526250,2023,6,2023-06,31.68,301.84,695.66,21.63,29,2,31,100,1,0.6216,1.8709,100
LJ500_R056_C049,685750,9529250,2023,6,2023-06,22.19,447.98,895.76,12.81,28,3,31,100,1,0.3501,0.6899,100
LJ500_R058_C079,700750,9530250,2023,6,2023-06,22.77,305.96,649.51,15.2,29,2,31,100,1,0.2921,0.4938,100
LJ500_R063_C060,691250,9532750,2023,6,2023-06,20.74,342.48,729.99,11.4,28,3,31,100,1,0.2735,0.5514,100
LJ500_R064_C084,703250,9533250,2023,6,2023-06,22.68,305.57,648.75,15.14,29,2,31,100,1,0.8042,1.67,100
LJ500_R069_C057,689750,9535750,2023,6,2023-06,23.97,432.16,802.9,15.88,28.88,2.1162,31,100,1,0.2258,0.4783,100
LJ500_R072_C062,692250,9537250,2023,6,2023-06,24.39,443.95,812.49,16.47,29,2,31,100,1,0.2023,0.4412,100
LJ500_R072_C095,708750,9537250,2023,6,2023-06,28.81,285.31,621.5,20.28,29,2,31,100,1,0.6943,1.926,100
LJ500_R074_C074,698250,9538250,2023,6,2023-06,13.94,339.01,654.17,9.273,29,2,31,100,1,0.3356,0.6281,100
LJ500_R078_C076,699250,9540250,2023,6,2023-06,13.94,339.01,654.17,9.273,29,2,31,100,1,0.2915,0.6019,100
LJ500_R079_C076,699250,9540750,2023,6,2023-06,13.94,339.01,654.17,9.273,29,2,31,100,1,0.2968,0.62,100
LJ500_R093_C071,696750,9547750,2023,6,2023-06,19.23,302.16,578.05,13.14,29,2,31,100,1,0.4729,0.9404,100
LJ500_R093_C073,697750,9547750,2023,6,2023-06,19.23,302.16,578.05,13.14,29,2,31,100,1,0.5361,1.0196,100
LJ500_R096_C074,698250,9549250,2023,6,2023-06,19.23,302.16,578.05,13.14,29,2,31,100,1,0.5269,1.0795,100
LJ500_R098_C085,703750,9550250,2023,6,2023-06,25.44,282.23,552.62,17.74,29,2,31,100,1,0.3937,0.8668,100
LJ500_R101_C091,706750,9551750,2023,6,2023-06,25.84,239.55,504.43,18.95,29,2,31,100,1,0.3355,0.79,100
LJ500_R106_C080,701250,9554250,2023,6,2023-06,29.98,295.63,550.98,22.04,29,2,31,100,1,0.1242,0.29,100
LJ500_R006_C075,698750,9504250,2023,7,2023-07,27.78,86.43,493.43,9.246,26,4,30,100,1,1.8351,2.8806,100
LJ500_R011_C068,695250,9506750,2023,7,2023-07,27.78,86.43,493.43,9.246,26,4,30,100,1,1.9285,3.0374,100
LJ500_R012_C055,688750,9507250,2023,7,2023-07,18.98,64.82,436.55,8.1267,27,3,30,100,1,1.7978,3.3048,100
LJ500_R020_C061,691750,9511250,2023,7,2023-07,16.93,62.44,437.69,7.1301,27,3,30,100,1,1.586,2.61,100
LJ500_R033_C056,689250,9517750,2023,7,2023-07,19.29,65.89,483.75,7.5433,27,3,30,100,1,2.0577,3.43,100
LJ500_R035_C085,703750,9518750,2023,7,2023-07,31.01,89.31,477.26,9.5676,26,4,30,100,1,0.6207,0.8903,100
LJ500_R039_C072,697250,9520750,2023,7,2023-07,16.27,48.88,412.23,6.2036,27,3,30,100,1,0.6521,0.8625,100
LJ500_R040_C060,691250,9521250,2023,7,2023-07,9.766,36.6,376.29,5.0797,28,2,30,100,1,0.7212,1.1337,100
LJ500_R041_C061,691750,9521750,2023,7,2023-07,9.766,36.6,376.29,5.0797,28,2,30,100,1,0.6996,1.0785,100
LJ500_R043_C058,690250,9522750,2023,7,2023-07,9.766,36.6,376.29,5.0797,28,2,30,100,1,0.6911,1.1203,100
LJ500_R045_C083,702750,9523750,2023,7,2023-07,23.44,68.15,419.14,6.8621,26,4,30,100,1,0.5918,0.7803,100
LJ500_R046_C064,693250,9524250,2023,7,2023-07,9.744,36.5,376.02,5.0673,28,2,30,100,1,0.6067,0.8619,100
LJ500_R048_C071,696750,9525250,2023,7,2023-07,16.18,45.87,403.42,5.7271,27,3,30,100,1,0.6168,0.8964,100
LJ500_R050_C095,708750,9526250,2023,7,2023-07,23.41,55.09,325.25,6.5256,26,4,30,100,1,1.3092,2.1113,100
LJ500_R056_C049,685750,9529250,2023,7,2023-07,7.3424,29.54,455.32,3.9032,28,2,30,100,1,0.5836,1.1781,100
LJ500_R058_C079,700750,9530250,2023,7,2023-07,13.49,36.26,319.45,4.8917,27,3,30,100,1,0.4594,0.6238,100
LJ500_R063_C060,691250,9532750,2023,7,2023-07,9.4976,30.24,351.98,4.943,28,2,30,100,1,0.4431,0.708,100
LJ500_R064_C084,703250,9533250,2023,7,2023-07,13.44,36.11,319.01,4.876,27,3,30,100,1,1.2889,2.1174,100
LJ500_R069_C057,689750,9535750,2023,7,2023-07,13.99,37.96,446.16,5.5542,27.12,2.8838,30,100,1,0.3759,0.6598,100
LJ500_R072_C062,692250,9537250,2023,7,2023-07,14.59,38.98,458.54,5.6346,27,3,30,100,1,0.3238,0.5234,100
LJ500_R072_C095,708750,9537250,2023,7,2023-07,21.89,50.71,307.2,8.1024,27,3,30,100,1,0.9978,2.5138,100
LJ500_R074_C074,698250,9538250,2023,7,2023-07,9.2232,23.17,348.23,5.2034,28,2,30,100,1,0.3699,0.6865,100
LJ500_R078_C076,699250,9540250,2023,7,2023-07,9.2232,23.17,348.23,5.2034,28,2,30,100,1,0.28,0.6719,100
LJ500_R079_C076,699250,9540750,2023,7,2023-07,9.2232,23.17,348.23,5.2034,28,2,30,100,1,0.2847,0.69,100
LJ500_R093_C071,696750,9547750,2023,7,2023-07,14.84,34.06,316.99,5.2728,27,3,30,100,1,0.4402,0.9304,100
LJ500_R093_C073,697750,9547750,2023,7,2023-07,14.84,34.06,316.99,5.2728,27,3,30,100,1,0.5358,0.9988,100
LJ500_R096_C074,698250,9549250,2023,7,2023-07,14.84,34.06,316.99,5.2728,27,3,30,100,1,0.5256,1.1234,100
LJ500_R098_C085,703750,9550250,2023,7,2023-07,21.51,46.96,303.75,7.7996,27,3,30,100,1,0.3186,0.7635,100
LJ500_R101_C091,706750,9551750,2023,7,2023-07,25.77,51.61,265.31,7.351,26,4,30,100,1,0.2487,0.67,100
LJ500_R106_C080,701250,9554250,2023,7,2023-07,32.15,62.13,327.78,8.9751,26,4,30,100,1,0.1587,0.36,100
LJ500_R006_C075,698750,9504250,2023,8,2023-08,34.14,61.92,120.57,12.83,26,5,31,100,1,1.8237,3.0989,100
LJ500_R011_C068,695250,9506750,2023,8,2023-08,34.14,61.92,120.57,12.83,26,5,31,100,1,1.7687,3.8496,100
LJ500_R012_C055,688750,9507250,2023,8,2023-08,27.4,46.38,92.22,27.4,30,1,31,100,1,1.6454,3.5376,100
LJ500_R020_C061,691750,9511250,2023,8,2023-08,27.61,44.54,90.05,11.52,27,4,31,100,1,1.6206,2.64,100
LJ500_R033_C056,689250,9517750,2023,8,2023-08,24,43.29,89.89,24,30,1,31,100,1,1.9665,4.27,100
LJ500_R035_C085,703750,9518750,2023,8,2023-08,34.48,65.49,123.8,34.48,30,1,31,100,1,0.661,0.8834,100
LJ500_R039_C072,697250,9520750,2023,8,2023-08,18.29,34.56,67.17,18.29,30,1,31,100,1,0.6523,0.9425,100
LJ500_R040_C060,691250,9521250,2023,8,2023-08,12.1,21.86,48.7,12.1,30,1,31,100,1,0.7416,1.157,100
LJ500_R041_C061,691750,9521750,2023,8,2023-08,12.1,21.86,48.7,12.1,30,1,31,100,1,0.7269,1.1071,100
LJ500_R043_C058,690250,9522750,2023,8,2023-08,12.1,21.86,48.7,12.1,30,1,31,100,1,0.7052,1.1758,100
LJ500_R045_C083,702750,9523750,2023,8,2023-08,25.64,49.08,93.78,25.64,30,1,31,100,1,0.6233,0.8291,100
LJ500_R046_C064,693250,9524250,2023,8,2023-08,11.99,21.73,48.49,11.99,30,1,31,100,1,0.5974,0.9359,100
LJ500_R048_C071,696750,9525250,2023,8,2023-08,15.27,31.45,61.14,15.27,30,1,31,100,1,0.6512,0.8665,100
LJ500_R050_C095,708750,9526250,2023,8,2023-08,28.71,52.13,83.8,28.71,30,1,31,100,1,0.9951,3.1452,100
LJ500_R056_C049,685750,9529250,2023,8,2023-08,3.2469,10.59,32.78,3.2469,30,1,31,100,1,0.566,1.3158,100
LJ500_R058_C079,700750,9530250,2023,8,2023-08,11.12,24.61,47.38,11.12,30,1,31,100,1,0.4683,0.66,100
LJ500_R063_C060,691250,9532750,2023,8,2023-08,3.3683,12.87,33.61,3.3683,30,1,31,100,1,0.4447,0.7354,100
LJ500_R064_C084,703250,9533250,2023,8,2023-08,11.05,24.49,47.17,11.05,30,1,31,100,1,1.0691,2.9495,100
LJ500_R069_C057,689750,9535750,2023,8,2023-08,8.2683,22.26,46.23,8.2683,30,1,31,100,1,0.3405,0.735,100
LJ500_R072_C062,692250,9537250,2023,8,2023-08,8.9124,23.5,47.89,8.9124,30,1,31,100,1,0.3233,0.5489,100
LJ500_R072_C095,708750,9537250,2023,8,2023-08,23.72,45.62,74.43,23.72,30,1,31,100,1,0.7554,2.5681,100
LJ500_R074_C074,698250,9538250,2023,8,2023-08,2.3661,11.59,25.53,2.3661,30,1,31,100,1,0.3652,0.74,100
LJ500_R078_C076,699250,9540250,2023,8,2023-08,2.3661,11.59,25.53,2.3661,30,1,31,100,1,0.259,0.629,100
LJ500_R079_C076,699250,9540750,2023,8,2023-08,2.3661,11.59,25.53,2.3661,30,1,31,100,1,0.2594,0.66,100
LJ500_R093_C071,696750,9547750,2023,8,2023-08,14.9,29.74,48.96,14.9,30,1,31,100,1,0.3534,1.3108,100
LJ500_R093_C073,697750,9547750,2023,8,2023-08,14.9,29.74,48.96,14.9,30,1,31,100,1,0.4114,1.5903,100
LJ500_R096_C074,698250,9549250,2023,8,2023-08,14.9,29.74,48.96,14.9,30,1,31,100,1,0.3785,1.7142,100
LJ500_R098_C085,703750,9550250,2023,8,2023-08,26.22,47.74,73.18,26.22,30,1,31,100,1,0.2444,1.0992,100
LJ500_R101_C091,706750,9551750,2023,8,2023-08,30.39,56.16,82,30.39,30,1,31,100,1,0.2019,0.96,100
LJ500_R106_C080,701250,9554250,2023,8,2023-08,43.24,75.39,105.37,43.24,30,1,31,100,1,0.1265,0.33,100
LJ500_R006_C075,698750,9504250,2023,9,2023-09,30.28,64.42,92.19,30.28,30,1,31,100,1,1.5786,2.2741,100
LJ500_R011_C068,695250,9506750,2023,9,2023-09,30.28,64.42,92.19,30.28,30,1,31,100,1,1.5013,2.9499,100
LJ500_R012_C055,688750,9507250,2023,9,2023-09,26.33,53.73,72.71,15.39,29,2,31,100,1,1.294,3.4368,100
LJ500_R020_C061,691750,9511250,2023,9,2023-09,26.15,53.75,70.68,15.01,29,2,31,100,1,1.3477,1.94,100
LJ500_R033_C056,689250,9517750,2023,9,2023-09,27.07,51.07,70.35,15.49,28,3,31,100,1,1.6119,3.27,100
LJ500_R035_C085,703750,9518750,2023,9,2023-09,37.53,72.01,103.02,25.24,28,3,31,100,1,0.5967,0.7956,100
LJ500_R039_C072,697250,9520750,2023,9,2023-09,17.88,36.17,52.44,12.13,29,2,31,100,1,0.5696,0.89,100
LJ500_R040_C060,691250,9521250,2023,9,2023-09,16.69,28.79,38.56,11.17,28,3,31,100,1,0.6017,1.0637,100
LJ500_R041_C061,691750,9521750,2023,9,2023-09,16.69,28.79,38.56,11.17,28,3,31,100,1,0.594,1.0142,100
LJ500_R043_C058,690250,9522750,2023,9,2023-09,16.69,28.79,38.56,11.17,28,3,31,100,1,0.5554,1.0452,100
LJ500_R045_C083,702750,9523750,2023,9,2023-09,30.97,56.6,80.04,21.21,28,3,31,100,1,0.5684,0.7791,100
LJ500_R046_C064,693250,9524250,2023,9,2023-09,16.65,28.64,38.39,11.14,28.02,2.9832,31,100,1,0.5083,0.894,100
LJ500_R048_C071,696750,9525250,2023,9,2023-09,16.06,31.33,47.51,10.03,29,2,31,100,1,0.5721,0.8647,100
LJ500_R050_C095,708750,9526250,2023,9,2023-09,32.29,61,84.41,15.1,28,3,31,100,1,0.8018,1.8218,100
LJ500_R056_C049,685750,9529250,2023,9,2023-09,13.32,16.57,23.91,9.1583,28,3,31,100,1,0.3876,0.9794,100
LJ500_R058_C079,700750,9530250,2023,9,2023-09,21.85,32.97,46.46,14.03,28,3,31,100,1,0.4427,0.6376,100
LJ500_R063_C060,691250,9532750,2023,9,2023-09,11.52,14.89,24.39,7.0985,29,2,31,100,1,0.3699,0.7505,100
LJ500_R064_C084,703250,9533250,2023,9,2023-09,21.82,32.87,46.31,14,28,3,31,100,1,0.8916,1.4769,100
LJ500_R069_C057,689750,9535750,2023,9,2023-09,18.81,27.08,41.08,12.16,29,2,31,100,1,0.2667,0.6462,100
LJ500_R072_C062,692250,9537250,2023,9,2023-09,19.77,28.68,43.27,12.83,29,2,31,100,1,0.282,0.6002,100
LJ500_R072_C095,708750,9537250,2023,9,2023-09,38.37,62.09,83.98,21.1,28,3,31,100,1,0.6122,1.7539,100
LJ500_R074_C074,698250,9538250,2023,9,2023-09,11.4,13.77,22.99,7.7916,29,2,31,100,1,0.3103,0.5677,100
LJ500_R078_C076,699250,9540250,2023,9,2023-09,11.4,13.77,22.99,7.7916,29,2,31,100,1,0.2119,0.4422,100
LJ500_R079_C076,699250,9540750,2023,9,2023-09,11.4,13.77,22.99,7.7916,29,2,31,100,1,0.2116,0.45,100
LJ500_R093_C071,696750,9547750,2023,9,2023-09,24.72,39.62,54.45,14.89,29,2,31,100,1,0.3397,0.7004,100
LJ500_R093_C073,697750,9547750,2023,9,2023-09,24.72,39.62,54.45,14.89,29,2,31,100,1,0.3914,0.774,100
LJ500_R096_C074,698250,9549250,2023,9,2023-09,24.72,39.62,54.45,14.89,29,2,31,100,1,0.3602,0.9034,100
LJ500_R098_C085,703750,9550250,2023,9,2023-09,46.21,72.43,93.95,24.51,28,3,31,100,1,0.23,0.5425,100
LJ500_R101_C091,706750,9551750,2023,9,2023-09,50.93,81.32,107.09,27.23,28,3,31,100,1,0.1755,0.53,100
LJ500_R106_C080,701250,9554250,2023,9,2023-09,67.49,110.73,142.88,33.48,28,3,31,100,1,0.1052,0.32,100
LJ500_R006_C075,698750,9504250,2023,10,2023-10,14.98,45.26,79.4,7.4914,28,2,30,100,1,1.5406,2.3598,100
LJ500_R011_C068,695250,9506750,2023,10,2023-10,14.98,45.26,79.4,7.4914,28,2,30,100,1,1.2975,2.2815,100
LJ500_R012_C055,688750,9507250,2023,10,2023-10,18.22,44.55,71.95,9.1097,28,2,30,100,1,1.017,2.1084,100
LJ500_R020_C061,691750,9511250,2023,10,2023-10,18.3,44.44,72.05,9.148,28,2,30,100,1,1.3333,2.01,100
LJ500_R033_C056,689250,9517750,2023,10,2023-10,18.79,45.86,69.86,9.3965,28,2,30,100,1,1.4097,2.41,100
LJ500_R035_C085,703750,9518750,2023,10,2023-10,20.76,58.29,92.77,10.38,28,2,30,100,1,0.681,0.974,100
LJ500_R039_C072,697250,9520750,2023,10,2023-10,15.62,33.5,51.79,6.1568,27,3,30,100,1,0.5685,0.7656,100
LJ500_R040_C060,691250,9521250,2023,10,2023-10,18.03,34.73,46.82,6.9998,27,3,30,100,1,0.5869,0.8719,100
LJ500_R041_C061,691750,9521750,2023,10,2023-10,18.03,34.73,46.82,6.9998,27,3,30,100,1,0.5913,0.8528,100
LJ500_R043_C058,690250,9522750,2023,10,2023-10,18.03,34.73,46.82,6.9998,27,3,30,100,1,0.5327,0.8451,100
LJ500_R045_C083,702750,9523750,2023,10,2023-10,21.96,52.93,78.56,10.98,28,2,30,100,1,0.6195,0.7632,100
LJ500_R046_C064,693250,9524250,2023,10,2023-10,17.99,34.65,46.63,6.9829,27,3,30,100,1,0.4839,0.714,100
LJ500_R048_C071,696750,9525250,2023,10,2023-10,12.98,29.05,44.32,6.4916,28,2,30,100,1,0.6079,0.759,100
LJ500_R050_C095,708750,9526250,2023,10,2023-10,28.61,60.89,89.6,10.38,27,3,30,100,1,0.6479,1.4948,100
LJ500_R056_C049,685750,9529250,2023,10,2023-10,13.71,27.03,30.28,5.2077,27,3,30,100,1,0.31,0.7342,100
LJ500_R058_C079,700750,9530250,2023,10,2023-10,15.59,37.43,48.56,5.2655,27,3,30,100,1,0.4866,0.62,100
LJ500_R063_C060,691250,9532750,2023,10,2023-10,12.18,23.71,27.07,6.0921,28,2,30,100,1,0.3618,0.5443,100
LJ500_R064_C084,703250,9533250,2023,10,2023-10,15.56,37.38,48.43,5.2553,27,3,30,100,1,0.8579,1.4553,100
LJ500_R069_C057,689750,9535750,2023,10,2023-10,12,30.81,39.08,8.7905,28,2,30,100,1,0.2363,0.4379,100
LJ500_R072_C062,692250,9537250,2023,10,2023-10,11.97,31.75,40.66,9.1452,28,2,30,100,1,0.2959,0.4468,100
LJ500_R072_C095,708750,9537250,2023,10,2023-10,24.71,63.07,86.8,6.4142,26,4,30,100,1,0.5957,1.5597,100
LJ500_R074_C074,698250,9538250,2023,10,2023-10,8.9296,20.33,22.7,2.5484,26,4,30,100,1,0.4219,0.6981,100
LJ500_R078_C076,699250,9540250,2023,10,2023-10,8.9296,20.33,22.7,2.5484,26,4,30,100,1,0.3375,0.7045,100
LJ500_R079_C076,699250,9540750,2023,10,2023-10,8.9296,20.33,22.7,2.5484,26,4,30,100,1,0.3393,0.72,100
LJ500_R093_C071,696750,9547750,2023,10,2023-10,14.89,39.6,54.5,6.6231,27,3,30,100,1,0.4833,0.9303,100
LJ500_R093_C073,697750,9547750,2023,10,2023-10,14.89,39.6,54.5,6.6231,27,3,30,100,1,0.512,0.9038,100
LJ500_R096_C074,698250,9549250,2023,10,2023-10,14.89,39.6,54.5,6.6231,27,3,30,100,1,0.4362,0.8422,100
LJ500_R098_C085,703750,9550250,2023,10,2023-10,20.7,66.91,93.13,11.27,28,2,30,100,1,0.3431,0.7438,100
LJ500_R101_C091,706750,9551750,2023,10,2023-10,28.03,78.95,109.34,14.61,28,2,30,100,1,0.2513,0.61,100
LJ500_R106_C080,701250,9554250,2023,10,2023-10,25.56,93.05,136.29,9.1875,26,4,30,100,1,0.122,0.34,100
LJ500_R006_C075,698750,9504250,2023,11,2023-11,97.41,112.39,142.66,15.63,18,13,31,100,1,1.114,1.7908,100
LJ500_R011_C068,695250,9506750,2023,11,2023-11,97.41,112.39,142.66,15.63,18,13,31,100,1,1.1371,2.2111,100
LJ500_R012_C055,688750,9507250,2023,11,2023-11,96.79,115.01,141.34,15.81,18.51,12.49,31,100,1,1.2146,4.0099,100
LJ500_R020_C061,691750,9511250,2023,11,2023-11,107.04,125.34,151.49,13.63,18,13,31,100,1,0.9448,1.44,100
LJ500_R033_C056,689250,9517750,2023,11,2023-11,103.74,122.53,149.6,15.83,20,11,31,100,1,1.2335,2.09,100
LJ500_R035_C085,703750,9518750,2023,11,2023-11,99.54,120.31,157.83,16.27,20,11,31,100,1,0.4838,0.9009,100
LJ500_R039_C072,697250,9520750,2023,11,2023-11,89.92,105.54,123.42,13.93,19,12,31,100,1,0.4808,0.7688,100
LJ500_R040_C060,691250,9521250,2023,11,2023-11,98.02,116.05,132.75,14.48,18,13,31,100,1,0.4638,0.7884,100
LJ500_R041_C061,691750,9521750,2023,11,2023-11,98.02,116.05,132.75,14.48,18,13,31,100,1,0.4574,0.78,100
LJ500_R043_C058,690250,9522750,2023,11,2023-11,98.02,116.05,132.75,14.48,18,13,31,100,1,0.4249,0.7372,100
LJ500_R045_C083,702750,9523750,2023,11,2023-11,93.71,115.67,146.63,16.62,20,11,31,100,1,0.4861,0.7805,100
LJ500_R046_C064,693250,9524250,2023,11,2023-11,97.9,115.89,132.54,14.46,18,13,31,100,1,0.4247,0.7188,100
LJ500_R048_C071,696750,9525250,2023,11,2023-11,82.22,95.2,111.26,14.5,19,12,31,100,1,0.4885,0.8378,100
LJ500_R050_C095,708750,9526250,2023,11,2023-11,107.7,136.31,168.59,15.79,17,14,31,100,1,0.7139,1.593,100
LJ500_R056_C049,685750,9529250,2023,11,2023-11,78.93,92.64,105.96,11.63,18,13,31,100,1,0.297,0.5856,100
LJ500_R058_C079,700750,9530250,2023,11,2023-11,81.69,97.28,119.12,13.06,18,13,31,100,1,0.4084,0.7076,100
LJ500_R063_C060,691250,9532750,2023,11,2023-11,77.64,89.83,101.35,11.28,17,14,31,100,1,0.3307,0.6719,100
LJ500_R064_C084,703250,9533250,2023,11,2023-11,81.65,97.21,119.02,13.06,18,13,31,100,1,0.7773,1.61,100
LJ500_R069_C057,689750,9535750,2023,11,2023-11,78.9,90.9,109.71,12.61,18.77,12.23,31,100,1,0.2601,0.5322,100
LJ500_R072_C062,692250,9537250,2023,11,2023-11,79.06,91.04,110.81,12.79,19,12,31,100,1,0.2942,0.6263,100
LJ500_R072_C095,708750,9537250,2023,11,2023-11,112.38,137.09,175.46,14.93,17,14,31,100,1,0.7048,1.8885,100
LJ500_R074_C074,698250,9538250,2023,11,2023-11,61.79,70.72,82.12,9.5174,19,12,31,100,1,0.3709,0.7015,100
LJ500_R078_C076,699250,9540250,2023,11,2023-11,61.79,70.72,82.12,9.5174,19,12,31,100,1,0.3228,0.6893,100
LJ500_R079_C076,699250,9540750,2023,11,2023-11,61.79,70.72,82.12,9.5174,19,12,31,100,1,0.3258,0.71,100
LJ500_R093_C071,696750,9547750,2023,11,2023-11,82.04,96.92,121.64,14.54,18,13,31,100,1,0.495,1.0501,100
LJ500_R093_C073,697750,9547750,2023,11,2023-11,82.04,96.92,121.64,14.54,18,13,31,100,1,0.5719,1.1307,100
LJ500_R096_C074,698250,9549250,2023,11,2023-11,82.04,96.92,121.64,14.54,18,13,31,100,1,0.6082,1.1925,100
LJ500_R098_C085,703750,9550250,2023,11,2023-11,94.93,115.63,161.84,16.43,19,12,31,100,1,0.4248,1.0936,100
LJ500_R101_C091,706750,9551750,2023,11,2023-11,110.54,138.56,189.49,17.96,19,12,31,100,1,0.3545,1.09,100
LJ500_R106_C080,701250,9554250,2023,11,2023-11,111.55,137.11,204.6,22.95,19,12,31,100,1,0.2213,0.79,100
LJ500_R006_C075,698750,9504250,2023,12,2023-12,79.2,176.6,191.59,17.66,23,7,30,100,1,1.0752,1.907,100
LJ500_R011_C068,695250,9506750,2023,12,2023-12,79.2,176.6,191.59,17.66,23,7,30,100,1,0.7103,1.6604,100
LJ500_R012_C055,688750,9507250,2023,12,2023-12,81.5,178.29,196.51,21.72,23.25,6.746,30,100,1,0.77,1.7901,100
LJ500_R020_C061,691750,9511250,2023,12,2023-12,83.11,190.15,208.45,19.26,23,7,30,100,1,1.015,1.71,100
LJ500_R033_C056,689250,9517750,2023,12,2023-12,95.99,199.73,218.52,25.08,23,7,30,100,1,1.022,1.86,100
LJ500_R035_C085,703750,9518750,2023,12,2023-12,97.9,197.44,218.2,21.11,22.87,7.1253,30,100,1,0.5253,0.8903,100
LJ500_R039_C072,697250,9520750,2023,12,2023-12,88.05,177.98,193.59,21.42,23,7,30,100,1,0.3945,0.71,100
LJ500_R040_C060,691250,9521250,2023,12,2023-12,87.47,185.49,203.52,26.56,23,7,30,100,1,0.4183,0.7833,100
LJ500_R041_C061,691750,9521750,2023,12,2023-12,87.47,185.49,203.52,26.56,23,7,30,100,1,0.4283,0.7943,100
LJ500_R043_C058,690250,9522750,2023,12,2023-12,87.47,185.49,203.52,26.56,23,7,30,100,1,0.3871,0.7354,100
LJ500_R045_C083,702750,9523750,2023,12,2023-12,93.43,187.14,209.1,22.14,22,8,30,100,1,0.3937,0.756,100
LJ500_R046_C064,693250,9524250,2023,12,2023-12,87.46,185.36,203.35,26.56,22.98,7.0168,30,100,1,0.3409,0.6428,100
LJ500_R048_C071,696750,9525250,2023,12,2023-12,88.71,170.93,183.91,22.27,22,8,30,100,1,0.3878,0.7735,100
LJ500_R050_C095,708750,9526250,2023,12,2023-12,104.46,212.16,240.77,25.09,21,9,30,100,1,0.4419,1.3548,100
LJ500_R056_C049,685750,9529250,2023,12,2023-12,80.34,159.27,172.98,19.21,23,7,30,100,1,0.2928,0.5901,100
LJ500_R058_C079,700750,9530250,2023,12,2023-12,79.44,161.13,176.72,17.67,21,9,30,100,1,0.2977,0.61,100
LJ500_R063_C060,691250,9532750,2023,12,2023-12,78.16,155.8,167.98,15.14,22,8,30,100,1,0.2519,0.5396,100
LJ500_R064_C084,703250,9533250,2023,12,2023-12,79.34,160.99,176.55,17.63,21,9,30,100,1,0.7469,1.4342,100
LJ500_R069_C057,689750,9535750,2023,12,2023-12,76.26,155.16,167.16,15.34,21.12,8.8838,30,100,1,0.2038,0.4224,100
LJ500_R072_C062,692250,9537250,2023,12,2023-12,76.01,155.07,167.05,15.37,21,9,30,100,1,0.2048,0.4656,100
LJ500_R072_C095,708750,9537250,2023,12,2023-12,86.06,198.44,223.15,19.69,20,10,30,100,1,0.6446,2.1372,100
LJ500_R074_C074,698250,9538250,2023,12,2023-12,73.85,135.63,144.56,15.12,20,10,30,100,1,0.3864,0.8115,100
LJ500_R078_C076,699250,9540250,2023,12,2023-12,73.85,135.63,144.56,15.12,20,10,30,100,1,0.3665,0.7519,100
LJ500_R079_C076,699250,9540750,2023,12,2023-12,73.85,135.63,144.56,15.12,20,10,30,100,1,0.3753,0.77,100
LJ500_R093_C071,696750,9547750,2023,12,2023-12,66.13,148.17,163.05,12.07,20,10,30,100,1,0.6149,1.1603,100
LJ500_R093_C073,697750,9547750,2023,12,2023-12,66.13,148.17,163.05,12.07,20,10,30,100,1,0.6694,1.1826,100
LJ500_R096_C074,698250,9549250,2023,12,2023-12,66.13,148.17,163.05,12.07,20,10,30,100,1,0.6599,1.1331,100
LJ500_R098_C085,703750,9550250,2023,12,2023-12,69.07,164,184.69,13.27,20,10,30,100,1,0.496,0.9628,100
LJ500_R101_C091,706750,9551750,2023,12,2023-12,76.1,186.63,214.66,14.72,20,10,30,100,1,0.4117,0.82,100
LJ500_R106_C080,701250,9554250,2023,12,2023-12,68,179.55,205.11,11.22,21,9,30,100,1,0.209,0.46,100
LJ500_R006_C075,698750,9504250,2024,1,2024-01,92.67,171.87,269.28,22.88,24,7,31,100,1,1.0905,2.1672,100
LJ500_R011_C068,695250,9506750,2024,1,2024-01,92.67,171.87,269.28,22.88,24,7,31,100,1,0.7146,1.9015,100
LJ500_R012_C055,688750,9507250,2024,1,2024-01,74.47,155.97,252.76,19.97,23.75,7.254,31,100,1,0.5915,1.4597,100
LJ500_R020_C061,691750,9511250,2024,1,2024-01,80.39,163.5,270.55,20.33,24,7,31,100,1,1.0252,1.82,100
LJ500_R033_C056,689250,9517750,2024,1,2024-01,81.53,177.52,281.26,21.37,22,9,31,100,1,1.05,1.93,100
LJ500_R035_C085,703750,9518750,2024,1,2024-01,108.5,206.4,305.95,31.53,23,8,31,100,1,0.5405,1.035,100
LJ500_R039_C072,697250,9520750,2024,1,2024-01,89.23,177.28,267.21,24.5,23,8,31,100,1,0.325,0.6356,100
LJ500_R040_C060,691250,9521250,2024,1,2024-01,74.11,161.58,259.6,18.66,22,9,31,100,1,0.3517,0.6865,100
LJ500_R041_C061,691750,9521750,2024,1,2024-01,74.11,161.58,259.6,18.66,22,9,31,100,1,0.3723,0.7029,100
LJ500_R043_C058,690250,9522750,2024,1,2024-01,74.11,161.58,259.6,18.66,22,9,31,100,1,0.3304,0.6481,100
LJ500_R045_C083,702750,9523750,2024,1,2024-01,100.09,193.53,287.23,27.53,23,8,31,100,1,0.3357,0.6571,100
LJ500_R046_C064,693250,9524250,2024,1,2024-01,74.17,161.63,259.52,18.75,22.03,8.9665,31,100,1,0.2769,0.5689,100
LJ500_R048_C071,696750,9525250,2024,1,2024-01,85.48,174.19,256.41,29.11,24,7,31,100,1,0.3082,0.6396,100
LJ500_R050_C095,708750,9526250,2024,1,2024-01,102.95,207.41,315.11,35.24,24,7,31,100,1,0.5009,1.1482,100
LJ500_R056_C049,685750,9529250,2024,1,2024-01,76.64,156.98,235.91,25.56,25,6,31,100,1,0.2755,0.5476,100
LJ500_R058_C079,700750,9530250,2024,1,2024-01,81.71,161.15,242.84,28.28,24.99,6.0076,31,100,1,0.2359,0.5062,100
LJ500_R063_C060,691250,9532750,2024,1,2024-01,77.33,155.48,233.13,23.91,25,6,31,100,1,0.1952,0.4448,100
LJ500_R064_C084,703250,9533250,2024,1,2024-01,81.62,160.97,242.61,28.24,25,6,31,100,1,0.8537,1.5284,100
LJ500_R069_C057,689750,9535750,2024,1,2024-01,78.76,155.02,233.91,25.1,24.12,6.8838,31,100,1,0.1599,0.4146,100
LJ500_R072_C062,692250,9537250,2024,1,2024-01,78.94,154.95,234.02,25.26,24,7,31,100,1,0.1492,0.3612,100
LJ500_R072_C095,708750,9537250,2024,1,2024-01,92.86,178.91,291.3,28.02,24,7,31,100,1,0.6974,1.7116,100
LJ500_R074_C074,698250,9538250,2024,1,2024-01,69.67,143.51,205.3,23.5,24,7,31,100,1,0.3832,0.77,100
LJ500_R078_C076,699250,9540250,2024,1,2024-01,69.67,143.51,205.3,23.5,24,7,31,100,1,0.3856,0.7815,100
LJ500_R079_C076,699250,9540750,2024,1,2024-01,69.67,143.51,205.3,23.5,24,7,31,100,1,0.3997,0.81,100
LJ500_R093_C071,696750,9547750,2024,1,2024-01,70.3,136.43,218.47,25.48,24,7,31,100,1,0.6912,1.3403,100
LJ500_R093_C073,697750,9547750,2024,1,2024-01,70.3,136.43,218.47,25.48,24,7,31,100,1,0.7549,1.3762,100
LJ500_R096_C074,698250,9549250,2024,1,2024-01,70.3,136.43,218.47,25.48,24,7,31,100,1,0.7485,1.3,100
LJ500_R098_C085,703750,9550250,2024,1,2024-01,82.89,151.95,246.88,32.12,24,7,31,100,1,0.6003,1.1852,100
LJ500_R101_C091,706750,9551750,2024,1,2024-01,88.02,164.12,274.65,33.01,24,7,31,100,1,0.5171,1.03,100
LJ500_R106_C080,701250,9554250,2024,1,2024-01,93.67,161.66,273.21,36.52,24,7,31,100,1,0.1861,0.47,100
LJ500_R006_C075,698750,9504250,2024,2,2024-02,111.9,204.57,283.77,20.58,23,8,31,100,1,0.9904,2.0924,100
LJ500_R011_C068,695250,9506750,2024,2,2024-02,111.9,204.57,283.77,20.58,23,8,31,100,1,0.6362,1.6128,100
LJ500_R012_C055,688750,9507250,2024,2,2024-02,49.89,124.36,205.86,15.23,25.25,5.746,31,100,1,0.7673,2.2407,100
LJ500_R020_C061,691750,9511250,2024,2,2024-02,48.52,128.91,212.02,15.57,26,5,31,100,1,0.9826,1.96,100
LJ500_R033_C056,689250,9517750,2024,2,2024-02,63.78,145.31,241.3,20.29,26,5,31,100,1,0.9848,1.74,100
LJ500_R035_C085,703750,9518750,2024,2,2024-02,138.96,247.47,345.36,33.1,24,7,31,100,1,0.4716,0.9481,100
LJ500_R039_C072,697250,9520750,2024,2,2024-02,91.68,180.91,268.97,26.71,25,6,31,100,1,0.268,0.5781,100
LJ500_R040_C060,691250,9521250,2024,2,2024-02,40.06,114.17,201.64,11.66,24,7,31,100,1,0.3256,0.6463,100
LJ500_R041_C061,691750,9521750,2024,2,2024-02,40.06,114.17,201.64,11.66,24,7,31,100,1,0.3477,0.6844,100
LJ500_R043_C058,690250,9522750,2024,2,2024-02,40.06,114.17,201.64,11.66,24,7,31,100,1,0.3121,0.6442,100
LJ500_R045_C083,702750,9523750,2024,2,2024-02,113.16,213.26,306.69,31.04,24,7,31,100,1,0.2587,0.4934,100
LJ500_R046_C064,693250,9524250,2024,2,2024-02,40.31,114.48,201.93,11.73,24,7,31,100,1,0.2421,0.5002,100
LJ500_R048_C071,696750,9525250,2024,2,2024-02,93.45,178.93,267.64,28.79,24,7,31,100,1,0.2489,0.4495,100
LJ500_R050_C095,708750,9526250,2024,2,2024-02,73.73,176.68,281.14,16.07,23,8,31,100,1,0.3911,1.0279,100
LJ500_R056_C049,685750,9529250,2024,2,2024-02,63.55,140.19,220.53,17.71,25,6,31,100,1,0.3029,0.7566,100
LJ500_R058_C079,700750,9530250,2024,2,2024-02,73.34,155.05,234.49,18.51,22.01,8.9924,31,100,1,0.1654,0.3462,100
LJ500_R063_C060,691250,9532750,2024,2,2024-02,60.7,138.02,216.18,16.16,23,8,31,100,1,0.1703,0.3795,100
LJ500_R064_C084,703250,9533250,2024,2,2024-02,73.15,154.77,234.12,18.45,22,9,31,100,1,0.6958,1.3674,100
LJ500_R069_C057,689750,9535750,2024,2,2024-02,76.14,154.89,231.15,19.56,22.12,8.8838,31,100,1,0.1642,0.3527,100
LJ500_R072_C062,692250,9537250,2024,2,2024-02,78.17,157.11,233.12,20.01,22,9,31,100,1,0.1248,0.3594,100
LJ500_R072_C095,708750,9537250,2024,2,2024-02,57.1,149.95,236.01,14.41,23,8,31,100,1,0.8784,2.6151,100
LJ500_R074_C074,698250,9538250,2024,2,2024-02,69.68,139.35,213.19,17.18,22,9,31,100,1,0.3581,0.7465,100
LJ500_R078_C076,699250,9540250,2024,2,2024-02,69.68,139.35,213.19,17.18,22,9,31,100,1,0.3727,0.809,100
LJ500_R079_C076,699250,9540750,2024,2,2024-02,69.68,139.35,213.19,17.18,22,9,31,100,1,0.3858,0.84,100
LJ500_R093_C071,696750,9547750,2024,2,2024-02,48.78,119.08,185.21,13.69,24,7,31,100,1,0.6985,1.3801,100
LJ500_R093_C073,697750,9547750,2024,2,2024-02,48.78,119.08,185.21,13.69,24,7,31,100,1,0.7395,1.3484,100
LJ500_R096_C074,698250,9549250,2024,2,2024-02,48.78,119.08,185.21,13.69,24,7,31,100,1,0.6865,1.1269,100
LJ500_R098_C085,703750,9550250,2024,2,2024-02,54.41,137.29,206.36,11.02,22,9,31,100,1,0.5731,1.1865,100
LJ500_R101_C091,706750,9551750,2024,2,2024-02,42.05,130.07,206.17,12.79,23,8,31,100,1,0.481,1.07,100
LJ500_R106_C080,701250,9554250,2024,2,2024-02,64.51,158.18,226.17,22.02,25,6,31,100,1,0.1948,0.48,100
LJ500_R006_C075,698750,9504250,2024,3,2024-03,113.36,225.26,317.93,36.79,25,4,29,100,1,1.136,2.1993,100
LJ500_R011_C068,695250,9506750,2024,3,2024-03,113.36,225.26,317.93,36.79,25,4,29,100,1,1.0083,2.1545,100
LJ500_R012_C055,688750,9507250,2024,3,2024-03,117.84,167.73,242.2,40.06,23.75,5.254,29,100,1,0.8875,2.523,100
LJ500_R020_C061,691750,9511250,2024,3,2024-03,114.69,163.21,243.6,40.42,23,6,29,100,1,0.9803,1.97,100
LJ500_R033_C056,689250,9517750,2024,3,2024-03,117.96,181.74,263.27,40.13,24,5,29,100,1,1.1128,2,100
LJ500_R035_C085,703750,9518750,2024,3,2024-03,115.42,254.38,362.89,37.12,23.87,5.1253,29,100,1,0.4161,0.984,100
LJ500_R039_C072,697250,9520750,2024,3,2024-03,110.82,202.5,291.74,33.13,24,5,29,100,1,0.3751,0.7981,100
LJ500_R040_C060,691250,9521250,2024,3,2024-03,115.54,155.6,229.71,36.35,23,6,29,100,1,0.3841,0.6433,100
LJ500_R041_C061,691750,9521750,2024,3,2024-03,115.54,155.6,229.71,36.35,23,6,29,100,1,0.3799,0.6486,100
LJ500_R043_C058,690250,9522750,2024,3,2024-03,115.54,155.6,229.71,36.35,23,6,29,100,1,0.3618,0.6365,100
LJ500_R045_C083,702750,9523750,2024,3,2024-03,116.64,229.8,329.89,32.11,23,6,29,100,1,0.3244,0.6882,100
LJ500_R046_C064,693250,9524250,2024,3,2024-03,115.44,155.74,229.91,36.3,23.02,5.9832,29,100,1,0.3372,0.6845,100
LJ500_R048_C071,696750,9525250,2024,3,2024-03,106.66,200.11,285.58,32.46,25,4,29,100,1,0.3239,0.6256,100
LJ500_R050_C095,708750,9526250,2024,3,2024-03,106.6,180.33,283.28,32.89,24,5,29,100,1,0.6966,1.8492,100
LJ500_R056_C049,685750,9529250,2024,3,2024-03,129.66,193.21,269.85,41.3,24,5,29,100,1,0.2988,0.6746,100
LJ500_R058_C079,700750,9530250,2024,3,2024-03,92.66,166,247.7,27.57,24,5,29,100,1,0.252,0.54,100
LJ500_R063_C060,691250,9532750,2024,3,2024-03,100.5,161.19,238.52,29.44,23,6,29,100,1,0.2285,0.4319,100
LJ500_R064_C084,703250,9533250,2024,3,2024-03,92.57,165.72,247.34,27.55,24,5,29,100,1,0.8059,1.4826,100
LJ500_R069_C057,689750,9535750,2024,3,2024-03,91.9,168.03,246.79,26.12,23.88,5.1162,29,100,1,0.2115,0.4655,100
LJ500_R072_C062,692250,9537250,2024,3,2024-03,90.77,168.93,247.88,25.68,24,5,29,100,1,0.1789,0.3979,100
LJ500_R072_C095,708750,9537250,2024,3,2024-03,95.45,152.55,245.41,24.14,23,6,29,100,1,0.7377,2.0053,100
LJ500_R074_C074,698250,9538250,2024,3,2024-03,81.45,151.13,220.79,22.5,23,6,29,100,1,0.2453,0.5981,100
LJ500_R078_C076,699250,9540250,2024,3,2024-03,81.45,151.13,220.79,22.5,23,6,29,100,1,0.2252,0.4919,100
LJ500_R079_C076,699250,9540750,2024,3,2024-03,81.45,151.13,220.79,22.5,23,6,29,100,1,0.2314,0.51,100
LJ500_R093_C071,696750,9547750,2024,3,2024-03,112.13,160.91,231.21,31.1,23,6,29,100,1,0.4306,1.0006,100
LJ500_R093_C073,697750,9547750,2024,3,2024-03,112.13,160.91,231.21,31.1,23,6,29,100,1,0.5097,1.0727,100
LJ500_R096_C074,698250,9549250,2024,3,2024-03,112.13,160.91,231.21,31.1,23,6,29,100,1,0.5415,1.02,100
LJ500_R098_C085,703750,9550250,2024,3,2024-03,102.81,157.21,240.1,28.47,23,6,29,100,1,0.3745,0.8457,100
LJ500_R101_C091,706750,9551750,2024,3,2024-03,100.69,142.74,230.76,28.43,23,6,29,100,1,0.3207,0.73,100
LJ500_R106_C080,701250,9554250,2024,3,2024-03,132.75,197.26,290.93,32.87,22,7,29,100,1,0.1497,0.38,100
LJ500_R006_C075,698750,9504250,2024,4,2024-04,119.26,232.63,344.52,72.75,28,3,31,100,1,0.9666,1.7227,100
LJ500_R011_C068,695250,9506750,2024,4,2024-04,119.26,232.63,344.52,72.75,28,3,31,100,1,0.8015,1.6722,100
LJ500_R012_C055,688750,9507250,2024,4,2024-04,105.7,223.54,273.43,49.32,26.75,4.254,31,100,1,0.7214,1.7523,100
LJ500_R020_C061,691750,9511250,2024,4,2024-04,120.58,235.27,283.79,50.89,27,4,31,100,1,0.8913,1.48,100
LJ500_R033_C056,689250,9517750,2024,4,2024-04,123.23,241.19,304.97,32.92,25,6,31,100,1,0.9939,1.84,100
LJ500_R035_C085,703750,9518750,2024,4,2024-04,134.59,250.01,388.97,45,25.13,5.8747,31,100,1,0.3608,0.7756,100
LJ500_R039_C072,697250,9520750,2024,4,2024-04,130.04,240.86,332.55,52.81,26,5,31,100,1,0.2613,0.5368,100
LJ500_R040_C060,691250,9521250,2024,4,2024-04,115.92,231.46,271.52,41.42,26,5,31,100,1,0.3141,0.573,100
LJ500_R041_C061,691750,9521750,2024,4,2024-04,115.92,231.46,271.52,41.42,26,5,31,100,1,0.3175,0.6058,100
LJ500_R043_C058,690250,9522750,2024,4,2024-04,115.92,231.46,271.52,41.42,26,5,31,100,1,0.2987,0.5464,100
LJ500_R045_C083,702750,9523750,2024,4,2024-04,127.81,244.45,357.61,51.17,26,5,31,100,1,0.2306,0.4602,100
LJ500_R046_C064,693250,9524250,2024,4,2024-04,115.8,231.24,271.54,41.56,26,5,31,100,1,0.243,0.4746,100
LJ500_R048_C071,696750,9525250,2024,4,2024-04,119.49,226.14,319.59,53.8,26,5,31,100,1,0.2475,0.4495,100
LJ500_R050_C095,708750,9526250,2024,4,2024-04,119.84,226.44,300.17,41.59,25,6,31,100,1,0.5063,1.4074,100
LJ500_R056_C049,685750,9529250,2024,4,2024-04,118.26,247.92,311.47,74.35,28,3,31,100,1,0.266,0.5807,100
LJ500_R058_C079,700750,9530250,2024,4,2024-04,113.55,206.2,279.55,44.55,25.99,5.0076,31,100,1,0.1685,0.38,100
LJ500_R063_C060,691250,9532750,2024,4,2024-04,109.47,209.96,270.66,68.96,28,3,31,100,1,0.1806,0.3166,100
LJ500_R064_C084,703250,9533250,2024,4,2024-04,113.48,206.04,279.2,44.51,26,5,31,100,1,0.7223,1.5542,100
LJ500_R069_C057,689750,9535750,2024,4,2024-04,107.98,199.88,276.02,54.83,26.23,4.7676,31,100,1,0.161,0.3566,100
LJ500_R072_C062,692250,9537250,2024,4,2024-04,107.79,198.55,276.72,52.98,26,5,31,100,1,0.1381,0.2669,100
LJ500_R072_C095,708750,9537250,2024,4,2024-04,123.76,219.21,276.31,46.45,25,6,31,100,1,0.6655,1.961,100
LJ500_R074_C074,698250,9538250,2024,4,2024-04,105.38,186.83,256.51,56.92,27,4,31,100,1,0.2555,0.5531,100
LJ500_R078_C076,699250,9540250,2024,4,2024-04,105.38,186.83,256.51,56.92,27,4,31,100,1,0.2436,0.5515,100
LJ500_R079_C076,699250,9540750,2024,4,2024-04,105.38,186.83,256.51,56.92,27,4,31,100,1,0.2552,0.58,100
LJ500_R093_C071,696750,9547750,2024,4,2024-04,96.84,208.97,257.75,34.68,24,7,31,100,1,0.5247,1.1703,100
LJ500_R093_C073,697750,9547750,2024,4,2024-04,96.84,208.97,257.75,34.68,24,7,31,100,1,0.594,1.4131,100
LJ500_R096_C074,698250,9549250,2024,4,2024-04,96.84,208.97,257.75,34.68,24,7,31,100,1,0.604,1.6456,100
LJ500_R098_C085,703750,9550250,2024,4,2024-04,108.44,211.24,265.65,39.79,24,7,31,100,1,0.4454,1.0651,100
LJ500_R101_C091,706750,9551750,2024,4,2024-04,110.75,211.44,253.49,45.68,25,6,31,100,1,0.3777,0.93,100
LJ500_R106_C080,701250,9554250,2024,4,2024-04,103.95,236.7,301.21,44.59,26,5,31,100,1,0.1245,0.51,100
LJ500_R006_C075,698750,9504250,2024,5,2024-05,71.64,190.9,304.26,33.12,23,7,30,100,1,0.9479,1.7214,100
LJ500_R011_C068,695250,9506750,2024,5,2024-05,71.64,190.9,304.26,33.12,23,7,30,100,1,0.8031,1.5484,100
LJ500_R012_C055,688750,9507250,2024,5,2024-05,55.34,161.04,278.87,26.14,23.75,6.254,30,100,1,0.7559,1.5113,100
LJ500_R020_C061,691750,9511250,2024,5,2024-05,56.84,177.42,292.12,24.65,23,7,30,100,1,0.885,1.57,100
LJ500_R033_C056,689250,9517750,2024,5,2024-05,59.12,182.36,300.31,26.76,24,6,30,100,1,1.036,1.65,100
LJ500_R035_C085,703750,9518750,2024,5,2024-05,78.04,212.63,328.05,31.97,23.13,6.8747,30,100,1,0.394,0.854,100
LJ500_R039_C072,697250,9520750,2024,5,2024-05,59.76,189.8,300.62,27.22,25,5,30,100,1,0.2442,0.5312,100
LJ500_R040_C060,691250,9521250,2024,5,2024-05,48.85,164.77,280.31,19.58,24,6,30,100,1,0.2935,0.6379,100
LJ500_R041_C061,691750,9521750,2024,5,2024-05,48.85,164.77,280.31,19.58,24,6,30,100,1,0.3052,0.6844,100
LJ500_R043_C058,690250,9522750,2024,5,2024-05,48.85,164.77,280.31,19.58,24,6,30,100,1,0.2721,0.6243,100
LJ500_R045_C083,702750,9523750,2024,5,2024-05,69.38,197.19,313.82,31.67,24,6,30,100,1,0.2325,0.4536,100
LJ500_R046_C064,693250,9524250,2024,5,2024-05,48.78,164.58,280.02,19.73,24.02,5.9832,30,100,1,0.2077,0.4796,100
LJ500_R048_C071,696750,9525250,2024,5,2024-05,54.8,174.28,280.94,34.37,24,6,30,100,1,0.2251,0.4337,100
LJ500_R050_C095,708750,9526250,2024,5,2024-05,62.11,181.96,288.55,28.24,24,6,30,100,1,0.4919,1.2596,100
LJ500_R056_C049,685750,9529250,2024,5,2024-05,55.03,173.29,302.95,17.14,23,7,30,100,1,0.2401,0.665,100
LJ500_R058_C079,700750,9530250,2024,5,2024-05,55.26,168.81,261.46,25.5,23.01,6.9924,30,100,1,0.1447,0.34,100
LJ500_R063_C060,691250,9532750,2024,5,2024-05,49.03,158.5,259,29.55,26,4,30,100,1,0.1371,0.3259,100
LJ500_R064_C084,703250,9533250,2024,5,2024-05,55.18,168.66,261.23,25.39,23,7,30,100,1,0.7293,1.4126,100
LJ500_R069_C057,689750,9535750,2024,5,2024-05,52.8,160.78,252.67,30.99,26,4,30,100,1,0.1183,0.2776,100
LJ500_R072_C062,692250,9537250,2024,5,2024-05,53.29,161.08,251.84,31.18,26,4,30,100,1,0.1032,0.2369,100
LJ500_R072_C095,708750,9537250,2024,5,2024-05,56.55,180.31,275.76,21.28,25,5,30,100,1,0.7407,1.9704,100
LJ500_R074_C074,698250,9538250,2024,5,2024-05,51.86,157.24,238.69,15.61,24,6,30,100,1,0.2475,0.6473,100
LJ500_R078_C076,699250,9540250,2024,5,2024-05,51.86,157.24,238.69,15.61,24,6,30,100,1,0.2424,0.6793,100
LJ500_R079_C076,699250,9540750,2024,5,2024-05,51.86,157.24,238.69,15.61,24,6,30,100,1,0.2527,0.7,100
LJ500_R093_C071,696750,9547750,2024,5,2024-05,41.34,138.18,250.31,22.33,26,4,30,100,1,0.5326,1.1301,100
LJ500_R093_C073,697750,9547750,2024,5,2024-05,41.34,138.18,250.31,22.33,26,4,30,100,1,0.6231,1.1875,100
LJ500_R096_C074,698250,9549250,2024,5,2024-05,41.34,138.18,250.31,22.33,26,4,30,100,1,0.6525,1.1422,100
LJ500_R098_C085,703750,9550250,2024,5,2024-05,43.97,152.41,255.21,23.9,26,4,30,100,1,0.4298,0.9519,100
LJ500_R101_C091,706750,9551750,2024,5,2024-05,43.97,154.72,255.41,12.81,24,6,30,100,1,0.3423,0.84,100
LJ500_R106_C080,701250,9554250,2024,5,2024-05,42.27,146.23,278.97,23.15,26,4,30,100,1,0.138,0.44,100
LJ500_R006_C075,698750,9504250,2024,6,2024-06,44.95,116.58,235.85,25.04,25,6,31,100,1,1.3398,2.2737,100
LJ500_R011_C068,695250,9506750,2024,6,2024-06,44.95,116.58,235.85,25.04,25,6,31,100,1,1.3828,2.6389,100
LJ500_R012_C055,688750,9507250,2024,6,2024-06,34.74,90.08,195.78,19.25,25,6,31,100,1,1.3257,2.8889,100
LJ500_R020_C061,691750,9511250,2024,6,2024-06,34.87,91.72,212.3,18.69,25,6,31,100,1,1.1397,1.82,100
LJ500_R033_C056,689250,9517750,2024,6,2024-06,38.26,97.39,220.62,20.65,25,6,31,100,1,1.4606,2.72,100
LJ500_R035_C085,703750,9518750,2024,6,2024-06,47.66,125.7,260.29,25.04,25.13,5.8747,31,100,1,0.4881,0.7625,100
LJ500_R039_C072,697250,9520750,2024,6,2024-06,29.31,89.06,219.11,16.16,26,5,31,100,1,0.4635,0.8112,100
LJ500_R040_C060,691250,9521250,2024,6,2024-06,24.17,73.02,188.94,13.56,26,5,31,100,1,0.4889,0.7735,100
LJ500_R041_C061,691750,9521750,2024,6,2024-06,24.17,73.02,188.94,13.56,26,5,31,100,1,0.4847,0.7514,100
LJ500_R043_C058,690250,9522750,2024,6,2024-06,24.17,73.02,188.94,13.56,26,5,31,100,1,0.4581,0.7626,100
LJ500_R045_C083,702750,9523750,2024,6,2024-06,39.41,108.78,236.59,22.24,26,5,31,100,1,0.4358,0.6907,100
LJ500_R046_C064,693250,9524250,2024,6,2024-06,24.15,72.93,188.73,13.55,26.02,4.9832,31,100,1,0.4148,0.7399,100
LJ500_R048_C071,696750,9525250,2024,6,2024-06,27.08,81.87,201.36,10.82,27,4,31,100,1,0.4464,0.6956,100
LJ500_R050_C095,708750,9526250,2024,6,2024-06,32.38,94.49,214.34,11.11,27,4,31,100,1,0.8943,2.0779,100
LJ500_R056_C049,685750,9529250,2024,6,2024-06,22.18,77.21,195.47,13.62,27,4,31,100,1,0.3594,0.7271,100
LJ500_R058_C079,700750,9530250,2024,6,2024-06,23.85,79.11,192.66,15.08,26.99,4.0076,31,100,1,0.3414,0.5838,100
LJ500_R063_C060,691250,9532750,2024,6,2024-06,21.71,70.74,180.21,14.42,27,4,31,100,1,0.3097,0.5432,100
LJ500_R064_C084,703250,9533250,2024,6,2024-06,23.77,78.96,192.44,15.12,27,4,31,100,1,0.9377,1.7411,100
LJ500_R069_C057,689750,9535750,2024,6,2024-06,23.77,76.57,184.55,11.27,27,4,31,100,1,0.2608,0.5429,100
LJ500_R072_C062,692250,9537250,2024,6,2024-06,24.04,77.33,185.12,10.86,27,4,31,100,1,0.2481,0.4649,100
LJ500_R072_C095,708750,9537250,2024,6,2024-06,28.7,85.25,209.01,18.26,27,4,31,100,1,0.706,1.8657,100
LJ500_R074_C074,698250,9538250,2024,6,2024-06,13.67,65.54,170.92,6.4057,28,3,31,100,1,0.2978,0.5742,100
LJ500_R078_C076,699250,9540250,2024,6,2024-06,13.67,65.54,170.92,6.4057,28,3,31,100,1,0.2278,0.4871,100
LJ500_R079_C076,699250,9540750,2024,6,2024-06,13.67,65.54,170.92,6.4057,28,3,31,100,1,0.2316,0.5,100
LJ500_R093_C071,696750,9547750,2024,6,2024-06,19.58,60.92,157.76,10.31,28,3,31,100,1,0.4304,0.9506,100
LJ500_R093_C073,697750,9547750,2024,6,2024-06,19.58,60.92,157.76,10.31,28,3,31,100,1,0.533,1.0759,100
LJ500_R096_C074,698250,9549250,2024,6,2024-06,19.58,60.92,157.76,10.31,28,3,31,100,1,0.5701,1.0625,100
LJ500_R098_C085,703750,9550250,2024,6,2024-06,24.73,68.7,177.13,9.5706,27,4,31,100,1,0.3333,0.7418,100
LJ500_R101_C091,706750,9551750,2024,6,2024-06,25.93,69.9,180.65,8.7433,27,4,31,100,1,0.2655,0.61,100
LJ500_R106_C080,701250,9554250,2024,6,2024-06,31.07,73.34,177.29,19.49,28,3,31,100,1,0.1126,0.23,100
LJ500_R006_C075,698750,9504250,2024,7,2024-07,45.15,90.1,161.73,19.84,24,6,30,100,1,1.4489,2.3582,100
LJ500_R011_C068,695250,9506750,2024,7,2024-07,45.15,90.1,161.73,19.84,24,6,30,100,1,1.3731,2.5718,100
LJ500_R012_C055,688750,9507250,2024,7,2024-07,30.44,65.18,120.52,8.5337,23.25,6.746,30,100,1,1.2365,2.8302,100
LJ500_R020_C061,691750,9511250,2024,7,2024-07,27.94,62.81,119.66,12.95,24,6,30,100,1,1.3137,2.08,100
LJ500_R033_C056,689250,9517750,2024,7,2024-07,30.03,68.29,127.42,12.36,24,6,30,100,1,1.5697,2.74,100
LJ500_R035_C085,703750,9518750,2024,7,2024-07,50.19,97.85,175.89,23.02,23.87,6.1253,30,100,1,0.6155,0.8694,100
LJ500_R039_C072,697250,9520750,2024,7,2024-07,26.02,55.32,115.08,11.46,24,6,30,100,1,0.633,0.84,100
LJ500_R040_C060,691250,9521250,2024,7,2024-07,15.01,39.18,88.03,6.5158,24,6,30,100,1,0.66,0.8951,100
LJ500_R041_C061,691750,9521750,2024,7,2024-07,15.01,39.18,88.03,6.5158,24,6,30,100,1,0.6568,0.8814,100
LJ500_R043_C058,690250,9522750,2024,7,2024-07,15.01,39.18,88.03,6.5158,24,6,30,100,1,0.6264,0.8908,100
LJ500_R045_C083,702750,9523750,2024,7,2024-07,38.75,78.16,147.54,9.6427,23,7,30,100,1,0.6,0.7812,100
LJ500_R046_C064,693250,9524250,2024,7,2024-07,14.98,39.12,87.91,6.4981,24,6,30,100,1,0.5912,0.8144,100
LJ500_R048_C071,696750,9525250,2024,7,2024-07,24.72,51.79,106.59,10.84,24,6,30,100,1,0.6294,0.8374,100
LJ500_R050_C095,708750,9526250,2024,7,2024-07,34.71,67.09,129.2,11.76,25,5,30,100,1,0.719,1.6126,100
LJ500_R056_C049,685750,9529250,2024,7,2024-07,11.42,33.59,88.63,5.1284,25,5,30,100,1,0.4963,0.9055,100
LJ500_R058_C079,700750,9530250,2024,7,2024-07,19.74,43.59,98.85,8.3175,24,6,30,100,1,0.5042,0.7038,100
LJ500_R063_C060,691250,9532750,2024,7,2024-07,15.12,36.84,85.87,6.9471,24,6,30,100,1,0.4677,0.6821,100
LJ500_R064_C084,703250,9533250,2024,7,2024-07,19.65,43.43,98.61,8.2661,24,6,30,100,1,0.8912,1.5647,100
LJ500_R069_C057,689750,9535750,2024,7,2024-07,20.86,44.63,97.43,9.3626,24,6,30,100,1,0.383,0.5732,100
LJ500_R072_C062,692250,9537250,2024,7,2024-07,21.62,45.66,98.95,9.6802,24,6,30,100,1,0.3835,0.5828,100
LJ500_R072_C095,708750,9537250,2024,7,2024-07,32.08,60.78,117.33,13.07,24,6,30,100,1,0.6282,1.5221,100
LJ500_R074_C074,698250,9538250,2024,7,2024-07,13.57,27.24,79.11,6.0423,24,6,30,100,1,0.4001,0.6577,100
LJ500_R078_C076,699250,9540250,2024,7,2024-07,13.57,27.24,79.11,6.0423,24,6,30,100,1,0.3031,0.5674,100
LJ500_R079_C076,699250,9540750,2024,7,2024-07,13.57,27.24,79.11,6.0423,24,6,30,100,1,0.3027,0.57,100
LJ500_R093_C071,696750,9547750,2024,7,2024-07,20.53,40.11,81.44,8.3042,24,6,30,100,1,0.4429,0.7804,100
LJ500_R093_C073,697750,9547750,2024,7,2024-07,20.53,40.11,81.44,8.3042,24,6,30,100,1,0.4908,0.8324,100
LJ500_R096_C074,698250,9549250,2024,7,2024-07,20.53,40.11,81.44,8.3042,24,6,30,100,1,0.4641,0.8508,100
LJ500_R098_C085,703750,9550250,2024,7,2024-07,30.19,54.92,98.89,12.56,24,6,30,100,1,0.326,0.5981,100
LJ500_R101_C091,706750,9551750,2024,7,2024-07,36.43,62.37,106.33,10.91,25,5,30,100,1,0.254,0.5,100
LJ500_R106_C080,701250,9554250,2024,7,2024-07,45.58,76.64,118.91,19.14,24,6,30,100,1,0.114,0.28,100
LJ500_R006_C075,698750,9504250,2024,8,2024-08,28.81,73.96,118.91,8.4156,27,4,31,100,1,2.0672,2.7301,100
LJ500_R011_C068,695250,9506750,2024,8,2024-08,28.81,73.96,118.91,8.4156,27,4,31,100,1,2.1482,3.0945,100
LJ500_R012_C055,688750,9507250,2024,8,2024-08,24.74,55.18,89.92,7.9986,27.25,3.746,31,100,1,2.0764,3.1484,100
LJ500_R020_C061,691750,9511250,2024,8,2024-08,24.16,52.1,86.97,6.7009,27,4,31,100,1,1.8106,2.35,100
LJ500_R033_C056,689250,9517750,2024,8,2024-08,21.61,51.64,89.91,7.4874,28,3,31,100,1,2.36,3.35,100
LJ500_R035_C085,703750,9518750,2024,8,2024-08,32.38,82.57,130.24,8.2621,26.13,4.8747,31,100,1,0.6812,0.8272,100
LJ500_R039_C072,697250,9520750,2024,8,2024-08,17.3,43.31,72.62,6.0058,28,3,31,100,1,0.8031,0.9368,100
LJ500_R040_C060,691250,9521250,2024,8,2024-08,10.72,25.73,49.9,5.6926,29,2,31,100,1,0.8596,1.0653,100
LJ500_R041_C061,691750,9521750,2024,8,2024-08,10.72,25.73,49.9,5.6926,29,2,31,100,1,0.8326,1.0128,100
LJ500_R043_C058,690250,9522750,2024,8,2024-08,10.72,25.73,49.9,5.6926,29,2,31,100,1,0.8327,1.0453,100
LJ500_R045_C083,702750,9523750,2024,8,2024-08,23.26,62.01,101.42,6.7367,27,4,31,100,1,0.7141,0.8091,100
LJ500_R046_C064,693250,9524250,2024,8,2024-08,10.6,25.58,49.73,5.6612,29.02,1.9832,31,100,1,0.7678,0.9242,100
LJ500_R048_C071,696750,9525250,2024,8,2024-08,13.69,38.41,65.48,13.69,30,1,31,100,1,0.7611,0.9047,100
LJ500_R050_C095,708750,9526250,2024,8,2024-08,23.09,57.8,90.18,6.5458,27,4,31,100,1,1.3234,2.2296,100
LJ500_R056_C049,685750,9529250,2024,8,2024-08,2.3539,13.77,35.95,2.3539,30,1,31,100,1,0.7268,1.0371,100
LJ500_R058_C079,700750,9530250,2024,8,2024-08,10.27,30.01,53.86,10.18,29.98,1.0151,31,100,1,0.5902,0.6938,100
LJ500_R063_C060,691250,9532750,2024,8,2024-08,2.9162,18.04,39.75,2.9162,30,1,31,100,1,0.5991,0.7805,100
LJ500_R064_C084,703250,9533250,2024,8,2024-08,10.2,29.86,53.63,10.2,30,1,31,100,1,1.3054,1.9584,100
LJ500_R069_C057,689750,9535750,2024,8,2024-08,7.4615,28.32,52.1,4.1532,29.12,1.8838,31,100,1,0.5206,0.6966,100
LJ500_R072_C062,692250,9537250,2024,8,2024-08,8.0591,29.68,53.72,4.3158,29,2,31,100,1,0.4757,0.6338,100
LJ500_R072_C095,708750,9537250,2024,8,2024-08,19.88,51.95,80.66,9.4794,28,3,31,100,1,0.8071,1.8673,100
LJ500_R074_C074,698250,9538250,2024,8,2024-08,1.6398,15.21,28.88,1.6398,30,1,31,100,1,0.4188,0.6488,100
LJ500_R078_C076,699250,9540250,2024,8,2024-08,1.6398,15.21,28.88,1.6398,30,1,31,100,1,0.277,0.6022,100
LJ500_R079_C076,699250,9540750,2024,8,2024-08,1.6398,15.21,28.88,1.6398,30,1,31,100,1,0.2745,0.61,100
LJ500_R093_C071,696750,9547750,2024,8,2024-08,12.79,33.32,52.9,4.6293,28,3,31,100,1,0.3896,0.9504,100
LJ500_R093_C073,697750,9547750,2024,8,2024-08,12.79,33.32,52.9,4.6293,28,3,31,100,1,0.4486,1.1016,100
LJ500_R096_C074,698250,9549250,2024,8,2024-08,12.79,33.32,52.9,4.6293,28,3,31,100,1,0.408,1.0869,100
LJ500_R098_C085,703750,9550250,2024,8,2024-08,21.26,51.44,76.17,7.7037,28,3,31,100,1,0.2848,0.8208,100
LJ500_R101_C091,706750,9551750,2024,8,2024-08,24.55,60.98,86.92,6.3013,27,4,31,100,1,0.2426,0.71,100
LJ500_R106_C080,701250,9554250,2024,8,2024-08,35.47,81.04,112.11,7.7235,26,5,31,100,1,0.1452,0.32,100
LJ500_R006_C075,698750,9504250,2024,9,2024-09,20.72,49.53,94.68,6.2113,26,5,31,100,1,1.7321,2.4208,100
LJ500_R011_C068,695250,9506750,2024,9,2024-09,20.72,49.53,94.68,6.2113,26,5,31,100,1,1.5879,2.5918,100
LJ500_R012_C055,688750,9507250,2024,9,2024-09,16.94,41.68,72.12,7.1317,27,4,31,100,1,1.4643,2.585,100
LJ500_R020_C061,691750,9511250,2024,9,2024-09,17.18,41.33,69.28,7.7058,27,4,31,100,1,1.5245,2.07,100
LJ500_R033_C056,689250,9517750,2024,9,2024-09,16.88,38.49,68.52,7.44,27,4,31,100,1,1.7774,2.84,100
LJ500_R035_C085,703750,9518750,2024,9,2024-09,23.73,56.11,106.3,10.34,26,5,31,100,1,0.7213,0.9131,100
LJ500_R039_C072,697250,9520750,2024,9,2024-09,13.26,30.55,56.57,5.6401,27,4,31,100,1,0.7293,0.9625,100
LJ500_R040_C060,691250,9521250,2024,9,2024-09,10.53,21.25,36.26,4.9613,27,4,31,100,1,0.7453,0.9719,100
LJ500_R041_C061,691750,9521750,2024,9,2024-09,10.53,21.25,36.26,4.9613,27,4,31,100,1,0.7416,0.9528,100
LJ500_R043_C058,690250,9522750,2024,9,2024-09,10.53,21.25,36.26,4.9613,27,4,31,100,1,0.6986,0.9381,100
LJ500_R045_C083,702750,9523750,2024,9,2024-09,19.11,42.37,81.12,8.1925,26,5,31,100,1,0.7091,0.9378,100
LJ500_R046_C064,693250,9524250,2024,9,2024-09,10.52,21.12,36.1,4.9569,27,4,31,100,1,0.6687,0.9149,100
LJ500_R048_C071,696750,9525250,2024,9,2024-09,13.77,27.46,52.17,5.9783,27,4,31,100,1,0.7276,0.9182,100
LJ500_R050_C095,708750,9526250,2024,9,2024-09,21.53,44.62,79.33,7.3386,25,6,31,100,1,0.8488,1.6857,100
LJ500_R056_C049,685750,9529250,2024,9,2024-09,8.526,10.88,22.3,3.9957,27,4,31,100,1,0.5112,0.8897,100
LJ500_R058_C079,700750,9530250,2024,9,2024-09,12.77,23.03,42.77,5.6179,26.99,4.0076,31,100,1,0.5878,0.81,100
LJ500_R063_C060,691250,9532750,2024,9,2024-09,9.8776,12.79,27.92,4.4804,27,4,31,100,1,0.5217,0.6794,100
LJ500_R064_C084,703250,9533250,2024,9,2024-09,12.74,22.94,42.6,5.6074,27,4,31,100,1,0.9825,1.5795,100
LJ500_R069_C057,689750,9535750,2024,9,2024-09,14.52,21.98,42.84,5.8589,25.23,5.7676,31,100,1,0.4185,0.6746,100
LJ500_R072_C062,692250,9537250,2024,9,2024-09,15.13,23.19,44.8,6.0401,25,6,31,100,1,0.4363,0.5942,100
LJ500_R072_C095,708750,9537250,2024,9,2024-09,21.56,41.44,73.52,6.4303,24,7,31,100,1,0.5908,1.491,100
LJ500_R074_C074,698250,9538250,2024,9,2024-09,9.3787,11.02,24.59,3.9024,28,3,31,100,1,0.4597,0.7112,100
LJ500_R078_C076,699250,9540250,2024,9,2024-09,9.3787,11.02,24.59,3.9024,28,3,31,100,1,0.3461,0.64,100
LJ500_R079_C076,699250,9540750,2024,9,2024-09,9.3787,11.02,24.59,3.9024,28,3,31,100,1,0.3435,0.64,100
LJ500_R093_C071,696750,9547750,2024,9,2024-09,19.18,31.98,52.5,8.0008,25,6,31,100,1,0.4511,0.8204,100
LJ500_R093_C073,697750,9547750,2024,9,2024-09,19.18,31.98,52.5,8.0008,25,6,31,100,1,0.4988,0.9306,100
LJ500_R096_C074,698250,9549250,2024,9,2024-09,19.18,31.98,52.5,8.0008,25,6,31,100,1,0.4447,0.9539,100
LJ500_R098_C085,703750,9550250,2024,9,2024-09,26.45,47.71,77.89,11.68,25,6,31,100,1,0.2788,0.6823,100
LJ500_R101_C091,706750,9551750,2024,9,2024-09,30.58,55.13,91.57,13.55,25,6,31,100,1,0.2087,0.58,100
LJ500_R106_C080,701250,9554250,2024,9,2024-09,40.54,76.01,121.58,17.5,25,6,31,100,1,0.1265,0.41,100
LJ500_R006_C075,698750,9504250,2024,10,2024-10,24.77,45.49,74.3,12.95,26,4,30,100,1,1.6993,2.3318,100
LJ500_R011_C068,695250,9506750,2024,10,2024-10,24.77,45.49,74.3,12.95,26,4,30,100,1,1.5477,2.4945,100
LJ500_R012_C055,688750,9507250,2024,10,2024-10,29.66,46.6,71.34,18.83,26,4,30,100,1,1.4648,2.9089,100
LJ500_R020_C061,691750,9511250,2024,10,2024-10,32.69,49.87,74.03,21.48,26,4,30,100,1,1.5103,2.09,100
LJ500_R033_C056,689250,9517750,2024,10,2024-10,31,47.88,69.49,17.45,25,5,30,100,1,1.682,2.75,100
LJ500_R035_C085,703750,9518750,2024,10,2024-10,33.98,57.71,90.09,16.7,24.87,5.1253,30,100,1,0.7088,0.99,100
LJ500_R039_C072,697250,9520750,2024,10,2024-10,25.31,38.57,55.87,16.63,26,4,30,100,1,0.6835,0.87,100
LJ500_R040_C060,691250,9521250,2024,10,2024-10,29.33,39.86,50.57,16.74,25,5,30,100,1,0.6991,0.9735,100
LJ500_R041_C061,691750,9521750,2024,10,2024-10,29.33,39.86,50.57,16.74,25,5,30,100,1,0.6957,0.9514,100
LJ500_R043_C058,690250,9522750,2024,10,2024-10,29.33,39.86,50.57,16.74,25,5,30,100,1,0.6389,0.9053,100
LJ500_R045_C083,702750,9523750,2024,10,2024-10,33.41,52.52,75.77,14.04,24,6,30,100,1,0.7009,0.934,100
LJ500_R046_C064,693250,9524250,2024,10,2024-10,29.26,39.78,50.38,16.7,25.02,4.9832,30,100,1,0.6054,0.8041,100
LJ500_R048_C071,696750,9525250,2024,10,2024-10,22.43,36.2,49.89,15.22,27,3,30,100,1,0.71,0.9696,100
LJ500_R050_C095,708750,9526250,2024,10,2024-10,41.43,62.96,86.05,17.57,24,6,30,100,1,0.7646,1.5978,100
LJ500_R056_C049,685750,9529250,2024,10,2024-10,19.82,28.34,30.7,11.03,26,4,30,100,1,0.3897,0.7778,100
LJ500_R058_C079,700750,9530250,2024,10,2024-10,23.21,35.98,46.24,15.44,25.99,4.0076,30,100,1,0.5629,0.78,100
LJ500_R063_C060,691250,9532750,2024,10,2024-10,19.09,28.97,31.89,12.71,27,3,30,100,1,0.4567,0.6685,100
LJ500_R064_C084,703250,9533250,2024,10,2024-10,23.16,35.9,46.1,15.44,26,4,30,100,1,0.9045,1.651,100
LJ500_R069_C057,689750,9535750,2024,10,2024-10,17.69,32.21,39.67,11.8,27,3,30,100,1,0.3338,0.5637,100
LJ500_R072_C062,692250,9537250,2024,10,2024-10,17.51,32.64,40.7,11.68,27,3,30,100,1,0.3769,0.6074,100
LJ500_R072_C095,708750,9537250,2024,10,2024-10,36.81,58.38,78.25,21.9,26,4,30,100,1,0.5623,1.3585,100
LJ500_R074_C074,698250,9538250,2024,10,2024-10,12.86,22.24,23.88,7.656,28,2,30,100,1,0.434,0.7631,100
LJ500_R078_C076,699250,9540250,2024,10,2024-10,12.86,22.24,23.88,7.656,28,2,30,100,1,0.3217,0.6578,100
LJ500_R079_C076,699250,9540750,2024,10,2024-10,12.86,22.24,23.88,7.656,28,2,30,100,1,0.3193,0.65,100
LJ500_R093_C071,696750,9547750,2024,10,2024-10,20.7,39.89,52.68,11.99,26,4,30,100,1,0.4011,0.7803,100
LJ500_R093_C073,697750,9547750,2024,10,2024-10,20.7,39.89,52.68,11.99,26,4,30,100,1,0.434,0.9683,100
LJ500_R096_C074,698250,9549250,2024,10,2024-10,20.7,39.89,52.68,11.99,26,4,30,100,1,0.3693,1.0847,100
LJ500_R098_C085,703750,9550250,2024,10,2024-10,27.62,54.08,75.33,11.88,26,4,30,100,1,0.2532,0.7061,100
LJ500_R101_C091,706750,9551750,2024,10,2024-10,36.45,67.04,91.59,15.79,26,4,30,100,1,0.195,0.6,100
LJ500_R106_C080,701250,9554250,2024,10,2024-10,35.23,75.77,111.23,15.36,26,4,30,100,1,0.1023,0.46,100
LJ500_R006_C075,698750,9504250,2024,11,2024-11,64.45,89.22,109.94,17.33,23,8,31,100,1,1.1578,1.898,100
LJ500_R011_C068,695250,9506750,2024,11,2024-11,64.45,89.22,109.94,17.33,23,8,31,100,1,0.9963,1.8191,100
LJ500_R012_C055,688750,9507250,2024,11,2024-11,67.12,96.78,113.72,17.19,22.25,8.746,31,100,1,1.0446,2.2164,100
LJ500_R020_C061,691750,9511250,2024,11,2024-11,68.93,101.63,118.8,15.25,23,8,31,100,1,1.0535,1.78,100
LJ500_R033_C056,689250,9517750,2024,11,2024-11,66.43,97.43,114.3,17.86,23,8,31,100,1,1.1871,1.87,100
LJ500_R035_C085,703750,9518750,2024,11,2024-11,68.49,102.47,126.2,15.71,22.13,8.8747,31,100,1,0.5509,0.9925,100
LJ500_R039_C072,697250,9520750,2024,11,2024-11,55.63,80.94,94.2,14.44,23,8,31,100,1,0.4208,0.7388,100
LJ500_R040_C060,691250,9521250,2024,11,2024-11,60.28,89.61,100.14,15.02,23,8,31,100,1,0.4543,0.8267,100
LJ500_R041_C061,691750,9521750,2024,11,2024-11,60.28,89.61,100.14,15.02,23,8,31,100,1,0.467,0.8157,100
LJ500_R043_C058,690250,9522750,2024,11,2024-11,60.28,89.61,100.14,15.02,23,8,31,100,1,0.4156,0.8079,100
LJ500_R045_C083,702750,9523750,2024,11,2024-11,62.46,95.87,114.98,15.65,23,8,31,100,1,0.4537,0.8129,100
LJ500_R046_C064,693250,9524250,2024,11,2024-11,60.21,89.47,99.99,15.02,23.02,7.9832,31,100,1,0.3736,0.6668,100
LJ500_R048_C071,696750,9525250,2024,11,2024-11,50.16,72.59,86.36,13.52,23,8,31,100,1,0.4505,0.8178,100
LJ500_R050_C095,708750,9526250,2024,11,2024-11,72.79,114.22,135.75,15.73,21,10,31,100,1,0.6169,1.4992,100
LJ500_R056_C049,685750,9529250,2024,11,2024-11,46.49,66.3,74.83,12.73,24,7,31,100,1,0.2798,0.7301,100
LJ500_R058_C079,700750,9530250,2024,11,2024-11,51.31,74.52,87.29,13.78,23,8,31,100,1,0.3589,0.66,100
LJ500_R063_C060,691250,9532750,2024,11,2024-11,48.74,67.83,77.71,12.72,24,7,31,100,1,0.2987,0.5685,100
LJ500_R064_C084,703250,9533250,2024,11,2024-11,51.28,74.44,87.18,13.78,23,8,31,100,1,0.7563,1.3005,100
LJ500_R069_C057,689750,9535750,2024,11,2024-11,47.81,65.51,80.02,15.47,24.88,6.1162,31,100,1,0.2305,0.45,100
LJ500_R072_C062,692250,9537250,2024,11,2024-11,47.69,65.2,80.33,15.83,25,6,31,100,1,0.2579,0.4796,100
LJ500_R072_C095,708750,9537250,2024,11,2024-11,74.21,111.02,132.59,16.31,22,9,31,100,1,0.6983,2.0901,100
LJ500_R074_C074,698250,9538250,2024,11,2024-11,37.64,50.5,59.88,9.4709,24,7,31,100,1,0.3587,0.8462,100
LJ500_R078_C076,699250,9540250,2024,11,2024-11,37.64,50.5,59.88,9.4709,24,7,31,100,1,0.3128,0.8867,100
LJ500_R079_C076,699250,9540750,2024,11,2024-11,37.64,50.5,59.88,9.4709,24,7,31,100,1,0.3184,0.91,100
LJ500_R093_C071,696750,9547750,2024,11,2024-11,47.11,67.81,86.99,10.54,23,8,31,100,1,0.5276,1.3501,100
LJ500_R093_C073,697750,9547750,2024,11,2024-11,47.11,67.81,86.99,10.54,23,8,31,100,1,0.6037,1.378,100
LJ500_R096_C074,698250,9549250,2024,11,2024-11,47.11,67.81,86.99,10.54,23,8,31,100,1,0.62,1.4078,100
LJ500_R098_C085,703750,9550250,2024,11,2024-11,59.41,87.04,113.49,15.33,23,8,31,100,1,0.4455,1.132,100
LJ500_R101_C091,706750,9551750,2024,11,2024-11,74.47,110.92,141.5,20.19,23,8,31,100,1,0.3745,0.97,100
LJ500_R106_C080,701250,9554250,2024,11,2024-11,71.48,106.71,147.25,21.14,24,7,31,100,1,0.1606,0.52,100
LJ500_R006_C075,698750,9504250,2024,12,2024-12,106.77,171.22,195.99,23.46,16,14,30,100,1,0.8037,1.7225,100
LJ500_R011_C068,695250,9506750,2024,12,2024-12,106.77,171.22,195.99,23.46,16,14,30,100,1,0.6,1.6149,100
LJ500_R012_C055,688750,9507250,2024,12,2024-12,101.87,168.99,198.65,21.66,17.51,12.49,30,100,1,0.5986,2.0742,100
LJ500_R020_C061,691750,9511250,2024,12,2024-12,109.81,178.74,211.43,28.03,21,9,30,100,1,0.687,1.66,100
LJ500_R033_C056,689250,9517750,2024,12,2024-12,120.06,186.48,217.48,25.47,19,11,30,100,1,0.689,1.6,100
LJ500_R035_C085,703750,9518750,2024,12,2024-12,140.35,208.85,242.82,30.91,16.13,13.87,30,100,1,0.2752,0.9519,100
LJ500_R039_C072,697250,9520750,2024,12,2024-12,118.53,174.16,199.47,28.78,19,11,30,100,1,0.2682,0.5512,100
LJ500_R040_C060,691250,9521250,2024,12,2024-12,116.96,177.24,206.57,24.31,19,11,30,100,1,0.2395,0.6095,100
LJ500_R041_C061,691750,9521750,2024,12,2024-12,116.96,177.24,206.57,24.31,19,11,30,100,1,0.2165,0.6701,100
LJ500_R043_C058,690250,9522750,2024,12,2024-12,116.96,177.24,206.57,24.31,19,11,30,100,1,0.2338,0.5577,100
LJ500_R045_C083,702750,9523750,2024,12,2024-12,134.32,196.78,230.19,28.58,17,13,30,100,1,0.1741,0.5561,100
LJ500_R046_C064,693250,9524250,2024,12,2024-12,117.02,177.22,206.49,24.32,19.05,10.95,30,100,1,0.2438,0.5091,100
LJ500_R048_C071,696750,9525250,2024,12,2024-12,121.73,171.89,194.32,28.43,20,10,30,100,1,0.1752,0.513,100
LJ500_R050_C095,708750,9526250,2024,12,2024-12,148.5,221.29,262.72,31.35,16,14,30,100,1,0.4873,1.0635,100
LJ500_R056_C049,685750,9529250,2024,12,2024-12,107.65,154.14,173.96,21.85,21,9,30,100,1,0.2198,0.521,100
LJ500_R058_C079,700750,9530250,2024,12,2024-12,115.94,167.25,190.46,24.61,16,14,30,100,1,0.1306,0.3576,100
LJ500_R063_C060,691250,9532750,2024,12,2024-12,103.03,151.77,170.86,24.57,21,9,30,100,1,0.1492,0.4055,100
LJ500_R064_C084,703250,9533250,2024,12,2024-12,115.82,167.1,190.26,24.58,16,14,30,100,1,0.5295,1.1921,100
LJ500_R069_C057,689750,9535750,2024,12,2024-12,105,152.81,170.51,21.84,19.23,10.77,30,100,1,0.1629,0.3807,100
LJ500_R072_C062,692250,9537250,2024,12,2024-12,105.26,152.95,170.46,21.48,19,11,30,100,1,0.1158,0.3416,100
LJ500_R072_C095,708750,9537250,2024,12,2024-12,139.01,213.22,250.04,31.66,16,14,30,100,1,0.5207,1.769,100
LJ500_R074_C074,698250,9538250,2024,12,2024-12,104.66,142.3,155.16,23.17,17,13,30,100,1,0.2114,0.7542,100
LJ500_R078_C076,699250,9540250,2024,12,2024-12,104.66,142.3,155.16,23.17,17,13,30,100,1,0.2244,0.7841,100
LJ500_R079_C076,699250,9540750,2024,12,2024-12,104.66,142.3,155.16,23.17,17,13,30,100,1,0.23,0.81,100
LJ500_R093_C071,696750,9547750,2024,12,2024-12,98.2,145.31,166.01,21.69,17,13,30,100,1,0.395,1.2803,100
LJ500_R093_C073,697750,9547750,2024,12,2024-12,98.2,145.31,166.01,21.69,17,13,30,100,1,0.4487,1.2539,100
LJ500_R096_C074,698250,9549250,2024,12,2024-12,98.2,145.31,166.01,21.69,17,13,30,100,1,0.4821,1.2022,100
LJ500_R098_C085,703750,9550250,2024,12,2024-12,114.26,173.67,201.3,25.82,16,14,30,100,1,0.3848,1.1015,100
LJ500_R101_C091,706750,9551750,2024,12,2024-12,126.85,201.32,237.77,30.55,13,17,30,100,1,0.3557,0.96,100
LJ500_R106_C080,701250,9554250,2024,12,2024-12,114.49,185.97,221.2,26.61,15,15,30,100,1,0.2607,0.63,100
